solid OBJECT
  facet normal -0.88966865502546355 -1.6232982574054044e-07 -0.45660670632958977
    outer loop
      vertex 244.38111544367018 73.446281761249807 288.69518475336815
      vertex 237.45000802331919 99.726807261497299 302.19999023455728
      vertex 251.31086369751733 99.709401257817319 275.19300884029104
    endloop
  endfacet
  facet normal -0.88966855504603426 3.5507281823078579e-08 -0.45660690113302055
    outer loop
      vertex 188.82732091537414 -291.35067142938436 396.93817861491692
      vertex 195.84577678765575 -317.68473934033227 383.26317630088215
      vertex 181.95673113889569 -317.65892258439698 410.32506946008709
    endloop
  endfacet
  facet normal -0.88966877917822418 0 -0.45660646442590808
    outer loop
      vertex 102.33336416981783 -312.26168796914578 565.46606991001909
      vertex 92 -344 585.5999755859375
      vertex 92 -314.625 585.5999755859375
    endloop
  endfacet
  facet normal -0.8896687198935227 1.4894379154427573e-07 -0.45660657993835202
    outer loop
      vertex 195.84577678765575 -317.68473934033227 383.26317630088215
      vertex 202.81905630186532 -344 369.67617854189484
      vertex 188.9666766511472 -344 396.66665439749329
    endloop
  endfacet
  facet normal -0.8896687791782244 1.1474653472520223e-15 -0.4566064644259078
    outer loop
      vertex 103.61866005075922 -94.308494933110282 562.96175228342213
      vertex 103.63983379961144 -123.65200497679717 562.92049657471091
      vertex 92 -109 585.5999755859375
    endloop
  endfacet
  facet normal -0.88966877917822407 0 -0.45660646442590841
    outer loop
      vertex 103.61866005075922 -94.308494933110282 562.96175228342213
      vertex 92 -109 585.5999755859375
      vertex 92 -79.625000000000014 585.5999755859375
    endloop
  endfacet
  facet normal -0.88966885461367118 8.8998150344274896e-09 -0.45660631744468766
    outer loop
      vertex 154.21637222284443 99.348908814631898 464.37538090252514
      vertex 147.40953398052255 126 477.63808005585082
      vertex 161.26190566779508 126 450.64760011315599
    endloop
  endfacet
  facet normal -0.88966880545485438 -1.2014232435653525e-09 -0.45660641322755452
    outer loop
      vertex 371.86052214331249 80.835816513714136 40.309708537231586
      vertex 362.2523732456022 101.42622533104652 59.030580781004645
      vertex 373.73317748147224 106.01680858180021 36.660957622399437
    endloop
  endfacet
  facet normal -0.8896687802120391 -1.9344962890822238e-09 -0.45660646241158553
    outer loop
      vertex 347.97992474480748 -123.55329372234434 86.839543403189055
      vertex 359.63147721842819 -138.21534755227643 64.137231233382153
      vertex 348.02034419008135 -152.77428417892457 86.760788797185825
    endloop
  endfacet
  facet normal -0.88966880882303156 -0 -0.45660640666487379
    outer loop
      vertex 370.98906160233696 -212.01224834548123 42.007694483353049
      vertex 382.89999389648438 -197.12499999999997 18.799993515014648
      vertex 382.89999389648438 -226.5 18.799993515014648
    endloop
  endfacet
  facet normal -0.88966877306876258 2.226402403189375e-08 -0.45660647632980661
    outer loop
      vertex 140.19402757442498 -317.88090256530006 491.69703814268729
      vertex 147.40953398052253 -344 477.63808005585088
      vertex 133.55715747304583 -344 504.62855752466299
    endloop
  endfacet
  facet normal -0.88966858379504743 1.7372816611200654e-09 -0.45660684511745409
    outer loop
      vertex 116.14484443518205 -226.69215343384764 538.55530037599033
      vertex 103.950766130517 -242.18219280020301 562.31466461919626
      vertex 103.89490488445594 -212.04913321560846 562.42350671946963
    endloop
  endfacet
  facet normal -0.8896685550821557 -5.770193802471293e-08 -0.45660690106263863
    outer loop
      vertex 181.95673113889569 -317.65892258439698 410.32506946008709
      vertex 195.84577678765575 -317.68473934033227 383.26317630088215
      vertex 188.9666766511472 -344 396.66665439749329
    endloop
  endfacet
  facet normal -0.88966877698964364 -2.9464073894611364e-17 -0.45660646869021893
    outer loop
      vertex 306.89666081315312 45.444254212074696 166.88763834538716
      vertex 299.92981748677471 72.653471360760705 180.46209119849084
      vertex 313.92123983529098 71.868958785221778 153.20069114680848
    endloop
  endfacet
  facet normal -0.88966859601475745 -3.3557461192070487e-09 -0.45660682130814728
    outer loop
      vertex 115.42799762280198 -20.779518436333149 539.95202843532331
      vertex 103.66235116903314 -35.527736040034881 562.87662290641128
      vertex 103.77472835030505 -6.1076613061793559 562.65766308551736
    endloop
  endfacet
  facet normal -0.8896688088230319 -0 -0.45660640666487307
    outer loop
      vertex 371.22399073019682 -64.665374557410587 41.549949882554458
      vertex 382.89999389648438 -50.250000000000014 18.799993515014648
      vertex 382.89999389648438 -79.625 18.799993515014648
    endloop
  endfacet
  facet normal -0.88966878912745651 -1.7732657508613309e-10 -0.45660644504045833
    outer loop
      vertex 348.34305448532945 -4.3767090014055263 86.132009208964178
      vertex 359.76068144409999 9.155437200639355 63.88548495629415
      vertex 359.64194410169017 -20.020662103425369 64.116837172118196
    endloop
  endfacet
  facet normal -0.88966852669947238 -3.3077076466142066e-16 -0.45660695636443172
    outer loop
      vertex 237.42686246980992 -265.15046020900638 302.24508781838335
      vertex 244.37698935893471 -291.42119716935554 288.70322415722848
      vertex 230.5087051877108 -291.43589551037849 315.72466080966291
    endloop
  endfacet
  facet normal -0.88966877917822473 1.2443092618990496e-16 -0.45660646442590719
    outer loop
      vertex 103.65981008855833 -153.00131455709052 562.8815740407905
      vertex 92 -138.375 585.5999755859375
      vertex 103.63983379961144 -123.65200497679717 562.92049657471091
    endloop
  endfacet
  facet normal -0.88966854075340251 3.9291951154790658e-08 -0.45660692898127353
    outer loop
      vertex 182.02320499160086 99.692264871428449 410.19554954415958
      vertex 175.11428641127969 126 423.65712481839887
      vertex 188.96667665114717 126 396.66665439749335
    endloop
  endfacet
  facet normal -0.8896687198935227 -1.4823167552450825e-07 -0.45660657993835196
    outer loop
      vertex 195.87998814810962 99.715495517713236 383.19651760191317
      vertex 188.96667665114717 126 396.66665439749335
      vertex 202.81905630186532 126 369.67617854189484
    endloop
  endfacet
  facet normal -0.8896688618646339 3.7352771357975116e-08 -0.45660630331663815
    outer loop
      vertex 251.31086369751733 99.709401257817319 275.19300884029104
      vertex 258.22857802145199 126 261.71427671909862
      vertex 265.17164834603176 99.684457291855779 248.1861357109577
    endloop
  endfacet
  facet normal -0.8896686718173189 1.3074465728017785e-07 -0.456606673611754
    outer loop
      vertex 299.95607447540453 -291.13813768844068 180.4109311195968
      vertex 306.8216750875884 -317.62751867672984 167.03374328110175
      vertex 292.92670122678282 -317.58906596647711 194.10720422490283
    endloop
  endfacet
  facet normal -0.88966852669948282 6.1511362813360744e-09 -0.45660695636441179
    outer loop
      vertex 237.45000802331919 99.726807261497299 302.19999023455728
      vertex 230.52381263179331 126 315.69522530562296
      vertex 244.37620370240145 126 288.70475531108048
    endloop
  endfacet
  facet normal -0.88966877917822473 0 -0.4566064644259073
    outer loop
      vertex 103.63983379961144 -123.65200497679717 562.92049657471091
      vertex 92 -138.375 585.5999755859375
      vertex 92 -109 585.5999755859375
    endloop
  endfacet
  facet normal -0.88966880314224261 -2.5289423820025055e-11 -0.45660641773353283
    outer loop
      vertex 359.50885619643259 -49.46873761112289 64.376150553703354
      vertex 371.25127691695047 -35.266477163893398 41.496784467194288
      vertex 371.22399073019682 -64.665374557410587 41.549949882554458
    endloop
  endfacet
  facet normal -0.88966881780927964 2.039577950158826e-09 -0.45660638915573576
    outer loop
      vertex 313.92123983529098 71.868958785221778 153.20069114680848
      vertex 320.76348137506034 98.795589320738486 139.86901416745511
      vertex 328.01820255688654 71.074052916807744 125.73364631628361
    endloop
  endfacet
  facet normal -0.8896688088230319 -0 -0.45660640666487318
    outer loop
      vertex 371.25127691695047 -35.266477163893398 41.496784467194288
      vertex 382.89999389648438 -20.875 18.799993515014648
      vertex 382.89999389648438 -50.250000000000014 18.799993515014648
    endloop
  endfacet
  facet normal -0.88966868871961668 -1.6816752242626927e-07 -0.45660664067870255
    outer loop
      vertex 112.64302237936509 101.42935962275891 545.37836639188197
      vertex 101.16598991459644 106.01748284006891 567.74062471684317
      vertex 105.85237496566077 126 558.60949732581639
    endloop
  endfacet
  facet normal -0.88966860012099247 2.0119935374668368e-11 -0.45660681330741626
    outer loop
      vertex 115.2404008949695 -79.60058605197105 540.31754810992811
      vertex 103.61866005075922 -94.308494933110282 562.96175228342213
      vertex 103.61797180436646 -64.932214453619736 562.96309328793188
    endloop
  endfacet
  facet normal -0.88966877917822418 0 -0.45660646442590841
    outer loop
      vertex 104.25740563459921 53.094119286989496 561.71719696488344
      vertex 92 37.875 585.5999755859375
      vertex 92 67.249999999999986 585.5999755859375
    endloop
  endfacet
  facet normal -0.88966880882303179 -0 -0.45660640666487279
    outer loop
      vertex 372.56662124341824 -312.26122751094556 38.933918937846627
      vertex 382.89999389648438 -314.625 18.799993515014648
      vertex 382.89999389648438 -344 18.799993515014648
    endloop
  endfacet
  facet normal -0.88966880882303179 -0 -0.45660640666487351
    outer loop
      vertex 371.05176359939838 -274.72126511592438 41.885523593452689
      vertex 382.89999389648438 -255.875 18.799993515014648
      vertex 382.89999389648438 -285.25 18.799993515014648
    endloop
  endfacet
  facet normal -0.88966880882303156 2.4616103427728676e-16 -0.45660640666487362
    outer loop
      vertex 371.18027018108234 -182.40106940853053 41.635136617308937
      vertex 382.89999389648438 -197.12499999999997 18.799993515014648
      vertex 370.98906160233696 -212.01224834548123 42.007694483353049
    endloop
  endfacet
  facet normal -0.88966879624427664 -3.0784478419349257e-08 -0.45660643117378358
    outer loop
      vertex 320.76068295415826 -317.73057548120283 139.87446671454302
      vertex 313.63809859783532 -344 153.75237430957844
      vertex 306.8216750875884 -317.62751867672984 167.03374328110175
    endloop
  endfacet
  facet normal -0.88966881009105547 2.7982505611065835e-08 -0.45660640419420812
    outer loop
      vertex 251.31053812949222 -317.70104229024872 275.19364318925273
      vertex 258.22857802145199 -344 261.71427671909862
      vertex 244.37620370240145 -344 288.70475531108048
    endloop
  endfacet
  facet normal -0.88966858779660385 -1.4319089811588886e-08 -0.45660683732068275
    outer loop
      vertex 116.14484443518205 -226.69215343384764 538.55530037599033
      vertex 103.89490488445594 -212.04913321560846 562.42350671946963
      vertex 115.54249668158005 -196.7955332347162 539.72893467888798
    endloop
  endfacet
  facet normal -0.88966880269654947 -5.6593750968880459e-11 -0.45660641860193785
    outer loop
      vertex 358.72182613218547 -226.62291472503654 65.909628948859648
      vertex 370.98906160233696 -212.01224834548123 42.007694483353049
      vertex 370.93104807426602 -242.1348667988313 42.120730186884906
    endloop
  endfacet
  facet normal -0.88966877680073064 -7.6660776281810896e-10 -0.45660646905830354
    outer loop
      vertex 347.87447365159341 -181.54272753909646 87.045007858290262
      vertex 359.57555426457236 -167.47452422242606 64.246193578566874
      vertex 359.35692124737699 -196.76314829064381 64.672186210319339
    endloop
  endfacet
  facet normal -0.88966877698964364 7.6510953862938584e-16 -0.45660646869021893
    outer loop
      vertex 299.92981748677471 72.653471360760705 180.46209119849084
      vertex 306.83838064572865 99.118204129416455 167.00119355940774
      vertex 313.92123983529098 71.868958785221778 153.20069114680848
    endloop
  endfacet
  facet normal -0.88966857672996802 1.0045210505833779e-07 -0.45660685888328834
    outer loop
      vertex 334.66950060225986 98.85746033498863 112.77402127589662
      vertex 327.49047172330518 126 126.76189510501214
      vertex 341.3428598365627 126 99.771423592662288
    endloop
  endfacet
  facet normal -0.88966883028323995 -1.3024424530068041e-08 -0.45660636485100747
    outer loop
      vertex 320.76348137506034 98.795589320738486 139.86901416745511
      vertex 313.63809859783538 126 153.75237430957839
      vertex 327.49047172330518 126 126.76189510501214
    endloop
  endfacet
  facet normal -0.88966880882303168 7.6759066708632363e-17 -0.45660640666487334
    outer loop
      vertex 371.28415693272319 23.187499999999872 41.432719828504119
      vertex 382.89999389648438 8.4999999999999929 18.799993515014648
      vertex 371.3005934714684 -5.9432690836483282 41.400694268561942
    endloop
  endfacet
  facet normal -0.88966880882303156 8.7149880278028443e-16 -0.45660640666487362
    outer loop
      vertex 371.25036800702946 -152.98470830618851 41.498555420897354
      vertex 371.26711291322601 -123.61374447472275 41.4659290264091
      vertex 382.89999389648438 -138.37500000000003 18.799993515014648
    endloop
  endfacet
  facet normal -0.889668614077606 1.6216922108693772e-07 -0.45660678611383498
    outer loop
      vertex 348.26905657997759 -317.72680726149696 86.276189215433021
      vertex 355.19524574216462 -344 72.780950947271933
      vertex 341.34285983656264 -344 99.771423592662302
    endloop
  endfacet
  facet normal -0.88966850819922283 -7.7811099848869655e-08 -0.45660699241093916
    outer loop
      vertex 286.01996051158005 -291.18814537151604 207.56452694763169
      vertex 299.95607447540453 -291.13813768844068 180.4109311195968
      vertex 292.92670122678282 -317.58906596647711 194.10720422490283
    endloop
  endfacet
  facet normal -0.8896688088230319 -0 -0.45660640666487318
    outer loop
      vertex 371.26711291322601 -123.61374447472275 41.4659290264091
      vertex 382.89999389648438 -109.00000000000001 18.799993515014648
      vertex 382.89999389648438 -138.37500000000003 18.799993515014648
    endloop
  endfacet
  facet normal -0.88966880315915742 1.8601982381704496e-11 -0.4566064177005757
    outer loop
      vertex 359.55375673426579 -79.144523516383401 64.288664690296059
      vertex 371.22399073019682 -64.665374557410587 41.549949882554458
      vertex 371.24418242686801 -94.153980053298056 41.510607634037186
    endloop
  endfacet
  facet normal -0.88966854075340207 -3.9412325660572663e-08 -0.4566069289812742
    outer loop
      vertex 181.95673113889569 -317.65892258439698 410.32506946008709
      vertex 188.9666766511472 -344 396.66665439749329
      vertex 175.11428641127969 -344 423.65712481839881
    endloop
  endfacet
  facet normal -0.88966877917822473 0 -0.45660646442590708
    outer loop
      vertex 103.65981008855833 -153.00131455709052 562.8815740407905
      vertex 92 -167.75 585.5999755859375
      vertex 92 -138.375 585.5999755859375
    endloop
  endfacet
  facet normal -0.8896688031596317 -6.4730997097730865e-11 -0.45660641769965121
    outer loop
      vertex 359.57555426457236 -167.47452422242606 64.246193578566874
      vertex 371.25036800702946 -152.98470830618851 41.498555420897354
      vertex 371.18027018108234 -182.40106940853053 41.635136617308937
    endloop
  endfacet
  facet normal -0.88966854279626428 1.2365484245060015e-07 -0.45660692500087702
    outer loop
      vertex 126.63096530385199 -317.72680726149713 518.12379424953144
      vertex 133.55715747304583 -344 504.62855752466299
      vertex 119.70476735393447 -344 531.61902800754387
    endloop
  endfacet
  facet normal -0.8896687791782244 -5.2125947684515198e-16 -0.45660646442590791
    outer loop
      vertex 103.950766130517 -242.18219280020301 562.31466461919626
      vertex 103.84869167157294 -274.73024252528182 562.51355023810277
      vertex 92 -255.875 585.5999755859375
    endloop
  endfacet
  facet normal -0.88966864282064373 8.7756104806913591e-08 -0.45660673010991187
    outer loop
      vertex 168.04084060996885 -317.65794245037 437.4392809339671
      vertex 181.95673113889569 -317.65892258439698 410.32506946008709
      vertex 175.11428641127969 -344 423.65712481839881
    endloop
  endfacet
  facet normal -0.88966877917822418 0 -0.45660646442590802
    outer loop
      vertex 101.16598991459644 106.01748284006891 567.74062471684317
      vertex 92 96.625000000000028 585.5999755859375
      vertex 92 126 585.5999755859375
    endloop
  endfacet
  facet normal -0.88966850440807688 7.6154381373887014e-08 -0.45660699979773617
    outer loop
      vertex 112.64302237936509 101.42935962275891 545.37836639188197
      vertex 105.85237496566077 126 558.60949732581639
      vertex 119.7047673539345 126 531.61902800754376
    endloop
  endfacet
  facet normal -0.88966877917822418 0 -0.45660646442590808
    outer loop
      vertex 102.33336416981783 -312.26168796914578 565.46606991001909
      vertex 92 -314.625 585.5999755859375
      vertex 92 -285.25 585.5999755859375
    endloop
  endfacet
  facet normal -0.88966867268537198 -1.3059846242299046e-07 -0.45660667192040849
    outer loop
      vertex 299.92981748677471 72.653471360760705 180.46209119849084
      vertex 292.92795081535451 99.448296910181625 194.1047694850779
      vertex 306.83838064572865 99.118204129416455 167.00119355940774
    endloop
  endfacet
  facet normal -0.8896687708220643 9.3797543209658456e-08 -0.45660648070734672
    outer loop
      vertex 161.22069294763492 73.278435910316773 450.72790081122054
      vertex 154.21637222284443 99.348908814631898 464.37538090252514
      vertex 168.1504652918504 99.622982578346523 437.22568427905389
    endloop
  endfacet
  facet normal -0.88966877917822418 0 -0.45660646442590819
    outer loop
      vertex 103.66235116903314 -35.527736040034881 562.87662290641128
      vertex 92 -50.249999999999979 585.5999755859375
      vertex 92 -20.875000000000007 585.5999755859375
    endloop
  endfacet
  facet normal -0.8896688088230319 -1.4304734084373682e-16 -0.45660640666487307
    outer loop
      vertex 371.22399073019682 -64.665374557410587 41.549949882554458
      vertex 371.25127691695047 -35.266477163893398 41.496784467194288
      vertex 382.89999389648438 -50.250000000000014 18.799993515014648
    endloop
  endfacet
  facet normal -0.88966848163736445 4.4730468106856682e-08 -0.45660704416496295
    outer loop
      vertex 286.00679593773674 73.139404941793543 207.59017724000861
      vertex 279.0414115264461 99.615974029023221 221.16176847302523
      vertex 292.92795081535451 99.448296910181625 194.1047694850779
    endloop
  endfacet
  facet normal -0.88966882550636339 4.4557127872918741e-08 -0.45660637415844951
    outer loop
      vertex 140.25403857273042 99.155108957886114 491.58011056510134
      vertex 147.40953398052255 126 477.63808005585082
      vertex 154.21637222284443 99.348908814631898 464.37538090252514
    endloop
  endfacet
  facet normal -0.88966877306876258 -2.2483307738940673e-08 -0.45660647632980655
    outer loop
      vertex 140.25403857273042 99.155108957886114 491.58011056510134
      vertex 133.55715747304586 126 504.62855752466294
      vertex 147.40953398052255 126 477.63808005585082
    endloop
  endfacet
  facet normal -0.88966880882303156 1.8519952422115617e-17 -0.45660640666487379
    outer loop
      vertex 371.86052214331249 80.835816513714136 40.309708537231586
      vertex 382.89999389648438 67.25 18.799993515014648
      vertex 370.67894132727463 53.095810034373272 42.611944296056784
    endloop
  endfacet
  facet normal -0.88966881891918681 2.2401616343567149e-08 -0.45660638699315037
    outer loop
      vertex 362.2523732456022 101.42622533104652 59.030580781004645
      vertex 355.19524574216462 126 72.780950947271904
      vertex 369.04761953937549 126 45.790472087464444
    endloop
  endfacet
  facet normal -0.88966886187865013 -9.9394106924567221e-16 -0.45660630328933005
    outer loop
      vertex 272.12264875131973 -291.29279214435098 234.64254558760356
      vertex 279.04425047343955 -317.62174808413113 221.15623696213191
      vertex 265.17245164416943 -317.67317645329069 248.18457053471124
    endloop
  endfacet
  facet normal -0.88966880882303179 -6.1906799294342738e-16 -0.45660640666487351
    outer loop
      vertex 370.98906160233696 -212.01224834548123 42.007694483353049
      vertex 382.89999389648438 -226.5 18.799993515014648
      vertex 370.93104807426602 -242.1348667988313 42.120730186884906
    endloop
  endfacet
  facet normal -0.88966859980578517 -1.1745054158375355e-09 -0.45660681392157698
    outer loop
      vertex 115.28526834247891 -108.95083307628019 540.23012688993424
      vertex 103.61866005075922 -94.308494933110282 562.96175228342213
      vertex 115.2404008949695 -79.60058605197105 540.31754810992811
    endloop
  endfacet
  facet normal -0.88966886187864969 -8.7216820960365001e-16 -0.45660630328933055
    outer loop
      vertex 202.78833438247725 73.444328367425499 369.73603646637582
      vertex 195.87998814810962 99.715495517713236 383.19651760191317
      vertex 209.73379921706504 99.721195501681905 356.2032320567738
    endloop
  endfacet
  facet normal -0.88966879915214836 3.1191569176310302e-08 -0.45660642550797853
    outer loop
      vertex 102.33336416981783 -312.26168796914578 565.46606991001909
      vertex 105.85237496566072 -344 558.60949732581651
      vertex 92 -344 585.5999755859375
    endloop
  endfacet
  facet normal -0.88966877917822418 8.6426441756709117e-17 -0.45660646442590819
    outer loop
      vertex 102.33336416981783 -312.26168796914578 565.46606991001909
      vertex 92 -285.25 585.5999755859375
      vertex 103.84869167157294 -274.73024252528182 562.51355023810277
    endloop
  endfacet
  facet normal -0.88966866451558757 -1.7290282183232693e-07 -0.4566066878386924
    outer loop
      vertex 279.04425047343955 -317.62174808413113 221.15623696213191
      vertex 285.93332952259652 -344 207.73332100454343
      vertex 272.08094659843374 -344 234.72379518010391
    endloop
  endfacet
  facet normal -0.88966890723141723 -2.0058016753618116e-08 -0.45660621492228448
    outer loop
      vertex 265.17164834603176 99.684457291855779 248.1861357109577
      vertex 258.22857802145199 126 261.71427671909862
      vertex 272.08094659843374 126 234.72379518010391
    endloop
  endfacet
  facet normal -0.88966867150082263 3.8424276654088373e-08 -0.45660667422844342
    outer loop
      vertex 103.03947314967319 80.835816513713212 564.09026128044889
      vertex 101.16598991459644 106.01748284006891 567.74062471684317
      vertex 112.64302237936509 101.42935962275891 545.37836639188197
    endloop
  endfacet
  facet normal -0.88966879915214814 -4.3944901373903053e-08 -0.45660642550797842
    outer loop
      vertex 101.16598991459644 106.01748284006891 567.74062471684317
      vertex 92 126 585.5999755859375
      vertex 105.85237496566077 126 558.60949732581639
    endloop
  endfacet
  facet normal -0.8896688088230319 -0 -0.4566064066648729
    outer loop
      vertex 372.56662124341824 -312.26122751094556 38.933918937846627
      vertex 382.89999389648438 -285.25 18.799993515014648
      vertex 382.89999389648438 -314.625 18.799993515014648
    endloop
  endfacet
  facet normal -0.88966880944721549 -9.747208924444781e-10 -0.45660640544869069
    outer loop
      vertex 372.56662124341824 -312.26122751094556 38.933918937846627
      vertex 382.89999389648438 -344 18.799993515014648
      vertex 369.04761953937543 -344 45.790472087464536
    endloop
  endfacet
  facet normal -0.88966886193821415 7.7063867551394972e-08 -0.45660630317326634
    outer loop
      vertex 265.17245164416943 -317.67317645329069 248.18457053471124
      vertex 279.04425047343955 -317.62174808413113 221.15623696213191
      vertex 272.08094659843374 -344 234.72379518010391
    endloop
  endfacet
  facet normal -0.88966852669947238 -6.012301784867852e-16 -0.45660695636443172
    outer loop
      vertex 230.5087051877108 -291.43589551037849 315.72466080966291
      vertex 244.37698935893471 -291.42119716935554 288.70322415722848
      vertex 237.44804786082915 -317.714127093478 302.20380948183396
    endloop
  endfacet
  facet normal -0.88966876816896756 -9.1864973085659943e-08 -0.45660648587673747
    outer loop
      vertex 168.2271988907965 47.052381667700445 437.07617378768435
      vertex 154.51916045197862 47.170722213214049 463.78541695050893
      vertex 161.22069294763492 73.278435910316773 450.72790081122054
    endloop
  endfacet
  facet normal -0.88966885301423027 1.2594764385624771e-08 -0.45660632056109784
    outer loop
      vertex 154.51916045197862 47.170722213214049 463.78541695050893
      vertex 147.10842523495126 72.187867431572158 478.22477163904688
      vertex 161.22069294763492 73.278435910316773 450.72790081122054
    endloop
  endfacet
  facet normal -0.88966855597382688 5.8559876250953856e-08 -0.45660689932527571
    outer loop
      vertex 195.87998814810962 99.715495517713236 383.19651760191317
      vertex 182.02320499160086 99.692264871428449 410.19554954415958
      vertex 188.96667665114717 126 396.66665439749335
    endloop
  endfacet
  facet normal -0.88966868826328616 2.1949917991159903e-07 -0.45660664156781133
    outer loop
      vertex 279.06274981635067 47.004579917012904 221.1201921479568
      vertex 272.12144989096504 73.338289673085683 234.64488149212275
      vertex 286.00679593773674 73.139404941793543 207.59017724000861
    endloop
  endfacet
  facet normal -0.88966848949908406 -1.1102601117157245e-09 -0.45660702884692661
    outer loop
      vertex 341.7553152612345 72.323296020034292 98.967781781554578
      vertex 334.66950060225986 98.85746033498863 112.77402127589662
      vertex 348.71592557588343 99.008514902552534 85.405494512584355
    endloop
  endfacet
  facet normal -0.88966880882303156 -0 -0.45660640666487379
    outer loop
      vertex 370.67894132727463 53.095810034373272 42.611944296056784
      vertex 382.89999389648438 67.25 18.799993515014648
      vertex 382.89999389648438 37.874999999999993 18.799993515014648
    endloop
  endfacet
  facet normal -0.88966883077283132 -7.0692409720035971e-08 -0.45660636389706388
    outer loop
      vertex 209.71943220871245 -317.70372736157481 356.23122527517131
      vertex 216.67142939839462 -344 342.68569932247567
      vertex 202.81905630186532 -344 369.67617854189484
    endloop
  endfacet
  facet normal -0.88966886188764616 -3.1530671174487977e-08 -0.45660630327180035
    outer loop
      vertex 209.71943220871245 -317.70372736157481 356.23122527517131
      vertex 202.81905630186532 -344 369.67617854189484
      vertex 195.84577678765575 -317.68473934033227 383.26317630088215
    endloop
  endfacet
  facet normal -0.88966849196179587 6.9126779679431941e-08 -0.45660702404849118
    outer loop
      vertex 292.92670122678282 -317.58906596647711 194.10720422490283
      vertex 299.78572264658158 -344 180.7428520638621
      vertex 285.93332952259652 -344 207.73332100454343
    endloop
  endfacet
  facet normal -0.88966848170297086 5.6097655809187525e-08 -0.45660704403713209
    outer loop
      vertex 292.92670122678282 -317.58906596647711 194.10720422490283
      vertex 285.93332952259652 -344 207.73332100454343
      vertex 279.04425047343955 -317.62174808413113 221.15623696213191
    endloop
  endfacet
  facet normal -0.88966864282291402 -6.6733933000968161e-08 -0.45660673010549246
    outer loop
      vertex 174.87873610201802 -291.2885323977315 424.11608054989642
      vertex 181.95673113889569 -317.65892258439698 410.32506946008709
      vertex 168.04084060996885 -317.65794245037 437.4392809339671
    endloop
  endfacet
  facet normal -0.88966872093093718 3.0993542534708837e-08 -0.45660657791703951
    outer loop
      vertex 216.6463917077871 73.444205560392959 342.734485806973
      vertex 209.73379921706504 99.721195501681905 356.2032320567738
      vertex 223.5902798370156 99.721579817703343 329.20476557391987
    endloop
  endfacet
  facet normal -0.88966850440807754 -6.1356139509207076e-08 -0.45660699979773745
    outer loop
      vertex 114.37100091443992 -322.25472432189747 542.01151581211752
      vertex 119.70476735393447 -344 531.61902800754387
      vertex 105.85237496566072 -344 558.60949732581651
    endloop
  endfacet
  facet normal -0.88966877917822418 0 -0.4566064644259083
    outer loop
      vertex 103.84869167157294 -274.73024252528182 562.51355023810277
      vertex 92 -285.25 585.5999755859375
      vertex 92 -255.875 585.5999755859375
    endloop
  endfacet
  facet normal -0.88966864174996185 -8.7925989327713542e-08 -0.45660673219606657
    outer loop
      vertex 168.1504652918504 99.622982578346523 437.22568427905389
      vertex 175.11428641127969 126 423.65712481839887
      vertex 182.02320499160086 99.692264871428449 410.19554954415958
    endloop
  endfacet
  facet normal -0.88966859950194144 -1.3006897283423321e-09 -0.45660681451359686
    outer loop
      vertex 115.26081100498611 -50.206856307630858 540.27778037592702
      vertex 103.61797180436646 -64.932214453619736 562.96309328793188
      vertex 103.66235116903314 -35.527736040034881 562.87662290641128
    endloop
  endfacet
  facet normal -0.88966877917822451 0 -0.45660646442590752
    outer loop
      vertex 103.89490488445594 -212.04913321560846 562.42350671946963
      vertex 92 -226.5 585.5999755859375
      vertex 92 -197.12499999999997 585.5999755859375
    endloop
  endfacet
  facet normal -0.88966882466647013 5.0093657574077108e-08 -0.45660637579492841
    outer loop
      vertex 146.81125586822341 -291.71019331983786 478.80378758862395
      vertex 154.11917960017462 -317.74848675815332 464.56475465705006
      vertex 140.19402757442498 -317.88090256530006 491.69703814268729
    endloop
  endfacet
  facet normal -0.88966859882195581 5.8879481230575367e-10 -0.45660681583850432
    outer loop
      vertex 115.29959083438105 -138.26184009035867 540.20222047258846
      vertex 103.65981008855833 -153.00131455709052 562.8815740407905
      vertex 103.63983379961144 -123.65200497679717 562.92049657471091
    endloop
  endfacet
  facet normal -0.88966858514213065 6.8236298542469015e-09 -0.45660684249275024
    outer loop
      vertex 116.14484443518205 -226.69215343384764 538.55530037599033
      vertex 115.85568663474287 -256.26948457116418 539.1187050064824
      vertex 103.950766130517 -242.18219280020301 562.31466461919626
    endloop
  endfacet
  facet normal -0.88966885461367051 -8.9062691823214681e-09 -0.45660631744468827
    outer loop
      vertex 154.11917960017462 -317.74848675815332 464.56475465705006
      vertex 161.26190566779508 -344 450.64760011315605
      vertex 147.40953398052253 -344 477.63808005585088
    endloop
  endfacet
  facet normal -0.88966882447625262 -4.5852268659022548e-08 -0.45660637616555522
    outer loop
      vertex 154.11917960017462 -317.74848675815332 464.56475465705006
      vertex 147.40953398052253 -344 477.63808005585088
      vertex 140.19402757442498 -317.88090256530006 491.69703814268729
    endloop
  endfacet
  facet normal -0.88966865928416994 -9.5337452939227895e-09 -0.45660669803180404
    outer loop
      vertex 223.58367396514808 -317.71237527729238 329.21763669116706
      vertex 230.52381263179331 -344 315.69522530562296
      vertex 216.67142939839462 -344 342.68569932247567
    endloop
  endfacet
  facet normal -0.88966872107957129 6.8402492300960511e-08 -0.45660657762743084
    outer loop
      vertex 223.58367396514808 -317.71237527729238 329.21763669116706
      vertex 216.67142939839462 -344 342.68569932247567
      vertex 209.71943220871245 -317.70372736157481 356.23122527517131
    endloop
  endfacet
  facet normal -0.88966878247856362 -1.3718932554950768e-08 -0.45660645799540578
    outer loop
      vertex 306.8216750875884 -317.62751867672984 167.03374328110175
      vertex 313.63809859783532 -344 153.75237430957844
      vertex 299.78572264658158 -344 180.7428520638621
    endloop
  endfacet
  facet normal -0.88966867198224797 -1.5511439576425099e-07 -0.4566066732903924
    outer loop
      vertex 306.8216750875884 -317.62751867672984 167.03374328110175
      vertex 299.78572264658158 -344 180.7428520638621
      vertex 292.92670122678282 -317.58906596647711 194.10720422490283
    endloop
  endfacet
  facet normal -0.8896688088230319 -0 -0.45660640666487318
    outer loop
      vertex 370.93104807426602 -242.1348667988313 42.120730186884906
      vertex 382.89999389648438 -226.5 18.799993515014648
      vertex 382.89999389648438 -255.875 18.799993515014648
    endloop
  endfacet
  facet normal -0.8896688088230319 2.8898842425342921e-16 -0.45660640666487329
    outer loop
      vertex 370.93104807426602 -242.1348667988313 42.120730186884906
      vertex 382.89999389648438 -255.875 18.799993515014648
      vertex 371.05176359939838 -274.72126511592438 41.885523593452689
    endloop
  endfacet
  facet normal -0.88966874547059172 -1.1361518633410373e-07 -0.45660653010307528
    outer loop
      vertex 320.76348137506034 98.795589320738486 139.86901416745511
      vertex 327.49047172330518 126 126.76189510501214
      vertex 334.66950060225986 98.85746033498863 112.77402127589662
    endloop
  endfacet
  facet normal -0.88966867128044547 1.5337165541811423e-07 -0.45660667465780946
    outer loop
      vertex 292.92795081535451 99.448296910181625 194.1047694850779
      vertex 299.78572264658158 126 180.7428520638621
      vertex 306.83838064572865 99.118204129416455 167.00119355940774
    endloop
  endfacet
  facet normal -0.88966880882303179 -3.8274568339038952e-16 -0.45660640666487334
    outer loop
      vertex 372.56662124341824 -312.26122751094556 38.933918937846627
      vertex 371.05176359939838 -274.72126511592438 41.885523593452689
      vertex 382.89999389648438 -285.25 18.799993515014648
    endloop
  endfacet
  facet normal -0.88966871533794434 4.3908990218553198e-09 -0.45660658881462934
    outer loop
      vertex 344.94517654359333 -241.27065396940938 92.752548821404304
      vertex 358.72182613218547 -226.62291472503654 65.909628948859648
      vertex 359.04851284428327 -256.19704748525589 65.273100513995018
    endloop
  endfacet
  facet normal -0.8896684484980435 4.4207855251429809e-09 -0.45660710873472404
    outer loop
      vertex 114.37100091443992 -322.25472432189747 542.01151581211752
      vertex 126.63096530385199 -317.72680726149713 518.12379424953144
      vertex 119.70476735393447 -344 531.61902800754387
    endloop
  endfacet
  facet normal -0.88966869664567427 -7.0877960177991687e-08 -0.45660662523531376
    outer loop
      vertex 126.63096530385199 -317.72680726149713 518.12379424953144
      vertex 140.19402757442498 -317.88090256530006 491.69703814268729
      vertex 133.55715747304583 -344 504.62855752466299
    endloop
  endfacet
  facet normal -0.88966880282107663 1.3642214101190943e-10 -0.45660641835930443
    outer loop
      vertex 358.83067735500583 -291.49754660415255 65.697539212947177
      vertex 359.04851284428327 -256.19704748525589 65.273100513995018
      vertex 371.05176359939838 -274.72126511592438 41.885523593452689
    endloop
  endfacet
  facet normal -0.88966879284163503 -6.3866608996159549e-08 -0.45660643780361204
    outer loop
      vertex 360.52900319426436 -322.25472432189741 62.388458530076456
      vertex 355.19524574216462 -344 72.780950947271933
      vertex 348.26905657997759 -317.72680726149696 86.276189215433021
    endloop
  endfacet
  facet normal -0.88966880882303179 -0 -0.45660640666487351
    outer loop
      vertex 371.3005934714684 -5.9432690836483282 41.400694268561942
      vertex 382.89999389648438 8.4999999999999929 18.799993515014648
      vertex 382.89999389648438 -20.875 18.799993515014648
    endloop
  endfacet
  facet normal -0.88966880882303179 -2.4442478873771345e-16 -0.4566064066648734
    outer loop
      vertex 371.3005934714684 -5.9432690836483282 41.400694268561942
      vertex 382.89999389648438 -20.875 18.799993515014648
      vertex 371.25127691695047 -35.266477163893398 41.496784467194288
    endloop
  endfacet
  facet normal -0.88966880882303179 4.7283753527713951e-16 -0.45660640666487334
    outer loop
      vertex 371.24418242686801 -94.153980053298056 41.510607634037186
      vertex 371.22399073019682 -64.665374557410587 41.549949882554458
      vertex 382.89999389648438 -79.625 18.799993515014648
    endloop
  endfacet
  facet normal -0.88966886187864913 -3.9170877588959433e-16 -0.45660630328933161
    outer loop
      vertex 258.25339846977698 73.404299510892386 261.66591347412094
      vertex 251.31086369751733 99.709401257817319 275.19300884029104
      vertex 265.17164834603176 99.684457291855779 248.1861357109577
    endloop
  endfacet
  facet normal -0.88966877917822473 0 -0.45660646442590724
    outer loop
      vertex 103.88573723592079 23.347474132833952 562.44136930205582
      vertex 92 8.4999999999999716 585.5999755859375
      vertex 92 37.875 585.5999755859375
    endloop
  endfacet
  facet normal -0.8896687791782244 1.1173704255688825e-15 -0.45660646442590774
    outer loop
      vertex 103.88573723592079 23.347474132833952 562.44136930205582
      vertex 92 37.875 585.5999755859375
      vertex 104.25740563459921 53.094119286989496 561.71719696488344
    endloop
  endfacet
  facet normal -0.88966859313717439 5.2408102219925399e-09 -0.45660682691493004
    outer loop
      vertex 115.54249668158005 -196.7955332347162 539.72893467888798
      vertex 103.89490488445594 -212.04913321560846 562.42350671946963
      vertex 103.72086424397557 -182.41605495700514 562.76261388550211
    endloop
  endfacet
  facet normal -0.88966877917822451 -7.5479150536330408e-16 -0.45660646442590752
    outer loop
      vertex 103.72086424397557 -182.41605495700514 562.76261388550211
      vertex 92 -167.75 585.5999755859375
      vertex 103.65981008855833 -153.00131455709052 562.8815740407905
    endloop
  endfacet
  facet normal -0.8896688032043476 -1.5363511468380834e-11 -0.45660641761252524
    outer loop
      vertex 359.63147721842819 -138.21534755227643 64.137231233382153
      vertex 371.26711291322601 -123.61374447472275 41.4659290264091
      vertex 371.25036800702946 -152.98470830618851 41.498555420897354
    endloop
  endfacet
  facet normal -0.88966882258988422 4.9735054298586869e-08 -0.45660637984102509
    outer loop
      vertex 258.25339846977698 73.404299510892386 261.66591347412094
      vertex 244.38111544367018 73.446281761249807 288.69518475336815
      vertex 251.31086369751733 99.709401257817319 275.19300884029104
    endloop
  endfacet
  facet normal -0.88966880882303145 -0 -0.45660640666487406
    outer loop
      vertex 373.73317748147224 106.01680858180021 36.660957622399437
      vertex 382.89999389648438 126 18.799993515014648
      vertex 382.89999389648438 96.625 18.799993515014648
    endloop
  endfacet
  facet normal -0.8896688094472156 1.3733539651068963e-09 -0.45660640544869036
    outer loop
      vertex 373.73317748147224 106.01680858180021 36.660957622399437
      vertex 369.04761953937549 126 45.790472087464444
      vertex 382.89999389648438 126 18.799993515014648
    endloop
  endfacet
  facet normal -0.88966859166428591 -7.5992713743911228e-08 -0.45660682978475053
    outer loop
      vertex 223.5902798370156 99.721579817703343 329.20476557391987
      vertex 230.52381263179331 126 315.69522530562296
      vertex 237.45000802331919 99.726807261497299 302.19999023455728
    endloop
  endfacet
  facet normal -0.88966865492685321 -1.6825118127620366e-07 -0.4566067065217238
    outer loop
      vertex 237.44804786082915 -317.714127093478 302.20380948183396
      vertex 251.31053812949222 -317.70104229024872 275.19364318925273
      vertex 244.37620370240145 -344 288.70475531108048
    endloop
  endfacet
  facet normal -0.88966880882303134 0 -0.45660640666487401
    outer loop
      vertex 371.25036800702946 -152.98470830618851 41.498555420897354
      vertex 382.89999389648438 -138.37500000000003 18.799993515014648
      vertex 382.89999389648438 -167.75 18.799993515014648
    endloop
  endfacet
  facet normal -0.88966879615846295 2.4886360590009691e-08 -0.45660643134098616
    outer loop
      vertex 313.94207260327289 -291.32155931594718 153.16009981820795
      vertex 320.76068295415826 -317.73057548120283 139.87446671454302
      vertex 306.8216750875884 -317.62751867672984 167.03374328110175
    endloop
  endfacet
  facet normal -0.88966883077283143 7.0820968647300155e-08 -0.45660636389706399
    outer loop
      vertex 209.73379921706504 99.721195501681905 356.2032320567738
      vertex 202.81905630186532 126 369.67617854189484
      vertex 216.67142939839462 126 342.68569932247567
    endloop
  endfacet
  facet normal -0.88966886188135641 3.1559545142539105e-08 -0.45660630328405549
    outer loop
      vertex 209.73379921706504 99.721195501681905 356.2032320567738
      vertex 195.87998814810962 99.715495517713236 383.19651760191317
      vertex 202.81905630186532 126 369.67617854189484
    endloop
  endfacet
  facet normal -0.88966880882303179 -0 -0.45660640666487362
    outer loop
      vertex 371.24418242686801 -94.153980053298056 41.510607634037186
      vertex 382.89999389648438 -79.625 18.799993515014648
      vertex 382.89999389648438 -109.00000000000001 18.799993515014648
    endloop
  endfacet
  facet normal -0.8896688088230319 -3.6250063418869921e-16 -0.4566064066648734
    outer loop
      vertex 371.24418242686801 -94.153980053298056 41.510607634037186
      vertex 382.89999389648438 -109.00000000000001 18.799993515014648
      vertex 371.26711291322601 -123.61374447472275 41.4659290264091
    endloop
  endfacet
  facet normal -0.88966857672996857 -1.0374749282532421e-07 -0.45660685888328645
    outer loop
      vertex 334.70513317830671 -317.86473071897058 112.70459356682149
      vertex 341.34285983656264 -344 99.771423592662302
      vertex 327.49047172330518 -344 126.76189510501217
    endloop
  endfacet
  facet normal -0.8896684886398194 3.5611376534173421e-09 -0.45660703052114687
    outer loop
      vertex 334.70513317830671 -317.86473071897058 112.70459356682149
      vertex 348.26905657997759 -317.72680726149696 86.276189215433021
      vertex 341.34285983656264 -344 99.771423592662302
    endloop
  endfacet
  facet normal -0.88966880599331721 5.257736889661653e-09 -0.45660641217839393
    outer loop
      vertex 362.2523732456022 101.42622533104652 59.030580781004645
      vertex 369.04761953937549 126 45.790472087464444
      vertex 373.73317748147224 106.01680858180021 36.660957622399437
    endloop
  endfacet
  facet normal -0.88966857201032068 -1.0679502519582967e-07 -0.45660686807921042
    outer loop
      vertex 341.7553152612345 72.323296020034292 98.967781781554578
      vertex 328.01820255688654 71.074052916807744 125.73364631628361
      vertex 334.66950060225986 98.85746033498863 112.77402127589662
    endloop
  endfacet
  facet normal -0.88966877917822418 -4.3830552605188196e-16 -0.45660646442590808
    outer loop
      vertex 103.03947314967319 80.835816513713212 564.09026128044889
      vertex 104.25740563459921 53.094119286989496 561.71719696488344
      vertex 92 67.249999999999986 585.5999755859375
    endloop
  endfacet
  facet normal -0.88966858864604048 3.7682892871777697e-09 -0.45660683566561094
    outer loop
      vertex 115.87129367610876 38.122630957626484 539.0882957304384
      vertex 115.7155308211116 8.5770541222973407 539.39178923340035
      vertex 103.88573723592079 23.347474132833952 562.44136930205582
    endloop
  endfacet
  facet normal -0.88966878247856318 1.3442646733361418e-08 -0.4566064579954065
    outer loop
      vertex 306.83838064572865 99.118204129416455 167.00119355940774
      vertex 299.78572264658158 126 180.7428520638621
      vertex 313.63809859783538 126 153.75237430957839
    endloop
  endfacet
  facet normal -0.88966879607989724 2.9944397896595503e-08 -0.45660643149406605
    outer loop
      vertex 306.83838064572865 99.118204129416455 167.00119355940774
      vertex 313.63809859783538 126 153.75237430957839
      vertex 320.76348137506034 98.795589320738486 139.86901416745511
    endloop
  endfacet
  facet normal -0.8896688032021095 -2.7802820353372609e-10 -0.45660641761688642
    outer loop
      vertex 359.76068144409999 9.155437200639355 63.88548495629415
      vertex 359.41688202717717 38.752730001672006 64.555356416189099
      vertex 371.28415693272319 23.187499999999872 41.432719828504119
    endloop
  endfacet
  facet normal -0.88966848949614941 -2.4191000411901225e-09 -0.45660702885264437
    outer loop
      vertex 348.71592557588343 99.008514902552534 85.405494512584355
      vertex 334.66950060225986 98.85746033498863 112.77402127589662
      vertex 341.3428598365627 126 99.771423592662288
    endloop
  endfacet
  facet normal -0.88966845965725783 -1.6050273256204768e-08 -0.45660708699173969
    outer loop
      vertex 127.34453267588214 -6.082618934688071 516.73345403503902
      vertex 126.93101576348933 -35.347420222961659 517.53916519169798
      vertex 115.42799762280198 -20.779518436333149 539.95202843532331
    endloop
  endfacet
  facet normal -0.88966859801979359 4.3163438036510958e-09 -0.45660681740146508
    outer loop
      vertex 115.42799762280198 -20.779518436333149 539.95202843532331
      vertex 115.26081100498611 -50.206856307630858 540.27778037592702
      vertex 103.66235116903314 -35.527736040034881 562.87662290641128
    endloop
  endfacet
  facet normal -0.88966885685580022 6.761574074355225e-09 -0.45660631307603877
    outer loop
      vertex 160.87721923349196 -291.35640183559445 451.39713729275326
      vertex 154.11917960017462 -317.74848675815332 464.56475465705006
      vertex 146.81125586822341 -291.71019331983786 478.80378758862395
    endloop
  endfacet
  facet normal -0.88966860781640345 1.3294493001483294e-07 -0.45660679831339007
    outer loop
      vertex 114.37100091443992 -322.25472432189747 542.01151581211752
      vertex 105.85237496566072 -344 558.60949732581651
      vertex 102.33336416981783 -312.26168796914578 565.46606991001909
    endloop
  endfacet
  facet normal -0.88966852669948282 -6.1481687347191583e-09 -0.45660695636441179
    outer loop
      vertex 237.44804786082915 -317.714127093478 302.20380948183396
      vertex 244.37620370240145 -344 288.70475531108048
      vertex 230.52381263179331 -344 315.69522530562296
    endloop
  endfacet
  facet normal -0.88966859172738144 7.6012538714335785e-08 -0.45660682966181293
    outer loop
      vertex 237.44804786082915 -317.714127093478 302.20380948183396
      vertex 230.52381263179331 -344 315.69522530562296
      vertex 223.58367396514808 -317.71237527729238 329.21763669116706
    endloop
  endfacet
  facet normal -0.88966859051475611 -3.4103598998563197e-09 -0.4566068320245405
    outer loop
      vertex 115.7155308211116 8.5770541222973407 539.39178923340035
      vertex 103.77472835030505 -6.1076613061793559 562.65766308551736
      vertex 103.88573723592079 23.347474132833952 562.44136930205582
    endloop
  endfacet
  facet normal -0.88966877917822473 2.6738180418481904e-16 -0.45660646442590708
    outer loop
      vertex 103.77472835030505 -6.1076613061793559 562.65766308551736
      vertex 92 8.4999999999999716 585.5999755859375
      vertex 103.88573723592079 23.347474132833952 562.44136930205582
    endloop
  endfacet
  facet normal -0.88966877774292419 1.9700462887815826e-10 -0.45660646722249937
    outer loop
      vertex 347.90429071957328 -93.799316826946622 86.986911280640143
      vertex 359.55375673426579 -79.144523516383401 64.288664690296059
      vertex 359.61329052315557 -108.81312346078167 64.172666860998959
    endloop
  endfacet
  facet normal -0.88966850831603828 7.833112131028281e-08 -0.45660699218333178
    outer loop
      vertex 293.01276944698958 -264.58566504063901 193.93950604956177
      vertex 299.95607447540453 -291.13813768844068 180.4109311195968
      vertex 286.01996051158005 -291.18814537151604 207.56452694763169
    endloop
  endfacet
  facet normal -0.8896687791782244 0 -0.45660646442590763
    outer loop
      vertex 103.950766130517 -242.18219280020301 562.31466461919626
      vertex 92 -255.875 585.5999755859375
      vertex 92 -226.5 585.5999755859375
    endloop
  endfacet
  facet normal -0.8896687791782244 -1.1260922501081446e-16 -0.45660646442590758
    outer loop
      vertex 103.950766130517 -242.18219280020301 562.31466461919626
      vertex 92 -226.5 585.5999755859375
      vertex 103.89490488445594 -212.04913321560846 562.42350671946963
    endloop
  endfacet
  facet normal -0.88966859998575187 5.3408880058662821e-10 -0.45660681357092331
    outer loop
      vertex 115.26081100498611 -50.206856307630858 540.27778037592702
      vertex 115.2404008949695 -79.60058605197105 540.31754810992811
      vertex 103.61797180436646 -64.932214453619736 562.96309328793188
    endloop
  endfacet
  facet normal -0.8896687791782244 1.0986712412143663e-15 -0.45660646442590758
    outer loop
      vertex 103.61797180436646 -64.932214453619736 562.96309328793188
      vertex 92 -50.249999999999979 585.5999755859375
      vertex 103.66235116903314 -35.527736040034881 562.87662290641128
    endloop
  endfacet
  facet normal -0.88966870140686005 1.2300357451228917e-08 -0.45660661595845387
    outer loop
      vertex 168.04084060996885 -317.65794245037 437.4392809339671
      vertex 175.11428641127969 -344 423.65712481839881
      vertex 161.26190566779508 -344 450.64760011315605
    endloop
  endfacet
  facet normal -0.88966877179267478 9.9178912093114017e-08 -0.45660647881617233
    outer loop
      vertex 168.04084060996885 -317.65794245037 437.4392809339671
      vertex 161.26190566779508 -344 450.64760011315605
      vertex 154.11917960017462 -317.74848675815332 464.56475465705006
    endloop
  endfacet
  facet normal -0.88966869647778557 3.9876409738239878e-16 -0.45660662556243953
    outer loop
      vertex 126.623747460849 -268.95297278098434 518.13785775324857
      vertex 139.73305549134722 -265.84010138018112 492.59521265287816
      vertex 132.3689838412032 -292.41415632205553 506.9436335013109
    endloop
  endfacet
  facet normal -0.88966858753677081 -2.8826861483591248e-09 -0.45660683782695044
    outer loop
      vertex 115.85568663474287 -256.26948457116418 539.1187050064824
      vertex 103.84869167157294 -274.73024252528182 562.51355023810277
      vertex 103.950766130517 -242.18219280020301 562.31466461919626
    endloop
  endfacet
  facet normal -0.8896687791782244 0 -0.45660646442590791
    outer loop
      vertex 103.72086424397557 -182.41605495700514 562.76261388550211
      vertex 92 -197.12499999999997 585.5999755859375
      vertex 92 -167.75 585.5999755859375
    endloop
  endfacet
  facet normal -0.8896687791782244 3.6743109809865036e-16 -0.45660646442590769
    outer loop
      vertex 103.72086424397557 -182.41605495700514 562.76261388550211
      vertex 103.89490488445594 -212.04913321560846 562.42350671946963
      vertex 92 -197.12499999999997 585.5999755859375
    endloop
  endfacet
  facet normal -0.88966880882303179 -0 -0.4566064066648734
    outer loop
      vertex 371.28415693272319 23.187499999999872 41.432719828504119
      vertex 382.89999389648438 37.874999999999993 18.799993515014648
      vertex 382.89999389648438 8.4999999999999929 18.799993515014648
    endloop
  endfacet
  facet normal -0.88966880882303179 -4.166989294976015e-16 -0.45660640666487362
    outer loop
      vertex 371.28415693272319 23.187499999999872 41.432719828504119
      vertex 370.67894132727463 53.095810034373272 42.611944296056784
      vertex 382.89999389648438 37.874999999999993 18.799993515014648
    endloop
  endfacet
  facet normal -0.88966865928416994 9.5819290216406362e-09 -0.45660669803180404
    outer loop
      vertex 223.5902798370156 99.721579817703343 329.20476557391987
      vertex 216.67142939839462 126 342.68569932247567
      vertex 230.52381263179331 126 315.69522530562296
    endloop
  endfacet
  facet normal -0.88966872093036142 -6.8267686102524681e-08 -0.45660657791815695
    outer loop
      vertex 223.5902798370156 99.721579817703343 329.20476557391987
      vertex 209.73379921706504 99.721195501681905 356.2032320567738
      vertex 216.67142939839462 126 342.68569932247567
    endloop
  endfacet
  facet normal -0.88966881009105547 -2.798832582146721e-08 -0.45660640419420812
    outer loop
      vertex 251.31086369751733 99.709401257817319 275.19300884029104
      vertex 244.37620370240145 126 288.70475531108048
      vertex 258.22857802145199 126 261.71427671909862
    endloop
  endfacet
  facet normal -0.88966865493889846 1.6830172942107428e-07 -0.45660670649825397
    outer loop
      vertex 251.31086369751733 99.709401257817319 275.19300884029104
      vertex 237.45000802331919 99.726807261497299 302.19999023455728
      vertex 244.37620370240145 126 288.70475531108048
    endloop
  endfacet
  facet normal -0.88966859173155344 -8.2369207197212985e-08 -0.45660682965368327
    outer loop
      vertex 230.5087051877108 -291.43589551037849 315.72466080966291
      vertex 237.44804786082915 -317.714127093478 302.20380948183396
      vertex 223.58367396514808 -317.71237527729238 329.21763669116706
    endloop
  endfacet
  facet normal -0.88966867673517858 -2.4934512507314083e-08 -0.45660666402963895
    outer loop
      vertex 223.54505636208387 -265.15167011270313 329.29288061154801
      vertex 230.5087051877108 -291.43589551037849 315.72466080966291
      vertex 216.62720898820683 -291.4234891643988 342.77186210457461
    endloop
  endfacet
  facet normal -0.88966865499187675 1.6216008550386574e-07 -0.45660670639503159
    outer loop
      vertex 244.37698935893471 -291.42119716935554 288.70322415722848
      vertex 251.31053812949222 -317.70104229024872 275.19364318925273
      vertex 237.44804786082915 -317.714127093478 302.20380948183396
    endloop
  endfacet
  facet normal -0.88966867663357796 -2.5151856176985989e-08 -0.45660666422760088
    outer loop
      vertex 230.51511410764468 73.445024224001713 315.71217345204417
      vertex 216.6463917077871 73.444205560392959 342.734485806973
      vertex 223.5902798370156 99.721579817703343 329.20476557391987
    endloop
  endfacet
  facet normal -0.88966877917822496 0 -0.45660646442590702
    outer loop
      vertex 103.77472835030505 -6.1076613061793559 562.65766308551736
      vertex 92 -20.875000000000007 585.5999755859375
      vertex 92 8.4999999999999716 585.5999755859375
    endloop
  endfacet
  facet normal -0.88966877917822462 -1.2798586563939804e-15 -0.45660646442590769
    outer loop
      vertex 103.77472835030505 -6.1076613061793559 562.65766308551736
      vertex 103.66235116903314 -35.527736040034881 562.87662290641128
      vertex 92 -20.875000000000007 585.5999755859375
    endloop
  endfacet
  facet normal -0.88966883028323951 1.3482449711363732e-08 -0.45660636485100858
    outer loop
      vertex 320.76068295415826 -317.73057548120283 139.87446671454302
      vertex 327.49047172330518 -344 126.76189510501217
      vertex 313.63809859783532 -344 153.75237430957844
    endloop
  endfacet
  facet normal -0.88966874469624591 1.1864827462067507e-07 -0.45660653161183751
    outer loop
      vertex 320.76068295415826 -317.73057548120283 139.87446671454302
      vertex 334.70513317830671 -317.86473071897058 112.70459356682149
      vertex 327.49047172330518 -344 126.76189510501217
    endloop
  endfacet
  facet normal -0.88966882524435031 -4.5983476409811747e-08 -0.45660637466896525
    outer loop
      vertex 147.10842523495126 72.187867431572158 478.22477163904688
      vertex 140.25403857273042 99.155108957886114 491.58011056510134
      vertex 154.21637222284443 99.348908814631898 464.37538090252514
    endloop
  endfacet
  facet normal -0.88966844007732959 -1.2526270257468253e-08 -0.45660712514192209
    outer loop
      vertex 126.16983940344196 99.068063438913669 519.02226831806593
      vertex 112.64302237936509 101.42935962275891 545.37836639188197
      vertex 119.7047673539345 126 531.61902800754376
    endloop
  endfacet
  facet normal -0.88966861407760645 -1.6564523613864239e-07 -0.4566067861138331
    outer loop
      vertex 348.71592557588343 99.008514902552534 85.405494512584355
      vertex 341.3428598365627 126 99.771423592662288
      vertex 355.19524574216462 126 72.780950947271904
    endloop
  endfacet
  facet normal -0.88966880001569948 4.8440001903847887e-08 -0.4566064238254024
    outer loop
      vertex 348.71592557588343 99.008514902552534 85.405494512584355
      vertex 355.19524574216462 126 72.780950947271904
      vertex 362.2523732456022 101.42622533104652 59.030580781004645
    endloop
  endfacet
  facet normal -0.88966854279626317 -1.3079529789485901e-07 -0.45660692500087741
    outer loop
      vertex 126.16983940344196 99.068063438913669 519.02226831806593
      vertex 119.7047673539345 126 531.61902800754376
      vertex 133.55715747304586 126 504.62855752466294
    endloop
  endfacet
  facet normal -0.88966869558917794 7.0224001256277254e-08 -0.45660662729382923
    outer loop
      vertex 126.16983940344196 99.068063438913669 519.02226831806593
      vertex 133.55715747304586 126 504.62855752466294
      vertex 140.25403857273042 99.155108957886114 491.58011056510134
    endloop
  endfacet
  facet normal -0.88966866451558813 1.7276312296639714e-07 -0.45660668783869129
    outer loop
      vertex 279.0414115264461 99.615974029023221 221.16176847302523
      vertex 272.08094659843374 126 234.72379518010391
      vertex 285.93332952259647 126 207.73332100454346
    endloop
  endfacet
  facet normal -0.88966886195798789 -7.7071992764511279e-08 -0.45660630313473838
    outer loop
      vertex 279.0414115264461 99.615974029023221 221.16176847302523
      vertex 265.17164834603176 99.684457291855779 248.1861357109577
      vertex 272.08094659843374 126 234.72379518010391
    endloop
  endfacet
  facet normal -0.88966849196179509 -6.8770623705481959e-08 -0.45660702404849218
    outer loop
      vertex 292.92795081535451 99.448296910181625 194.1047694850779
      vertex 285.93332952259647 126 207.73332100454346
      vertex 299.78572264658158 126 180.7428520638621
    endloop
  endfacet
  facet normal -0.88966848189106595 -5.6045925597541951e-08 -0.45660704367064125
    outer loop
      vertex 292.92795081535451 99.448296910181625 194.1047694850779
      vertex 279.0414115264461 99.615974029023221 221.16176847302523
      vertex 285.93332952259647 126 207.73332100454346
    endloop
  endfacet
  facet normal -0.88966890723141723 2.0056059381915903e-08 -0.45660621492228448
    outer loop
      vertex 265.17245164416943 -317.67317645329069 248.18457053471124
      vertex 272.08094659843374 -344 234.72379518010391
      vertex 258.22857802145199 -344 261.71427671909862
    endloop
  endfacet
  facet normal -0.88966886186299954 -3.7338835601901557e-08 -0.45660630331982227
    outer loop
      vertex 265.17245164416943 -317.67317645329069 248.18457053471124
      vertex 258.22857802145199 -344 261.71427671909862
      vertex 251.31053812949222 -317.70104229024872 275.19364318925273
    endloop
  endfacet
  facet normal -0.88966877698964286 6.2857162988679548e-16 -0.45660646869022009
    outer loop
      vertex 313.94207260327289 -291.32155931594718 153.16009981820795
      vertex 306.8216750875884 -317.62751867672984 167.03374328110175
      vertex 299.95607447540453 -291.13813768844068 180.4109311195968
    endloop
  endfacet
  facet normal -0.88966880318818597 4.5619034263370305e-11 -0.45660641764401527
    outer loop
      vertex 359.63147721842819 -138.21534755227643 64.137231233382153
      vertex 371.25036800702946 -152.98470830618851 41.498555420897354
      vertex 359.57555426457236 -167.47452422242606 64.246193578566874
    endloop
  endfacet
  facet normal -0.88966881891918681 -3.3186902241539293e-08 -0.45660638699314959
    outer loop
      vertex 360.52900319426436 -322.25472432189741 62.388458530076456
      vertex 369.04761953937543 -344 45.790472087464536
      vertex 355.19524574216462 -344 72.780950947271933
    endloop
  endfacet
  facet normal -0.8896688034679503 -4.1544722891242206e-09 -0.45660641709891203
    outer loop
      vertex 360.52900319426436 -322.25472432189741 62.388458530076456
      vertex 372.56662124341824 -312.26122751094556 38.933918937846627
      vertex 369.04761953937543 -344 45.790472087464536
    endloop
  endfacet
  facet normal -0.88966859933558295 6.2243626776995716e-10 -0.45660681483773519
    outer loop
      vertex 115.28526834247891 -108.95083307628019 540.23012688993424
      vertex 103.63983379961144 -123.65200497679717 562.92049657471091
      vertex 103.61866005075922 -94.308494933110282 562.96175228342213
    endloop
  endfacet
  facet normal -0.88966859572739432 -4.9729623380230415e-09 -0.4566068218680554
    outer loop
      vertex 115.34785692951841 -167.48993135660072 540.10817721504918
      vertex 115.54249668158005 -196.7955332347162 539.72893467888798
      vertex 103.72086424397557 -182.41605495700514 562.76261388550211
    endloop
  endfacet
  facet normal -0.88966870140685939 -1.2382311680936119e-08 -0.45660661595845548
    outer loop
      vertex 168.1504652918504 99.622982578346523 437.22568427905389
      vertex 161.26190566779508 126 450.64760011315599
      vertex 175.11428641127969 126 423.65712481839887
    endloop
  endfacet
  facet normal -0.88966877003411371 -9.8345998331261528e-08 -0.45660648224261718
    outer loop
      vertex 168.1504652918504 99.622982578346523 437.22568427905389
      vertex 154.21637222284443 99.348908814631898 464.37538090252514
      vertex 161.26190566779508 126 450.64760011315599
    endloop
  endfacet
  facet normal -0.88966877917822473 0 -0.45660646442590708
    outer loop
      vertex 103.61797180436646 -64.932214453619736 562.96309328793188
      vertex 92 -79.625000000000014 585.5999755859375
      vertex 92 -50.249999999999979 585.5999755859375
    endloop
  endfacet
  facet normal -0.88966877917822429 -1.2927995016123991e-15 -0.45660646442590769
    outer loop
      vertex 103.61797180436646 -64.932214453619736 562.96309328793188
      vertex 103.61866005075922 -94.308494933110282 562.96175228342213
      vertex 92 -79.625000000000014 585.5999755859375
    endloop
  endfacet
  facet normal -0.88966880882303179 -0 -0.45660640666487362
    outer loop
      vertex 371.18027018108234 -182.40106940853053 41.635136617308937
      vertex 382.89999389648438 -167.75 18.799993515014648
      vertex 382.89999389648438 -197.12499999999997 18.799993515014648
    endloop
  endfacet
  facet normal -0.88966880882303156 -5.1894450016136474e-16 -0.45660640666487379
    outer loop
      vertex 371.18027018108234 -182.40106940853053 41.635136617308937
      vertex 371.25036800702946 -152.98470830618851 41.498555420897354
      vertex 382.89999389648438 -167.75 18.799993515014648
    endloop
  endfacet
  facet normal -0.88966867663419558 2.5029833807525236e-08 -0.45660666422639756
    outer loop
      vertex 223.55622251337971 47.169052808381991 329.27112408259745
      vertex 216.6463917077871 73.444205560392959 342.734485806973
      vertex 230.51511410764468 73.445024224001713 315.71217345204417
    endloop
  endfacet
  facet normal -0.88966872124530894 -1.7694825050638974e-07 -0.45660657730447263
    outer loop
      vertex 202.74098454669124 -291.39989579812789 369.82829466388733
      vertex 195.84577678765575 -317.68473934033227 383.26317630088215
      vertex 188.82732091537414 -291.35067142938436 396.93817861491692
    endloop
  endfacet
  facet normal -0.88966855465721295 3.5418787242091694e-08 -0.45660690189061381
    outer loop
      vertex 195.82334961960623 47.179817045811134 383.30687423700357
      vertex 181.98834297110085 47.123639733462127 410.26347589084293
      vertex 188.93524641293658 73.424783268845431 396.72789290404171
    endloop
  endfacet
  facet normal -0.88966869647778546 -1.5025040156074168e-16 -0.45660662556243964
    outer loop
      vertex 175.09152361456688 73.376432605909542 423.70147774232021
      vertex 161.22069294763492 73.278435910316773 450.72790081122054
      vertex 168.1504652918504 99.622982578346523 437.22568427905389
    endloop
  endfacet
  facet normal -0.88966880283071303 1.0647284324396903e-10 -0.45660641834052873
    outer loop
      vertex 359.04851284428327 -256.19704748525589 65.273100513995018
      vertex 370.93104807426602 -242.1348667988313 42.120730186884906
      vertex 371.05176359939838 -274.72126511592438 41.885523593452689
    endloop
  endfacet
  facet normal -0.88966848863226988 6.5283699443648108e-16 -0.45660703053585688
    outer loop
      vertex 342.54037622833147 -292.36696586137413 97.438142600875182
      vertex 348.26905657997759 -317.72680726149696 86.276189215433021
      vertex 334.70513317830671 -317.86473071897058 112.70459356682149
    endloop
  endfacet
  facet normal -0.88966868956870848 -2.1764210208260552e-07 -0.45660663902428011
    outer loop
      vertex 272.12144989096504 73.338289673085683 234.64488149212275
      vertex 279.0414115264461 99.615974029023221 221.16176847302523
      vertex 286.00679593773674 73.139404941793543 207.59017724000861
    endloop
  endfacet
  facet normal -0.88966880314508501 -3.5799839275239766e-11 -0.45660641772799437
    outer loop
      vertex 359.55375673426579 -79.144523516383401 64.288664690296059
      vertex 359.50885619643259 -49.46873761112289 64.376150553703354
      vertex 371.22399073019682 -64.665374557410587 41.549949882554458
    endloop
  endfacet
  facet normal -0.88966886187864946 5.4092844486203225e-16 -0.45660630328933105
    outer loop
      vertex 202.74098454669124 -291.39989579812789 369.82829466388733
      vertex 209.71943220871245 -317.70372736157481 356.23122527517131
      vertex 195.84577678765575 -317.68473934033227 383.26317630088215
    endloop
  endfacet
  facet normal -0.88966859907340057 -3.7370837585911148e-10 -0.45660681534858039
    outer loop
      vertex 115.29959083438105 -138.26184009035867 540.20222047258846
      vertex 103.63983379961144 -123.65200497679717 562.92049657471091
      vertex 115.28526834247891 -108.95083307628019 540.23012688993424
    endloop
  endfacet
  facet normal -0.88966859167672807 8.2235890382373722e-08 -0.45660682976050726
    outer loop
      vertex 230.51511410764468 73.445024224001713 315.71217345204417
      vertex 223.5902798370156 99.721579817703343 329.20476557391987
      vertex 237.45000802331919 99.726807261497299 302.19999023455728
    endloop
  endfacet
  facet normal -0.88966852669947205 7.1224112119329748e-16 -0.45660695636443233
    outer loop
      vertex 230.51511410764468 73.445024224001713 315.71217345204417
      vertex 237.45000802331919 99.726807261497299 302.19999023455728
      vertex 244.38111544367018 73.446281761249807 288.69518475336815
    endloop
  endfacet
  facet normal -0.88966859754238392 1.8082867060758583e-09 -0.45660681833166678
    outer loop
      vertex 115.34785692951841 -167.48993135660072 540.10817721504918
      vertex 103.72086424397557 -182.41605495700514 562.76261388550211
      vertex 103.65981008855833 -153.00131455709052 562.8815740407905
    endloop
  endfacet
  facet normal -0.88966886187864969 -9.0048744116608347e-17 -0.45660630328933077
    outer loop
      vertex 258.23921061375052 -238.72927132279142 261.69355762540096
      vertex 265.183859190867 -265.00394570851739 248.1623436424976
      vertex 251.30916591822745 -265.1049539810885 275.19631685719241
    endloop
  endfacet
  facet normal -0.88966844833561276 2.311312829163095e-09 -0.45660710905120977
    outer loop
      vertex 116.07128008283887 -291.50775209851361 538.69863559532848
      vertex 126.63096530385199 -317.72680726149713 518.12379424953144
      vertex 114.37100091443992 -322.25472432189747 542.01151581211752
    endloop
  endfacet
  facet normal -0.88966858707378971 -4.3270054792343013e-09 -0.45660683872903879
    outer loop
      vertex 116.07128008283887 -291.50775209851361 538.69863559532848
      vertex 103.84869167157294 -274.73024252528182 562.51355023810277
      vertex 115.85568663474287 -256.26948457116418 539.1187050064824
    endloop
  endfacet
  facet normal -0.88966859323953162 7.216718265153171e-09 -0.45660682671549369
    outer loop
      vertex 115.42799762280198 -20.779518436333149 539.95202843532331
      vertex 103.77472835030505 -6.1076613061793559 562.65766308551736
      vertex 115.7155308211116 8.5770541222973407 539.39178923340035
    endloop
  endfacet
  facet normal -0.88966855804538048 1.7005570984028048e-07 -0.45660689528896137
    outer loop
      vertex 133.08260430022051 72.466326272790297 505.55318985023212
      vertex 117.75528461915127 70.96237503976198 535.41746541044313
      vertex 126.16983940344196 99.068063438913669 519.02226831806593
    endloop
  endfacet
  facet normal -0.88966880317692865 -4.7787334880348599e-11 -0.45660641766594962
    outer loop
      vertex 359.61329052315557 -108.81312346078167 64.172666860998959
      vertex 359.55375673426579 -79.144523516383401 64.288664690296059
      vertex 371.24418242686801 -94.153980053298056 41.510607634037186
    endloop
  endfacet
  facet normal -0.88966860112198265 9.1450831608976758e-08 -0.45660681135704295
    outer loop
      vertex 339.33457751188314 11.516756323455681 103.68442859339423
      vertex 334.8780901819427 -14.77579644067419 112.36759832642275
      vertex 327.29616150975062 14.550529077569401 127.14049787530415
    endloop
  endfacet
  facet normal -0.88966867858063892 2.3275172043304977e-08 -0.45660666043387871
    outer loop
      vertex 216.31510026785091 -186.38934041300791 343.37998590929681
      vertex 230.37221407941698 -186.51999517534261 315.99060472823612
      vertex 223.43148408578051 -212.63550273617088 329.51416890076274
    endloop
  endfacet
  facet normal -0.88966882247848311 -4.9787585726757967e-08 -0.45660638005808368
    outer loop
      vertex 258.24712243708035 -291.37177303497054 261.67814193182312
      vertex 251.31053812949222 -317.70104229024872 275.19364318925273
      vertex 244.37698935893471 -291.42119716935554 288.70322415722848
    endloop
  endfacet
  facet normal -0.88966869647778535 -2.1002567391027504e-16 -0.45660662556244008
    outer loop
      vertex 174.87873610201802 -291.2885323977315 424.11608054989642
      vertex 168.04084060996885 -317.65794245037 437.4392809339671
      vertex 160.87721923349196 -291.35640183559445 451.39713729275326
    endloop
  endfacet
  facet normal -0.88966881942649978 6.5560512489473332e-08 -0.45660638600467857
    outer loop
      vertex 145.29938626723444 -239.53829620699622 481.74957107328271
      vertex 153.52359695862697 -265.08104950620645 465.72521023342574
      vertex 139.73305549134722 -265.84010138018112 492.59521265287816
    endloop
  endfacet
  facet normal -0.88966858468179622 -1.1655876585475416e-08 -0.45660684338968183
    outer loop
      vertex 115.87129367610876 38.122630957626484 539.0882957304384
      vertex 103.88573723592079 23.347474132833952 562.44136930205582
      vertex 104.25740563459921 53.094119286989496 561.71719696488344
    endloop
  endfacet
  facet normal -0.88966843962143749 -9.7319556296086477e-17 -0.45660712603019721
    outer loop
      vertex 117.75528461915127 70.96237503976198 535.41746541044313
      vertex 112.64302237936509 101.42935962275891 545.37836639188197
      vertex 126.16983940344196 99.068063438913669 519.02226831806593
    endloop
  endfacet
  facet normal -0.88966859598807946 -3.5475541790121328e-08 -0.45660682136012615
    outer loop
      vertex 116.07128008283887 -291.50775209851361 538.69863559532848
      vertex 102.33336416981783 -312.26168796914578 565.46606991001909
      vertex 103.84869167157294 -274.73024252528182 562.51355023810277
    endloop
  endfacet
  facet normal -0.88966862243393219 4.8488477978854343e-08 -0.4566067698321028
    outer loop
      vertex 116.07128008283887 -291.50775209851361 538.69863559532848
      vertex 114.37100091443992 -322.25472432189747 542.01151581211752
      vertex 102.33336416981783 -312.26168796914578 565.46606991001909
    endloop
  endfacet
  facet normal -0.8896687456618827 9.2600334124691432e-08 -0.45660652973036192
    outer loop
      vertex 328.01820255688654 71.074052916807744 125.73364631628361
      vertex 320.76348137506034 98.795589320738486 139.86901416745511
      vertex 334.66950060225986 98.85746033498863 112.77402127589662
    endloop
  endfacet
  facet normal -0.88966880327650477 1.5010604938778804e-11 -0.45660641747193126
    outer loop
      vertex 359.76068144409999 9.155437200639355 63.88548495629415
      vertex 371.28415693272319 23.187499999999872 41.432719828504119
      vertex 371.3005934714684 -5.9432690836483282 41.400694268561942
    endloop
  endfacet
  facet normal -0.88966886187864946 -5.336437573061358e-17 -0.45660630328933099
    outer loop
      vertex 258.24712243708035 -291.37177303497054 261.67814193182312
      vertex 265.17245164416943 -317.67317645329069 248.18457053471124
      vertex 251.31053812949222 -317.70104229024872 275.19364318925273
    endloop
  endfacet
  facet normal -0.88966886187865024 -8.3995747104011272e-16 -0.45660630328932983
    outer loop
      vertex 258.24712243708035 -291.37177303497054 261.67814193182312
      vertex 272.12264875131973 -291.29279214435098 234.64254558760356
      vertex 265.17245164416943 -317.67317645329069 248.18457053471124
    endloop
  endfacet
  facet normal -0.88966880882303156 -0 -0.45660640666487379
    outer loop
      vertex 371.86052214331249 80.835816513714136 40.309708537231586
      vertex 382.89999389648438 96.625 18.799993515014648
      vertex 382.89999389648438 67.25 18.799993515014648
    endloop
  endfacet
  facet normal -0.88966880882303145 -2.9631923875384983e-16 -0.45660640666487395
    outer loop
      vertex 371.86052214331249 80.835816513714136 40.309708537231586
      vertex 373.73317748147224 106.01680858180021 36.660957622399437
      vertex 382.89999389648438 96.625 18.799993515014648
    endloop
  endfacet
  facet normal -0.88966852669947205 -3.909018025161733e-16 -0.45660695636443233
    outer loop
      vertex 237.44123841949119 47.166937476431599 302.21707722898134
      vertex 230.51511410764468 73.445024224001713 315.71217345204417
      vertex 244.38111544367018 73.446281761249807 288.69518475336815
    endloop
  endfacet
  facet normal -0.88966869647778535 -8.0253117028328334e-16 -0.45660662556243975
    outer loop
      vertex 139.8734727289596 42.522263221049911 492.32161867995728
      vertex 128.04936207640264 22.618234729760729 515.36013919706909
      vertex 126.92839920155981 49.374457155523942 517.54426339463839
    endloop
  endfacet
  facet normal -0.88966879733246085 -2.5026602399059243e-08 -0.45660642905352516
    outer loop
      vertex 307.06452572434466 -264.50773879838528 166.56056420062603
      vertex 321.09620031760443 -265.17351732092084 139.22073223820678
      vertex 313.94207260327289 -291.32155931594718 153.16009981820795
    endloop
  endfacet
  facet normal -0.88966880282752736 4.7086709559268373e-10 -0.45660641834673599
    outer loop
      vertex 359.35692124737699 -196.76314829064381 64.672186210319339
      vertex 370.98906160233696 -212.01224834548123 42.007694483353049
      vertex 358.72182613218547 -226.62291472503654 65.909628948859648
    endloop
  endfacet
  facet normal -0.88966873569899829 -5.7802945151014749e-08 -0.45660654914241267
    outer loop
      vertex 146.81125586822341 -291.71019331983786 478.80378758862395
      vertex 140.19402757442498 -317.88090256530006 491.69703814268729
      vertex 132.3689838412032 -292.41415632205553 506.9436335013109
    endloop
  endfacet
  facet normal -0.88966877152524948 -9.8039962136691389e-08 -0.45660647933723397
    outer loop
      vertex 160.87721923349196 -291.35640183559445 451.39713729275326
      vertex 168.04084060996885 -317.65794245037 437.4392809339671
      vertex 154.11917960017462 -317.74848675815332 464.56475465705006
    endloop
  endfacet
  facet normal -0.88966869647778546 -9.3410366921141602e-17 -0.45660662556243953
    outer loop
      vertex 132.3689838412032 -292.41415632205553 506.9436335013109
      vertex 140.19402757442498 -317.88090256530006 491.69703814268729
      vertex 126.63096530385199 -317.72680726149713 518.12379424953144
    endloop
  endfacet
  facet normal -0.88966853846772165 -1.7180051663207553e-07 -0.45660693343474196
    outer loop
      vertex 132.3689838412032 -292.41415632205553 506.9436335013109
      vertex 126.63096530385199 -317.72680726149713 518.12379424953144
      vertex 116.07128008283887 -291.50775209851361 538.69863559532848
    endloop
  endfacet
  facet normal -0.88966879634107054 -2.4125871870232206e-08 -0.45660643098518666
    outer loop
      vertex 313.92123983529098 71.868958785221778 153.20069114680848
      vertex 306.83838064572865 99.118204129416455 167.00119355940774
      vertex 320.76348137506034 98.795589320738486 139.86901416745511
    endloop
  endfacet
  facet normal -0.88966881785608587 -1.9417836826856103e-09 -0.45660638906453621
    outer loop
      vertex 321.01748528773521 43.785254106663075 139.37410352219271
      vertex 313.92123983529098 71.868958785221778 153.20069114680848
      vertex 328.01820255688654 71.074052916807744 125.73364631628361
    endloop
  endfacet
  facet normal -0.88966880321759412 -4.5217767281180763e-11 -0.45660641758671533
    outer loop
      vertex 359.64194410169017 -20.020662103425369 64.116837172118196
      vertex 371.3005934714684 -5.9432690836483282 41.400694268561942
      vertex 371.25127691695047 -35.266477163893398 41.496784467194288
    endloop
  endfacet
  facet normal -0.88966880317575292 1.0760107507067301e-10 -0.45660641766824028
    outer loop
      vertex 359.64194410169017 -20.020662103425369 64.116837172118196
      vertex 371.25127691695047 -35.266477163893398 41.496784467194288
      vertex 359.50885619643259 -49.46873761112289 64.376150553703354
    endloop
  endfacet
  facet normal -0.8896687791782244 0 -0.45660646442590791
    outer loop
      vertex 103.03947314967319 80.835816513713212 564.09026128044889
      vertex 92 67.249999999999986 585.5999755859375
      vertex 92 96.625000000000028 585.5999755859375
    endloop
  endfacet
  facet normal -0.88966877917822418 1.0448415784674641e-16 -0.45660646442590791
    outer loop
      vertex 103.03947314967319 80.835816513713212 564.09026128044889
      vertex 92 96.625000000000028 585.5999755859375
      vertex 101.16598991459644 106.01748284006891 567.74062471684317
    endloop
  endfacet
  facet normal -0.88966880297075335 5.6801379251892266e-10 -0.45660641806766861
    outer loop
      vertex 359.41688202717717 38.752730001672006 64.555356416189099
      vertex 370.67894132727463 53.095810034373272 42.611944296056784
      vertex 371.28415693272319 23.187499999999872 41.432719828504119
    endloop
  endfacet
  facet normal -0.88966880325375308 9.8416342243328079e-11 -0.45660641751626191
    outer loop
      vertex 359.76068144409999 9.155437200639355 63.88548495629415
      vertex 371.3005934714684 -5.9432690836483282 41.400694268561942
      vertex 359.64194410169017 -20.020662103425369 64.116837172118196
    endloop
  endfacet
  facet normal -0.88966880313952323 3.9806539669634055e-09 -0.45660641773883159
    outer loop
      vertex 357.11964110763927 70.950966676999968 69.031385323611147
      vertex 362.2523732456022 101.42622533104652 59.030580781004645
      vertex 371.86052214331249 80.835816513714136 40.309708537231586
    endloop
  endfacet
  facet normal -0.88966865492232283 2.0585053770709225e-07 -0.45660670653053559
    outer loop
      vertex 357.11964110763927 70.950966676999968 69.031385323611147
      vertex 341.7553152612345 72.323296020034292 98.967781781554578
      vertex 348.71592557588343 99.008514902552534 85.405494512584355
    endloop
  endfacet
  facet normal -0.88966864191357831 6.9211272050250565e-08 -0.45660673187727346
    outer loop
      vertex 175.09152361456688 73.376432605909542 423.70147774232021
      vertex 168.1504652918504 99.622982578346523 437.22568427905389
      vertex 182.02320499160086 99.692264871428449 410.19554954415958
    endloop
  endfacet
  facet normal -0.88966845530648087 4.2741658562785753e-10 -0.45660709546893863
    outer loop
      vertex 126.93101576348933 -35.347420222961659 517.53916519169798
      vertex 115.26081100498611 -50.206856307630858 540.27778037592702
      vertex 115.42799762280198 -20.779518436333149 539.95202843532331
    endloop
  endfacet
  facet normal -0.88966869647778546 -0 -0.45660662556243964
    outer loop
      vertex 168.2271988907965 47.052381667700445 437.07617378768435
      vertex 161.22069294763492 73.278435910316773 450.72790081122054
      vertex 175.09152361456688 73.376432605909542 423.70147774232021
    endloop
  endfacet
  facet normal -0.88966867672586114 2.5069252537104024e-08 -0.45660666404779326
    outer loop
      vertex 216.62720898820683 -291.4234891643988 342.77186210457461
      vertex 230.5087051877108 -291.43589551037849 315.72466080966291
      vertex 223.58367396514808 -317.71237527729238 329.21763669116706
    endloop
  endfacet
  facet normal -0.88966880319500685 2.1011086522792416e-11 -0.45660641763072513
    outer loop
      vertex 359.61329052315557 -108.81312346078167 64.172666860998959
      vertex 371.24418242686801 -94.153980053298056 41.510607634037186
      vertex 371.26711291322601 -123.61374447472275 41.4659290264091
    endloop
  endfacet
  facet normal -0.88966877567731484 1.6353750298822808e-10 -0.45660647124720827
    outer loop
      vertex 347.82438360353854 -63.763816038358584 87.142604991860793
      vertex 359.50885619643259 -49.46873761112289 64.376150553703354
      vertex 359.55375673426579 -79.144523516383401 64.288664690296059
    endloop
  endfacet
  facet normal -0.88966850713238177 7.690010010843459e-08 -0.45660699448960851
    outer loop
      vertex 299.92981748677471 72.653471360760705 180.46209119849084
      vertex 286.00679593773674 73.139404941793543 207.59017724000861
      vertex 292.92795081535451 99.448296910181625 194.1047694850779
    endloop
  endfacet
  facet normal -0.88966877899217878 3.493348068228987e-08 -0.45660646478840466
    outer loop
      vertex 347.61474070156595 -33.412148092725033 87.551080269894868
      vertex 348.34305448532945 -4.3767090014055263 86.132009208964178
      vertex 359.64194410169017 -20.020662103425369 64.116837172118196
    endloop
  endfacet
  facet normal -0.88966880320449204 -1.4811248610913377e-11 -0.45660641761224369
    outer loop
      vertex 359.63147721842819 -138.21534755227643 64.137231233382153
      vertex 359.61329052315557 -108.81312346078167 64.172666860998959
      vertex 371.26711291322601 -123.61374447472275 41.4659290264091
    endloop
  endfacet
  facet normal -0.88966856735196964 1.1602423420619929e-07 -0.45660687715569998
    outer loop
      vertex 328.07126690188545 -291.6794388600365 125.63025377816376
      vertex 342.54037622833147 -292.36696586137413 97.438142600875182
      vertex 334.70513317830671 -317.86473071897058 112.70459356682149
    endloop
  endfacet
  facet normal -0.88966880382473212 -7.3599589577721934e-08 -0.45660641640373939
    outer loop
      vertex 202.78833438247725 73.444328367425499 369.73603646637582
      vertex 209.73379921706504 99.721195501681905 356.2032320567738
      vertex 216.6463917077871 73.444205560392959 342.734485806973
    endloop
  endfacet
  facet normal -0.8896684552797518 -1.1481142734972808e-10 -0.45660709552101847
    outer loop
      vertex 126.93508903675047 -94.194812146243379 517.53122868024639
      vertex 115.28526834247891 -108.95083307628019 540.23012688993424
      vertex 115.2404008949695 -79.60058605197105 540.31754810992811
    endloop
  endfacet
  facet normal -0.88966877779637887 9.9880636656272322e-08 -0.4566064671183353
    outer loop
      vertex 153.52359695862697 -265.08104950620645 465.72521023342574
      vertex 167.68222195927126 -264.78267041255265 438.13802635209532
      vertex 160.87721923349196 -291.35640183559445 451.39713729275326
    endloop
  endfacet
  facet normal -0.8896684646224543 -2.4160040221277923e-09 -0.45660707731738537
    outer loop
      vertex 127.34617151176408 -210.18575837775495 516.73026086853383
      vertex 116.14484443518205 -226.69215343384764 538.55530037599033
      vertex 115.54249668158005 -196.7955332347162 539.72893467888798
    endloop
  endfacet
  facet normal -0.88966879821190314 4.2164626318763722e-16 -0.45660642733998835
    outer loop
      vertex 357.11964110763927 70.950966676999968 69.031385323611147
      vertex 348.71592557588343 99.008514902552534 85.405494512584355
      vertex 362.2523732456022 101.42622533104652 59.030580781004645
    endloop
  endfacet
  facet normal -0.88966878612589118 4.1359324021789556e-09 -0.45660645088881885
    outer loop
      vertex 348.27163680072522 49.618613024705809 86.271161826585796
      vertex 357.11964110763927 70.950966676999968 69.031385323611147
      vertex 359.41688202717717 38.752730001672006 64.555356416189099
    endloop
  endfacet
  facet normal -0.88966859751078275 -1.2707241107890088e-07 -0.45660681839322198
    outer loop
      vertex 117.75528461915127 70.96237503976198 535.41746541044313
      vertex 103.03947314967319 80.835816513713212 564.09026128044889
      vertex 112.64302237936509 101.42935962275891 545.37836639188197
    endloop
  endfacet
  facet normal -0.88966847787475123 9.6728715644839482e-10 -0.4566070514961667
    outer loop
      vertex 128.04936207640264 22.618234729760729 515.36013919706909
      vertex 115.7155308211116 8.5770541222973407 539.39178923340035
      vertex 115.87129367610876 38.122630957626484 539.0882957304384
    endloop
  endfacet
  facet normal -0.88966886187865024 -1.2005080488312846e-16 -0.45660630328932983
    outer loop
      vertex 265.183859190867 -265.00394570851739 248.1623436424976
      vertex 272.12264875131973 -291.29279214435098 234.64254558760356
      vertex 258.24712243708035 -291.37177303497054 261.67814193182312
    endloop
  endfacet
  facet normal -0.88966859212152671 8.2587528057999251e-08 -0.45660682889384541
    outer loop
      vertex 223.54505636208387 -265.15167011270313 329.29288061154801
      vertex 237.42686246980992 -265.15046020900638 302.24508781838335
      vertex 230.5087051877108 -291.43589551037849 315.72466080966291
    endloop
  endfacet
  facet normal -0.88966857368223762 4.3272224658417633e-08 -0.45660686482160023
    outer loop
      vertex 117.75528461915127 70.96237503976198 535.41746541044313
      vertex 104.25740563459921 53.094119286989496 561.71719696488344
      vertex 103.03947314967319 80.835816513713212 564.09026128044889
    endloop
  endfacet
  facet normal -0.88966857177567593 3.6364271801956333e-08 -0.45660686853641114
    outer loop
      vertex 117.75528461915127 70.96237503976198 535.41746541044313
      vertex 115.87129367610876 38.122630957626484 539.0882957304384
      vertex 104.25740563459921 53.094119286989496 561.71719696488344
    endloop
  endfacet
  facet normal -0.88966880239952295 -1.3123363762253193e-09 -0.45660641918067491
    outer loop
      vertex 357.11964110763927 70.950966676999968 69.031385323611147
      vertex 371.86052214331249 80.835816513714136 40.309708537231586
      vertex 370.67894132727463 53.095810034373272 42.611944296056784
    endloop
  endfacet
  facet normal -0.88966880243609703 -1.4455537137982999e-09 -0.45660641910941313
    outer loop
      vertex 357.11964110763927 70.950966676999968 69.031385323611147
      vertex 370.67894132727463 53.095810034373272 42.611944296056784
      vertex 359.41688202717717 38.752730001672006 64.555356416189099
    endloop
  endfacet
  facet normal -0.88966877074453599 -5.954078763224562e-10 -0.45660648085841532
    outer loop
      vertex 347.61474070156595 -33.412148092725033 87.551080269894868
      vertex 359.64194410169017 -20.020662103425369 64.116837172118196
      vertex 359.50885619643259 -49.46873761112289 64.376150553703354
    endloop
  endfacet
  facet normal -0.88966848140192545 -4.4126347048327652e-08 -0.4566070446237005
    outer loop
      vertex 292.95798637860906 46.532481291420709 194.04624719728076
      vertex 279.06274981635067 47.004579917012904 221.1201921479568
      vertex 286.00679593773674 73.139404941793543 207.59017724000861
    endloop
  endfacet
  facet normal -0.88966872555592691 -1.155151475707963e-07 -0.4566065689055287
    outer loop
      vertex 321.01748528773521 43.785254106663075 139.37410352219271
      vertex 328.01820255688654 71.074052916807744 125.73364631628361
      vertex 335.97836038462685 41.478901373661273 110.22379487433753
    endloop
  endfacet
  facet normal -0.88966879011840017 3.8329470256244572e-09 -0.45660644310966753
    outer loop
      vertex 348.4194118878678 24.430476247423975 85.983231878855094
      vertex 359.76068144409999 9.155437200639355 63.88548495629415
      vertex 348.34305448532945 -4.3767090014055263 86.132009208964178
    endloop
  endfacet
  facet normal -0.88966869549706462 -1.2639734857593903e-09 -0.45660662747331099
    outer loop
      vertex 133.08260430022051 72.466326272790297 505.55318985023212
      vertex 126.16983940344196 99.068063438913669 519.02226831806593
      vertex 140.25403857273042 99.155108957886114 491.58011056510134
    endloop
  endfacet
  facet normal -0.8896687407366981 5.7041854877622366e-08 -0.45660653932677586
    outer loop
      vertex 133.08260430022051 72.466326272790297 505.55318985023212
      vertex 140.25403857273042 99.155108957886114 491.58011056510134
      vertex 147.10842523495126 72.187867431572158 478.22477163904688
    endloop
  endfacet
  facet normal -0.88966845642342962 -3.9379188903664098e-11 -0.45660709329263843
    outer loop
      vertex 126.98861686071734 -123.66676644937348 517.42693315164945
      vertex 115.29959083438105 -138.26184009035867 540.20222047258846
      vertex 115.28526834247891 -108.95083307628019 540.23012688993424
    endloop
  endfacet
  facet normal -0.88966869647778546 -1.2327341774303321e-16 -0.45660662556243953
    outer loop
      vertex 138.66988485802273 -108.99488473404548 494.66673237802047
      vertex 126.98861686071734 -123.66676644937348 517.42693315164945
      vertex 126.93508903675047 -94.194812146243379 517.53122868024639
    endloop
  endfacet
  facet normal -0.88966880274518079 -2.4018573598891562e-10 -0.45660641850718275
    outer loop
      vertex 359.04851284428327 -256.19704748525589 65.273100513995018
      vertex 358.72182613218547 -226.62291472503654 65.909628948859648
      vertex 370.93104807426602 -242.1348667988313 42.120730186884906
    endloop
  endfacet
  facet normal -0.88966878770969815 2.7814485337953557e-09 -0.45660644780287096
    outer loop
      vertex 358.83067735500583 -291.49754660415255 65.697539212947177
      vertex 360.52900319426436 -322.25472432189741 62.388458530076456
      vertex 348.26905657997759 -317.72680726149696 86.276189215433021
    endloop
  endfacet
  facet normal -0.88966877323064786 -9.4285536308972038e-09 -0.45660647601438364
    outer loop
      vertex 347.61474070156595 -33.412148092725033 87.551080269894868
      vertex 359.50885619643259 -49.46873761112289 64.376150553703354
      vertex 347.82438360353854 -63.763816038358584 87.142604991860793
    endloop
  endfacet
  facet normal -0.88966877672707267 -3.6762174592042123e-09 -0.45660646920182152
    outer loop
      vertex 347.90429071957328 -93.799316826946622 86.986911280640143
      vertex 347.82438360353854 -63.763816038358584 87.142604991860793
      vertex 359.55375673426579 -79.144523516383401 64.288664690296059
    endloop
  endfacet
  facet normal -0.88966877698964297 -8.1596457010724536e-16 -0.4566064686902202
    outer loop
      vertex 307.06452572434466 -264.50773879838528 166.56056420062603
      vertex 313.94207260327289 -291.32155931594718 153.16009981820795
      vertex 299.95607447540453 -291.13813768844068 180.4109311195968
    endloop
  endfacet
  facet normal -0.88966862336751884 7.8990764421448416e-08 -0.4566067680130661
    outer loop
      vertex 303.32588059608935 -156.74372788487665 173.8450773797633
      vertex 292.32634845968147 -154.87018426382826 195.27695147147057
      vertex 300.15703166573724 -127.18438973849025 180.01937876541433
    endloop
  endfacet
  facet normal -0.88966886187865002 -3.5560808707047948e-17 -0.45660630328933016
    outer loop
      vertex 272.12144989096504 73.338289673085683 234.64488149212275
      vertex 265.17164834603176 99.684457291855779 248.1861357109577
      vertex 279.0414115264461 99.615974029023221 221.16176847302523
    endloop
  endfacet
  facet normal -0.88966886187864969 2.4024080960272525e-16 -0.45660630328933055
    outer loop
      vertex 272.12144989096504 73.338289673085683 234.64488149212275
      vertex 258.25339846977698 73.404299510892386 261.66591347412094
      vertex 265.17164834603176 99.684457291855779 248.1861357109577
    endloop
  endfacet
  facet normal -0.88966847135123117 -2.6517420847475168e-08 -0.45660706420681096
    outer loop
      vertex 127.34453267588214 -6.082618934688071 516.73345403503902
      vertex 115.7155308211116 8.5770541222973407 539.39178923340035
      vertex 128.04936207640264 22.618234729760729 515.36013919706909
    endloop
  endfacet
  facet normal -0.88966885262415041 -1.1616274577283697e-08 -0.4566063213211437
    outer loop
      vertex 161.22069294763492 73.278435910316773 450.72790081122054
      vertex 147.10842523495126 72.187867431572158 478.22477163904688
      vertex 154.21637222284443 99.348908814631898 464.37538090252514
    endloop
  endfacet
  facet normal -0.88966859833461998 -1.2570972775140803e-09 -0.45660681678804632
    outer loop
      vertex 115.34785692951841 -167.48993135660072 540.10817721504918
      vertex 103.65981008855833 -153.00131455709052 562.8815740407905
      vertex 115.29959083438105 -138.26184009035867 540.20222047258846
    endloop
  endfacet
  facet normal -0.88966872155308685 3.2064491185742516e-08 -0.45660657670481991
    outer loop
      vertex 216.54964810406216 20.887976127767956 342.92298450804316
      vertex 209.67854363838228 47.166732584391355 356.31089410051914
      vertex 223.55622251337971 47.169052808381991 329.27112408259745
    endloop
  endfacet
  facet normal -0.88966848165359425 -4.4502078750988446e-08 -0.45660704413334047
    outer loop
      vertex 286.01996051158005 -291.18814537151604 207.56452694763169
      vertex 292.92670122678282 -317.58906596647711 194.10720422490283
      vertex 279.04425047343955 -317.62174808413113 221.15623696213191
    endloop
  endfacet
  facet normal -0.88966868901610807 2.1796654626198719e-07 -0.45660664010098673
    outer loop
      vertex 286.01996051158005 -291.18814537151604 207.56452694763169
      vertex 279.04425047343955 -317.62174808413113 221.15623696213191
      vertex 272.12264875131973 -291.29279214435098 234.64254558760356
    endloop
  endfacet
  facet normal -0.88966867930317117 -2.0658914919781669e-07 -0.45660665902602476
    outer loop
      vertex 358.83067735500583 -291.49754660415255 65.697539212947177
      vertex 348.26905657997759 -317.72680726149696 86.276189215433021
      vertex 342.54037622833147 -292.36696586137413 97.438142600875182
    endloop
  endfacet
  facet normal -0.88966881920754304 -3.4607167351746403e-10 -0.45660638643130685
    outer loop
      vertex 329.16192415682974 -239.84067001660753 123.505176726711
      vertex 321.09620031760443 -265.17351732092084 139.22073223820678
      vertex 314.37002618043283 -237.52272082471256 152.32625938512695
    endloop
  endfacet
  facet normal -0.88966869647778535 -2.9772507115148001e-17 -0.45660662556244008
    outer loop
      vertex 167.68222195927126 -264.78267041255265 438.13802635209532
      vertex 174.87873610201802 -291.2885323977315 424.11608054989642
      vertex 160.87721923349196 -291.35640183559445 451.39713729275326
    endloop
  endfacet
  facet normal -0.88966855928286359 4.0814390967520508e-08 -0.45660689287783673
    outer loop
      vertex 174.87873610201802 -291.2885323977315 424.11608054989642
      vertex 188.82732091537414 -291.35067142938436 396.93817861491692
      vertex 181.95673113889569 -317.65892258439698 410.32506946008709
    endloop
  endfacet
  facet normal -0.88966880309910468 1.1078677878322914e-09 -0.4566064178175846
    outer loop
      vertex 358.83067735500583 -291.49754660415255 65.697539212947177
      vertex 371.05176359939838 -274.72126511592438 41.885523593452689
      vertex 372.56662124341824 -312.26122751094556 38.933918937846627
    endloop
  endfacet
  facet normal -0.88966880392513126 -1.51311508257349e-09 -0.45660641620812387
    outer loop
      vertex 358.83067735500583 -291.49754660415255 65.697539212947177
      vertex 372.56662124341824 -312.26122751094556 38.933918937846627
      vertex 360.52900319426436 -322.25472432189741 62.388458530076456
    endloop
  endfacet
  facet normal -0.88966872109253137 -3.1241177149969554e-08 -0.45660657760218321
    outer loop
      vertex 216.62720898820683 -291.4234891643988 342.77186210457461
      vertex 223.58367396514808 -317.71237527729238 329.21763669116706
      vertex 209.71943220871245 -317.70372736157481 356.23122527517131
    endloop
  endfacet
  facet normal -0.88966880414481797 7.3465987085617081e-08 -0.45660641578007227
    outer loop
      vertex 216.62720898820683 -291.4234891643988 342.77186210457461
      vertex 209.71943220871245 -317.70372736157481 356.23122527517131
      vertex 202.74098454669124 -291.39989579812789 369.82829466388733
    endloop
  endfacet
  facet normal -0.88966880300547047 -1.8018060204659417e-10 -0.45660641800002477
    outer loop
      vertex 359.35692124737699 -196.76314829064381 64.672186210319339
      vertex 371.18027018108234 -182.40106940853053 41.635136617308937
      vertex 370.98906160233696 -212.01224834548123 42.007694483353049
    endloop
  endfacet
  facet normal -0.88966880309538399 1.7484854574722071e-10 -0.45660641782483408
    outer loop
      vertex 359.35692124737699 -196.76314829064381 64.672186210319339
      vertex 359.57555426457236 -167.47452422242606 64.246193578566874
      vertex 371.18027018108234 -182.40106940853053 41.635136617308937
    endloop
  endfacet
  facet normal -0.88966845586360277 2.0960768900732779e-09 -0.45660709438342345
    outer loop
      vertex 126.98861686071734 -123.66676644937348 517.42693315164945
      vertex 115.28526834247891 -108.95083307628019 540.23012688993424
      vertex 126.93508903675047 -94.194812146243379 517.53122868024639
    endloop
  endfacet
  facet normal -0.8896684540421339 4.6419219916922655e-09 -0.4566070979324342
    outer loop
      vertex 126.81776632184683 -64.805053539448352 517.75982445830141
      vertex 126.93508903675047 -94.194812146243379 517.53122868024639
      vertex 115.2404008949695 -79.60058605197105 540.31754810992811
    endloop
  endfacet
  facet normal -0.88966874513482741 -1.0000604074878095e-07 -0.45660653075729385
    outer loop
      vertex 328.07126690188545 -291.6794388600365 125.63025377816376
      vertex 334.70513317830671 -317.86473071897058 112.70459356682149
      vertex 320.76068295415826 -317.73057548120283 139.87446671454302
    endloop
  endfacet
  facet normal -0.88966881791032359 -2.0510636056493153e-09 -0.45660638895885775
    outer loop
      vertex 328.07126690188545 -291.6794388600365 125.63025377816376
      vertex 320.76068295415826 -317.73057548120283 139.87446671454302
      vertex 313.94207260327289 -291.32155931594718 153.16009981820795
    endloop
  endfacet
  facet normal -0.88966855594045957 -3.6905825659970955e-08 -0.45660689939029164
    outer loop
      vertex 188.93524641293658 73.424783268845431 396.72789290404171
      vertex 182.02320499160086 99.692264871428449 410.19554954415958
      vertex 195.87998814810962 99.715495517713236 383.19651760191317
    endloop
  endfacet
  facet normal -0.88966872316202139 1.7496020317290631e-07 -0.45660657356988227
    outer loop
      vertex 188.93524641293658 73.424783268845431 396.72789290404171
      vertex 195.87998814810962 99.715495517713236 383.19651760191317
      vertex 202.78833438247725 73.444328367425499 369.73603646637582
    endloop
  endfacet
  facet normal -0.88966869647778535 -9.790055365742754e-16 -0.45660662556244019
    outer loop
      vertex 138.60134855876186 -78.994933498788839 494.80027095720715
      vertex 126.93508903675047 -94.194812146243379 517.53122868024639
      vertex 126.81776632184683 -64.805053539448352 517.75982445830141
    endloop
  endfacet
  facet normal -0.88966855693047342 -3.8155348422925527e-08 -0.45660689746131461
    outer loop
      vertex 175.09152361456688 73.376432605909542 423.70147774232021
      vertex 182.02320499160086 99.692264871428449 410.19554954415958
      vertex 188.93524641293658 73.424783268845431 396.72789290404171
    endloop
  endfacet
  facet normal -0.88966877876159567 7.0559879924594082e-09 -0.4566064652376825
    outer loop
      vertex 348.02034419008135 -152.77428417892457 86.760788797185825
      vertex 359.57555426457236 -167.47452422242606 64.246193578566874
      vertex 347.87447365159341 -181.54272753909646 87.045007858290262
    endloop
  endfacet
  facet normal -0.88966867494049906 -1.3065391872145374e-07 -0.45660666752643886
    outer loop
      vertex 307.06452572434466 -264.50773879838528 166.56056420062603
      vertex 299.95607447540453 -291.13813768844068 180.4109311195968
      vertex 293.01276944698958 -264.58566504063901 193.93950604956177
    endloop
  endfacet
  facet normal -0.88966845281703055 4.3947886453166512e-11 -0.45660710031946611
    outer loop
      vertex 126.81776632184683 -64.805053539448352 517.75982445830141
      vertex 115.2404008949695 -79.60058605197105 540.31754810992811
      vertex 115.26081100498611 -50.206856307630858 540.27778037592702
    endloop
  endfacet
  facet normal -0.88966872305861655 -1.765708508094581e-07 -0.4566065737713591
    outer loop
      vertex 195.82334961960623 47.179817045811134 383.30687423700357
      vertex 188.93524641293658 73.424783268845431 396.72789290404171
      vertex 202.78833438247725 73.444328367425499 369.73603646637582
    endloop
  endfacet
  facet normal -0.88966859197098969 -8.2515452567893736e-08 -0.45660682918715734
    outer loop
      vertex 237.44123841949119 47.166937476431599 302.21707722898134
      vertex 223.55622251337971 47.169052808381991 329.27112408259745
      vertex 230.51511410764468 73.445024224001713 315.71217345204417
    endloop
  endfacet
  facet normal -0.88966848863226999 1.1084959199855192e-15 -0.45660703053585622
    outer loop
      vertex 336.35880359596422 -108.99999999999982 109.48252653152706
      vertex 347.90429071957328 -93.799316826946622 86.986911280640143
      vertex 347.97992474480748 -123.55329372234434 86.839543403189055
    endloop
  endfacet
  facet normal -0.88966878067572941 -1.6076059937168793e-10 -0.45660646150811424
    outer loop
      vertex 348.02034419008135 -152.77428417892457 86.760788797185825
      vertex 359.63147721842819 -138.21534755227643 64.137231233382153
      vertex 359.57555426457236 -167.47452422242606 64.246193578566874
    endloop
  endfacet
  facet normal -0.88966848863226966 -1.0741568538947736e-15 -0.45660703053585694
    outer loop
      vertex 335.94175783931826 -194.63508694423908 110.29511250413091
      vertex 336.54120694882602 -167.17875703489005 109.12712570672684
      vertex 347.87447365159341 -181.54272753909646 87.045007858290262
    endloop
  endfacet
  facet normal -0.8896684658289663 4.6348216424218573e-08 -0.45660707496657477
    outer loop
      vertex 126.92839920155981 49.374457155523942 517.54426339463839
      vertex 128.04936207640264 22.618234729760729 515.36013919706909
      vertex 115.87129367610876 38.122630957626484 539.0882957304384
    endloop
  endfacet
  facet normal -0.88966846407979416 1.1490113593631694e-09 -0.45660707837472275
    outer loop
      vertex 127.34453267588214 -6.082618934688071 516.73345403503902
      vertex 115.42799762280198 -20.779518436333149 539.95202843532331
      vertex 115.7155308211116 8.5770541222973407 539.39178923340035
    endloop
  endfacet
  facet normal -0.88966877969009039 5.4951484193366611e-11 -0.45660646342856903
    outer loop
      vertex 347.97992474480748 -123.55329372234434 86.839543403189055
      vertex 359.61329052315557 -108.81312346078167 64.172666860998959
      vertex 359.63147721842819 -138.21534755227643 64.137231233382153
    endloop
  endfacet
  facet normal -0.88966877874118144 -3.5371070696909835e-09 -0.45660646527745852
    outer loop
      vertex 347.97992474480748 -123.55329372234434 86.839543403189055
      vertex 347.90429071957328 -93.799316826946622 86.986911280640143
      vertex 359.61329052315557 -108.81312346078167 64.172666860998959
    endloop
  endfacet
  facet normal -0.88966866323152494 -2.4035020018045099e-07 -0.45660669034057505
    outer loop
      vertex 348.27163680072522 49.618613024705809 86.271161826585796
      vertex 341.7553152612345 72.323296020034292 98.967781781554578
      vertex 357.11964110763927 70.950966676999968 69.031385323611147
    endloop
  endfacet
  facet normal -0.88966848863226966 8.8818573192017552e-16 -0.45660703053585683
    outer loop
      vertex 348.4194118878678 24.430476247423975 85.983231878855094
      vertex 335.97836038462685 41.478901373661273 110.22379487433753
      vertex 348.27163680072522 49.618613024705809 86.271161826585796
    endloop
  endfacet
  facet normal -0.8896684558748218 -1.2873430369882626e-10 -0.45660709436156399
    outer loop
      vertex 126.95984490401212 -152.79635432092431 517.48299346217493
      vertex 115.34785692951841 -167.48993135660072 540.10817721504918
      vertex 115.29959083438105 -138.26184009035867 540.20222047258846
    endloop
  endfacet
  facet normal -0.88966845688020013 3.6821282943566399e-09 -0.45660709240265124
    outer loop
      vertex 126.95984490401212 -152.79635432092431 517.48299346217493
      vertex 127.05200534477298 -181.55996127203147 517.30342475990847
      vertex 115.34785692951841 -167.48993135660072 540.10817721504918
    endloop
  endfacet
  facet normal -0.88966845613727263 -1.1386151860369734e-09 -0.45660709385019604
    outer loop
      vertex 126.98861686071734 -123.66676644937348 517.42693315164945
      vertex 126.95984490401212 -152.79635432092431 517.48299346217493
      vertex 115.29959083438105 -138.26184009035867 540.20222047258846
    endloop
  endfacet
  facet normal -0.88966852669947283 7.1100875288181343e-17 -0.4566069563644311
    outer loop
      vertex 230.45640392822125 -238.89483409597395 315.82656636284389
      vertex 244.35195727982861 -238.86475111040647 288.75199751170351
      vertex 237.42686246980992 -265.15046020900638 302.24508781838335
    endloop
  endfacet
  facet normal -0.88966868416039857 2.2993093973924063e-07 -0.45660664956201835
    outer loop
      vertex 348.26554804974927 -269.01543274878588 86.283025353680571
      vertex 358.83067735500583 -291.49754660415255 65.697539212947177
      vertex 342.54037622833147 -292.36696586137413 97.438142600875182
    endloop
  endfacet
  facet normal -0.88966848863226988 -1.2470096809583005e-15 -0.45660703053585655
    outer loop
      vertex 348.26554804974927 -269.01543274878588 86.283025353680571
      vertex 335.35895756784441 -265.83111614730785 111.43066014580457
      vertex 344.94517654359333 -241.27065396940938 92.752548821404304
    endloop
  endfacet
  facet normal -0.88966873617141984 9.8374157998774908e-08 -0.45660654822192243
    outer loop
      vertex 347.527494073073 -210.10418800370056 87.721074533930803
      vertex 358.72182613218547 -226.62291472503654 65.909628948859648
      vertex 344.94517654359333 -241.27065396940938 92.752548821404304
    endloop
  endfacet
  facet normal -0.88966848863227044 8.6349247091110102e-16 -0.4566070305358555
    outer loop
      vertex 336.32103077290571 -138.75331175805314 109.55612436983107
      vertex 348.02034419008135 -152.77428417892457 86.760788797185825
      vertex 336.54120694882602 -167.17875703489005 109.12712570672684
    endloop
  endfacet
  facet normal -0.88966845794940352 -5.8386173019505533e-10 -0.45660709031937968
    outer loop
      vertex 127.05200534477298 -181.55996127203147 517.30342475990847
      vertex 115.54249668158005 -196.7955332347162 539.72893467888798
      vertex 115.34785692951841 -167.48993135660072 540.10817721504918
    endloop
  endfacet
  facet normal -0.88966846130955712 1.1591218695174696e-08 -0.45660708377234471
    outer loop
      vertex 127.34617151176408 -210.18575837775495 516.73026086853383
      vertex 115.54249668158005 -196.7955332347162 539.72893467888798
      vertex 127.05200534477298 -181.55996127203147 517.30342475990847
    endloop
  endfacet
  facet normal -0.889668716474183 -3.8944087347475274e-08 -0.45660658660073911
    outer loop
      vertex 145.29938626723444 -239.53829620699622 481.74957107328271
      vertex 139.73305549134722 -265.84010138018112 492.59521265287816
      vertex 129.83743256977647 -241.46934583398269 511.87619863205691
    endloop
  endfacet
  facet normal -0.88966885678806784 -6.1546074440632587e-09 -0.45660631320801087
    outer loop
      vertex 153.52359695862697 -265.08104950620645 465.72521023342574
      vertex 160.87721923349196 -291.35640183559445 451.39713729275326
      vertex 146.81125586822341 -291.71019331983786 478.80378758862395
    endloop
  endfacet
  facet normal -0.88966850670623154 3.1456814238851383e-09 -0.45660699531994042
    outer loop
      vertex 129.83743256977647 -241.46934583398269 511.87619863205691
      vertex 115.85568663474287 -256.26948457116418 539.1187050064824
      vertex 116.14484443518205 -226.69215343384764 538.55530037599033
    endloop
  endfacet
  facet normal -0.88966848963759204 7.9004716217307891e-08 -0.45660702857704588
    outer loop
      vertex 129.83743256977647 -241.46934583398269 511.87619863205691
      vertex 116.14484443518205 -226.69215343384764 538.55530037599033
      vertex 127.34617151176408 -210.18575837775495 516.73026086853383
    endloop
  endfacet
  facet normal -0.88966882255248503 4.9822076458036195e-08 -0.45660637991389524
    outer loop
      vertex 251.30916591822745 -265.1049539810885 275.19631685719241
      vertex 258.24712243708035 -291.37177303497054 261.67814193182312
      vertex 244.37698935893471 -291.42119716935554 288.70322415722848
    endloop
  endfacet
  facet normal -0.8896686546328304 -1.6233770022323533e-07 -0.45660670709460999
    outer loop
      vertex 251.30916591822745 -265.1049539810885 275.19631685719241
      vertex 244.37698935893471 -291.42119716935554 288.70322415722848
      vertex 237.42686246980992 -265.15046020900638 302.24508781838335
    endloop
  endfacet
  facet normal -0.88966855935974742 -4.19638305119185e-08 -0.45660689272803351
    outer loop
      vertex 181.75978392756141 -264.96745151384755 410.70880810642848
      vertex 188.82732091537414 -291.35067142938436 396.93817861491692
      vertex 174.87873610201802 -291.2885323977315 424.11608054989642
    endloop
  endfacet
  facet normal -0.88966864563215642 6.6213934163660449e-08 -0.45660672463186541
    outer loop
      vertex 181.75978392756141 -264.96745151384755 410.70880810642848
      vertex 174.87873610201802 -291.2885323977315 424.11608054989642
      vertex 167.68222195927126 -264.78267041255265 438.13802635209532
    endloop
  endfacet
  facet normal -0.88966869647778546 4.5923672503163444e-17 -0.45660662556243958
    outer loop
      vertex 138.66988485802273 -108.99488473404548 494.66673237802047
      vertex 126.93508903675047 -94.194812146243379 517.53122868024639
      vertex 138.60134855876186 -78.994933498788839 494.80027095720715
    endloop
  endfacet
  facet normal -0.88966869647778579 9.5841984491651508e-17 -0.45660662556243886
    outer loop
      vertex 137.98704074937035 -219.29789561144071 495.99721028620672
      vertex 127.34617151176408 -210.18575837775495 516.73026086853383
      vertex 138.94740366070221 -194.67018678312579 494.12600480727224
    endloop
  endfacet
  facet normal -0.88966845701083863 4.7849598973467751e-09 -0.45660709214811085
    outer loop
      vertex 126.92839920155981 49.374457155523942 517.54426339463839
      vertex 115.87129367610876 38.122630957626484 539.0882957304384
      vertex 117.75528461915127 70.96237503976198 535.41746541044313
    endloop
  endfacet
  facet normal -0.88966855075575313 -1.8627453933730968e-07 -0.45660690949231508
    outer loop
      vertex 126.92839920155981 49.374457155523942 517.54426339463839
      vertex 117.75528461915127 70.96237503976198 535.41746541044313
      vertex 133.08260430022051 72.466326272790297 505.55318985023212
    endloop
  endfacet
  facet normal -0.8896687243673469 -3.6270275930464976e-08 -0.45660657122141446
    outer loop
      vertex 216.31510026785091 -186.38934041300791 343.37998590929681
      vertex 223.43148408578051 -212.63550273617088 329.51416890076274
      vertex 209.42649986660751 -212.51210727593653 356.80198564691938
    endloop
  endfacet
  facet normal -0.88966845400609007 -4.4711011677070583e-09 -0.45660709800266308
    outer loop
      vertex 126.81776632184683 -64.805053539448352 517.75982445830141
      vertex 115.26081100498611 -50.206856307630858 540.27778037592702
      vertex 126.93101576348933 -35.347420222961659 517.53916519169798
    endloop
  endfacet
  facet normal -0.88966856954185725 -1.0502486900650568e-07 -0.45660687288885021
    outer loop
      vertex 335.35895756784441 -265.83111614730785 111.43066014580457
      vertex 342.54037622833147 -292.36696586137413 97.438142600875182
      vertex 328.07126690188545 -291.6794388600365 125.63025377816376
    endloop
  endfacet
  facet normal -0.88966848863226977 -6.0904708556831831e-16 -0.45660703053585661
    outer loop
      vertex 348.26554804974927 -269.01543274878588 86.283025353680571
      vertex 342.54037622833147 -292.36696586137413 97.438142600875182
      vertex 335.35895756784441 -265.83111614730785 111.43066014580457
    endloop
  endfacet
  facet normal -0.88966880503985668 2.0305101884507496e-08 -0.4566064140361511
    outer loop
      vertex 138.94740366070221 -194.67018678312579 494.12600480727224
      vertex 152.75826771396845 -208.66180003975629 467.2164064634224
      vertex 137.98704074937035 -219.29789561144071 495.99721028620672
    endloop
  endfacet
  facet normal -0.88966869647778524 1.1311837591941006e-15 -0.45660662556244003
    outer loop
      vertex 138.78904100945044 -138.76620073014055 494.43456426660197
      vertex 126.95984490401212 -152.79635432092431 517.48299346217493
      vertex 126.98861686071734 -123.66676644937348 517.42693315164945
    endloop
  endfacet
  facet normal -0.88966882614254994 5.0774639623194324e-08 -0.45660637291887929
    outer loop
      vertex 139.8734727289596 42.522263221049911 492.32161867995728
      vertex 147.10842523495126 72.187867431572158 478.22477163904688
      vertex 154.51916045197862 47.170722213214049 463.78541695050893
    endloop
  endfacet
  facet normal -0.88966869647778546 -1.1111970050076232e-16 -0.45660662556243953
    outer loop
      vertex 138.76608022766126 -20.418020996042344 494.47930187587195
      vertex 138.12452541507906 -49.923664752071033 495.72933024137365
      vertex 126.93101576348933 -35.347420222961659 517.53916519169798
    endloop
  endfacet
  facet normal -0.88966872098201655 1.8000750087709528e-07 -0.4566065778174796
    outer loop
      vertex 195.73350480469179 -265.09189280484276 383.48193124706853
      vertex 202.74098454669124 -291.39989579812789 369.82829466388733
      vertex 188.82732091537414 -291.35067142938436 396.93817861491692
    endloop
  endfacet
  facet normal -0.88966855225590435 -3.2836397096202046e-08 -0.45660690656940578
    outer loop
      vertex 195.73350480469179 -265.09189280484276 383.48193124706853
      vertex 188.82732091537414 -291.35067142938436 396.93817861491692
      vertex 181.75978392756141 -264.96745151384755 410.70880810642848
    endloop
  endfacet
  facet normal -0.8896688618786498 1.2122168863832441e-15 -0.45660630328933077
    outer loop
      vertex 195.82334961960623 47.179817045811134 383.30687423700357
      vertex 202.78833438247725 73.444328367425499 369.73603646637582
      vertex 209.67854363838228 47.166732584391355 356.31089410051914
    endloop
  endfacet
  facet normal -0.88966869647778601 3.9509226844715518e-16 -0.45660662556243875
    outer loop
      vertex 174.98747792615777 20.680749906864264 423.90420408661498
      vertex 161.47931456965904 20.467173699224588 450.22399318380985
      vertex 168.2271988907965 47.052381667700445 437.07617378768435
    endloop
  endfacet
  facet normal -0.88966876740356693 -3.1429437386859566e-09 -0.45660648736808179
    outer loop
      vertex 347.527494073073 -210.10418800370056 87.721074533930803
      vertex 359.35692124737699 -196.76314829064381 64.672186210319339
      vertex 358.72182613218547 -226.62291472503654 65.909628948859648
    endloop
  endfacet
  facet normal -0.88966877202530692 1.6513068559925295e-08 -0.45660647836291401
    outer loop
      vertex 347.527494073073 -210.10418800370056 87.721074533930803
      vertex 347.87447365159341 -181.54272753909646 87.045007858290262
      vertex 359.35692124737699 -196.76314829064381 64.672186210319339
    endloop
  endfacet
  facet normal -0.88966880382446134 7.3012374452646465e-08 -0.45660641640426725
    outer loop
      vertex 209.67854363838228 47.166732584391355 356.31089410051914
      vertex 202.78833438247725 73.444328367425499 369.73603646637582
      vertex 216.6463917077871 73.444205560392959 342.734485806973
    endloop
  endfacet
  facet normal -0.88966872155086707 -3.1626088706814435e-08 -0.45660657670914573
    outer loop
      vertex 209.67854363838228 47.166732584391355 356.31089410051914
      vertex 216.6463917077871 73.444205560392959 342.734485806973
      vertex 223.55622251337971 47.169052808381991 329.27112408259745
    endloop
  endfacet
  facet normal -0.88966869647778535 -1.0061890935751419e-15 -0.45660662556244014
    outer loop
      vertex 138.76608022766126 -20.418020996042344 494.47930187587195
      vertex 126.93101576348933 -35.347420222961659 517.53916519169798
      vertex 127.34453267588214 -6.082618934688071 516.73345403503902
    endloop
  endfacet
  facet normal -0.88966876784723636 8.6887157645955322e-08 -0.45660648650361124
    outer loop
      vertex 161.47931456965904 20.467173699224588 450.22399318380985
      vertex 154.51916045197862 47.170722213214049 463.78541695050893
      vertex 168.2271988907965 47.052381667700445 437.07617378768435
    endloop
  endfacet
  facet normal -0.88966874117404848 -4.8618486407121544e-08 -0.45660653847462779
    outer loop
      vertex 139.8734727289596 42.522263221049911 492.32161867995728
      vertex 133.08260430022051 72.466326272790297 505.55318985023212
      vertex 147.10842523495126 72.187867431572158 478.22477163904688
    endloop
  endfacet
  facet normal -0.88966869647778535 1.9754613422357744e-16 -0.45660662556244008
    outer loop
      vertex 139.8734727289596 42.522263221049911 492.32161867995728
      vertex 126.92839920155981 49.374457155523942 517.54426339463839
      vertex 133.08260430022051 72.466326272790297 505.55318985023212
    endloop
  endfacet
  facet normal -0.8896688178891945 1.9500232475462474e-09 -0.45660638900002648
    outer loop
      vertex 321.09620031760443 -265.17351732092084 139.22073223820678
      vertex 328.07126690188545 -291.6794388600365 125.63025377816376
      vertex 313.94207260327289 -291.32155931594718 153.16009981820795
    endloop
  endfacet
  facet normal -0.88966873035165261 1.1243817818983456e-07 -0.45660655956136398
    outer loop
      vertex 321.09620031760443 -265.17351732092084 139.22073223820678
      vertex 335.35895756784441 -265.83111614730785 111.43066014580457
      vertex 328.07126690188545 -291.6794388600365 125.63025377816376
    endloop
  endfacet
  facet normal -0.88966886187864958 -9.0022669091828285e-16 -0.45660630328933066
    outer loop
      vertex 278.76892362959939 -158.60635712139933 221.69269412016789
      vertex 271.97931991912839 -185.52889168779245 234.92181286466806
      vertex 265.0603950218341 -159.88362171992054 248.40290586416427
    endloop
  endfacet
  facet normal -0.88966886187864969 -7.5063157523542296e-16 -0.45660630328933077
    outer loop
      vertex 251.30916591822745 -265.1049539810885 275.19631685719241
      vertex 265.183859190867 -265.00394570851739 248.1623436424976
      vertex 258.24712243708035 -291.37177303497054 261.67814193182312
    endloop
  endfacet
  facet normal -0.88966868245649589 1.1802307912592931e-09 -0.45660665288202112
    outer loop
      vertex 324.80938542389868 -124.78910305152561 131.98582464335021
      vertex 336.35880359596422 -108.99999999999982 109.48252653152706
      vertex 336.32103077290571 -138.75331175805314 109.55612436983107
    endloop
  endfacet
  facet normal -0.8896687769896432 4.029666026976097e-16 -0.45660646869021998
    outer loop
      vertex 314.37002618043283 -237.52272082471256 152.32625938512695
      vertex 307.06452572434466 -264.50773879838528 166.56056420062603
      vertex 300.03985745399285 -237.55556619312648 180.24768529369547
    endloop
  endfacet
  facet normal -0.88966848863226999 -5.185584811905805e-16 -0.45660703053585605
    outer loop
      vertex 348.4194118878678 24.430476247423975 85.983231878855094
      vertex 339.33457751188314 11.516756323455681 103.68442859339423
      vertex 335.97836038462685 41.478901373661273 110.22379487433753
    endloop
  endfacet
  facet normal -0.88966879612382188 2.4396969324224876e-08 -0.45660643140848234
    outer loop
      vertex 321.01748528773521 43.785254106663075 139.37410352219271
      vertex 306.89666081315312 45.444254212074696 166.88763834538716
      vertex 313.92123983529098 71.868958785221778 153.20069114680848
    endloop
  endfacet
  facet normal -0.88966850922564533 -7.9807154215536253e-08 -0.45660699041102215
    outer loop
      vertex 300.03985745399285 -237.55556619312648 180.24768529369547
      vertex 293.01276944698958 -264.58566504063901 193.93950604956177
      vertex 286.00665282125652 -238.0425030677315 207.59045609290621
    endloop
  endfacet
  facet normal -0.88966848050001091 -4.3440017353929209e-08 -0.45660704638102101
    outer loop
      vertex 286.00665282125652 -238.0425030677315 207.59045609290621
      vertex 293.01276944698958 -264.58566504063901 193.93950604956177
      vertex 279.07414748336475 -264.80235122954412 221.0979845056894
    endloop
  endfacet
  facet normal -0.88966886187864958 -3.544915149777339e-16 -0.4566063032893305
    outer loop
      vertex 209.65960465788436 -265.13174111035249 356.34779552107193
      vertex 202.74098454669124 -291.39989579812789 369.82829466388733
      vertex 195.73350480469179 -265.09189280484276 383.48193124706853
    endloop
  endfacet
  facet normal -0.88966872177320622 -3.2334080242069552e-08 -0.45660657627593199
    outer loop
      vertex 216.53609581854238 -238.85197996528609 342.9493902663429
      vertex 223.54505636208387 -265.15167011270313 329.29288061154801
      vertex 209.65960465788436 -265.13174111035249 356.34779552107193
    endloop
  endfacet
  facet normal -0.88966886187864946 9.0158149354399053e-17 -0.45660630328933122
    outer loop
      vertex 258.3244734743929 20.823975248676732 261.52742826704178
      vertex 251.33217391341475 47.13962126396234 275.15148721567209
      vertex 265.20776500469958 47.095250814613507 248.11576465742561
    endloop
  endfacet
  facet normal -0.88966886187864969 3.59317066222322e-16 -0.45660630328933055
    outer loop
      vertex 279.07414748336475 -264.80235122954412 221.0979845056894
      vertex 272.12264875131973 -291.29279214435098 234.64254558760356
      vertex 265.183859190867 -265.00394570851739 248.1623436424976
    endloop
  endfacet
  facet normal -0.88966873683149528 5.36363577909373e-08 -0.45660654693581504
    outer loop
      vertex 139.73305549134722 -265.84010138018112 492.59521265287816
      vertex 146.81125586822341 -291.71019331983786 478.80378758862395
      vertex 132.3689838412032 -292.41415632205553 506.9436335013109
    endloop
  endfacet
  facet normal -0.8896688180662965 -5.2969945876819492e-08 -0.45660638865495096
    outer loop
      vertex 139.73305549134722 -265.84010138018112 492.59521265287816
      vertex 153.52359695862697 -265.08104950620645 465.72521023342574
      vertex 146.81125586822341 -291.71019331983786 478.80378758862395
    endloop
  endfacet
  facet normal -0.88966886187864969 -2.4058038633110184e-16 -0.45660630328933055
    outer loop
      vertex 265.20776500469958 47.095250814613507 248.11576465742561
      vertex 258.25339846977698 73.404299510892386 261.66591347412094
      vertex 272.12144989096504 73.338289673085683 234.64488149212275
    endloop
  endfacet
  facet normal -0.88966886187865024 2.7052591825832999e-16 -0.45660630328932983
    outer loop
      vertex 265.20776500469958 47.095250814613507 248.11576465742561
      vertex 272.12144989096504 73.338289673085683 234.64488149212275
      vertex 279.06274981635067 47.004579917012904 221.1201921479568
    endloop
  endfacet
  facet normal -0.88966869857971442 2.6489080286589465e-09 -0.45660662146696596
    outer loop
      vertex 160.26259173274016 -237.77706450039182 452.59469984033461
      vertex 174.61478707215952 -238.39745238527371 424.63036828946116
      vertex 167.68222195927126 -264.78267041255265 438.13802635209532
    endloop
  endfacet
  facet normal -0.88966855846764459 4.1918623043265882e-08 -0.45660689446623737
    outer loop
      vertex 181.70540532697839 -4.8515885053650436 410.81476122166328
      vertex 174.98747792615777 20.680749906864264 423.90420408661498
      vertex 188.81158548311751 20.97912587955085 396.96883806641586
    endloop
  endfacet
  facet normal -0.88966880419665495 -7.2869588428684067e-08 -0.45660641567907118
    outer loop
      vertex 209.65960465788436 -265.13174111035249 356.34779552107193
      vertex 216.62720898820683 -291.4234891643988 342.77186210457461
      vertex 202.74098454669124 -291.39989579812789 369.82829466388733
    endloop
  endfacet
  facet normal -0.88966872175397815 3.1923324120026009e-08 -0.45660657631339635
    outer loop
      vertex 209.65960465788436 -265.13174111035249 356.34779552107193
      vertex 223.54505636208387 -265.15167011270313 329.29288061154801
      vertex 216.62720898820683 -291.4234891643988 342.77186210457461
    endloop
  endfacet
  facet normal -0.88966869048779151 2.1748497174727483e-07 -0.45660663723350631
    outer loop
      vertex 272.10617671972426 -238.46447799888273 234.67464031230799
      vertex 286.00665282125652 -238.0425030677315 207.59045609290621
      vertex 279.07414748336475 -264.80235122954412 221.0979845056894
    endloop
  endfacet
  facet normal -0.88966848077147664 4.4875239485002109e-08 -0.45660704585208789
    outer loop
      vertex 285.98588346111609 20.760681562842414 207.63092380317354
      vertex 279.06274981635067 47.004579917012904 221.1201921479568
      vertex 292.95798637860906 46.532481291420709 194.04624719728076
    endloop
  endfacet
  facet normal -0.88966848863227044 4.3136040325228369e-16 -0.4566070305358555
    outer loop
      vertex 336.1905878045493 -47.954967231889611 109.810283834643
      vertex 347.61474070156595 -33.412148092725033 87.551080269894868
      vertex 347.82438360353854 -63.763816038358584 87.142604991860793
    endloop
  endfacet
  facet normal -0.88966871850149187 1.0397208143812869e-07 -0.45660658265064719
    outer loop
      vertex 327.29616150975062 14.550529077569401 127.14049787530415
      vertex 321.01748528773521 43.785254106663075 139.37410352219271
      vertex 335.97836038462685 41.478901373661273 110.22379487433753
    endloop
  endfacet
  facet normal -0.88966857551496203 7.8049639103952358e-08 -0.45660686125065209
    outer loop
      vertex 335.97836038462685 41.478901373661273 110.22379487433753
      vertex 328.01820255688654 71.074052916807744 125.73364631628361
      vertex 341.7553152612345 72.323296020034292 98.967781781554578
    endloop
  endfacet
  facet normal -0.88966848863226944 -2.7349464605471042e-16 -0.45660703053585722
    outer loop
      vertex 335.97836038462685 41.478901373661273 110.22379487433753
      vertex 341.7553152612345 72.323296020034292 98.967781781554578
      vertex 348.27163680072522 49.618613024705809 86.271161826585796
    endloop
  endfacet
  facet normal -0.88966848863227077 -7.1957705909258443e-17 -0.45660703053585505
    outer loop
      vertex 336.32103077290571 -138.75331175805314 109.55612436983107
      vertex 347.97992474480748 -123.55329372234434 86.839543403189055
      vertex 348.02034419008135 -152.77428417892457 86.760788797185825
    endloop
  endfacet
  facet normal -0.88966848863226988 -1.5516937724491828e-15 -0.45660703053585672
    outer loop
      vertex 336.54120694882602 -167.17875703489005 109.12712570672684
      vertex 348.02034419008135 -152.77428417892457 86.760788797185825
      vertex 347.87447365159341 -181.54272753909646 87.045007858290262
    endloop
  endfacet
  facet normal -0.88966855698619662 3.8369304187726074e-08 -0.45660689735274168
    outer loop
      vertex 181.98834297110085 47.123639733462127 410.26347589084293
      vertex 175.09152361456688 73.376432605909542 423.70147774232021
      vertex 188.93524641293658 73.424783268845431 396.72789290404171
    endloop
  endfacet
  facet normal -0.88966864175466087 -6.844338798619919e-08 -0.45660673218691394
    outer loop
      vertex 181.98834297110085 47.123639733462127 410.26347589084293
      vertex 168.2271988907965 47.052381667700445 437.07617378768435
      vertex 175.09152361456688 73.376432605909542 423.70147774232021
    endloop
  endfacet
  facet normal -0.88966865515266924 1.627036437550764e-07 -0.45660670608173737
    outer loop
      vertex 251.33217391341475 47.13962126396234 275.15148721567209
      vertex 237.44123841949119 47.166937476431599 302.21707722898134
      vertex 244.38111544367018 73.446281761249807 288.69518475336815
    endloop
  endfacet
  facet normal -0.88966882265254776 -4.9579500735772712e-08 -0.4566063797189292
    outer loop
      vertex 251.33217391341475 47.13962126396234 275.15148721567209
      vertex 244.38111544367018 73.446281761249807 288.69518475336815
      vertex 258.25339846977698 73.404299510892386 261.66591347412094
    endloop
  endfacet
  facet normal -0.8896686964777859 -5.4956286934917642e-16 -0.45660662556243869
    outer loop
      vertex 167.71017317297944 -6.5306372727993107 438.08356520660914
      vertex 161.47931456965904 20.467173699224588 450.22399318380985
      vertex 174.98747792615777 20.680749906864264 423.90420408661498
    endloop
  endfacet
  facet normal -0.88966886187864946 1.2024048095773507e-16 -0.45660630328933122
    outer loop
      vertex 251.33217391341475 47.13962126396234 275.15148721567209
      vertex 258.25339846977698 73.404299510892386 261.66591347412094
      vertex 265.20776500469958 47.095250814613507 248.11576465742561
    endloop
  endfacet
  facet normal -0.88966879693498757 1.0341976281739523e-09 -0.45660642982797717
    outer loop
      vertex 150.60448031102749 -124.82690273649646 471.41292669036483
      vertex 138.66988485802273 -108.99488473404548 494.66673237802047
      vertex 150.4998557616228 -93.314415179209078 471.61678108992714
    endloop
  endfacet
  facet normal -0.88966871761905919 -1.8083470550680155e-07 -0.45660658436998708
    outer loop
      vertex 202.60456420798823 -238.80116355468382 370.09410117290105
      vertex 195.73350480469179 -265.09189280484276 383.48193124706853
      vertex 188.67699189469855 -238.80800014767769 397.2310847927148
    endloop
  endfacet
  facet normal -0.88966879108318253 3.9717309961000537e-10 -0.45660644122985039
    outer loop
      vertex 348.4194118878678 24.430476247423975 85.983231878855094
      vertex 359.41688202717717 38.752730001672006 64.555356416189099
      vertex 359.76068144409999 9.155437200639355 63.88548495629415
    endloop
  endfacet
  facet normal -0.88966878868279997 -8.443346720027771e-09 -0.45660644590684385
    outer loop
      vertex 348.4194118878678 24.430476247423975 85.983231878855094
      vertex 348.27163680072522 49.618613024705809 86.271161826585796
      vertex 359.41688202717717 38.752730001672006 64.555356416189099
    endloop
  endfacet
  facet normal -0.88966853426644643 1.9052614661550445e-07 -0.45660694162064219
    outer loop
      vertex 126.623747460849 -268.95297278098434 518.13785775324857
      vertex 132.3689838412032 -292.41415632205553 506.9436335013109
      vertex 116.07128008283887 -291.50775209851361 538.69863559532848
    endloop
  endfacet
  facet normal -0.88966869647778546 -9.2599750417301928e-16 -0.45660662556243953
    outer loop
      vertex 126.623747460849 -268.95297278098434 518.13785775324857
      vertex 129.83743256977647 -241.46934583398269 511.87619863205691
      vertex 139.73305549134722 -265.84010138018112 492.59521265287816
    endloop
  endfacet
  facet normal -0.88966886187864969 -2.4943611160191714e-16 -0.45660630328933072
    outer loop
      vertex 202.6424018541089 20.887758961947725 370.02037688281166
      vertex 195.82334961960623 47.179817045811134 383.30687423700357
      vertex 209.67854363838228 47.166732584391355 356.31089410051914
    endloop
  endfacet
  facet normal -0.88966880549361882 -7.0179872386901022e-08 -0.45660641315201911
    outer loop
      vertex 209.42649986660751 -212.51210727593653 356.80198564691938
      vertex 216.53609581854238 -238.85197996528609 342.9493902663429
      vertex 202.60456420798823 -238.80116355468382 370.09410117290105
    endloop
  endfacet
  facet normal -0.88966868833098789 -2.1843589582427926e-07 -0.45660664143589902
    outer loop
      vertex 279.07414748336475 -264.80235122954412 221.0979845056894
      vertex 286.01996051158005 -291.18814537151604 207.56452694763169
      vertex 272.12264875131973 -291.29279214435098 234.64254558760356
    endloop
  endfacet
  facet normal -0.88966848078217275 4.3616575061960956e-08 -0.4566070458312475
    outer loop
      vertex 279.07414748336475 -264.80235122954412 221.0979845056894
      vertex 293.01276944698958 -264.58566504063901 193.93950604956177
      vertex 286.01996051158005 -291.18814537151604 207.56452694763169
    endloop
  endfacet
  facet normal -0.88966850825792032 -7.7779095936876552e-08 -0.4566069922965707
    outer loop
      vertex 292.95798637860906 46.532481291420709 194.04624719728076
      vertex 286.00679593773674 73.139404941793543 207.59017724000861
      vertex 299.92981748677471 72.653471360760705 180.46209119849084
    endloop
  endfacet
  facet normal -0.8896686708428333 1.303595030882863e-07 -0.45660667551047635
    outer loop
      vertex 292.95798637860906 46.532481291420709 194.04624719728076
      vertex 299.92981748677471 72.653471360760705 180.46209119849084
      vertex 306.89666081315312 45.444254212074696 166.88763834538716
    endloop
  endfacet
  facet normal -0.88966848863227055 -6.4916268199639306e-16 -0.45660703053585533
    outer loop
      vertex 336.32103077290571 -138.75331175805314 109.55612436983107
      vertex 336.35880359596422 -108.99999999999982 109.48252653152706
      vertex 347.97992474480748 -123.55329372234434 86.839543403189055
    endloop
  endfacet
  facet normal -0.88966852669947272 5.4273620587823156e-16 -0.4566069563644311
    outer loop
      vertex 237.37758642950206 -212.67316119017843 302.34109893159842
      vertex 244.35195727982861 -238.86475111040647 288.75199751170351
      vertex 230.45640392822125 -238.89483409597395 315.82656636284389
    endloop
  endfacet
  facet normal -0.88966875079132834 -9.4145935978558692e-08 -0.45660651973596322
    outer loop
      vertex 319.90275597066193 -11.305038405595845 141.54608347240628
      vertex 327.29616150975062 14.550529077569401 127.14049787530415
      vertex 334.8780901819427 -14.77579644067419 112.36759832642275
    endloop
  endfacet
  facet normal -0.88966881669896658 2.8175566428339893e-09 -0.45660639131911041
    outer loop
      vertex 313.60977271733424 17.354247208724857 153.8075650938639
      vertex 321.01748528773521 43.785254106663075 139.37410352219271
      vertex 327.29616150975062 14.550529077569401 127.14049787530415
    endloop
  endfacet
  facet normal -0.88966880518027647 -7.2813667368349061e-08 -0.45660641376254618
    outer loop
      vertex 202.6424018541089 20.887758961947725 370.02037688281166
      vertex 209.67854363838228 47.166732584391355 356.31089410051914
      vertex 216.54964810406216 20.887976127767956 342.92298450804316
    endloop
  endfacet
  facet normal -0.88966847295757645 -3.4156931293354509e-08 -0.4566070610769532
    outer loop
      vertex 292.90263281125158 -5.2400180339977283 194.15409992413117
      vertex 279.3477468538556 -5.7501952874745257 220.56489322157489
      vertex 285.98588346111609 20.760681562842414 207.63092380317354
    endloop
  endfacet
  facet normal -0.88966848863227044 -9.5300554206899884e-16 -0.4566070305358555
    outer loop
      vertex 336.0988986219748 -78.413499098640784 109.98893412040242
      vertex 347.82438360353854 -63.763816038358584 87.142604991860793
      vertex 347.90429071957328 -93.799316826946622 86.986911280640143
    endloop
  endfacet
  facet normal -0.8896685047036399 7.5929112294422909e-08 -0.45660699922185116
    outer loop
      vertex 299.85234191571828 19.542328391975033 180.61304744040757
      vertex 285.98588346111609 20.760681562842414 207.63092380317354
      vertex 292.95798637860906 46.532481291420709 194.04624719728076
    endloop
  endfacet
  facet normal -0.88966864598748807 -6.3629237420183749e-08 -0.45660672393952478
    outer loop
      vertex 174.61478707215952 -238.39745238527371 424.63036828946116
      vertex 181.75978392756141 -264.96745151384755 410.70880810642848
      vertex 167.68222195927126 -264.78267041255265 438.13802635209532
    endloop
  endfacet
  facet normal -0.88966864450751926 -6.666384316576364e-08 -0.4566067268231479
    outer loop
      vertex 181.70540532697839 -4.8515885053650436 410.81476122166328
      vertex 167.71017317297944 -6.5306372727993107 438.08356520660914
      vertex 174.98747792615777 20.680749906864264 423.90420408661498
    endloop
  endfacet
  facet normal -0.88966867720780418 -2.4641063666618952e-08 -0.45660666310875864
    outer loop
      vertex 230.47390684880796 20.90876291934768 315.79246307695593
      vertex 216.54964810406216 20.887976127767956 342.92298450804316
      vertex 223.55622251337971 47.169052808381991 329.27112408259745
    endloop
  endfacet
  facet normal -0.88966886187865024 1.8001556379051402e-16 -0.45660630328932966
    outer loop
      vertex 265.41815038436181 -5.5543035276044748 247.70584188603226
      vertex 258.3244734743929 20.823975248676732 261.52742826704178
      vertex 272.20439711444101 20.743621864333022 234.48326400814523
    endloop
  endfacet
  facet normal -0.88966880052542641 4.1678419398759814e-08 -0.45660642283223218
    outer loop
      vertex 148.87437972067991 -181.2391780883525 474.78391962686567
      vertex 152.75826771396845 -208.66180003975629 467.2164064634224
      vertex 138.94740366070221 -194.67018678312579 494.12600480727224
    endloop
  endfacet
  facet normal -0.88966848863227055 -2.3651440906445348e-16 -0.45660703053585511
    outer loop
      vertex 336.1905878045493 -47.954967231889611 109.810283834643
      vertex 347.82438360353854 -63.763816038358584 87.142604991860793
      vertex 336.0988986219748 -78.413499098640784 109.98893412040242
    endloop
  endfacet
  facet normal -0.88966877691560919 -1.0058083235891467e-07 -0.45660646883445916
    outer loop
      vertex 160.26259173274016 -237.77706450039182 452.59469984033461
      vertex 167.68222195927126 -264.78267041255265 438.13802635209532
      vertex 153.52359695862697 -265.08104950620645 465.72521023342574
    endloop
  endfacet
  facet normal -0.8896688618786498 -6.215822427598442e-16 -0.45660630328933033
    outer loop
      vertex 160.26259173274016 -237.77706450039182 452.59469984033461
      vertex 153.52359695862697 -265.08104950620645 465.72521023342574
      vertex 145.29938626723444 -239.53829620699622 481.74957107328271
    endloop
  endfacet
  facet normal -0.88966865485445235 1.6194092769447303e-07 -0.45660670666279463
    outer loop
      vertex 244.35195727982861 -238.86475111040647 288.75199751170351
      vertex 251.30916591822745 -265.1049539810885 275.19631685719241
      vertex 237.42686246980992 -265.15046020900638 302.24508781838335
    endloop
  endfacet
  facet normal -0.88966882185724661 -5.0436016935872933e-08 -0.45660638126852332
    outer loop
      vertex 244.35195727982861 -238.86475111040647 288.75199751170351
      vertex 258.23921061375052 -238.72927132279142 261.69355762540096
      vertex 251.30916591822745 -265.1049539810885 275.19631685719241
    endloop
  endfacet
  facet normal -0.88966867512754222 -1.3287257033315204e-07 -0.45660666716199616
    outer loop
      vertex 299.85234191571828 19.542328391975033 180.61304744040757
      vertex 292.95798637860906 46.532481291420709 194.04624719728076
      vertex 306.89666081315312 45.444254212074696 166.88763834538716
    endloop
  endfacet
  facet normal -0.88966879729143944 -2.3271394383071375e-08 -0.45660642913345306
    outer loop
      vertex 313.60977271733424 17.354247208724857 153.8075650938639
      vertex 306.89666081315312 45.444254212074696 166.88763834538716
      vertex 321.01748528773521 43.785254106663075 139.37410352219271
    endloop
  endfacet
  facet normal -0.88966879775876362 -1.9442942593280258e-09 -0.45660642822290215
    outer loop
      vertex 150.60448031102749 -124.82690273649646 471.41292669036483
      vertex 138.78904100945044 -138.76620073014055 494.43456426660197
      vertex 138.66988485802273 -108.99488473404548 494.66673237802047
    endloop
  endfacet
  facet normal -0.88966880581181351 2.6400787344332489e-08 -0.45660641253204165
    outer loop
      vertex 149.73953223517333 23.347464479110045 473.09822399065564
      vertex 152.72987602203875 -7.1122917602646112 467.27172590177435
      vertex 139.33454045299024 9.1125318023774753 493.37169362107511
    endloop
  endfacet
  facet normal -0.88966883197646252 -1.6411194260562051e-08 -0.45660636155186968
    outer loop
      vertex 162.21815037188824 -108.94724310628939 448.78441905526819
      vertex 163.06533313171892 -142.49686996476723 447.13373783554522
      vertex 150.60448031102749 -124.82690273649646 471.41292669036483
    endloop
  endfacet
  facet normal -0.88966872014720699 -1.8655182506711234e-07 -0.45660657944405048
    outer loop
      vertex 195.42428658297032 -5.4153167858187317 384.08442363801731
      vertex 188.81158548311751 20.97912587955085 396.96883806641586
      vertex 202.6424018541089 20.887758961947725 370.02037688281166
    endloop
  endfacet
  facet normal -0.88966869647778513 1.3044989840037406e-15 -0.45660662556244036
    outer loop
      vertex 138.12452541507906 -49.923664752071033 495.72933024137365
      vertex 126.81776632184683 -64.805053539448352 517.75982445830141
      vertex 126.93101576348933 -35.347420222961659 517.53916519169798
    endloop
  endfacet
  facet normal -0.8896686964777849 4.0126558514164147e-16 -0.4566066255624408
    outer loop
      vertex 138.12452541507906 -49.923664752071033 495.72933024137365
      vertex 138.60134855876186 -78.994933498788839 494.80027095720715
      vertex 126.81776632184683 -64.805053539448352 517.75982445830141
    endloop
  endfacet
  facet normal -0.88966869647778557 -1.2335381172179225e-15 -0.45660662556243958
    outer loop
      vertex 138.94740366070221 -194.67018678312579 494.12600480727224
      vertex 127.34617151176408 -210.18575837775495 516.73026086853383
      vertex 127.05200534477298 -181.55996127203147 517.30342475990847
    endloop
  endfacet
  facet normal -0.88966869647778479 -6.3739494870576116e-16 -0.45660662556244086
    outer loop
      vertex 138.4925984101869 -167.17407344962606 495.01216364011617
      vertex 126.95984490401212 -152.79635432092431 517.48299346217493
      vertex 138.78904100945044 -138.76620073014055 494.43456426660197
    endloop
  endfacet
  facet normal -0.88966868818994438 -2.1756889591394545e-07 -0.45660664171071408
    outer loop
      vertex 272.20439711444101 20.743621864333022 234.48326400814523
      vertex 279.06274981635067 47.004579917012904 221.1201921479568
      vertex 285.98588346111609 20.760681562842414 207.63092380317354
    endloop
  endfacet
  facet normal -0.88966886187864924 -8.1187040743798798e-16 -0.45660630328933122
    outer loop
      vertex 279.3477468538556 -5.7501952874745257 220.56489322157489
      vertex 265.41815038436181 -5.5543035276044748 247.70584188603226
      vertex 272.20439711444101 20.743621864333022 234.48326400814523
    endloop
  endfacet
  facet normal -0.88966879634677032 -1.0943251828556598e-09 -0.45660643097408143
    outer loop
      vertex 150.4998557616228 -93.314415179209078 471.61678108992714
      vertex 138.66988485802273 -108.99488473404548 494.66673237802047
      vertex 138.60134855876186 -78.994933498788839 494.80027095720715
    endloop
  endfacet
  facet normal -0.88966869647778568 1.4661627149406145e-17 -0.45660662556243947
    outer loop
      vertex 138.66988485802273 -108.99488473404548 494.66673237802047
      vertex 138.78904100945044 -138.76620073014055 494.43456426660197
      vertex 126.98861686071734 -123.66676644937348 517.42693315164945
    endloop
  endfacet
  facet normal -0.88966886187865024 1.2462406029293872e-15 -0.45660630328932988
    outer loop
      vertex 272.20439711444101 20.743621864333022 234.48326400814523
      vertex 265.20776500469958 47.095250814613507 248.11576465742561
      vertex 279.06274981635067 47.004579917012904 221.1201921479568
    endloop
  endfacet
  facet normal -0.88966886187865013 1.1016085809263957e-15 -0.45660630328932961
    outer loop
      vertex 272.20439711444101 20.743621864333022 234.48326400814523
      vertex 258.3244734743929 20.823975248676732 261.52742826704178
      vertex 265.20776500469958 47.095250814613507 248.11576465742561
    endloop
  endfacet
  facet normal -0.88966871964658201 1.7693468510663577e-07 -0.45660658041948982
    outer loop
      vertex 188.81158548311751 20.97912587955085 396.96883806641586
      vertex 195.82334961960623 47.179817045811134 383.30687423700357
      vertex 202.6424018541089 20.887758961947725 370.02037688281166
    endloop
  endfacet
  facet normal -0.88966864190099881 6.7104416339466774e-08 -0.45660673190178425
    outer loop
      vertex 174.98747792615777 20.680749906864264 423.90420408661498
      vertex 168.2271988907965 47.052381667700445 437.07617378768435
      vertex 181.98834297110085 47.123639733462127 410.26347589084293
    endloop
  endfacet
  facet normal -0.88966848863227044 -2.8088584397823124e-16 -0.4566070305358555
    outer loop
      vertex 334.8780901819427 -14.77579644067419 112.36759832642275
      vertex 348.34305448532945 -4.3767090014055263 86.132009208964178
      vertex 347.61474070156595 -33.412148092725033 87.551080269894868
    endloop
  endfacet
  facet normal -0.88966848863227055 3.4570565412705386e-16 -0.45660703053585533
    outer loop
      vertex 339.33457751188314 11.516756323455681 103.68442859339423
      vertex 348.34305448532945 -4.3767090014055263 86.132009208964178
      vertex 334.8780901819427 -14.77579644067419 112.36759832642275
    endloop
  endfacet
  facet normal -0.88966848863227022 1.2176864335100241e-15 -0.45660703053585594
    outer loop
      vertex 335.94175783931826 -194.63508694423908 110.29511250413091
      vertex 347.87447365159341 -181.54272753909646 87.045007858290262
      vertex 347.527494073073 -210.10418800370056 87.721074533930803
    endloop
  endfacet
  facet normal -0.88966848863227044 6.4819810148822594e-16 -0.45660703053585566
    outer loop
      vertex 336.87852455093474 -219.16738692564485 108.46988475074565
      vertex 335.94175783931826 -194.63508694423908 110.29511250413091
      vertex 347.527494073073 -210.10418800370056 87.721074533930803
    endloop
  endfacet
  facet normal -0.88966865528633499 -1.6331794123629385e-07 -0.45660670582129853
    outer loop
      vertex 244.39912364929179 20.891190278818492 288.66009695292934
      vertex 237.44123841949119 47.166937476431599 302.21707722898134
      vertex 251.33217391341475 47.13962126396234 275.15148721567209
    endloop
  endfacet
  facet normal -0.88966882315465434 4.9351719926857184e-08 -0.45660637874060594
    outer loop
      vertex 244.39912364929179 20.891190278818492 288.66009695292934
      vertex 251.33217391341475 47.13962126396234 275.15148721567209
      vertex 258.3244734743929 20.823975248676732 261.52742826704178
    endloop
  endfacet
  facet normal -0.88966855213504192 3.2259575544613676e-08 -0.4566069068048984
    outer loop
      vertex 188.67699189469855 -238.80800014767769 397.2310847927148
      vertex 195.73350480469179 -265.09189280484276 383.48193124706853
      vertex 181.75978392756141 -264.96745151384755 410.70880810642848
    endloop
  endfacet
  facet normal -0.88966856197165778 4.4735218715645657e-08 -0.45660688763889706
    outer loop
      vertex 188.67699189469855 -238.80800014767769 397.2310847927148
      vertex 181.75978392756141 -264.96745151384755 410.70880810642848
      vertex 174.61478707215952 -238.39745238527371 424.63036828946116
    endloop
  endfacet
  facet normal -0.8896687928860495 -7.5844353704871488e-09 -0.4566064377170776
    outer loop
      vertex 150.33211616745788 -62.339035169319743 471.94361121197682
      vertex 138.60134855876186 -78.994933498788839 494.80027095720715
      vertex 138.12452541507906 -49.923664752071033 495.72933024137365
    endloop
  endfacet
  facet normal -0.88966854490787917 2.4026289403818152e-08 -0.45660692088655047
    outer loop
      vertex 181.70540532697839 -4.8515885053650436 410.81476122166328
      vertex 188.81158548311751 20.97912587955085 396.96883806641586
      vertex 195.42428658297032 -5.4153167858187317 384.08442363801731
    endloop
  endfacet
  facet normal -0.88966848863227033 2.4447119298364754e-17 -0.45660703053585572
    outer loop
      vertex 336.1905878045493 -47.954967231889611 109.810283834643
      vertex 334.8780901819427 -14.77579644067419 112.36759832642275
      vertex 347.61474070156595 -33.412148092725033 87.551080269894868
    endloop
  endfacet
  facet normal -0.88966848863226999 7.8591418358399499e-16 -0.45660703053585638
    outer loop
      vertex 336.0988986219748 -78.413499098640784 109.98893412040242
      vertex 347.90429071957328 -93.799316826946622 86.986911280640143
      vertex 336.35880359596422 -108.99999999999982 109.48252653152706
    endloop
  endfacet
  facet normal -0.88966869647778546 -7.0684476151873808e-16 -0.45660662556243975
    outer loop
      vertex 139.33454045299024 9.1125318023774753 493.37169362107511
      vertex 128.04936207640264 22.618234729760729 515.36013919706909
      vertex 139.8734727289596 42.522263221049911 492.32161867995728
    endloop
  endfacet
  facet normal -0.88966884801748725 -1.3338555247043077e-08 -0.45660633029693837
    outer loop
      vertex 149.73953223517333 23.347464479110045 473.09822399065564
      vertex 154.51916045197862 47.170722213214049 463.78541695050893
      vertex 161.47931456965904 20.467173699224588 450.22399318380985
    endloop
  endfacet
  facet normal -0.88966881202270831 -5.0699810296315433e-09 -0.45660640043050499
    outer loop
      vertex 312.8482418277967 -109.38464616395771 155.29135978708882
      vertex 311.85139064320623 -76.346319507348824 157.23366116704796
      vertex 324.31909053394804 -93.391913229276696 132.94113339351472
    endloop
  endfacet
  facet normal -0.88966881696400169 -3.3879016939479177e-09 -0.45660639080270626
    outer loop
      vertex 319.90275597066193 -11.305038405595845 141.54608347240628
      vertex 313.60977271733424 17.354247208724857 153.8075650938639
      vertex 327.29616150975062 14.550529077569401 127.14049787530415
    endloop
  endfacet
  facet normal -0.8896688618786498 -3.9509234189989408e-16 -0.45660630328933033
    outer loop
      vertex 152.75826771396845 -208.66180003975629 467.2164064634224
      vertex 160.26259173274016 -237.77706450039182 452.59469984033461
      vertex 145.29938626723444 -239.53829620699622 481.74957107328271
    endloop
  endfacet
  facet normal -0.8896687956405126 1.7204549901746165e-09 -0.45660643235018045
    outer loop
      vertex 150.4998557616228 -93.314415179209078 471.61678108992714
      vertex 138.60134855876186 -78.994933498788839 494.80027095720715
      vertex 150.33211616745788 -62.339035169319743 471.94361121197682
    endloop
  endfacet
  facet normal -0.88966871765685396 1.88482783209073e-07 -0.45660658429634277
    outer loop
      vertex 195.4116015441619 -212.4024336111294 384.10913964381552
      vertex 202.60456420798823 -238.80116355468382 370.09410117290105
      vertex 188.67699189469855 -238.80800014767769 397.2310847927148
    endloop
  endfacet
  facet normal -0.88966879178689706 -2.4999359931256533e-08 -0.4566064398587058
    outer loop
      vertex 148.87437972067991 -181.2391780883525 474.78391962686567
      vertex 138.4925984101869 -167.17407344962606 495.01216364011617
      vertex 150.79431624835874 -155.42008198647713 471.04304322381495
    endloop
  endfacet
  facet normal -0.88966859290928335 8.5449573528363853e-08 -0.45660682735895275
    outer loop
      vertex 230.40025165840157 -31.451858063729333 315.93597535555631
      vertex 223.43842829010268 -5.3329762313645688 329.50063856444802
      vertex 237.43393051866755 -5.3115914735475371 302.23131619154725
    endloop
  endfacet
  facet normal -0.88966886187864991 -2.8421398174149763e-16 -0.45660630328933022
    outer loop
      vertex 271.97931991912839 -185.52889168779245 234.92181286466806
      vertex 278.96962745154201 -211.61850171818912 221.30163525927165
      vertex 265.13655078780545 -212.24643794902684 248.25452111093352
    endloop
  endfacet
  facet normal -0.88966867523863302 1.2719982877987627e-07 -0.45660666694554469
    outer loop
      vertex 300.03985745399285 -237.55556619312648 180.24768529369547
      vertex 307.06452572434466 -264.50773879838528 166.56056420062603
      vertex 293.01276944698958 -264.58566504063901 193.93950604956177
    endloop
  endfacet
  facet normal -0.8896686849902572 1.0069865010746888e-08 -0.45660664794515005
    outer loop
      vertex 324.31909053394804 -93.391913229276696 132.94113339351472
      vertex 336.35880359596422 -108.99999999999982 109.48252653152706
      vertex 324.80938542389868 -124.78910305152561 131.98582464335021
    endloop
  endfacet
  facet normal -0.88966879683002853 2.5762812925946107e-08 -0.4566064300324828
    outer loop
      vertex 314.37002618043283 -237.52272082471256 152.32625938512695
      vertex 321.09620031760443 -265.17351732092084 139.22073223820678
      vertex 307.06452572434466 -264.50773879838528 166.56056420062603
    endloop
  endfacet
  facet normal -0.88966873270562485 -1.3244551865016808e-07 -0.45660655497479452
    outer loop
      vertex 329.16192415682974 -239.84067001660753 123.505176726711
      vertex 335.35895756784441 -265.83111614730785 111.43066014580457
      vertex 321.09620031760443 -265.17351732092084 139.22073223820678
    endloop
  endfacet
  facet normal -0.88966869647778479 -6.5167074356176187e-16 -0.45660662556244086
    outer loop
      vertex 138.4925984101869 -167.17407344962606 495.01216364011617
      vertex 127.05200534477298 -181.55996127203147 517.30342475990847
      vertex 126.95984490401212 -152.79635432092431 517.48299346217493
    endloop
  endfacet
  facet normal -0.88966869647778513 4.8496854369156191e-16 -0.4566066255624403
    outer loop
      vertex 138.4925984101869 -167.17407344962606 495.01216364011617
      vertex 138.94740366070221 -194.67018678312579 494.12600480727224
      vertex 127.05200534477298 -181.55996127203147 517.30342475990847
    endloop
  endfacet
  facet normal -0.88966859196573034 8.3062633659071227e-08 -0.45660682919740447
    outer loop
      vertex 230.47390684880796 20.90876291934768 315.79246307695593
      vertex 223.55622251337971 47.169052808381991 329.27112408259745
      vertex 237.44123841949119 47.166937476431599 302.21707722898134
    endloop
  endfacet
  facet normal -0.88966852669947238 4.2115945376506179e-16 -0.45660695636443183
    outer loop
      vertex 230.47390684880796 20.90876291934768 315.79246307695593
      vertex 237.44123841949119 47.166937476431599 302.21707722898134
      vertex 244.39912364929179 20.891190278818492 288.66009695292934
    endloop
  endfacet
  facet normal -0.88966877698964353 -1.3963442939164815e-16 -0.45660646869021926
    outer loop
      vertex 313.60977271733424 17.354247208724857 153.8075650938639
      vertex 299.85234191571828 19.542328391975033 180.61304744040757
      vertex 306.89666081315312 45.444254212074696 166.88763834538716
    endloop
  endfacet
  facet normal -0.88966869311461383 3.8107647774246674e-09 -0.45660663211536379
    outer loop
      vertex 324.12434104808113 -62.428371663227551 133.32059051565076
      vertex 336.0988986219748 -78.413499098640784 109.98893412040242
      vertex 324.31909053394804 -93.391913229276696 132.94113339351472
    endloop
  endfacet
  facet normal -0.88966868491409434 -8.5371120082283807e-09 -0.45660664809354867
    outer loop
      vertex 324.39954736436624 -155.76360426619729 132.78436832073015
      vertex 324.80938542389868 -124.78910305152561 131.98582464335021
      vertex 336.32103077290571 -138.75331175805314 109.55612436983107
    endloop
  endfacet
  facet normal -0.88966848467943904 4.5889176661980876e-08 -0.45660703823768289
    outer loop
      vertex 292.78629113436597 -210.76660574521711 194.38078390670884
      vertex 286.00665282125652 -238.0425030677315 207.59045609290621
      vertex 278.96962745154201 -211.61850171818912 221.30163525927165
    endloop
  endfacet
  facet normal -0.88966886187864969 6.0066359973324333e-17 -0.45660630328933055
    outer loop
      vertex 202.60456420798823 -238.80116355468382 370.09410117290105
      vertex 209.65960465788436 -265.13174111035249 356.34779552107193
      vertex 195.73350480469179 -265.09189280484276 383.48193124706853
    endloop
  endfacet
  facet normal -0.8896688053850349 7.2603007745941885e-08 -0.45660641336358793
    outer loop
      vertex 202.60456420798823 -238.80116355468382 370.09410117290105
      vertex 216.53609581854238 -238.85197996528609 342.9493902663429
      vertex 209.65960465788436 -265.13174111035249 356.34779552107193
    endloop
  endfacet
  facet normal -0.88966866526617894 1.8496896474224458e-08 -0.45660668637624607
    outer loop
      vertex 326.20835453108054 -180.9848573367382 129.26002134273838
      vertex 336.54120694882602 -167.17875703489005 109.12712570672684
      vertex 335.94175783931826 -194.63508694423908 110.29511250413091
    endloop
  endfacet
  facet normal -0.88966851035643579 7.6500808619242451e-08 -0.45660698820775253
    outer loop
      vertex 292.78629113436597 -210.76660574521711 194.38078390670884
      vertex 300.03985745399285 -237.55556619312648 180.24768529369547
      vertex 286.00665282125652 -238.0425030677315 207.59045609290621
    endloop
  endfacet
  facet normal -0.88966868830402579 2.24470662033023e-07 -0.45660664148842989
    outer loop
      vertex 279.3477468538556 -5.7501952874745257 220.56489322157489
      vertex 272.20439711444101 20.743621864333022 234.48326400814523
      vertex 285.98588346111609 20.760681562842414 207.63092380317354
    endloop
  endfacet
  facet normal -0.88966879347839567 2.1346931228523835e-08 -0.45660643656292793
    outer loop
      vertex 306.60312833475416 -8.6041773293867507 167.45956778347207
      vertex 313.60977271733424 17.354247208724857 153.8075650938639
      vertex 319.90275597066193 -11.305038405595845 141.54608347240628
    endloop
  endfacet
  facet normal -0.88966886187864969 -2.3909667723597924e-16 -0.45660630328933055
    outer loop
      vertex 272.10617671972426 -238.46447799888273 234.67464031230799
      vertex 279.07414748336475 -264.80235122954412 221.0979845056894
      vertex 265.183859190867 -265.00394570851739 248.1623436424976
    endloop
  endfacet
  facet normal -0.88966886187864969 -2.3938385367658713e-16 -0.45660630328933055
    outer loop
      vertex 272.10617671972426 -238.46447799888273 234.67464031230799
      vertex 265.183859190867 -265.00394570851739 248.1623436424976
      vertex 258.23921061375052 -238.72927132279142 261.69355762540096
    endloop
  endfacet
  facet normal -0.88966853727214823 9.1058013651548054e-08 -0.45660693576426137
    outer loop
      vertex 329.16192415682974 -239.84067001660753 123.505176726711
      vertex 344.94517654359333 -241.27065396940938 92.752548821404304
      vertex 335.35895756784441 -265.83111614730785 111.43066014580457
    endloop
  endfacet
  facet normal -0.88966867731943811 1.5340017986106309e-07 -0.45660666289122204
    outer loop
      vertex 329.16192415682974 -239.84067001660753 123.505176726711
      vertex 322.11932921822302 -208.54661935609172 137.22722993716201
      vertex 336.87852455093474 -219.16738692564485 108.46988475074565
    endloop
  endfacet
  facet normal -0.8896687893809796 -8.4001270665131999e-08 -0.45660644454647747
    outer loop
      vertex 145.29938626723444 -239.53829620699622 481.74957107328271
      vertex 137.98704074937035 -219.29789561144071 495.99721028620672
      vertex 152.75826771396845 -208.66180003975629 467.2164064634224
    endloop
  endfacet
  facet normal -0.88966879869950155 1.8803724437217589e-09 -0.4566064263899336
    outer loop
      vertex 150.79431624835874 -155.42008198647713 471.04304322381495
      vertex 138.78904100945044 -138.76620073014055 494.43456426660197
      vertex 150.60448031102749 -124.82690273649646 471.41292669036483
    endloop
  endfacet
  facet normal -0.88966855459766381 -3.4922173180675568e-08 -0.45660690200664117
    outer loop
      vertex 188.81158548311751 20.97912587955085 396.96883806641586
      vertex 181.98834297110085 47.123639733462127 410.26347589084293
      vertex 195.82334961960623 47.179817045811134 383.30687423700357
    endloop
  endfacet
  facet normal -0.8896685581021212 -3.9308955093621381e-08 -0.45660689517843567
    outer loop
      vertex 188.81158548311751 20.97912587955085 396.96883806641586
      vertex 174.98747792615777 20.680749906864264 423.90420408661498
      vertex 181.98834297110085 47.123639733462127 410.26347589084293
    endloop
  endfacet
  facet normal -0.88966869647778513 7.4697132003290205e-16 -0.45660662556244047
    outer loop
      vertex 139.33454045299024 9.1125318023774753 493.37169362107511
      vertex 127.34453267588214 -6.082618934688071 516.73345403503902
      vertex 128.04936207640264 22.618234729760729 515.36013919706909
    endloop
  endfacet
  facet normal -0.8896686964777849 2.6063376161914398e-16 -0.45660662556244075
    outer loop
      vertex 139.33454045299024 9.1125318023774753 493.37169362107511
      vertex 138.76608022766126 -20.418020996042344 494.47930187587195
      vertex 127.34453267588214 -6.082618934688071 516.73345403503902
    endloop
  endfacet
  facet normal -0.88966859211851224 -8.3302525124883347e-08 -0.45660682889971899
    outer loop
      vertex 230.45640392822125 -238.89483409597395 315.82656636284389
      vertex 237.42686246980992 -265.15046020900638 302.24508781838335
      vertex 223.54505636208387 -265.15167011270313 329.29288061154801
    endloop
  endfacet
  facet normal -0.88966867740783395 2.4376318763177852e-08 -0.45660666271901362
    outer loop
      vertex 230.45640392822125 -238.89483409597395 315.82656636284389
      vertex 223.54505636208387 -265.15167011270313 329.29288061154801
      vertex 216.53609581854238 -238.85197996528609 342.9493902663429
    endloop
  endfacet
  facet normal -0.88966868775996544 -2.135131740642095e-07 -0.45660664254850231
    outer loop
      vertex 278.96962745154201 -211.61850171818912 221.30163525927165
      vertex 286.00665282125652 -238.0425030677315 207.59045609290621
      vertex 272.10617671972426 -238.46447799888273 234.67464031230799
    endloop
  endfacet
  facet normal -0.88966850634466466 6.1108443670132604e-08 -0.45660699602442567
    outer loop
      vertex 299.50638812300798 -30.277654307329385 181.28711648839629
      vertex 287.07211157494362 -32.770077375490246 205.5144809133887
      vertex 292.90263281125158 -5.2400180339977283 194.15409992413117
    endloop
  endfacet
  facet normal -0.88966848402049548 -4.8313440379410097e-08 -0.45660703952159015
    outer loop
      vertex 298.89674431095358 -182.63095837025548 182.47496883360199
      vertex 292.78629113436597 -210.76660574521711 194.38078390670884
      vertex 285.6608375947261 -184.00400998498466 208.26425395180229
    endloop
  endfacet
  facet normal -0.88966852669947238 3.1999279952947522e-16 -0.45660695636443183
    outer loop
      vertex 237.43393051866755 -5.3115914735475371 302.23131619154725
      vertex 230.47390684880796 20.90876291934768 315.79246307695593
      vertex 244.39912364929179 20.891190278818492 288.66009695292934
    endloop
  endfacet
  facet normal -0.88966868992942372 -8.2042216588571461e-09 -0.45660663832150172
    outer loop
      vertex 324.31909053394804 -93.391913229276696 132.94113339351472
      vertex 336.0988986219748 -78.413499098640784 109.98893412040242
      vertex 336.35880359596422 -108.99999999999982 109.48252653152706
    endloop
  endfacet
  facet normal -0.88966869335254695 2.9558674869502461e-09 -0.45660663165176624
    outer loop
      vertex 324.12434104808113 -62.428371663227551 133.32059051565076
      vertex 336.1905878045493 -47.954967231889611 109.810283834643
      vertex 336.0988986219748 -78.413499098640784 109.98893412040242
    endloop
  endfacet
  facet normal -0.88966868547133326 -3.7347306117143917e-08 -0.45660664700780312
    outer loop
      vertex 325.47468333495573 -35.790537107312275 130.68953351544775
      vertex 334.8780901819427 -14.77579644067419 112.36759832642275
      vertex 336.1905878045493 -47.954967231889611 109.810283834643
    endloop
  endfacet
  facet normal -0.88966874216703484 8.4334870725664864e-08 -0.45660653653985189
    outer loop
      vertex 325.47468333495573 -35.790537107312275 130.68953351544775
      vertex 319.90275597066193 -11.305038405595845 141.54608347240628
      vertex 334.8780901819427 -14.77579644067419 112.36759832642275
    endloop
  endfacet
  facet normal -0.88966865633527836 1.6528211048040184e-07 -0.45660670377749957
    outer loop
      vertex 251.42429540812662 -5.3837538650080283 274.97199423722554
      vertex 237.43393051866755 -5.3115914735475371 302.23131619154725
      vertex 244.39912364929179 20.891190278818492 288.66009695292934
    endloop
  endfacet
  facet normal -0.8896688618786498 1.0720660464974771e-15 -0.45660630328933011
    outer loop
      vertex 265.13655078780545 -212.24643794902684 248.25452111093352
      vertex 278.96962745154201 -211.61850171818912 221.30163525927165
      vertex 272.10617671972426 -238.46447799888273 234.67464031230799
    endloop
  endfacet
  facet normal -0.88966868528039178 -7.3058002267332559e-09 -0.45660664737984152
    outer loop
      vertex 324.39954736436624 -155.76360426619729 132.78436832073015
      vertex 336.32103077290571 -138.75331175805314 109.55612436983107
      vertex 336.54120694882602 -167.17875703489005 109.12712570672684
    endloop
  endfacet
  facet normal -0.88966866794094335 -1.2815515498378978e-07 -0.45660668116462222
    outer loop
      vertex 306.91804548824206 -209.48351139240083 166.84597166075338
      vertex 300.03985745399285 -237.55556619312648 180.24768529369547
      vertex 292.78629113436597 -210.76660574521711 194.38078390670884
    endloop
  endfacet
  facet normal -0.8896687063155635 -3.9868811534470418e-08 -0.45660660639415862
    outer loop
      vertex 335.94175783931826 -194.63508694423908 110.29511250413091
      vertex 336.87852455093474 -219.16738692564485 108.46988475074565
      vertex 322.11932921822302 -208.54661935609172 137.22722993716201
    endloop
  endfacet
  facet normal -0.88966881918753948 2.6620370028878179e-10 -0.45660638647028295
    outer loop
      vertex 322.11932921822302 -208.54661935609172 137.22722993716201
      vertex 329.16192415682974 -239.84067001660753 123.505176726711
      vertex 314.37002618043283 -237.52272082471256 152.32625938512695
    endloop
  endfacet
  facet normal -0.88966867743889555 -2.4018261148763934e-08 -0.45660666265849187
    outer loop
      vertex 223.43148408578051 -212.63550273617088 329.51416890076274
      vertex 230.45640392822125 -238.89483409597395 315.82656636284389
      vertex 216.53609581854238 -238.85197996528609 342.9493902663429
    endloop
  endfacet
  facet normal -0.88966872423639176 3.5018510757275989e-08 -0.45660657147657185
    outer loop
      vertex 223.43148408578051 -212.63550273617088 329.51416890076274
      vertex 216.53609581854238 -238.85197996528609 342.9493902663429
      vertex 209.42649986660751 -212.51210727593653 356.80198564691938
    endloop
  endfacet
  facet normal -0.88966886187864969 -2.4678666506116726e-16 -0.45660630328933077
    outer loop
      vertex 209.42176030369959 -5.4050119359366136 356.81122038920773
      vertex 195.42428658297032 -5.4153167858187317 384.08442363801731
      vertex 202.6424018541089 20.887758961947725 370.02037688281166
    endloop
  endfacet
  facet normal -0.88966859315366731 8.4131250005657023e-08 -0.45660682688278686
    outer loop
      vertex 223.43148408578051 -212.63550273617088 329.51416890076274
      vertex 237.37758642950206 -212.67316119017843 302.34109893159842
      vertex 230.45640392822125 -238.89483409597395 315.82656636284389
    endloop
  endfacet
  facet normal -0.88966880983570806 1.0466370025917357e-08 -0.4566064046917373
    outer loop
      vertex 152.72987602203875 -7.1122917602646112 467.27172590177435
      vertex 138.76608022766126 -20.418020996042344 494.47930187587195
      vertex 139.33454045299024 9.1125318023774753 493.37169362107511
    endloop
  endfacet
  facet normal -0.88966884697625315 7.0172501872455636e-09 -0.45660633232571818
    outer loop
      vertex 149.73953223517333 23.347464479110045 473.09822399065564
      vertex 161.47931456965904 20.467173699224588 450.22399318380985
      vertex 152.72987602203875 -7.1122917602646112 467.27172590177435
    endloop
  endfacet
  facet normal -0.8896687769896432 8.0695761172182189e-16 -0.45660646869021987
    outer loop
      vertex 306.91804548824206 -209.48351139240083 166.84597166075338
      vertex 314.37002618043283 -237.52272082471256 152.32625938512695
      vertex 300.03985745399285 -237.55556619312648 180.24768529369547
    endloop
  endfacet
  facet normal -0.88966879805049803 -2.6847128787037838e-08 -0.45660642765447523
    outer loop
      vertex 306.91804548824206 -209.48351139240083 166.84597166075338
      vertex 322.11932921822302 -208.54661935609172 137.22722993716201
      vertex 314.37002618043283 -237.52272082471256 152.32625938512695
    endloop
  endfacet
  facet normal -0.88966869629481293 -8.7624503622481008e-08 -0.45660662591894158
    outer loop
      vertex 326.20835453108054 -180.9848573367382 129.26002134273838
      vertex 335.94175783931826 -194.63508694423908 110.29511250413091
      vertex 322.11932921822302 -208.54661935609172 137.22722993716201
    endloop
  endfacet
  facet normal -0.88966867318236098 1.4873144766783436e-07 -0.45660667095205182
    outer loop
      vertex 298.89674431095358 -182.63095837025548 182.47496883360199
      vertex 306.91804548824206 -209.48351139240083 166.84597166075338
      vertex 292.78629113436597 -210.76660574521711 194.38078390670884
    endloop
  endfacet
  facet normal -0.88966882206315767 5.0800585956798189e-08 -0.45660638086731858
    outer loop
      vertex 251.2774064988142 -212.55821128392029 275.25819810219446
      vertex 258.23921061375052 -238.72927132279142 261.69355762540096
      vertex 244.35195727982861 -238.86475111040647 288.75199751170351
    endloop
  endfacet
  facet normal -0.88966865353725766 -1.619969849684023e-07 -0.456606709229263
    outer loop
      vertex 251.2774064988142 -212.55821128392029 275.25819810219446
      vertex 244.35195727982861 -238.86475111040647 288.75199751170351
      vertex 237.37758642950206 -212.67316119017843 302.34109893159842
    endloop
  endfacet
  facet normal -0.8896687981671868 -4.8268576903086442e-08 -0.45660642742711266
    outer loop
      vertex 148.11402156470515 -36.335057386196866 476.26543000106119
      vertex 138.76608022766126 -20.418020996042344 494.47930187587195
      vertex 152.72987602203875 -7.1122917602646112 467.27172590177435
    endloop
  endfacet
  facet normal -0.88966878092814594 -9.3483837406744648e-08 -0.45660646101628694
    outer loop
      vertex 152.72987602203875 -7.1122917602646112 467.27172590177435
      vertex 161.47931456965904 20.467173699224588 450.22399318380985
      vertex 167.71017317297944 -6.5306372727993107 438.08356520660914
    endloop
  endfacet
  facet normal -0.88966848347738969 -4.7619881195026256e-08 -0.45660704057979601
    outer loop
      vertex 285.6608375947261 -184.00400998498466 208.26425395180229
      vertex 292.78629113436597 -210.76660574521711 194.38078390670884
      vertex 278.96962745154201 -211.61850171818912 221.30163525927165
    endloop
  endfacet
  facet normal -0.88966847344286804 2.7686277168304731e-08 -0.45660706013139563
    outer loop
      vertex 287.07211157494362 -32.770077375490246 205.5144809133887
      vertex 279.3477468538556 -5.7501952874745257 220.56489322157489
      vertex 292.90263281125158 -5.2400180339977283 194.15409992413117
    endloop
  endfacet
  facet normal -0.88966878674849525 -7.1617087513638849e-09 -0.4566064496757144
    outer loop
      vertex 148.87437972067991 -181.2391780883525 474.78391962686567
      vertex 138.94740366070221 -194.67018678312579 494.12600480727224
      vertex 138.4925984101869 -167.17407344962606 495.01216364011617
    endloop
  endfacet
  facet normal -0.8896687977769473 5.0701799700283938e-09 -0.45660642818747205
    outer loop
      vertex 150.79431624835874 -155.42008198647713 471.04304322381495
      vertex 138.4925984101869 -167.17407344962606 495.01216364011617
      vertex 138.78904100945044 -138.76620073014055 494.43456426660197
    endloop
  endfacet
  facet normal -0.88966877801306354 8.5033465887425729e-09 -0.45660646669614979
    outer loop
      vertex 148.11402156470515 -36.335057386196866 476.26543000106119
      vertex 138.12452541507906 -49.923664752071033 495.72933024137365
      vertex 138.76608022766126 -20.418020996042344 494.47930187587195
    endloop
  endfacet
  facet normal -0.88966878457144982 3.1628335634453613e-08 -0.45660645391754845
    outer loop
      vertex 148.11402156470515 -36.335057386196866 476.26543000106119
      vertex 150.33211616745788 -62.339035169319743 471.94361121197682
      vertex 138.12452541507906 -49.923664752071033 495.72933024137365
    endloop
  endfacet
  facet normal -0.88966882325340557 -4.8777359962367725e-08 -0.45660637854819575
    outer loop
      vertex 251.42429540812662 -5.3837538650080283 274.97199423722554
      vertex 244.39912364929179 20.891190278818492 288.66009695292934
      vertex 258.3244734743929 20.823975248676732 261.52742826704178
    endloop
  endfacet
  facet normal -0.88966886187865002 4.5081580835990115e-16 -0.45660630328933005
    outer loop
      vertex 251.42429540812662 -5.3837538650080283 274.97199423722554
      vertex 258.3244734743929 20.823975248676732 261.52742826704178
      vertex 265.41815038436181 -5.5543035276044748 247.70584188603226
    endloop
  endfacet
  facet normal -0.88966886187865024 2.9996638222514297e-17 -0.45660630328932983
    outer loop
      vertex 195.4116015441619 -212.4024336111294 384.10913964381552
      vertex 209.42649986660751 -212.51210727593653 356.80198564691938
      vertex 202.60456420798823 -238.80116355468382 370.09410117290105
    endloop
  endfacet
  facet normal -0.88966870014497756 -1.9573052852909945e-07 -0.45660661841710914
    outer loop
      vertex 187.68786596659072 -185.66058848252646 399.1583313992636
      vertex 202.0501806669576 -186.09169644659778 371.17428287525576
      vertex 195.4116015441619 -212.4024336111294 384.10913964381552
    endloop
  endfacet
  facet normal -0.88966867722302534 2.4263170160985449e-08 -0.45660666307910125
    outer loop
      vertex 223.43842829010268 -5.3329762313645688 329.50063856444802
      vertex 216.54964810406216 20.887976127767956 342.92298450804316
      vertex 230.47390684880796 20.90876291934768 315.79246307695593
    endloop
  endfacet
  facet normal -0.88966859285522981 -8.4227680082967468e-08 -0.45660682746427267
    outer loop
      vertex 223.43842829010268 -5.3329762313645688 329.50063856444802
      vertex 230.47390684880796 20.90876291934768 315.79246307695593
      vertex 237.43393051866755 -5.3115914735475371 302.23131619154725
    endloop
  endfacet
  facet normal -0.88966848601057646 4.3700234222454399e-08 -0.45660703564404964
    outer loop
      vertex 292.32634845968147 -154.87018426382826 195.27695147147057
      vertex 298.89674431095358 -182.63095837025548 182.47496883360199
      vertex 285.6608375947261 -184.00400998498466 208.26425395180229
    endloop
  endfacet
  facet normal -0.88966867404530858 5.0011814393695638e-08 -0.45660666927067556
    outer loop
      vertex 324.39954736436624 -155.76360426619729 132.78436832073015
      vertex 336.54120694882602 -167.17875703489005 109.12712570672684
      vertex 326.20835453108054 -180.9848573367382 129.26002134273838
    endloop
  endfacet
  facet normal -0.88966850752830473 -7.8267259819454238e-08 -0.45660699371817876
    outer loop
      vertex 292.90263281125158 -5.2400180339977283 194.15409992413117
      vertex 285.98588346111609 20.760681562842414 207.63092380317354
      vertex 299.85234191571828 19.542328391975033 180.61304744040757
    endloop
  endfacet
  facet normal -0.88966877698964342 4.6917211123940274e-16 -0.4566064686902192
    outer loop
      vertex 306.60312833475416 -8.6041773293867507 167.45956778347207
      vertex 299.85234191571828 19.542328391975033 180.61304744040757
      vertex 313.60977271733424 17.354247208724857 153.8075650938639
    endloop
  endfacet
  facet normal -0.88966869862728071 -2.6290893648772253e-09 -0.45660662137428626
    outer loop
      vertex 167.61945260534574 -210.96559417279212 438.26032840852491
      vertex 174.61478707215952 -238.39745238527371 424.63036828946116
      vertex 160.26259173274016 -237.77706450039182 452.59469984033461
    endloop
  endfacet
  facet normal -0.88966877872956052 1.0279320961348719e-07 -0.45660646530008919
    outer loop
      vertex 167.61945260534574 -210.96559417279212 438.26032840852491
      vertex 160.26259173274016 -237.77706450039182 452.59469984033461
      vertex 152.75826771396845 -208.66180003975629 467.2164064634224
    endloop
  endfacet
  facet normal -0.88966859324916669 -8.5500382081449551e-08 -0.45660682669671215
    outer loop
      vertex 230.37221407941698 -186.51999517534261 315.99060472823612
      vertex 237.37758642950206 -212.67316119017843 302.34109893159842
      vertex 223.43148408578051 -212.63550273617088 329.51416890076274
    endloop
  endfacet
  facet normal -0.88966852669947272 -9.97158104618665e-16 -0.45660695636443122
    outer loop
      vertex 244.4494420618567 -31.472101598844404 288.56205484614912
      vertex 230.40025165840157 -31.451858063729333 315.93597535555631
      vertex 237.43393051866755 -5.3115914735475371 302.23131619154725
    endloop
  endfacet
  facet normal -0.88966880961881578 -6.8296784869371764e-08 -0.45660640511433326
    outer loop
      vertex 209.098117916597 -160.22470517995498 357.44181736545403
      vertex 216.31510026785091 -186.38934041300791 343.37998590929681
      vertex 202.0501806669576 -186.09169644659778 371.17428287525576
    endloop
  endfacet
  facet normal -0.88966864818206848 8.0241088501598815e-08 -0.45660671966352429
    outer loop
      vertex 175.25389124824596 -28.308375394948712 423.38511483184442
      vertex 167.71017317297944 -6.5306372727993107 438.08356520660914
      vertex 181.70540532697839 -4.8515885053650436 410.81476122166328
    endloop
  endfacet
  facet normal -0.88966869765479961 2.0217884650532455e-07 -0.45660662326905826
    outer loop
      vertex 194.10445623242734 -159.63704750669277 386.65602864484651
      vertex 202.0501806669576 -186.09169644659778 371.17428287525576
      vertex 187.68786596659072 -185.66058848252646 399.1583313992636
    endloop
  endfacet
  facet normal -0.8896685446007504 -2.3216366458189521e-08 -0.45660692148497051
    outer loop
      vertex 195.4116015441619 -212.4024336111294 384.10913964381552
      vertex 188.67699189469855 -238.80800014767769 397.2310847927148
      vertex 181.65564802876739 -212.84080728167868 410.91171003414826
    endloop
  endfacet
  facet normal -0.88966868440266089 -3.283189546037436e-08 -0.45660664909004295
    outer loop
      vertex 324.12434104808113 -62.428371663227551 133.32059051565076
      vertex 325.47468333495573 -35.790537107312275 130.68953351544775
      vertex 336.1905878045493 -47.954967231889611 109.810283834643
    endloop
  endfacet
  facet normal -0.889668811890999 -1.8340638416821234e-09 -0.45660640068713254
    outer loop
      vertex 312.12909476865337 -41.108127444382546 156.69257227192068
      vertex 325.47468333495573 -35.790537107312275 130.68953351544775
      vertex 324.12434104808113 -62.428371663227551 133.32059051565076
    endloop
  endfacet
  facet normal -0.88966845066018208 5.3605859418307779e-09 -0.45660710452194114
    outer loop
      vertex 280.64120635048698 -58.505287272573582 218.04466998133842
      vertex 287.07211157494362 -32.770077375490246 205.5144809133887
      vertex 297.57493646426821 -59.926587458446193 185.05042768277059
    endloop
  endfacet
  facet normal -0.88966866311313364 1.3100255835652716e-07 -0.45660669057129755
    outer loop
      vertex 292.90263281125158 -5.2400180339977283 194.15409992413117
      vertex 299.85234191571828 19.542328391975033 180.61304744040757
      vertex 306.60312833475416 -8.6041773293867507 167.45956778347207
    endloop
  endfacet
  facet normal -0.88966877698964286 9.7538412599770506e-16 -0.45660646869022004
    outer loop
      vertex 300.15703166573724 -127.18438973849025 180.01937876541433
      vertex 312.8482418277967 -109.38464616395771 155.29135978708882
      vertex 313.9957786884458 -141.78657127393612 153.05545691367402
    endloop
  endfacet
  facet normal -0.88966886187864935 -1.0343291122686809e-15 -0.45660630328933144
    outer loop
      vertex 258.18335024408083 -186.22114722522264 261.80239806660848
      vertex 271.97931991912839 -185.52889168779245 234.92181286466806
      vertex 265.13655078780545 -212.24643794902684 248.25452111093352
    endloop
  endfacet
  facet normal -0.88966886187864969 1.3194170503370803e-15 -0.45660630328933055
    outer loop
      vertex 265.13655078780545 -212.24643794902684 248.25452111093352
      vertex 272.10617671972426 -238.46447799888273 234.67464031230799
      vertex 258.23921061375052 -238.72927132279142 261.69355762540096
    endloop
  endfacet
  facet normal -0.88966886187864935 8.8916679223411108e-16 -0.45660630328933122
    outer loop
      vertex 265.13655078780545 -212.24643794902684 248.25452111093352
      vertex 258.23921061375052 -238.72927132279142 261.69355762540096
      vertex 251.2774064988142 -212.55821128392029 275.25819810219446
    endloop
  endfacet
  facet normal -0.88966856252678217 -4.6464838792769324e-08 -0.45660688655727366
    outer loop
      vertex 181.65564802876739 -212.84080728167868 410.91171003414826
      vertex 188.67699189469855 -238.80800014767769 397.2310847927148
      vertex 174.61478707215952 -238.39745238527371 424.63036828946116
    endloop
  endfacet
  facet normal -0.88966864517585942 6.2748369701737166e-08 -0.45660672552093129
    outer loop
      vertex 181.65564802876739 -212.84080728167868 410.91171003414826
      vertex 174.61478707215952 -238.39745238527371 424.63036828946116
      vertex 167.61945260534574 -210.96559417279212 438.26032840852491
    endloop
  endfacet
  facet normal -0.88966882826436866 7.6397561672714436e-09 -0.45660636878465155
    outer loop
      vertex 163.06533313171892 -142.49686996476723 447.13373783554522
      vertex 162.62428157879879 -178.9887942868809 447.99309847159077
      vertex 150.79431624835874 -155.42008198647713 471.04304322381495
    endloop
  endfacet
  facet normal -0.88966864915944932 -8.026905267193462e-08 -0.45660671775916079
    outer loop
      vertex 175.3259431696336 -189.17578225383954 423.24472628864123
      vertex 181.65564802876739 -212.84080728167868 410.91171003414826
      vertex 167.61945260534574 -210.96559417279212 438.26032840852491
    endloop
  endfacet
  facet normal -0.88966870163860523 2.059281638632906e-07 -0.45660661550686721
    outer loop
      vertex 285.6608375947261 -184.00400998498466 208.26425395180229
      vertex 278.96962745154201 -211.61850171818912 221.30163525927165
      vertex 271.97931991912839 -185.52889168779245 234.92181286466806
    endloop
  endfacet
  facet normal -0.88966881411458065 1.8298639364072307e-09 -0.45660639635462374
    outer loop
      vertex 312.79933293957674 -177.98696410154128 155.38665565727524
      vertex 324.39954736436624 -155.76360426619729 132.78436832073015
      vertex 326.20835453108054 -180.9848573367382 129.26002134273838
    endloop
  endfacet
  facet normal -0.88966869647778546 5.6112229391897757e-16 -0.45660662556243942
    outer loop
      vertex 162.01679826174018 -39.148034205974682 449.17674071540142
      vertex 167.71017317297944 -6.5306372727993107 438.08356520660914
      vertex 175.25389124824596 -28.308375394948712 423.38511483184442
    endloop
  endfacet
  facet normal -0.88966883454081036 -1.2367292437141064e-08 -0.45660635655539888
    outer loop
      vertex 162.01679826174018 -39.148034205974682 449.17674071540142
      vertex 162.68775997635163 -75.074640003025195 447.86941488917279
      vertex 150.33211616745788 -62.339035169319743 471.94361121197682
    endloop
  endfacet
  facet normal -0.88966882681603754 1.0435530456120324e-09 -0.45660637160663375
    outer loop
      vertex 163.06533313171892 -142.49686996476723 447.13373783554522
      vertex 150.79431624835874 -155.42008198647713 471.04304322381495
      vertex 150.60448031102749 -124.82690273649646 471.41292669036483
    endloop
  endfacet
  facet normal -0.88966883536558328 -9.4563160274049787e-09 -0.45660635494838042
    outer loop
      vertex 162.62428157879879 -178.9887942868809 447.99309847159077
      vertex 148.87437972067991 -181.2391780883525 474.78391962686567
      vertex 150.79431624835874 -155.42008198647713 471.04304322381495
    endloop
  endfacet
  facet normal -0.88966881050072866 2.6950055017612404e-10 -0.45660640339598679
    outer loop
      vertex 311.85139064320623 -76.346319507348824 157.23366116704796
      vertex 324.12434104808113 -62.428371663227551 133.32059051565076
      vertex 324.31909053394804 -93.391913229276696 132.94113339351472
    endloop
  endfacet
  facet normal -0.88966865264268002 -1.6173931410134161e-07 -0.45660671097228955
    outer loop
      vertex 237.35126530801733 -160.51545574978067 302.39238390009484
      vertex 251.23791269001259 -160.37493886706926 275.33514932182209
      vertex 244.3063859084798 -186.49185372297646 288.84079032189288
    endloop
  endfacet
  facet normal -0.88966869902904144 1.9580753220299446e-07 -0.45660662059143925
    outer loop
      vertex 187.67093478838544 -31.956383528203617 399.19132068284603
      vertex 195.42428658297032 -5.4153167858187317 384.08442363801731
      vertex 202.02179852609416 -31.733354646933549 371.22958370395168
    endloop
  endfacet
  facet normal -0.88966883171470013 7.8347221042875812e-10 -0.45660636206189753
    outer loop
      vertex 162.68775997635163 -75.074640003025195 447.86941488917279
      vertex 150.4998557616228 -93.314415179209078 471.61678108992714
      vertex 150.33211616745788 -62.339035169319743 471.94361121197682
    endloop
  endfacet
  facet normal -0.88966880518074209 7.0118948459343761e-08 -0.45660641376163968
    outer loop
      vertex 209.42176030369959 -5.4050119359366136 356.81122038920773
      vertex 202.6424018541089 20.887758961947725 370.02037688281166
      vertex 216.54964810406216 20.887976127767956 342.92298450804316
    endloop
  endfacet
  facet normal -0.88966872429589616 -3.505396193348174e-08 -0.45660657136063132
    outer loop
      vertex 209.42176030369959 -5.4050119359366136 356.81122038920773
      vertex 216.54964810406216 20.887976127767956 342.92298450804316
      vertex 223.43842829010268 -5.3329762313645688 329.50063856444802
    endloop
  endfacet
  facet normal -0.88966882012373483 -4.0180627718123305e-08 -0.45660638464616327
    outer loop
      vertex 149.73953223517333 23.347464479110045 473.09822399065564
      vertex 139.8734727289596 42.522263221049911 492.32161867995728
      vertex 154.51916045197862 47.170722213214049 463.78541695050893
    endloop
  endfacet
  facet normal -0.88966880057883713 8.0543772345263649e-09 -0.45660642272816698
    outer loop
      vertex 149.73953223517333 23.347464479110045 473.09822399065564
      vertex 139.33454045299024 9.1125318023774753 493.37169362107511
      vertex 139.8734727289596 42.522263221049911 492.32161867995728
    endloop
  endfacet
  facet normal -0.8896688493565621 -1.6364735943531566e-08 -0.45660632768783521
    outer loop
      vertex 194.10445623242734 -159.63704750669277 386.65602864484651
      vertex 209.098117916597 -160.22470517995498 357.44181736545403
      vertex 202.0501806669576 -186.09169644659778 371.17428287525576
    endloop
  endfacet
  facet normal -0.889668697744884 -2.0051659618016995e-07 -0.45660662309353561
    outer loop
      vertex 194.05102912148544 -58.060161145621294 386.76012784529667
      vertex 187.67093478838544 -31.956383528203617 399.19132068284603
      vertex 202.02179852609416 -31.733354646933549 371.22958370395168
    endloop
  endfacet
  facet normal -0.88966854488361202 1.9356721367872262e-08 -0.45660692093383348
    outer loop
      vertex 187.68786596659072 -185.66058848252646 399.1583313992636
      vertex 195.4116015441619 -212.4024336111294 384.10913964381552
      vertex 181.65564802876739 -212.84080728167868 410.91171003414826
    endloop
  endfacet
  facet normal -0.88966884814323166 1.7887640894533998e-08 -0.4566063300519333
    outer loop
      vertex 209.05991395954868 -57.654929485441585 357.51625538950577
      vertex 194.05102912148544 -58.060161145621294 386.76012784529667
      vertex 202.02179852609416 -31.733354646933549 371.22958370395168
    endloop
  endfacet
  facet normal -0.8896687841755665 -6.5708210688787237e-08 -0.45660645468889799
    outer loop
      vertex 162.62428157879879 -178.9887942868809 447.99309847159077
      vertex 167.61945260534574 -210.96559417279212 438.26032840852491
      vertex 152.75826771396845 -208.66180003975629 467.2164064634224
    endloop
  endfacet
  facet normal -0.88966883628159787 1.7388569065325996e-08 -0.45660635316358317
    outer loop
      vertex 162.62428157879879 -178.9887942868809 447.99309847159077
      vertex 152.75826771396845 -208.66180003975629 467.2164064634224
      vertex 148.87437972067991 -181.2391780883525 474.78391962686567
    endloop
  endfacet
  facet normal -0.88966867779526382 -1.5578768639678495e-07 -0.45660666196410538
    outer loop
      vertex 299.50638812300798 -30.277654307329385 181.28711648839629
      vertex 292.90263281125158 -5.2400180339977283 194.15409992413117
      vertex 306.60312833475416 -8.6041773293867507 167.45956778347207
    endloop
  endfacet
  facet normal -0.88966877698964275 9.8773076050400505e-17 -0.45660646869022053
    outer loop
      vertex 300.84509022561576 -94.288471345710775 178.67874025185949
      vertex 311.85139064320623 -76.346319507348824 157.23366116704796
      vertex 312.8482418277967 -109.38464616395771 155.29135978708882
    endloop
  endfacet
  facet normal -0.88966882498100319 -4.818874665534249e-08 -0.45660637518208036
    outer loop
      vertex 251.48578191538996 -57.556277366833115 274.85219161833083
      vertex 244.4494420618567 -31.472101598844404 288.56205484614912
      vertex 258.54162879510653 -31.643239743817901 261.10431468836703
    endloop
  endfacet
  facet normal -0.88966865701596765 1.6913359665328321e-07 -0.45660670245121887
    outer loop
      vertex 237.42211558785417 -57.442269168506357 302.25433680466608
      vertex 244.4494420618567 -31.472101598844404 288.56205484614912
      vertex 251.48578191538996 -57.556277366833115 274.85219161833083
    endloop
  endfacet
  facet normal -0.88966886187864946 -2.3962337349614468e-16 -0.45660630328933122
    outer loop
      vertex 272.78213363760227 -32.03875152600034 233.35758047875933
      vertex 265.41815038436181 -5.5543035276044748 247.70584188603226
      vertex 279.3477468538556 -5.7501952874745257 220.56489322157489
    endloop
  endfacet
  facet normal -0.88966866533868949 -2.3543736109300735e-07 -0.45660668623490352
    outer loop
      vertex 272.78213363760227 -32.03875152600034 233.35758047875933
      vertex 279.3477468538556 -5.7501952874745257 220.56489322157489
      vertex 287.07211157494362 -32.770077375490246 205.5144809133887
    endloop
  endfacet
  facet normal -0.88966886187864935 -3.980937506893742e-16 -0.45660630328933144
    outer loop
      vertex 265.0603950218341 -159.88362171992054 248.40290586416427
      vertex 271.97931991912839 -185.52889168779245 234.92181286466806
      vertex 258.18335024408083 -186.22114722522264 261.80239806660848
    endloop
  endfacet
  facet normal -0.88966885054229139 -1.4876834839333237e-08 -0.4566063253775155
    outer loop
      vertex 280.64120635048698 -58.505287272573582 218.04466998133842
      vertex 265.7312102107461 -57.809389767614903 247.09586436834837
      vertex 272.78213363760227 -32.03875152600034 233.35758047875933
    endloop
  endfacet
  facet normal -0.88966881073862625 1.275689973848292e-09 -0.45660640293245841
    outer loop
      vertex 312.12909476865337 -41.108127444382546 156.69257227192068
      vertex 324.12434104808113 -62.428371663227551 133.32059051565076
      vertex 311.85139064320623 -76.346319507348824 157.23366116704796
    endloop
  endfacet
  facet normal -0.88966881265778819 7.396216435536216e-09 -0.45660639919309193
    outer loop
      vertex 312.12909476865337 -41.108127444382546 156.69257227192068
      vertex 319.90275597066193 -11.305038405595845 141.54608347240628
      vertex 325.47468333495573 -35.790537107312275 130.68953351544775
    endloop
  endfacet
  facet normal -0.88966880901374845 7.0791919351265635e-08 -0.45660640629326849
    outer loop
      vertex 202.0501806669576 -186.09169644659778 371.17428287525576
      vertex 216.31510026785091 -186.38934041300791 343.37998590929681
      vertex 209.42649986660751 -212.51210727593653 356.80198564691938
    endloop
  endfacet
  facet normal -0.88966882473673825 4.8284917323114835e-08 -0.45660637565801532
    outer loop
      vertex 244.4494420618567 -31.472101598844404 288.56205484614912
      vertex 251.42429540812662 -5.3837538650080283 274.97199423722554
      vertex 258.54162879510653 -31.643239743817901 261.10431468836703
    endloop
  endfacet
  facet normal -0.8896688618786498 3.5981616280448872e-16 -0.45660630328933011
    outer loop
      vertex 251.23791269001259 -160.37493886706926 275.33514932182209
      vertex 265.0603950218341 -159.88362171992054 248.40290586416427
      vertex 258.18335024408083 -186.22114722522264 261.80239806660848
    endloop
  endfacet
  facet normal -0.88966865669283179 -1.6720506094438522e-07 -0.45660670308082901
    outer loop
      vertex 244.4494420618567 -31.472101598844404 288.56205484614912
      vertex 237.43393051866755 -5.3115914735475371 302.23131619154725
      vertex 251.42429540812662 -5.3837538650080283 274.97199423722554
    endloop
  endfacet
  facet normal -0.8896685390442205 -6.9940378908873232e-08 -0.45660693231149851
    outer loop
      vertex 286.88301950334642 -84.867874731858933 205.88291417832826
      vertex 300.84509022561576 -94.288471345710775 178.67874025185949
      vertex 290.74228558875302 -109.44347467897006 198.36339211636906
    endloop
  endfacet
  facet normal -0.88966881436791734 -3.6050779597188824e-09 -0.45660639586101331
    outer loop
      vertex 312.79933293957674 -177.98696410154128 155.38665565727524
      vertex 326.20835453108054 -180.9848573367382 129.26002134273838
      vertex 322.11932921822302 -208.54661935609172 137.22722993716201
    endloop
  endfacet
  facet normal -0.88966865409538887 1.6171015049688715e-07 -0.45660670814178045
    outer loop
      vertex 244.3063859084798 -186.49185372297646 288.84079032189288
      vertex 251.2774064988142 -212.55821128392029 275.25819810219446
      vertex 237.37758642950206 -212.67316119017843 302.34109893159842
    endloop
  endfacet
  facet normal -0.88966852669947205 1.207895291292254e-16 -0.45660695636443244
    outer loop
      vertex 244.3063859084798 -186.49185372297646 288.84079032189288
      vertex 237.37758642950206 -212.67316119017843 302.34109893159842
      vertex 230.37221407941698 -186.51999517534261 315.99060472823612
    endloop
  endfacet
  facet normal -0.8896688428754812 7.7746787983203869e-09 -0.45660634031581532
    outer loop
      vertex 162.01679826174018 -39.148034205974682 449.17674071540142
      vertex 150.33211616745788 -62.339035169319743 471.94361121197682
      vertex 148.11402156470515 -36.335057386196866 476.26543000106119
    endloop
  endfacet
  facet normal -0.88966869647778524 -4.3651446675693178e-16 -0.45660662556244047
    outer loop
      vertex 176.8933838490463 -58.681380038430859 420.19066875204362
      vertex 174.22868407217709 -93.14885174150217 425.38266519771872
      vertex 162.68775997635163 -75.074640003025195 447.86941488917279
    endloop
  endfacet
  facet normal -0.88966886187865002 0 -0.45660630328933
    outer loop
      vertex 258.54162879510653 -31.643239743817901 261.10431468836703
      vertex 251.42429540812662 -5.3837538650080283 274.97199423722554
      vertex 265.41815038436181 -5.5543035276044748 247.70584188603226
    endloop
  endfacet
  facet normal -0.88966886187864946 -5.4122397615122645e-16 -0.45660630328933072
    outer loop
      vertex 258.54162879510653 -31.643239743817901 261.10431468836703
      vertex 265.41815038436181 -5.5543035276044748 247.70584188603226
      vertex 272.78213363760227 -32.03875152600034 233.35758047875933
    endloop
  endfacet
  facet normal -0.88966886187865024 -7.7931363617073986e-16 -0.45660630328932983
    outer loop
      vertex 202.0501806669576 -186.09169644659778 371.17428287525576
      vertex 209.42649986660751 -212.51210727593653 356.80198564691938
      vertex 195.4116015441619 -212.4024336111294 384.10913964381552
    endloop
  endfacet
  facet normal -0.88966853334057094 7.477137013281611e-09 -0.45660694342468938
    outer loop
      vertex 187.83760972833366 -84.529934459623689 398.86656555987958
      vertex 176.8933838490463 -58.681380038430859 420.19066875204362
      vertex 194.05102912148544 -58.060161145621294 386.76012784529667
    endloop
  endfacet
  facet normal -0.88966872437250977 3.6448077822439423e-08 -0.45660657121135467
    outer loop
      vertex 216.29819965961198 -31.543468432844918 343.41291565945778
      vertex 209.42176030369959 -5.4050119359366136 356.81122038920773
      vertex 223.43842829010268 -5.3329762313645688 329.50063856444802
    endloop
  endfacet
  facet normal -0.88966867831293217 -2.3734735819525237e-08 -0.45660666095548813
    outer loop
      vertex 216.29819965961198 -31.543468432844918 343.41291565945778
      vertex 223.43842829010268 -5.3329762313645688 329.50063856444802
      vertex 230.40025165840157 -31.451858063729333 315.93597535555631
    endloop
  endfacet
  facet normal -0.88966886187864946 -1.8011347610415248e-16 -0.45660630328933072
    outer loop
      vertex 202.02179852609416 -31.733354646933549 371.22958370395168
      vertex 195.42428658297032 -5.4153167858187317 384.08442363801731
      vertex 209.42176030369959 -5.4050119359366136 356.81122038920773
    endloop
  endfacet
  facet normal -0.8896688093634606 -7.0795721973561274e-08 -0.4566064056118761
    outer loop
      vertex 202.02179852609416 -31.733354646933549 371.22958370395168
      vertex 209.42176030369959 -5.4050119359366136 356.81122038920773
      vertex 216.29819965961198 -31.543468432844918 343.41291565945778
    endloop
  endfacet
  facet normal -0.88966883676883557 3.9986173804945864e-10 -0.4566063522142319
    outer loop
      vertex 162.21815037188824 -108.94724310628939 448.78441905526819
      vertex 150.60448031102749 -124.82690273649646 471.41292669036483
      vertex 150.4998557616228 -93.314415179209078 471.61678108992714
    endloop
  endfacet
  facet normal -0.88966883433042698 9.166830288286766e-09 -0.45660635696531815
    outer loop
      vertex 162.21815037188824 -108.94724310628939 448.78441905526819
      vertex 150.4998557616228 -93.314415179209078 471.61678108992714
      vertex 162.68775997635163 -75.074640003025195 447.86941488917279
    endloop
  endfacet
  facet normal -0.88966872747823533 4.0374440242760155e-08 -0.45660656516004661
    outer loop
      vertex 223.36145768378466 -160.43907658380041 329.65061084946626
      vertex 216.31510026785091 -186.38934041300791 343.37998590929681
      vertex 209.098117916597 -160.22470517995498 357.44181736545403
    endloop
  endfacet
  facet normal -0.88966859394161957 -8.6546140995053733e-08 -0.4566068253475129
    outer loop
      vertex 230.41323043701263 -134.66040574310119 315.91068706179658
      vertex 237.35126530801733 -160.51545574978067 302.39238390009484
      vertex 223.36145768378466 -160.43907658380041 329.65061084946626
    endloop
  endfacet
  facet normal -0.88966879864469306 1.9394766031278615e-08 -0.456606426496724
    outer loop
      vertex 312.79933293957674 -177.98696410154128 155.38665565727524
      vertex 322.11932921822302 -208.54661935609172 137.22722993716201
      vertex 306.91804548824206 -209.48351139240083 166.84597166075338
    endloop
  endfacet
  facet normal -0.88966877698964353 -4.7412775117577606e-17 -0.45660646869021931
    outer loop
      vertex 312.79933293957674 -177.98696410154128 155.38665565727524
      vertex 306.91804548824206 -209.48351139240083 166.84597166075338
      vertex 298.89674431095358 -182.63095837025548 182.47496883360199
    endloop
  endfacet
  facet normal -0.88966867867068322 -2.3191652293054621e-08 -0.45660666025843305
    outer loop
      vertex 223.36145768378466 -160.43907658380041 329.65061084946626
      vertex 230.37221407941698 -186.51999517534261 315.99060472823612
      vertex 216.31510026785091 -186.38934041300791 343.37998590929681
    endloop
  endfacet
  facet normal -0.88966852669947272 -1.7777364435069681e-16 -0.45660695636443116
    outer loop
      vertex 237.42211558785417 -57.442269168506357 302.25433680466608
      vertex 230.40025165840157 -31.451858063729333 315.93597535555631
      vertex 244.4494420618567 -31.472101598844404 288.56205484614912
    endloop
  endfacet
  facet normal -0.88966855943147027 3.4842681845832203e-08 -0.45660689258828685
    outer loop
      vertex 175.3259431696336 -189.17578225383954 423.24472628864123
      vertex 187.68786596659072 -185.66058848252646 399.1583313992636
      vertex 181.65564802876739 -212.84080728167868 410.91171003414826
    endloop
  endfacet
  facet normal -0.8896686964777849 4.9386533555894338e-16 -0.45660662556244075
    outer loop
      vertex 175.3259431696336 -189.17578225383954 423.24472628864123
      vertex 167.61945260534574 -210.96559417279212 438.26032840852491
      vertex 162.62428157879879 -178.9887942868809 447.99309847159077
    endloop
  endfacet
  facet normal -0.88966854528177175 -1.9616309101876138e-08 -0.4566069201580456
    outer loop
      vertex 187.67093478838544 -31.956383528203617 399.19132068284603
      vertex 181.70540532697839 -4.8515885053650436 410.81476122166328
      vertex 195.42428658297032 -5.4153167858187317 384.08442363801731
    endloop
  endfacet
  facet normal -0.88966856039352094 -3.5568951274873997e-08 -0.45660689071379373
    outer loop
      vertex 187.67093478838544 -31.956383528203617 399.19132068284603
      vertex 175.25389124824596 -28.308375394948712 423.38511483184442
      vertex 181.70540532697839 -4.8515885053650436 410.81476122166328
    endloop
  endfacet
  facet normal -0.8896686964777849 -1.9495117006091838e-16 -0.45660662556244058
    outer loop
      vertex 174.22868407217709 -93.14885174150217 425.38266519771872
      vertex 162.21815037188824 -108.94724310628939 448.78441905526819
      vertex 162.68775997635163 -75.074640003025195 447.86941488917279
    endloop
  endfacet
  facet normal -0.88966852669947205 -1.2161152304419265e-16 -0.45660695636443244
    outer loop
      vertex 237.35126530801733 -160.51545574978067 302.39238390009484
      vertex 244.3063859084798 -186.49185372297646 288.84079032189288
      vertex 230.37221407941698 -186.51999517534261 315.99060472823612
    endloop
  endfacet
  facet normal -0.88966869647778535 7.2845136994944179e-16 -0.45660662556244014
    outer loop
      vertex 174.42102373872243 -124.59881967655261 425.0079037053606
      vertex 162.21815037188824 -108.94724310628939 448.78441905526819
      vertex 174.22868407217709 -93.14885174150217 425.38266519771872
    endloop
  endfacet
  facet normal -0.88966855519813981 -3.6563199025169652e-08 -0.45660690083665301
    outer loop
      vertex 176.983178449923 -158.46187661285029 420.01570973690815
      vertex 187.68786596659072 -185.66058848252646 399.1583313992636
      vertex 175.3259431696336 -189.17578225383954 423.24472628864123
    endloop
  endfacet
  facet normal -0.88966881760163286 -1.1629919332985352e-10 -0.45660638956032212
    outer loop
      vertex 313.9957786884458 -141.78657127393612 153.05545691367402
      vertex 324.80938542389868 -124.78910305152561 131.98582464335021
      vertex 324.39954736436624 -155.76360426619729 132.78436832073015
    endloop
  endfacet
  facet normal -0.88966881584384816 6.15933164349469e-09 -0.45660639298525485
    outer loop
      vertex 313.9957786884458 -141.78657127393612 153.05545691367402
      vertex 324.39954736436624 -155.76360426619729 132.78436832073015
      vertex 312.79933293957674 -177.98696410154128 155.38665565727524
    endloop
  endfacet
  facet normal -0.88966878226634583 7.182333046687523e-08 -0.4566064584088933
    outer loop
      vertex 162.01679826174018 -39.148034205974682 449.17674071540142
      vertex 152.72987602203875 -7.1122917602646112 467.27172590177435
      vertex 167.71017317297944 -6.5306372727993107 438.08356520660914
    endloop
  endfacet
  facet normal -0.88966884378180877 -1.3710387445406936e-08 -0.45660633854989291
    outer loop
      vertex 162.01679826174018 -39.148034205974682 449.17674071540142
      vertex 148.11402156470515 -36.335057386196866 476.26543000106119
      vertex 152.72987602203875 -7.1122917602646112 467.27172590177435
    endloop
  endfacet
  facet normal -0.88966879500416973 -1.4689630104053876e-08 -0.45660643359005404
    outer loop
      vertex 312.12909476865337 -41.108127444382546 156.69257227192068
      vertex 306.60312833475416 -8.6041773293867507 167.45956778347207
      vertex 319.90275597066193 -11.305038405595845 141.54608347240628
    endloop
  endfacet
  facet normal -0.88966877698964364 -5.9251562851383606e-16 -0.45660646869021898
    outer loop
      vertex 312.12909476865337 -41.108127444382546 156.69257227192068
      vertex 299.50638812300798 -30.277654307329385 181.28711648839629
      vertex 306.60312833475416 -8.6041773293867507 167.45956778347207
    endloop
  endfacet
  facet normal -0.88966881362295713 4.352607424443414e-10 -0.45660639731252101
    outer loop
      vertex 312.8482418277967 -109.38464616395771 155.29135978708882
      vertex 324.31909053394804 -93.391913229276696 132.94113339351472
      vertex 324.80938542389868 -124.78910305152561 131.98582464335021
    endloop
  endfacet
  facet normal -0.88966881549614751 -6.5410245482987716e-09 -0.45660639366272765
    outer loop
      vertex 312.8482418277967 -109.38464616395771 155.29135978708882
      vertex 324.80938542389868 -124.78910305152561 131.98582464335021
      vertex 313.9957786884458 -141.78657127393612 153.05545691367402
    endloop
  endfacet
  facet normal -0.88966886187864924 -1.144478581006899e-15 -0.45660630328933122
    outer loop
      vertex 258.18335024408083 -186.22114722522264 261.80239806660848
      vertex 265.13655078780545 -212.24643794902684 248.25452111093352
      vertex 251.2774064988142 -212.55821128392029 275.25819810219446
    endloop
  endfacet
  facet normal -0.88966882061846908 -5.1892303698272316e-08 -0.45660638368220346
    outer loop
      vertex 258.18335024408083 -186.22114722522264 261.80239806660848
      vertex 251.2774064988142 -212.55821128392029 275.25819810219446
      vertex 244.3063859084798 -186.49185372297646 288.84079032189288
    endloop
  endfacet
  facet normal -0.88966850017622823 -8.6492315028954679e-08 -0.45660700804321097
    outer loop
      vertex 297.57493646426821 -59.926587458446193 185.05042768277059
      vertex 287.07211157494362 -32.770077375490246 205.5144809133887
      vertex 299.50638812300798 -30.277654307329385 181.28711648839629
    endloop
  endfacet
  facet normal -0.88966877698964286 4.3213220772050228e-16 -0.45660646869022031
    outer loop
      vertex 297.57493646426821 -59.926587458446193 185.05042768277059
      vertex 311.85139064320623 -76.346319507348824 157.23366116704796
      vertex 300.84509022561576 -94.288471345710775 178.67874025185949
    endloop
  endfacet
  facet normal -0.88966866009104484 2.5637577029506009e-07 -0.45660669645958873
    outer loop
      vertex 280.64120635048698 -58.505287272573582 218.04466998133842
      vertex 272.78213363760227 -32.03875152600034 233.35758047875933
      vertex 287.07211157494362 -32.770077375490246 205.5144809133887
    endloop
  endfacet
  facet normal -0.88966852669947227 -3.6661510792732519e-16 -0.45660695636443194
    outer loop
      vertex 230.41323043701263 -134.66040574310119 315.91068706179658
      vertex 244.32122039151284 -134.64202998433424 288.81188631050975
      vertex 237.35126530801733 -160.51545574978067 302.39238390009484
    endloop
  endfacet
  facet normal -0.88966877698964397 -1.0432906157823567e-15 -0.4566064686902182
    outer loop
      vertex 303.32588059608935 -156.74372788487665 173.8450773797633
      vertex 313.9957786884458 -141.78657127393612 153.05545691367402
      vertex 312.79933293957674 -177.98696410154128 155.38665565727524
    endloop
  endfacet
  facet normal -0.88966877698964364 -2.0618879625521126e-15 -0.45660646869021876
    outer loop
      vertex 303.32588059608935 -156.74372788487665 173.8450773797633
      vertex 300.15703166573724 -127.18438973849025 180.01937876541433
      vertex 313.9957786884458 -141.78657127393612 153.05545691367402
    endloop
  endfacet
  facet normal -0.88966869647778557 9.0457683366902242e-17 -0.45660662556243925
    outer loop
      vertex 174.42102373872243 -124.59881967655261 425.0079037053606
      vertex 176.983178449923 -158.46187661285029 420.01570973690815
      vertex 163.06533313171892 -142.49686996476723 447.13373783554522
    endloop
  endfacet
  facet normal -0.88966855598687766 3.6373523321432323e-08 -0.45660689929984899
    outer loop
      vertex 176.8933838490463 -58.681380038430859 420.19066875204362
      vertex 175.25389124824596 -28.308375394948712 423.38511483184442
      vertex 187.67093478838544 -31.956383528203617 399.19132068284603
    endloop
  endfacet
  facet normal -0.88966869208069399 -2.0538888260196867e-07 -0.4566066341298442
    outer loop
      vertex 278.76892362959939 -158.60635712139933 221.69269412016789
      vertex 285.6608375947261 -184.00400998498466 208.26425395180229
      vertex 271.97931991912839 -185.52889168779245 234.92181286466806
    endloop
  endfacet
  facet normal -0.88966849398158476 5.2447330979931211e-08 -0.45660702011306842
    outer loop
      vertex 278.76892362959939 -158.60635712139933 221.69269412016789
      vertex 292.32634845968147 -154.87018426382826 195.27695147147057
      vertex 285.6608375947261 -184.00400998498466 208.26425395180229
    endloop
  endfacet
  facet normal -0.88966886187864946 6.6681816539840354e-16 -0.45660630328933077
    outer loop
      vertex 265.7312102107461 -57.809389767614903 247.09586436834837
      vertex 258.54162879510653 -31.643239743817901 261.10431468836703
      vertex 272.78213363760227 -32.03875152600034 233.35758047875933
    endloop
  endfacet
  facet normal -0.88966886187864969 5.4624405415737678e-16 -0.45660630328933066
    outer loop
      vertex 265.7312102107461 -57.809389767614903 247.09586436834837
      vertex 251.48578191538996 -57.556277366833115 274.85219161833083
      vertex 258.54162879510653 -31.643239743817901 261.10431468836703
    endloop
  endfacet
  facet normal -0.88966869647778546 -3.2718578480780017e-16 -0.45660662556243953
    outer loop
      vertex 174.42102373872243 -124.59881967655261 425.0079037053606
      vertex 163.06533313171892 -142.49686996476723 447.13373783554522
      vertex 162.21815037188824 -108.94724310628939 448.78441905526819
    endloop
  endfacet
  facet normal -0.88966853231269316 6.6384241620169474e-09 -0.45660694542744151
    outer loop
      vertex 194.10445623242734 -159.63704750669277 386.65602864484651
      vertex 187.68786596659072 -185.66058848252646 399.1583313992636
      vertex 176.983178449923 -158.46187661285029 420.01570973690815
    endloop
  endfacet
  facet normal -0.88966869647778568 1.039603823037759e-16 -0.45660662556243931
    outer loop
      vertex 176.983178449923 -158.46187661285029 420.01570973690815
      vertex 162.62428157879879 -178.9887942868809 447.99309847159077
      vertex 163.06533313171892 -142.49686996476723 447.13373783554522
    endloop
  endfacet
  facet normal -0.88966869647778535 -1.3889962562595288e-15 -0.45660662556244025
    outer loop
      vertex 176.983178449923 -158.46187661285029 420.01570973690815
      vertex 175.3259431696336 -189.17578225383954 423.24472628864123
      vertex 162.62428157879879 -178.9887942868809 447.99309847159077
    endloop
  endfacet
  facet normal -0.88966877698964331 4.8151874574570273e-16 -0.45660646869021937
    outer loop
      vertex 297.57493646426821 -59.926587458446193 185.05042768277059
      vertex 299.50638812300798 -30.277654307329385 181.28711648839629
      vertex 312.12909476865337 -41.108127444382546 156.69257227192068
    endloop
  endfacet
  facet normal -0.88966877698964308 -5.123853320114528e-16 -0.45660646869021981
    outer loop
      vertex 297.57493646426821 -59.926587458446193 185.05042768277059
      vertex 312.12909476865337 -41.108127444382546 156.69257227192068
      vertex 311.85139064320623 -76.346319507348824 157.23366116704796
    endloop
  endfacet
  facet normal -0.88966859374486817 8.6304057937832363e-08 -0.45660682573087014
    outer loop
      vertex 237.35126530801733 -160.51545574978067 302.39238390009484
      vertex 230.37221407941698 -186.51999517534261 315.99060472823612
      vertex 223.36145768378466 -160.43907658380041 329.65061084946626
    endloop
  endfacet
  facet normal -0.88966882104358413 5.2632278981188739e-08 -0.45660638285389321
    outer loop
      vertex 251.23791269001259 -160.37493886706926 275.33514932182209
      vertex 258.18335024408083 -186.22114722522264 261.80239806660848
      vertex 244.3063859084798 -186.49185372297646 288.84079032189288
    endloop
  endfacet
  facet normal -0.88966877698964275 1.3272632094272567e-16 -0.45660646869022042
    outer loop
      vertex 300.15703166573724 -127.18438973849025 180.01937876541433
      vertex 300.84509022561576 -94.288471345710775 178.67874025185949
      vertex 312.8482418277967 -109.38464616395771 155.29135978708882
    endloop
  endfacet
  facet normal -0.88966848752173688 -5.9983996446336708e-08 -0.45660703269965269
    outer loop
      vertex 285.62653903981425 -132.72648976415394 208.33108239395821
      vertex 292.32634845968147 -154.87018426382826 195.27695147147057
      vertex 278.76892362959939 -158.60635712139933 221.69269412016789
    endloop
  endfacet
  facet normal -0.88966853322636952 -7.6514801142665323e-09 -0.45660694364720317
    outer loop
      vertex 176.8933838490463 -58.681380038430859 420.19066875204362
      vertex 187.67093478838544 -31.956383528203617 399.19132068284603
      vertex 194.05102912148544 -58.060161145621294 386.76012784529667
    endloop
  endfacet
  facet normal -0.8896685616427602 -4.9998506887347372e-08 -0.45660688827973228
    outer loop
      vertex 187.83760972833366 -84.529934459623689 398.86656555987958
      vertex 174.22868407217709 -93.14885174150217 425.38266519771872
      vertex 176.8933838490463 -58.681380038430859 420.19066875204362
    endloop
  endfacet
  facet normal -0.88966886187864969 -1.8374230215711873e-15 -0.45660630328933066
    outer loop
      vertex 258.38242028045204 -83.481846484254447 261.41452253485033
      vertex 251.48578191538996 -57.556277366833115 274.85219161833083
      vertex 265.7312102107461 -57.809389767614903 247.09586436834837
    endloop
  endfacet
  facet normal -0.88966872806307418 4.034557858864967e-08 -0.45660656402052546
    outer loop
      vertex 216.45314907268192 -83.425900659622755 343.11100667560078
      vertex 209.05991395954868 -57.654929485441585 357.51625538950577
      vertex 223.35339231123228 -57.515810193338723 329.6663257101003
    endloop
  endfacet
  facet normal -0.88966855966411562 4.965055816941828e-08 -0.45660689213499117
    outer loop
      vertex 187.91151699950018 -133.10195136190694 398.72256211855085
      vertex 176.983178449923 -158.46187661285029 420.01570973690815
      vertex 174.42102373872243 -124.59881967655261 425.0079037053606
    endloop
  endfacet
  facet normal -0.88966884794492862 -1.7340556301139347e-08 -0.45660633043831422
    outer loop
      vertex 202.31839826332543 -83.637242823964471 370.65167764186901
      vertex 194.05102912148544 -58.060161145621294 386.76012784529667
      vertex 209.05991395954868 -57.654929485441585 357.51625538950577
    endloop
  endfacet
  facet normal -0.88966850366101113 -8.3405305354366496e-08 -0.4566070012533428
    outer loop
      vertex 285.62653903981425 -132.72648976415394 208.33108239395821
      vertex 300.15703166573724 -127.18438973849025 180.01937876541433
      vertex 292.32634845968147 -154.87018426382826 195.27695147147057
    endloop
  endfacet
  facet normal -0.88966867778657677 -2.3875276538261607e-08 -0.4566066619810577
    outer loop
      vertex 230.42965719264072 -83.318012156827479 315.87868061232314
      vertex 216.45314907268192 -83.425900659622755 343.11100667560078
      vertex 223.35339231123228 -57.515810193338723 329.6663257101003
    endloop
  endfacet
  facet normal -0.88966853250062106 -6.4938923615241311e-09 -0.45660694506127636
    outer loop
      vertex 187.91151699950018 -133.10195136190694 398.72256211855085
      vertex 194.10445623242734 -159.63704750669277 386.65602864484651
      vertex 176.983178449923 -158.46187661285029 420.01570973690815
    endloop
  endfacet
  facet normal -0.88966882134962966 5.2849468090370047e-08 -0.45660638225758293
    outer loop
      vertex 251.28233323908921 -109.00000000000148 275.24859865649768
      vertex 258.19508447571712 -134.42684937385584 261.77953464919693
      vertex 244.32122039151284 -134.64202998433424 288.81188631050975
    endloop
  endfacet
  facet normal -0.88966865332907452 1.6361623568720514e-07 -0.45660670963489386
    outer loop
      vertex 244.32122039151284 -134.64202998433424 288.81188631050975
      vertex 251.23791269001259 -160.37493886706926 275.33514932182209
      vertex 237.35126530801733 -160.51545574978067 302.39238390009484
    endloop
  endfacet
  facet normal -0.88966865758841707 -1.6956634284756424e-07 -0.45660670133583781
    outer loop
      vertex 244.40344988188474 -83.289668955986883 288.65166757417484
      vertex 237.42211558785417 -57.442269168506357 302.25433680466608
      vertex 251.48578191538996 -57.556277366833115 274.85219161833083
    endloop
  endfacet
  facet normal -0.88966855391909228 -2.2379031941101883e-08 -0.45660690332879394
    outer loop
      vertex 290.74228558875302 -109.44347467897006 198.36339211636906
      vertex 300.84509022561576 -94.288471345710775 178.67874025185949
      vertex 300.15703166573724 -127.18438973849025 180.01937876541433
    endloop
  endfacet
  facet normal -0.88966885025536857 1.4609038512171084e-08 -0.45660632593656747
    outer loop
      vertex 272.50937257723717 -83.675744872852988 233.88903836795555
      vertex 265.7312102107461 -57.809389767614903 247.09586436834837
      vertex 280.64120635048698 -58.505287272573582 218.04466998133842
    endloop
  endfacet
  facet normal -0.88966869647778524 4.5116298573064807e-16 -0.45660662556244003
    outer loop
      vertex 176.8933838490463 -58.681380038430859 420.19066875204362
      vertex 162.68775997635163 -75.074640003025195 447.86941488917279
      vertex 162.01679826174018 -39.148034205974682 449.17674071540142
    endloop
  endfacet
  facet normal -0.88966869647778546 -1.6050623405665669e-16 -0.45660662556243964
    outer loop
      vertex 176.8933838490463 -58.681380038430859 420.19066875204362
      vertex 162.01679826174018 -39.148034205974682 449.17674071540142
      vertex 175.25389124824596 -28.308375394948712 423.38511483184442
    endloop
  endfacet
  facet normal -0.88966870631855566 2.0223116592412702e-07 -0.45660660638828532
    outer loop
      vertex 187.83760972833366 -84.529934459623689 398.86656555987958
      vertex 194.05102912148544 -58.060161145621294 386.76012784529667
      vertex 202.31839826332543 -83.637242823964471 370.65167764186901
    endloop
  endfacet
  facet normal -0.88966858282585015 3.333811635548073e-09 -0.45660684700587151
    outer loop
      vertex 184.10744112785133 -108.86947122156712 406.13455295445414
      vertex 174.42102373872243 -124.59881967655261 425.0079037053606
      vertex 174.22868407217709 -93.14885174150217 425.38266519771872
    endloop
  endfacet
  facet normal -0.88966867837702002 2.3583608548937806e-08 -0.45660666083061685
    outer loop
      vertex 223.35339231123228 -57.515810193338723 329.6663257101003
      vertex 216.29819965961198 -31.543468432844918 343.41291565945778
      vertex 230.40025165840157 -31.451858063729333 315.93597535555631
    endloop
  endfacet
  facet normal -0.88966859346951233 -8.6523869050146073e-08 -0.45660682626738308
    outer loop
      vertex 223.35339231123228 -57.515810193338723 329.6663257101003
      vertex 230.40025165840157 -31.451858063729333 315.93597535555631
      vertex 237.42211558785417 -57.442269168506357 302.25433680466608
    endloop
  endfacet
  facet normal -0.8896688097480433 6.7889703132111652e-08 -0.4566064048625415
    outer loop
      vertex 209.05991395954868 -57.654929485441585 357.51625538950577
      vertex 202.02179852609416 -31.733354646933549 371.22958370395168
      vertex 216.29819965961198 -31.543468432844918 343.41291565945778
    endloop
  endfacet
  facet normal -0.88966872789813056 -4.0937785497608285e-08 -0.45660656434190744
    outer loop
      vertex 209.05991395954868 -57.654929485441585 357.51625538950577
      vertex 216.29819965961198 -31.543468432844918 343.41291565945778
      vertex 223.35339231123228 -57.515810193338723 329.6663257101003
    endloop
  endfacet
  facet normal -0.88966884909367894 1.580607161332477e-08 -0.45660632820004626
    outer loop
      vertex 202.38598072482341 -134.1839974038914 370.51999743690749
      vertex 209.098117916597 -160.22470517995498 357.44181736545403
      vertex 194.10445623242734 -159.63704750669277 386.65602864484651
    endloop
  endfacet
  facet normal -0.88966856723078758 -3.0518064473624941e-08 -0.45660687739182887
    outer loop
      vertex 196.12372390796938 -108.8656514255205 382.7216136978027
      vertex 187.91151699950018 -133.10195136190694 398.72256211855085
      vertex 184.10744112785133 -108.86947122156712 406.13455295445414
    endloop
  endfacet
  facet normal -0.88966865392467054 1.6666636246413642e-07 -0.45660670847441243
    outer loop
      vertex 251.28233323908921 -109.00000000000148 275.24859865649768
      vertex 237.39336058263865 -108.95600284055794 302.31036403501975
      vertex 244.40344988188474 -83.289668955986883 288.65166757417484
    endloop
  endfacet
  facet normal -0.8896688618786498 1.168330166397333e-15 -0.45660630328933011
    outer loop
      vertex 258.19508447571712 -134.42684937385584 261.77953464919693
      vertex 265.0603950218341 -159.88362171992054 248.40290586416427
      vertex 251.23791269001259 -160.37493886706926 275.33514932182209
    endloop
  endfacet
  facet normal -0.88966886187865002 -1.3796557084047069e-15 -0.45660630328933005
    outer loop
      vertex 272.50937257723717 -83.675744872852988 233.88903836795555
      vertex 258.38242028045204 -83.481846484254447 261.41452253485033
      vertex 265.7312102107461 -57.809389767614903 247.09586436834837
    endloop
  endfacet
  facet normal -0.88966851615715348 7.3738333200161216e-08 -0.45660697690543822
    outer loop
      vertex 290.74228558875302 -109.44347467897006 198.36339211636906
      vertex 300.15703166573724 -127.18438973849025 180.01937876541433
      vertex 285.62653903981425 -132.72648976415394 208.33108239395821
    endloop
  endfacet
  facet normal -0.88966859365839346 8.6788173741504343e-08 -0.45660682589936058
    outer loop
      vertex 230.42965719264072 -83.318012156827479 315.87868061232314
      vertex 223.35339231123228 -57.515810193338723 329.6663257101003
      vertex 237.42211558785417 -57.442269168506357 302.25433680466608
    endloop
  endfacet
  facet normal -0.88966880700943174 -6.828489285125011e-08 -0.45660641019855341
    outer loop
      vertex 216.45314907268192 -83.425900659622755 343.11100667560078
      vertex 202.31839826332543 -83.637242823964471 370.65167764186901
      vertex 209.05991395954868 -57.654929485441585 357.51625538950577
    endloop
  endfacet
  facet normal -0.88966886187865024 7.6802843036065011e-16 -0.45660630328932955
    outer loop
      vertex 271.98882228501327 -133.8955519605953 234.90329809826846
      vertex 265.0603950218341 -159.88362171992054 248.40290586416427
      vertex 258.19508447571712 -134.42684937385584 261.77953464919693
    endloop
  endfacet
  facet normal -0.88966886187865002 1.4918021867073191e-15 -0.45660630328933005
    outer loop
      vertex 265.17940251129505 -108.99999999999748 248.17102720427491
      vertex 258.38242028045204 -83.481846484254447 261.41452253485033
      vertex 272.50937257723717 -83.675744872852988 233.88903836795555
    endloop
  endfacet
  facet normal -0.88966882100877831 -5.2558958077082156e-08 -0.45660638292171024
    outer loop
      vertex 258.19508447571712 -134.42684937385584 261.77953464919693
      vertex 251.23791269001259 -160.37493886706926 275.33514932182209
      vertex 244.32122039151284 -134.64202998433424 288.81188631050975
    endloop
  endfacet
  facet normal -0.88966886187864935 4.4226262416371661e-16 -0.45660630328933149
    outer loop
      vertex 278.64843637407984 -108.76647770596949 221.92745601179482
      vertex 271.98882228501327 -133.8955519605953 234.90329809826846
      vertex 265.17940251129505 -108.99999999999748 248.17102720427491
    endloop
  endfacet
  facet normal -0.8896686541436325 -1.6486831696865862e-07 -0.45660670804778003
    outer loop
      vertex 251.28233323908921 -109.00000000000148 275.24859865649768
      vertex 244.32122039151284 -134.64202998433424 288.81188631050975
      vertex 237.39336058263865 -108.95600284055794 302.31036403501975
    endloop
  endfacet
  facet normal -0.88966870853412927 -2.0354853409330846e-07 -0.45660660207138165
    outer loop
      vertex 202.38598072482341 -134.1839974038914 370.51999743690749
      vertex 194.10445623242734 -159.63704750669277 386.65602864484651
      vertex 187.91151699950018 -133.10195136190694 398.72256211855085
    endloop
  endfacet
  facet normal -0.88966851220276677 1.2086576058961021e-07 -0.45660698461028909
    outer loop
      vertex 286.88301950334642 -84.867874731858933 205.88291417832826
      vertex 297.57493646426821 -59.926587458446193 185.05042768277059
      vertex 300.84509022561576 -94.288471345710775 178.67874025185949
    endloop
  endfacet
  facet normal -0.88966845084657331 -5.2908172131730891e-09 -0.45660710415877043
    outer loop
      vertex 286.88301950334642 -84.867874731858933 205.88291417832826
      vertex 280.64120635048698 -58.505287272573582 218.04466998133842
      vertex 297.57493646426821 -59.926587458446193 185.05042768277059
    endloop
  endfacet
  facet normal -0.88966867802242189 -2.4345598643552448e-08 -0.45660666152152846
    outer loop
      vertex 223.49980602275531 -108.98524059505637 329.38104799272878
      vertex 230.41323043701263 -134.66040574310119 315.91068706179658
      vertex 216.48095768687756 -134.50540966476962 343.05682337611006
    endloop
  endfacet
  facet normal -0.88966867786461368 2.4613276623150137e-08 -0.45660666182900772
    outer loop
      vertex 223.49980602275531 -108.98524059505637 329.38104799272878
      vertex 216.45314907268192 -83.425900659622755 343.11100667560078
      vertex 230.42965719264072 -83.318012156827479 315.87868061232314
    endloop
  endfacet
  facet normal -0.88966880641574619 6.8568834337192067e-08 -0.45660641135531255
    outer loop
      vertex 216.48095768687756 -134.50540966476962 343.05682337611006
      vertex 209.098117916597 -160.22470517995498 357.44181736545403
      vertex 202.38598072482341 -134.1839974038914 370.51999743690749
    endloop
  endfacet
  facet normal -0.88966880745687449 7.5249431316873917e-08 -0.45660640932673868
    outer loop
      vertex 209.61710936326389 -108.95538201075814 356.43059494834182
      vertex 202.31839826332543 -83.637242823964471 370.65167764186901
      vertex 216.45314907268192 -83.425900659622755 343.11100667560078
    endloop
  endfacet
  facet normal -0.88966886187864969 3.1180184556049808e-17 -0.45660630328933066
    outer loop
      vertex 271.98882228501327 -133.8955519605953 234.90329809826846
      vertex 278.76892362959939 -158.60635712139933 221.69269412016789
      vertex 265.0603950218341 -159.88362171992054 248.40290586416427
    endloop
  endfacet
  facet normal -0.88966870114924357 2.1152447285888805e-07 -0.45660661646035444
    outer loop
      vertex 271.98882228501327 -133.8955519605953 234.90329809826846
      vertex 285.62653903981425 -132.72648976415394 208.33108239395821
      vertex 278.76892362959939 -158.60635712139933 221.69269412016789
    endloop
  endfacet
  facet normal -0.88966857271057409 3.3821571780943098e-08 -0.45660686671482359
    outer loop
      vertex 184.10744112785133 -108.86947122156712 406.13455295445414
      vertex 174.22868407217709 -93.14885174150217 425.38266519771872
      vertex 187.83760972833366 -84.529934459623689 398.86656555987958
    endloop
  endfacet
  facet normal -0.88966857052523374 -3.2998618865041285e-08 -0.45660687097281633
    outer loop
      vertex 184.10744112785133 -108.86947122156712 406.13455295445414
      vertex 187.91151699950018 -133.10195136190694 398.72256211855085
      vertex 174.42102373872243 -124.59881967655261 425.0079037053606
    endloop
  endfacet
  facet normal -0.88966886187865024 1.3540083841080383e-15 -0.45660630328932994
    outer loop
      vertex 265.17940251129505 -108.99999999999748 248.17102720427491
      vertex 251.28233323908921 -109.00000000000148 275.24859865649768
      vertex 258.38242028045204 -83.481846484254447 261.41452253485033
    endloop
  endfacet
  facet normal -0.88966886187865024 -8.1663640499158941e-16 -0.45660630328932955
    outer loop
      vertex 265.17940251129505 -108.99999999999748 248.17102720427491
      vertex 271.98882228501327 -133.8955519605953 234.90329809826846
      vertex 258.19508447571712 -134.42684937385584 261.77953464919693
    endloop
  endfacet
  facet normal -0.88966852669947261 1.0773205826319688e-15 -0.45660695636443155
    outer loop
      vertex 244.40344988188474 -83.289668955986883 288.65166757417484
      vertex 230.42965719264072 -83.318012156827479 315.87868061232314
      vertex 237.42211558785417 -57.442269168506357 302.25433680466608
    endloop
  endfacet
  facet normal -0.88966882331536745 4.9203871498516745e-08 -0.45660637842746665
    outer loop
      vertex 244.40344988188474 -83.289668955986883 288.65166757417484
      vertex 251.48578191538996 -57.556277366833115 274.85219161833083
      vertex 258.38242028045204 -83.481846484254447 261.41452253485033
    endloop
  endfacet
  facet normal -0.88966867392599813 -2.5862697188189693e-07 -0.45660666950307344
    outer loop
      vertex 286.88301950334642 -84.867874731858933 205.88291417832826
      vertex 272.50937257723717 -83.675744872852988 233.88903836795555
      vertex 280.64120635048698 -58.505287272573582 218.04466998133842
    endloop
  endfacet
  facet normal -0.88966866546811363 2.3049926356248783e-07 -0.4566066859827313
    outer loop
      vertex 278.64843637407984 -108.76647770596949 221.92745601179482
      vertex 272.50937257723717 -83.675744872852988 233.88903836795555
      vertex 286.88301950334642 -84.867874731858933 205.88291417832826
    endloop
  endfacet
  facet normal -0.88966872772936478 -3.976890796627007e-08 -0.45660656467073718
    outer loop
      vertex 216.48095768687756 -134.50540966476962 343.05682337611006
      vertex 223.36145768378466 -160.43907658380041 329.65061084946626
      vertex 209.098117916597 -160.22470517995498 357.44181736545403
    endloop
  endfacet
  facet normal -0.88966867791115267 2.3626792245370602e-08 -0.45660666173832903
    outer loop
      vertex 216.48095768687756 -134.50540966476962 343.05682337611006
      vertex 230.41323043701263 -134.66040574310119 315.91068706179658
      vertex 223.36145768378466 -160.43907658380041 329.65061084946626
    endloop
  endfacet
  facet normal -0.88966852669947216 2.1788529865428724e-16 -0.45660695636443188
    outer loop
      vertex 237.39336058263865 -108.95600284055794 302.31036403501975
      vertex 244.32122039151284 -134.64202998433424 288.81188631050975
      vertex 230.41323043701263 -134.66040574310119 315.91068706179658
    endloop
  endfacet
  facet normal -0.88966852669947261 -7.3929284535770307e-16 -0.45660695636443155
    outer loop
      vertex 237.39336058263865 -108.95600284055794 302.31036403501975
      vertex 230.42965719264072 -83.318012156827479 315.87868061232314
      vertex 244.40344988188474 -83.289668955986883 288.65166757417484
    endloop
  endfacet
  facet normal -0.88966880709977303 -7.5308139922739471e-08 -0.45660641002252839
    outer loop
      vertex 209.61710936326389 -108.95538201075814 356.43059494834182
      vertex 216.48095768687756 -134.50540966476962 343.05682337611006
      vertex 202.38598072482341 -134.1839974038914 370.51999743690749
    endloop
  endfacet
  facet normal -0.88966870241314289 1.8918134341557594e-07 -0.45660661399773728
    outer loop
      vertex 196.12372390796938 -108.8656514255205 382.7216136978027
      vertex 202.38598072482341 -134.1839974038914 370.51999743690749
      vertex 187.91151699950018 -133.10195136190694 398.72256211855085
    endloop
  endfacet
  facet normal -0.88966870128850128 -1.8913135205878851e-07 -0.45660661618902926
    outer loop
      vertex 196.12372390796938 -108.8656514255205 382.7216136978027
      vertex 187.83760972833366 -84.529934459623689 398.86656555987958
      vertex 202.31839826332543 -83.637242823964471 370.65167764186901
    endloop
  endfacet
  facet normal -0.88966856723478493 2.9796460301802162e-08 -0.45660687738404021
    outer loop
      vertex 196.12372390796938 -108.8656514255205 382.7216136978027
      vertex 184.10744112785133 -108.86947122156712 406.13455295445414
      vertex 187.83760972833366 -84.529934459623689 398.86656555987958
    endloop
  endfacet
  facet normal -0.8896688618786498 -1.9024829090561739e-16 -0.45660630328933016
    outer loop
      vertex 209.61710936326389 -108.95538201075814 356.43059494834182
      vertex 202.38598072482341 -134.1839974038914 370.51999743690749
      vertex 196.12372390796938 -108.8656514255205 382.7216136978027
    endloop
  endfacet
  facet normal -0.8896688618786498 2.2836208654715409e-16 -0.45660630328933016
    outer loop
      vertex 209.61710936326389 -108.95538201075814 356.43059494834182
      vertex 196.12372390796938 -108.8656514255205 382.7216136978027
      vertex 202.31839826332543 -83.637242823964471 370.65167764186901
    endloop
  endfacet
  facet normal -0.88966872225959426 3.4010367312180828e-08 -0.45660657532823545
    outer loop
      vertex 223.49980602275531 -108.98524059505637 329.38104799272878
      vertex 216.48095768687756 -134.50540966476962 343.05682337611006
      vertex 209.61710936326389 -108.95538201075814 356.43059494834182
    endloop
  endfacet
  facet normal -0.88966872229015082 -3.4133193429191109e-08 -0.45660657526869797
    outer loop
      vertex 223.49980602275531 -108.98524059505637 329.38104799272878
      vertex 209.61710936326389 -108.95538201075814 356.43059494834182
      vertex 216.45314907268192 -83.425900659622755 343.11100667560078
    endloop
  endfacet
  facet normal -0.88966859265535336 8.5906210691392201e-08 -0.4566068278537187
    outer loop
      vertex 237.39336058263865 -108.95600284055794 302.31036403501975
      vertex 230.41323043701263 -134.66040574310119 315.91068706179658
      vertex 223.49980602275531 -108.98524059505637 329.38104799272878
    endloop
  endfacet
  facet normal -0.8896685925800053 -8.5827887057066853e-08 -0.45660682800052949
    outer loop
      vertex 237.39336058263865 -108.95600284055794 302.31036403501975
      vertex 223.49980602275531 -108.98524059505637 329.38104799272878
      vertex 230.42965719264072 -83.318012156827479 315.87868061232314
    endloop
  endfacet
  facet normal -0.88966886187865024 -9.9445706032269827e-16 -0.45660630328932994
    outer loop
      vertex 265.17940251129505 -108.99999999999748 248.17102720427491
      vertex 258.19508447571712 -134.42684937385584 261.77953464919693
      vertex 251.28233323908921 -109.00000000000148 275.24859865649768
    endloop
  endfacet
  facet normal -0.88966882360280575 -5.1080523625575703e-08 -0.45660637786741104
    outer loop
      vertex 251.28233323908921 -109.00000000000148 275.24859865649768
      vertex 244.40344988188474 -83.289668955986883 288.65166757417484
      vertex 258.38242028045204 -83.481846484254447 261.41452253485033
    endloop
  endfacet
  facet normal -0.88966886187864935 4.9710397498233544e-16 -0.45660630328933149
    outer loop
      vertex 278.64843637407984 -108.76647770596949 221.92745601179482
      vertex 265.17940251129505 -108.99999999999748 248.17102720427491
      vertex 272.50937257723717 -83.675744872852988 233.88903836795555
    endloop
  endfacet
  facet normal -0.88966850101077111 -4.1293249045559865e-08 -0.45660700641716595
    outer loop
      vertex 278.64843637407984 -108.76647770596949 221.92745601179482
      vertex 286.88301950334642 -84.867874731858933 205.88291417832826
      vertex 290.74228558875302 -109.44347467897006 198.36339211636906
    endloop
  endfacet
  facet normal -0.88966849986858254 5.6572393597688313e-08 -0.45660700864264314
    outer loop
      vertex 278.64843637407984 -108.76647770596949 221.92745601179482
      vertex 290.74228558875302 -109.44347467897006 198.36339211636906
      vertex 285.62653903981425 -132.72648976415394 208.33108239395821
    endloop
  endfacet
  facet normal -0.88966869354461253 -2.1397374966906746e-07 -0.45660663127748841
    outer loop
      vertex 278.64843637407984 -108.76647770596949 221.92745601179482
      vertex 285.62653903981425 -132.72648976415394 208.33108239395821
      vertex 271.98882228501327 -133.8955519605953 234.90329809826846
    endloop
  endfacet
  facet normal -0.88966848863227044 6.0274843502175409e-16 -0.45660703053585555
    outer loop
      vertex 339.33457751188314 11.516756323455681 103.68442859339423
      vertex 348.4194118878678 24.430476247423975 85.983231878855094
      vertex 348.34305448532945 -4.3767090014055263 86.132009208964178
    endloop
  endfacet
  facet normal -0.88966860933415859 -6.4849427444583203e-08 -0.4566067953561575
    outer loop
      vertex 327.29616150975062 14.550529077569401 127.14049787530415
      vertex 335.97836038462685 41.478901373661273 110.22379487433753
      vertex 339.33457751188314 11.516756323455681 103.68442859339423
    endloop
  endfacet
  facet normal -0.88966848863227022 2.469326100907527e-16 -0.45660703053585577
    outer loop
      vertex 336.87852455093474 -219.16738692564485 108.46988475074565
      vertex 347.527494073073 -210.10418800370056 87.721074533930803
      vertex 344.94517654359333 -241.27065396940938 92.752548821404304
    endloop
  endfacet
  facet normal -0.88966854071428858 -9.1167395018676972e-08 -0.45660692905747713
    outer loop
      vertex 336.87852455093474 -219.16738692564485 108.46988475074565
      vertex 344.94517654359333 -241.27065396940938 92.752548821404304
      vertex 329.16192415682974 -239.84067001660753 123.505176726711
    endloop
  endfacet
  facet normal -0.88966869647778568 1.518635906843752e-15 -0.45660662556243947
    outer loop
      vertex 137.98704074937035 -219.29789561144071 495.99721028620672
      vertex 129.83743256977647 -241.46934583398269 511.87619863205691
      vertex 127.34617151176408 -210.18575837775495 516.73026086853383
    endloop
  endfacet
  facet normal -0.88966871849914009 3.8824179709061873e-08 -0.45660658265523973
    outer loop
      vertex 137.98704074937035 -219.29789561144071 495.99721028620672
      vertex 145.29938626723444 -239.53829620699622 481.74957107328271
      vertex 129.83743256977647 -241.46934583398269 511.87619863205691
    endloop
  endfacet
  facet normal -0.8896684492374477 -2.821824497369119e-10 -0.45660710729404441
    outer loop
      vertex 126.623747460849 -268.95297278098434 518.13785775324857
      vertex 116.07128008283887 -291.50775209851361 538.69863559532848
      vertex 115.85568663474287 -256.26948457116418 539.1187050064824
    endloop
  endfacet
  facet normal -0.88966847910682612 -1.2191191920245158e-07 -0.45660704909553446
    outer loop
      vertex 126.623747460849 -268.95297278098434 518.13785775324857
      vertex 115.85568663474287 -256.26948457116418 539.1187050064824
      vertex 129.83743256977647 -241.46934583398269 511.87619863205691
    endloop
  endfacet
  facet normal -0.88966878632676627 -3.5177800753977251e-10 -0.4566064504974266
    outer loop
      vertex 348.26554804974927 -269.01543274878588 86.283025353680571
      vertex 359.04851284428327 -256.19704748525589 65.273100513995018
      vertex 358.83067735500583 -291.49754660415255 65.697539212947177
    endloop
  endfacet
  facet normal -0.88966874932618067 -1.4964126558038443e-07 -0.45660652259069517
    outer loop
      vertex 348.26554804974927 -269.01543274878588 86.283025353680571
      vertex 344.94517654359333 -241.27065396940938 92.752548821404304
      vertex 359.04851284428327 -256.19704748525589 65.273100513995018
    endloop
  endfacet
  facet normal -0.88966877698964353 1.5297807068987124e-16 -0.45660646869021931
    outer loop
      vertex 303.32588059608935 -156.74372788487665 173.8450773797633
      vertex 312.79933293957674 -177.98696410154128 155.38665565727524
      vertex 298.89674431095358 -182.63095837025548 182.47496883360199
    endloop
  endfacet
  facet normal -0.88966863044332278 -1.2026080252061476e-07 -0.45660675422631236
    outer loop
      vertex 303.32588059608935 -156.74372788487665 173.8450773797633
      vertex 298.89674431095358 -182.63095837025548 182.47496883360199
      vertex 292.32634845968147 -154.87018426382826 195.27695147147057
    endloop
  endfacet
endsolid OBJECT
