solid OBJECT
  facet normal -0.73842923443699571 -1.6406454977093457e-07 0.67433097639717365
    outer loop
      vertex 209.22256469726562 -317.72772216796875 253.71380615234375
      vertex 219.44737243652344 -344 264.9105224609375
      vertex 229.63496398925781 -317.70635986328125 276.06649780273438
    endloop
  endfacet
  facet normal -0.73842912376406189 -3.1416501560317978e-08 0.67433109759007748
    outer loop
      vertex 127.46305847167969 87.802536010742188 164.18272399902344
      vertex 137.72105407714844 114 175.41578674316406
      vertex 117.28947448730469 114 153.04209899902344
    endloop
  endfacet
  facet normal -0.73842910098504777 -0 0.67433112253433325
    outer loop
      vertex 11.441844940185547 -298.558349609375 37.133220672607422
      vertex -5.3000001907348633 -282.93331909179688 18.799993515014648
      vertex -5.3000001907348633 -313.4666748046875 18.799993515014648
    endloop
  endfacet
  facet normal -0.7384290051956599 -1.3724640987025011e-07 0.67433122742887197
    outer loop
      vertex 137.62452697753906 61.606170654296875 175.31007385253906
      vertex 127.46305847167969 87.802536010742188 164.18272399902344
      vertex 117.1806640625 61.649971008300781 152.92294311523438
    endloop
  endfacet
  facet normal -0.73842909296950343 3.1911257373082173e-08 0.6743311313117879
    outer loop
      vertex 31.640565872192383 23.457443237304688 59.251914978027344
      vertex 13.246134757995605 38.819648742675781 39.109016418457031
      vertex 13.174413681030273 7.6610107421875 39.030479431152344
    endloop
  endfacet
  facet normal -0.73842863664155245 2.4149954345260641e-07 0.67433163101521476
    outer loop
      vertex 219.5279541015625 61.300647735595703 264.998779296875
      vertex 239.97271728515625 61.229358673095703 287.38687133789062
      vertex 229.69938659667969 87.647712707519531 276.13702392578125
    endloop
  endfacet
  facet normal -0.73842912648500325 3.7934410964937987e-08 0.67433109461049878
    outer loop
      vertex 8.3763713836669922 93.851432800292969 33.776363372802734
      vertex 15.131577491760254 114 41.173679351806641
      vertex -5.3000001907348633 114 18.799993515014648
    endloop
  endfacet
  facet normal -0.73842900926344812 2.0837719966929466e-08 0.67433122297443848
    outer loop
      vertex 45.150470733642578 87.009140014648438 74.045989990234375
      vertex 55.994735717773438 114 85.921043395996094
      vertex 35.563156127929688 114 63.54736328125
    endloop
  endfacet
  facet normal -0.73842912376405634 -1.2758640988907836e-07 0.67433109759007237
    outer loop
      vertex 209.25587463378906 87.681533813476562 253.75027465820312
      vertex 219.44737243652344 114 264.9105224609375
      vertex 199.01579284667969 114 242.53683471679688
    endloop
  endfacet
  facet normal -0.73842912376402792 -3.050099335656059e-07 0.6743310975900465
    outer loop
      vertex 107.11898803710938 -317.55258178710938 141.90487670898438
      vertex 96.857894897460938 -344 130.66841125488281
      vertex 117.28947448730469 -344 153.04209899902344
    endloop
  endfacet
  facet normal -0.73842910388059135 -0 0.67433111936355605
    outer loop
      vertex 8.5755882263183594 -323.39691162109375 33.994514465332031
      vertex -5.3000001907348633 -313.4666748046875 18.799993515014648
      vertex -5.3000001907348633 -344 18.799993515014648
    endloop
  endfacet
  facet normal -0.73842901015190976 -2.3802932732950327e-07 0.67433122200148365
    outer loop
      vertex 96.684890747070312 61.473930358886719 130.47895812988281
      vertex 107.02318572998047 87.761360168457031 141.79995727539062
      vertex 86.514152526855469 87.644325256347656 119.34146118164062
    endloop
  endfacet
  facet normal -0.73842921697100083 -6.3154391836338653e-08 0.67433099552340814
    outer loop
      vertex 127.55126190185547 -317.6708984375 164.27931213378906
      vertex 137.72105407714844 -344 175.41578674316406
      vertex 147.95925903320312 -317.707763671875 186.62718200683594
    endloop
  endfacet
  facet normal -0.73842912376403769 -2.5836551686105726e-07 0.67433109759005538
    outer loop
      vertex 229.63496398925781 -317.70635986328125 276.06649780273438
      vertex 219.44737243652344 -344 264.9105224609375
      vertex 239.87895202636719 -344 287.28421020507812
    endloop
  endfacet
  facet normal -0.73842914022879336 0 0.67433107956030391
    outer loop
      vertex 12.966799736022949 -23.146251678466797 38.803131103515625
      vertex -5.3000001907348633 -8.1333332061767578 18.799993515014648
      vertex -5.3000001907348633 -38.666667938232422 18.799993515014648
    endloop
  endfacet
  facet normal -0.73842900926344224 1.2655121788226465e-07 0.67433122297443315
    outer loop
      vertex 86.514152526855469 87.644325256347656 119.34146118164062
      vertex 96.857894897460938 114 130.66841125488281
      vertex 76.426315307617188 114 108.29473114013672
    endloop
  endfacet
  facet normal -0.73842904783052721 -1.9225072517271245e-07 0.6743311807413801
    outer loop
      vertex 229.69938659667969 87.647712707519531 276.13702392578125
      vertex 219.44737243652344 114 264.9105224609375
      vertex 209.25587463378906 87.681533813476562 253.75027465820312
    endloop
  endfacet
  facet normal -0.73842913357425533 2.863088029536723e-07 0.67433108684732324
    outer loop
      vertex 147.90077209472656 87.77557373046875 186.56312561035156
      vertex 168.34390258789062 87.736717224121094 208.949462890625
      vertex 158.15263366699219 114 197.78945922851562
    endloop
  endfacet
  facet normal -0.73842900558309177 6.7166337024484201e-08 0.67433122700462411
    outer loop
      vertex 86.606216430664062 -317.143310546875 119.44226837158203
      vertex 66.02197265625 -316.78900146484375 96.901412963867188
      vertex 76.426315307617188 -344 108.29473114013672
    endloop
  endfacet
  facet normal -0.73842879219620017 -9.3418662104135106e-08 0.67433146067468352
    outer loop
      vertex 107.34131622314453 -212.60679626464844 142.14833068847656
      vertex 98.099136352539062 -238.26495361328125 132.02764892578125
      vertex 117.65670776367188 -238.547119140625 153.44422912597656
    endloop
  endfacet
  facet normal -0.73842912440670372 -2.699700514306739e-08 0.67433109688635018
    outer loop
      vertex 66.674674987792969 -69.297576904296875 97.616157531738281
      vertex 48.466484069824219 -84.57855224609375 77.677200317382812
      vertex 66.247123718261719 -99.900741577148438 97.147964477539062
    endloop
  endfacet
  facet normal -0.73842912376403036 2.9468047139536322e-07 0.67433109759004861
    outer loop
      vertex 168.34390258789062 87.736717224121094 208.949462890625
      vertex 178.58421325683594 114 220.16314697265625
      vertex 158.15263366699219 114 197.78945922851562
    endloop
  endfacet
  facet normal -0.73842893523514685 -1.4557271955427863e-07 0.67433130403939145
    outer loop
      vertex 107.11898803710938 -317.55258178710938 141.90487670898438
      vertex 117.28947448730469 -344 153.04209899902344
      vertex 127.55126190185547 -317.6708984375 164.27931213378906
    endloop
  endfacet
  facet normal -0.73842908708463872 -0 0.6743311377560337
    outer loop
      vertex 12.64252758026123 -206.94033813476562 38.448032379150391
      vertex -5.3000001907348633 -191.33332824707031 18.799993515014648
      vertex -5.3000001907348633 -221.86666870117188 18.799993515014648
    endloop
  endfacet
  facet normal -0.73842911375443443 0 0.67433110855116329
    outer loop
      vertex 12.701886177062988 -53.867198944091797 38.513034820556641
      vertex -5.3000001907348633 -38.666667938232422 18.799993515014648
      vertex -5.3000001907348633 -69.199996948242188 18.799993515014648
    endloop
  endfacet
  facet normal -0.73842912376406189 -3.2207319235305896e-08 0.67433109759007748
    outer loop
      vertex 66.02197265625 -316.78900146484375 96.901412963867188
      vertex 55.994735717773438 -344 85.921043395996094
      vertex 76.426315307617188 -344 108.29473114013672
    endloop
  endfacet
  facet normal -0.7384290092634398 -1.5150697012822364e-07 0.67433122297443093
    outer loop
      vertex 45.211936950683594 -316.56637573242188 74.113304138183594
      vertex 35.563156127929688 -344 63.54736328125
      vertex 55.994735717773438 -344 85.921043395996094
    endloop
  endfacet
  facet normal -0.73842889476276807 8.1001063863001003e-08 0.67433134835882447
    outer loop
      vertex 147.90077209472656 87.77557373046875 186.56312561035156
      vertex 158.15263366699219 114 197.78945922851562
      vertex 137.72105407714844 114 175.41578674316406
    endloop
  endfacet
  facet normal -0.73842912376406222 1.6018764343636152e-08 0.67433109759007781
    outer loop
      vertex 127.55126190185547 -317.6708984375 164.27931213378906
      vertex 117.28947448730469 -344 153.04209899902344
      vertex 137.72105407714844 -344 175.41578674316406
    endloop
  endfacet
  facet normal -0.73842916161776462 -3.366562990381248e-08 0.67433105613821753
    outer loop
      vertex 25.385772705078125 -319.29501342773438 52.402576446533203
      vertex 35.563156127929688 -344 63.54736328125
      vertex 45.211936950683594 -316.56637573242188 74.113304138183594
    endloop
  endfacet
  facet normal -0.73842908666234097 1.0676680870233112e-09 0.67433113821847268
    outer loop
      vertex 12.64252758026123 -206.94033813476562 38.448032379150391
      vertex 12.596105575561523 -176.26666259765625 38.397197723388672
      vertex -5.3000001907348633 -191.33332824707031 18.799993515014648
    endloop
  endfacet
  facet normal -0.73842899343411128 -1.3782451030348254e-07 0.67433124030840086
    outer loop
      vertex 66.02197265625 -316.78900146484375 96.901412963867188
      vertex 45.211936950683594 -316.56637573242188 74.113304138183594
      vertex 55.994735717773438 -344 85.921043395996094
    endloop
  endfacet
  facet normal -0.73842899221444125 1.1289843493121413e-07 0.67433124164400982
    outer loop
      vertex 55.614955902099609 -289.52261352539062 85.505165100097656
      vertex 45.211936950683594 -316.56637573242188 74.113304138183594
      vertex 66.02197265625 -316.78900146484375 96.901412963867188
    endloop
  endfacet
  facet normal -0.73842908625360659 0 0.67433113866605909
    outer loop
      vertex 12.596105575561523 -176.26666259765625 38.397197723388672
      vertex -5.3000001907348633 -160.80000305175781 18.799993515014648
      vertex -5.3000001907348633 -191.33332824707031 18.799993515014648
    endloop
  endfacet
  facet normal -0.73842908304755916 -0 0.67433114217685441
    outer loop
      vertex 12.581760406494141 -115.04839324951172 38.381488800048828
      vertex -5.3000001907348633 -99.733329772949219 18.799993515014648
      vertex -5.3000001907348633 -130.26666259765625 18.799993515014648
    endloop
  endfacet
  facet normal -0.73842912505612979 3.2073678133313069e-08 0.67433109617519338
    outer loop
      vertex 13.174413681030273 7.6610107421875 39.030479431152344
      vertex 13.246134757995605 38.819648742675781 39.109016418457031
      vertex -5.3000001907348633 22.399999618530273 18.799993515014648
    endloop
  endfacet
  facet normal -0.73842901110208403 1.281381342500123e-07 0.67433122096102127
    outer loop
      vertex 107.02318572998047 87.761360168457031 141.79995727539062
      vertex 96.857894897460938 114 130.66841125488281
      vertex 86.514152526855469 87.644325256347656 119.34146118164062
    endloop
  endfacet
  facet normal -0.73842912376405978 -8.3220030192934058e-08 0.67433109759007548
    outer loop
      vertex 188.79788208007812 -317.72134399414062 231.34767150878906
      vertex 178.58421325683594 -344 220.16314697265625
      vertex 199.01579284667969 -344 242.53683471679688
    endloop
  endfacet
  facet normal -0.73842912695046414 -3.436815122072627e-08 0.67433109410079428
    outer loop
      vertex 12.701886177062988 -53.867198944091797 38.513034820556641
      vertex 12.966799736022949 -23.146251678466797 38.803131103515625
      vertex -5.3000001907348633 -38.666667938232422 18.799993515014648
    endloop
  endfacet
  facet normal -0.7384291237640378 -2.5721548043303944e-07 0.67433109759005549
    outer loop
      vertex 229.69938659667969 87.647712707519531 276.13702392578125
      vertex 239.87895202636719 114 287.28421020507812
      vertex 219.44737243652344 114 264.9105224609375
    endloop
  endfacet
  facet normal -0.73842911214377049 -0 0.67433111031492732
    outer loop
      vertex 13.246134757995605 38.819648742675781 39.109016418457031
      vertex -5.3000001907348633 52.933334350585938 18.799993515014648
      vertex -5.3000001907348633 22.399999618530273 18.799993515014648
    endloop
  endfacet
  facet normal -0.73842915189783009 -0 0.67433106678207499
    outer loop
      vertex 8.3763713836669922 93.851432800292969 33.776363372802734
      vertex -5.3000001907348633 114 18.799993515014648
      vertex -5.3000001907348633 83.466667175292969 18.799993515014648
    endloop
  endfacet
  facet normal -0.73842913849517622 4.6387843212928831e-09 0.67433108145870879
    outer loop
      vertex 13.174413681030273 7.6610107421875 39.030479431152344
      vertex -5.3000001907348633 -8.1333332061767578 18.799993515014648
      vertex 12.966799736022949 -23.146251678466797 38.803131103515625
    endloop
  endfacet
  facet normal -0.73842904005376286 1.9510572903692332e-08 0.67433118925738411
    outer loop
      vertex 66.0679931640625 33.914588928222656 96.951805114746094
      vertex 55.549346923828125 61.205356597900391 85.433319091796875
      vertex 47.602779388427734 36.905963897705078 76.731399536132812
    endloop
  endfacet
  facet normal -0.73842908218680803 3.8294995627585989e-08 0.67433114311942233
    outer loop
      vertex 25.385772705078125 -319.29501342773438 52.402576446533203
      vertex 15.131577491760254 -344 41.173679351806641
      vertex 35.563156127929688 -344 63.54736328125
    endloop
  endfacet
  facet normal -0.73842914657694325 3.3225339988565436e-08 0.67433107260873448
    outer loop
      vertex 30.502727508544922 -253.652099609375 58.00592041015625
      vertex 13.023208618164062 -268.814697265625 38.864898681640625
      vertex 32.612155914306641 -287.615478515625 60.315860748291016
    endloop
  endfacet
  facet normal -0.73842908548928776 1.2681000042175613e-08 0.67433113950302936
    outer loop
      vertex 31.640565872192383 23.457443237304688 59.251914978027344
      vertex 13.174413681030273 7.6610107421875 39.030479431152344
      vertex 31.700998306274414 -7.5377697944641113 59.318092346191406
    endloop
  endfacet
  facet normal -0.7384290584076032 6.4259612335491119e-08 0.6743311691589351
    outer loop
      vertex 65.95977783203125 87.510871887207031 96.833305358886719
      vertex 55.994735717773438 114 85.921043395996094
      vertex 45.150470733642578 87.009140014648438 74.045989990234375
    endloop
  endfacet
  facet normal -0.73842912376406156 4.7789924294867285e-08 0.67433109759007714
    outer loop
      vertex 188.80223083496094 87.715011596679688 231.35243225097656
      vertex 199.01579284667969 114 242.53683471679688
      vertex 178.58421325683594 114 220.16314697265625
    endloop
  endfacet
  facet normal -0.73842902121510723 -3.9840361027846047e-08 0.67433120988672712
    outer loop
      vertex 188.80223083496094 87.715011596679688 231.35243225097656
      vertex 209.25587463378906 87.681533813476562 253.75027465820312
      vertex 199.01579284667969 114 242.53683471679688
    endloop
  endfacet
  facet normal -0.73842900926344646 7.0234187518715574e-08 0.67433122297443693
    outer loop
      vertex 86.606216430664062 -317.143310546875 119.44226837158203
      vertex 76.426315307617188 -344 108.29473114013672
      vertex 96.857894897460938 -344 130.66841125488281
    endloop
  endfacet
  facet normal -0.7384291049610644 1.4616142568878437e-08 0.67433111818037961
    outer loop
      vertex 30.514646530151367 -191.87940979003906 58.018970489501953
      vertex 12.64252758026123 -206.94033813476562 38.448032379150391
      vertex 30.657548904418945 -222.7884521484375 58.175457000732422
    endloop
  endfacet
  facet normal -0.73842889476272799 -3.3907657475889817e-07 0.67433134835878783
    outer loop
      vertex 147.95925903320312 -317.707763671875 186.62718200683594
      vertex 137.72105407714844 -344 175.41578674316406
      vertex 158.15263366699219 -344 197.78945922851562
    endloop
  endfacet
  facet normal -0.73842907531953172 -7.3132402124667591e-08 0.67433115063945848
    outer loop
      vertex 127.46305847167969 87.802536010742188 164.18272399902344
      vertex 147.90077209472656 87.77557373046875 186.56312561035156
      vertex 137.72105407714844 114 175.41578674316406
    endloop
  endfacet
  facet normal -0.73842905750585996 -1.6846780729518866e-08 0.67433117014639554
    outer loop
      vertex 25.417680740356445 89.284843444824219 52.437519073486328
      vertex 45.150470733642578 87.009140014648438 74.045989990234375
      vertex 35.563156127929688 114 63.54736328125
    endloop
  endfacet
  facet normal -0.73842913669182031 -0 0.67433108343348147
    outer loop
      vertex 13.174413681030273 7.6610107421875 39.030479431152344
      vertex -5.3000001907348633 22.399999618530273 18.799993515014648
      vertex -5.3000001907348633 -8.1333332061767578 18.799993515014648
    endloop
  endfacet
  facet normal -0.73842908218680869 5.4336936677455785e-09 0.67433114311942299
    outer loop
      vertex 25.417680740356445 89.284843444824219 52.437519073486328
      vertex 35.563156127929688 114 63.54736328125
      vertex 15.131577491760254 114 41.173679351806641
    endloop
  endfacet
  facet normal -0.73842908228400705 5.3447325054491681e-09 0.67433114301298525
    outer loop
      vertex 25.417680740356445 89.284843444824219 52.437519073486328
      vertex 15.131577491760254 114 41.173679351806641
      vertex 8.3763713836669922 93.851432800292969 33.776363372802734
    endloop
  endfacet
  facet normal -0.73842910233960368 2.8332001406461669e-08 0.67433112105102044
    outer loop
      vertex 11.454703330993652 68.659934997558594 37.147300720214844
      vertex -5.3000001907348633 52.933334350585938 18.799993515014648
      vertex 13.246134757995605 38.819648742675781 39.109016418457031
    endloop
  endfacet
  facet normal -0.73842909196040973 -7.406588839185511e-08 0.67433113241679676
    outer loop
      vertex 11.454703330993652 68.659934997558594 37.147300720214844
      vertex 25.417680740356445 89.284843444824219 52.437519073486328
      vertex 8.3763713836669922 93.851432800292969 33.776363372802734
    endloop
  endfacet
  facet normal -0.73842897958272546 1.7104973137666286e-07 0.67433125547640582
    outer loop
      vertex 188.80223083496094 87.715011596679688 231.35243225097656
      vertex 178.58421325683594 114 220.16314697265625
      vertex 168.34390258789062 87.736717224121094 208.949462890625
    endloop
  endfacet
  facet normal -0.7384290984232581 5.3115452531391362e-08 0.6743311253396298
    outer loop
      vertex 8.5755882263183594 -323.39691162109375 33.994514465332031
      vertex 15.131577491760254 -344 41.173679351806641
      vertex 25.385772705078125 -319.29501342773438 52.402576446533203
    endloop
  endfacet
  facet normal -0.73842912648500347 3.3478493673771265e-08 0.67433109461049889
    outer loop
      vertex 8.5755882263183594 -323.39691162109375 33.994514465332031
      vertex -5.3000001907348633 -344 18.799993515014648
      vertex 15.131577491760254 -344 41.173679351806641
    endloop
  endfacet
  facet normal -0.73842912376406056 -6.9342194572032811e-08 0.67433109759007626
    outer loop
      vertex 209.22256469726562 -317.72772216796875 253.71380615234375
      vertex 199.01579284667969 -344 242.53683471679688
      vertex 219.44737243652344 -344 264.9105224609375
    endloop
  endfacet
  facet normal -0.73842912376406156 4.7217109809996799e-08 0.67433109759007714
    outer loop
      vertex 168.37422180175781 -317.71707153320312 208.98265075683594
      vertex 158.15263366699219 -344 197.78945922851562
      vertex 178.58421325683594 -344 220.16314697265625
    endloop
  endfacet
  facet normal -0.73842915138183463 0 0.67433106734711823
    outer loop
      vertex 12.575026512145996 -145.64817810058594 38.374118804931641
      vertex -5.3000001907348633 -130.26666259765625 18.799993515014648
      vertex -5.3000001907348633 -160.80000305175781 18.799993515014648
    endloop
  endfacet
  facet normal -0.73842911913337383 -8.3665105407308325e-08 0.67433110266092788
    outer loop
      vertex 12.575026512145996 -145.64817810058594 38.374118804931641
      vertex -5.3000001907348633 -160.80000305175781 18.799993515014648
      vertex 12.596105575561523 -176.26666259765625 38.397197723388672
    endloop
  endfacet
  facet normal -0.73842911564579439 -7.627817131703329e-08 0.67433110648001726
    outer loop
      vertex 209.22256469726562 -317.72772216796875 253.71380615234375
      vertex 188.79788208007812 -317.72134399414062 231.34767150878906
      vertex 199.01579284667969 -344 242.53683471679688
    endloop
  endfacet
  facet normal -0.73842920008653434 -1.7984413789882629e-08 0.67433101401282192
    outer loop
      vertex 168.37422180175781 -317.71707153320312 208.98265075683594
      vertex 178.58421325683594 -344 220.16314697265625
      vertex 188.79788208007812 -317.72134399414062 231.34767150878906
    endloop
  endfacet
  facet normal -0.7384290902469457 0 0.67433113429313651
    outer loop
      vertex 11.454703330993652 68.659934997558594 37.147300720214844
      vertex -5.3000001907348633 83.466667175292969 18.799993515014648
      vertex -5.3000001907348633 52.933334350585938 18.799993515014648
    endloop
  endfacet
  facet normal -0.73842912340652456 -8.2516377782881015e-08 0.67433109798159585
    outer loop
      vertex 11.454703330993652 68.659934997558594 37.147300720214844
      vertex 8.3763713836669922 93.851432800292969 33.776363372802734
      vertex -5.3000001907348633 83.466667175292969 18.799993515014648
    endloop
  endfacet
  facet normal -0.73842911702598502 8.7801488580452438e-08 0.67433110496863224
    outer loop
      vertex 12.575026512145996 -145.64817810058594 38.374118804931641
      vertex 12.581760406494141 -115.04839324951172 38.381488800048828
      vertex -5.3000001907348633 -130.26666259765625 18.799993515014648
    endloop
  endfacet
  facet normal -0.73842907375860578 1.0134131705216878e-08 0.67433115234876095
    outer loop
      vertex 66.236114501953125 -130.72833251953125 97.135910034179688
      vertex 48.348381042480469 -115.22150421142578 77.547874450683594
      vertex 48.308444976806641 -145.9534912109375 77.504142761230469
    endloop
  endfacet
  facet normal -0.73842878325565708 -2.4400604209446256e-07 0.67433147046501563
    outer loop
      vertex 168.37422180175781 -317.71707153320312 208.98265075683594
      vertex 147.95925903320312 -317.707763671875 186.62718200683594
      vertex 158.15263366699219 -344 197.78945922851562
    endloop
  endfacet
  facet normal -0.73842915847828605 -7.9712705883234311e-08 0.6743310595761135
    outer loop
      vertex 188.77543640136719 35.194862365722656 231.32308959960938
      vertex 199.04206848144531 61.41387939453125 242.56561279296875
      vertex 178.55047607421875 61.457595825195312 220.12620544433594
    endloop
  endfacet
  facet normal -0.73842906546224629 1.4070791417190541e-07 0.67433116143370808
    outer loop
      vertex 168.34188842773438 -265.11184692382812 208.94725036621094
      vertex 158.16647338867188 -291.41567993164062 197.80462646484375
      vertex 178.58091735839844 -291.4364013671875 220.1595458984375
    endloop
  endfacet
  facet normal -0.73842920010290292 -1.9019935589145076e-07 0.67433101399487083
    outer loop
      vertex 178.58091735839844 -291.4364013671875 220.1595458984375
      vertex 168.37422180175781 -317.71707153320312 208.98265075683594
      vertex 188.79788208007812 -317.72134399414062 231.34767150878906
    endloop
  endfacet
  facet normal -0.7384290865079316 0 0.67433113838755954
    outer loop
      vertex 13.023208618164062 -268.814697265625 38.864898681640625
      vertex -5.3000001907348633 -252.39999389648438 18.799993515014648
      vertex -5.3000001907348633 -282.93331909179688 18.799993515014648
    endloop
  endfacet
  facet normal -0.73842909305501769 1.8685764284279332e-08 0.67433113121814536
    outer loop
      vertex 13.023208618164062 -268.814697265625 38.864898681640625
      vertex -5.3000001907348633 -282.93331909179688 18.799993515014648
      vertex 11.441844940185547 -298.558349609375 37.133220672607422
    endloop
  endfacet
  facet normal -0.73842908876432922 3.9017585475323291e-09 0.67433113591668181
    outer loop
      vertex 31.700998306274414 -7.5377697944641113 59.318092346191406
      vertex 13.174413681030273 7.6610107421875 39.030479431152344
      vertex 12.966799736022949 -23.146251678466797 38.803131103515625
    endloop
  endfacet
  facet normal -0.7384291075863002 2.7639314633439975e-08 0.67433111530560363
    outer loop
      vertex 32.567035675048828 57.971702575683594 60.266448974609375
      vertex 11.454703330993652 68.659934997558594 37.147300720214844
      vertex 13.246134757995605 38.819648742675781 39.109016418457031
    endloop
  endfacet
  facet normal -0.73842908540009167 6.3067227439963156e-09 0.6743311396007039
    outer loop
      vertex 30.499048233032227 -99.810813903808594 58.00189208984375
      vertex 30.599681854248047 -69.249183654785156 58.112091064453125
      vertex 12.613046646118164 -84.462303161621094 38.415752410888672
    endloop
  endfacet
  facet normal -0.73842911295150271 -7.6784497829196932e-08 0.67433110943041241
    outer loop
      vertex 12.613046646118164 -84.462303161621094 38.415752410888672
      vertex -5.3000001907348633 -99.733329772949219 18.799993515014648
      vertex 12.581760406494141 -115.04839324951172 38.381488800048828
    endloop
  endfacet
  facet normal -0.73842913379259789 3.3718953722681497e-08 0.67433108660828667
    outer loop
      vertex 158.06228637695312 61.492156982421875 197.69053649902344
      vertex 168.34390258789062 87.736717224121094 208.949462890625
      vertex 147.90077209472656 87.77557373046875 186.56312561035156
    endloop
  endfacet
  facet normal -0.73842907539390312 -1.9712824390098042e-07 0.67433115055799298
    outer loop
      vertex 137.62452697753906 61.606170654296875 175.31007385253906
      vertex 147.90077209472656 87.77557373046875 186.56312561035156
      vertex 127.46305847167969 87.802536010742188 164.18272399902344
    endloop
  endfacet
  facet normal -0.73842912444433129 8.7805077640108065e-08 0.6743310968451407
    outer loop
      vertex 30.443338394165039 -130.439453125 57.940887451171875
      vertex 12.581760406494141 -115.04839324951172 38.381488800048828
      vertex 12.575026512145996 -145.64817810058594 38.374118804931641
    endloop
  endfacet
  facet normal -0.7384290998842713 -3.2836689784771991e-08 0.67433112373974258
    outer loop
      vertex 12.697392463684082 -237.73052978515625 38.508113861083984
      vertex -5.3000001907348633 -252.39999389648438 18.799993515014648
      vertex 13.023208618164062 -268.814697265625 38.864898681640625
    endloop
  endfacet
  facet normal -0.73842928866614921 -1.6431111231526908e-07 0.67433091701328496
    outer loop
      vertex 86.606216430664062 -317.143310546875 119.44226837158203
      vertex 96.857894897460938 -344 130.66841125488281
      vertex 107.11898803710938 -317.55258178710938 141.90487670898438
    endloop
  endfacet
  facet normal -0.73842909798509615 3.2054889369400616e-08 0.67433112581944221
    outer loop
      vertex 30.657548904418945 -222.7884521484375 58.175457000732422
      vertex 12.64252758026123 -206.94033813476562 38.448032379150391
      vertex 12.697392463684082 -237.73052978515625 38.508113861083984
    endloop
  endfacet
  facet normal -0.73842900727189764 -1.4860188783351021e-07 0.67433122515527777
    outer loop
      vertex 76.363594055175781 -289.5950927734375 108.22605133056641
      vertex 66.02197265625 -316.78900146484375 96.901412963867188
      vertex 86.606216430664062 -317.143310546875 119.44226837158203
    endloop
  endfacet
  facet normal -0.73842905468165909 -3.6669004379929121e-07 0.67433117323894853
    outer loop
      vertex 240.48649597167969 7.3564720153808594 287.94949340820312
      vertex 229.87065124511719 34.720298767089844 276.3245849609375
      vertex 219.68083190917969 8.5467319488525391 265.16616821289062
    endloop
  endfacet
  facet normal -0.73842906209140058 -7.3297012160560179e-08 0.67433116512497715
    outer loop
      vertex 30.466650009155273 -161.15461730957031 57.966411590576172
      vertex 30.443338394165039 -130.439453125 57.940887451171875
      vertex 12.575026512145996 -145.64817810058594 38.374118804931641
    endloop
  endfacet
  facet normal -0.73842906173530332 -7.3296417853982509e-08 0.67433116551492267
    outer loop
      vertex 48.308444976806641 -145.9534912109375 77.504142761230469
      vertex 30.443338394165039 -130.439453125 57.940887451171875
      vertex 30.466650009155273 -161.15461730957031 57.966411590576172
    endloop
  endfacet
  facet normal -0.73842891271189703 8.6419146147341713e-08 0.67433132870356705
    outer loop
      vertex 145.80380249023438 -72.532386779785156 184.26683044433594
      vertex 156.55667114257812 -44.682651519775391 196.04179382324219
      vertex 133.93003845214844 -45.426513671875 171.26441955566406
    endloop
  endfacet
  facet normal -0.73842923906633273 -5.5786675114463944e-08 0.67433097132781428
    outer loop
      vertex 137.62452697753906 61.606170654296875 175.31007385253906
      vertex 158.06228637695312 61.492156982421875 197.69053649902344
      vertex 147.90077209472656 87.77557373046875 186.56312561035156
    endloop
  endfacet
  facet normal -0.73842912376406222 1.0189958525447358e-08 0.6743310975900777
    outer loop
      vertex 65.95977783203125 87.510871887207031 96.833305358886719
      vertex 76.426315307617188 114 108.29473114013672
      vertex 55.994735717773438 114 85.921043395996094
    endloop
  endfacet
  facet normal -0.73842913544458433 2.0339612675351552e-08 0.67433108479927228
    outer loop
      vertex 65.95977783203125 87.510871887207031 96.833305358886719
      vertex 86.514152526855469 87.644325256347656 119.34146118164062
      vertex 76.426315307617188 114 108.29473114013672
    endloop
  endfacet
  facet normal -0.7384291427173818 -0 0.67433107683516458
    outer loop
      vertex 12.613046646118164 -84.462303161621094 38.415752410888672
      vertex -5.3000001907348633 -69.199996948242188 18.799993515014648
      vertex -5.3000001907348633 -99.733329772949219 18.799993515014648
    endloop
  endfacet
  facet normal -0.73842912823345208 3.7384306988517649e-08 0.67433109269585245
    outer loop
      vertex 12.613046646118164 -84.462303161621094 38.415752410888672
      vertex 12.701886177062988 -53.867198944091797 38.513034820556641
      vertex -5.3000001907348633 -69.199996948242188 18.799993515014648
    endloop
  endfacet
  facet normal -0.73842911205482775 -0 0.67433111041232452
    outer loop
      vertex 12.697392463684082 -237.73052978515625 38.508113861083984
      vertex -5.3000001907348633 -221.86666870117188 18.799993515014648
      vertex -5.3000001907348633 -252.39999389648438 18.799993515014648
    endloop
  endfacet
  facet normal -0.73842909920861743 3.2050094763632418e-08 0.6743311244796204
    outer loop
      vertex 12.697392463684082 -237.73052978515625 38.508113861083984
      vertex 12.64252758026123 -206.94033813476562 38.448032379150391
      vertex -5.3000001907348633 -221.86666870117188 18.799993515014648
    endloop
  endfacet
  facet normal -0.738429123764062 3.2151790207633889e-08 0.67433109759007748
    outer loop
      vertex 107.02318572998047 87.761360168457031 141.79995727539062
      vertex 117.28947448730469 114 153.04209899902344
      vertex 96.857894897460938 114 130.66841125488281
    endloop
  endfacet
  facet normal -0.73842908668656027 2.4844609034190581e-10 0.67433113819195112
    outer loop
      vertex 107.02318572998047 87.761360168457031 141.79995727539062
      vertex 127.46305847167969 87.802536010742188 164.18272399902344
      vertex 117.28947448730469 114 153.04209899902344
    endloop
  endfacet
  facet normal -0.73842897512733174 -1.0297757867990764e-07 0.67433126035531543
    outer loop
      vertex 178.55047607421875 61.457595825195312 220.12620544433594
      vertex 168.34390258789062 87.736717224121094 208.949462890625
      vertex 158.06228637695312 61.492156982421875 197.69053649902344
    endloop
  endfacet
  facet normal -0.73842906614587489 -8.358489039348258e-08 0.67433116068510734
    outer loop
      vertex 30.466650009155273 -161.15461730957031 57.966411590576172
      vertex 12.575026512145996 -145.64817810058594 38.374118804931641
      vertex 12.596105575561523 -176.26666259765625 38.397197723388672
    endloop
  endfacet
  facet normal -0.73842913456545445 3.0999905241685673e-07 0.67433108576189627
    outer loop
      vertex 117.46276092529297 -291.28878784179688 153.23185729980469
      vertex 97.09564208984375 -290.9703369140625 130.92875671386719
      vertex 107.11898803710938 -317.55258178710938 141.90487670898438
    endloop
  endfacet
  facet normal -0.73842910259040195 3.9645956886502461e-09 0.67433112077638357
    outer loop
      vertex 8.5755882263183594 -323.39691162109375 33.994514465332031
      vertex 11.441844940185547 -298.558349609375 37.133220672607422
      vertex -5.3000001907348633 -313.4666748046875 18.799993515014648
    endloop
  endfacet
  facet normal -0.73842909269082402 1.452368588917149e-09 0.67433113161695746
    outer loop
      vertex 8.5755882263183594 -323.39691162109375 33.994514465332031
      vertex 25.385772705078125 -319.29501342773438 52.402576446533203
      vertex 11.441844940185547 -298.558349609375 37.133220672607422
    endloop
  endfacet
  facet normal -0.73842908662510387 -6.6839544988082497e-08 0.67433113825924584
    outer loop
      vertex 117.1806640625 61.649971008300781 152.92294311523438
      vertex 127.46305847167969 87.802536010742188 164.18272399902344
      vertex 107.02318572998047 87.761360168457031 141.79995727539062
    endloop
  endfacet
  facet normal -0.73842914768794854 -1.1907754268222724e-07 0.67433107139211368
    outer loop
      vertex 96.684890747070312 61.473930358886719 130.47895812988281
      vertex 117.1806640625 61.649971008300781 152.92294311523438
      vertex 107.02318572998047 87.761360168457031 141.79995727539062
    endloop
  endfacet
  facet normal -0.73842898131495927 6.9122154753940418e-08 0.67433125357953483
    outer loop
      vertex 168.34188842773438 -265.11184692382812 208.94725036621094
      vertex 147.95387268066406 -265.02880859375 186.62127685546875
      vertex 158.16647338867188 -291.41567993164062 197.80462646484375
    endloop
  endfacet
  facet normal -0.73842902884089279 1.0005767686097239e-08 0.67433120153608161
    outer loop
      vertex 48.308444976806641 -145.9534912109375 77.504142761230469
      vertex 48.348381042480469 -115.22150421142578 77.547874450683594
      vertex 30.443338394165039 -130.439453125 57.940887451171875
    endloop
  endfacet
  facet normal -0.73842906566794908 -3.0501860456533423e-07 0.6743311612083982
    outer loop
      vertex 178.58091735839844 -291.4364013671875 220.1595458984375
      vertex 158.16647338867188 -291.41567993164062 197.80462646484375
      vertex 168.37422180175781 -317.71707153320312 208.98265075683594
    endloop
  endfacet
  facet normal -0.73842923474260069 4.7827703958665954e-07 0.67433097606236991
    outer loop
      vertex 219.42021179199219 -291.4295654296875 264.88076782226562
      vertex 209.22256469726562 -317.72772216796875 253.71380615234375
      vertex 229.63496398925781 -317.70635986328125 276.06649780273438
    endloop
  endfacet
  facet normal -0.738428954177069 7.1812922475759387e-07 0.67433128329660397
    outer loop
      vertex 219.42021179199219 -291.4295654296875 264.88076782226562
      vertex 229.63496398925781 -317.70635986328125 276.06649780273438
      vertex 239.79026794433594 -291.386474609375 287.18707275390625
    endloop
  endfacet
  facet normal -0.73842904724186997 5.9009534614408965e-07 0.67433118138576087
    outer loop
      vertex 219.5279541015625 61.300647735595703 264.998779296875
      vertex 229.69938659667969 87.647712707519531 276.13702392578125
      vertex 209.25587463378906 87.681533813476562 253.75027465820312
    endloop
  endfacet
  facet normal -0.73842902106335939 1.6403407194659179e-07 0.6743312100528801
    outer loop
      vertex 199.04206848144531 61.41387939453125 242.56561279296875
      vertex 209.25587463378906 87.681533813476562 253.75027465820312
      vertex 188.80223083496094 87.715011596679688 231.35243225097656
    endloop
  endfacet
  facet normal -0.73842928475009573 -2.6181102391426131e-07 0.67433092130154715
    outer loop
      vertex 209.33432006835938 35.046920776367188 253.836181640625
      vertex 219.5279541015625 61.300647735595703 264.998779296875
      vertex 199.04206848144531 61.41387939453125 242.56561279296875
    endloop
  endfacet
  facet normal -0.73842910839141296 1.4581264955012222e-08 0.6743311144239621
    outer loop
      vertex 48.473731994628906 -207.84217834472656 77.685142517089844
      vertex 30.514646530151367 -191.87940979003906 58.018970489501953
      vertex 30.657548904418945 -222.7884521484375 58.175457000732422
    endloop
  endfacet
  facet normal -0.73842911714917747 -4.6492041798130413e-08 0.67433110483373382
    outer loop
      vertex 147.95387268066406 -265.02880859375 186.62127685546875
      vertex 137.78866577148438 -291.40054321289062 175.48982238769531
      vertex 158.16647338867188 -291.41567993164062 197.80462646484375
    endloop
  endfacet
  facet normal -0.73842899471625345 -2.2483702420298181e-07 0.67433123890436275
    outer loop
      vertex 76.167259216308594 61.128719329833984 108.01104736328125
      vertex 96.684890747070312 61.473930358886719 130.47895812988281
      vertex 86.514152526855469 87.644325256347656 119.34146118164062
    endloop
  endfacet
  facet normal -0.73842913507633967 -1.0438733834965454e-07 0.6743310852025125
    outer loop
      vertex 76.167259216308594 61.128719329833984 108.01104736328125
      vertex 86.514152526855469 87.644325256347656 119.34146118164062
      vertex 65.95977783203125 87.510871887207031 96.833305358886719
    endloop
  endfacet
  facet normal -0.73842903186414599 7.9392991143019365e-09 0.67433119822545662
    outer loop
      vertex 47.602779388427734 36.905963897705078 76.731399536132812
      vertex 32.567035675048828 57.971702575683594 60.266448974609375
      vertex 31.640565872192383 23.457443237304688 59.251914978027344
    endloop
  endfacet
  facet normal -0.73842905711780271 -5.338231860575864e-08 0.67433117057133718
    outer loop
      vertex 55.549346923828125 61.205356597900391 85.433319091796875
      vertex 65.95977783203125 87.510871887207031 96.833305358886719
      vertex 45.150470733642578 87.009140014648438 74.045989990234375
    endloop
  endfacet
  facet normal -0.73842894568792816 2.3113659935368005e-07 0.67433129259301161
    outer loop
      vertex 127.30207061767578 35.619216918945312 164.00643920898438
      vertex 147.6759033203125 35.255393981933594 186.31687927246094
      vertex 137.62452697753906 61.606170654296875 175.31007385253906
    endloop
  endfacet
  facet normal -0.7384290088947435 3.7555433843443159e-08 0.67433122337818951
    outer loop
      vertex 48.658267974853516 -54.231266021728516 77.887214660644531
      vertex 30.78466796875 -38.644145965576172 58.314659118652344
      vertex 30.599681854248047 -69.249183654785156 58.112091064453125
    endloop
  endfacet
  facet normal -0.73842915001584586 2.5345657211369535e-08 0.67433106884294947
    outer loop
      vertex 32.612155914306641 -287.615478515625 60.315860748291016
      vertex 13.023208618164062 -268.814697265625 38.864898681640625
      vertex 11.441844940185547 -298.558349609375 37.133220672607422
    endloop
  endfacet
  facet normal -0.73842915578532531 -2.4397672492771945e-08 0.67433106252505592
    outer loop
      vertex 55.614955902099609 -289.52261352539062 85.505165100097656
      vertex 66.02197265625 -316.78900146484375 96.901412963867188
      vertex 76.363594055175781 -289.5950927734375 108.22605133056641
    endloop
  endfacet
  facet normal -0.73842903041371311 1.4075368744179062e-08 0.67433119981375855
    outer loop
      vertex 48.348381042480469 -115.22150421142578 77.547874450683594
      vertex 30.499048233032227 -99.810813903808594 58.00189208984375
      vertex 30.443338394165039 -130.439453125 57.940887451171875
    endloop
  endfacet
  facet normal -0.73842906703068101 2.7201516810109681e-08 0.67433115971620139
    outer loop
      vertex 66.236114501953125 -130.72833251953125 97.135910034179688
      vertex 66.247123718261719 -99.900741577148438 97.147964477539062
      vertex 48.348381042480469 -115.22150421142578 77.547874450683594
    endloop
  endfacet
  facet normal -0.73842906827082522 -3.5480937857795561e-08 0.67433115835817603
    outer loop
      vertex 30.78466796875 -38.644145965576172 58.314659118652344
      vertex 12.966799736022949 -23.146251678466797 38.803131103515625
      vertex 12.701886177062988 -53.867198944091797 38.513034820556641
    endloop
  endfacet
  facet normal -0.73842907111738554 -4.2678029058867605e-08 0.67433115524103826
    outer loop
      vertex 30.78466796875 -38.644145965576172 58.314659118652344
      vertex 31.700998306274414 -7.5377697944641113 59.318092346191406
      vertex 12.966799736022949 -23.146251678466797 38.803131103515625
    endloop
  endfacet
  facet normal -0.73842912033293662 -3.3308047843061588e-08 0.67433110134734564
    outer loop
      vertex 30.502727508544922 -253.652099609375 58.00592041015625
      vertex 12.697392463684082 -237.73052978515625 38.508113861083984
      vertex 13.023208618164062 -268.814697265625 38.864898681640625
    endloop
  endfacet
  facet normal -0.73842913419098177 3.4917094902292236e-08 0.67433108617203463
    outer loop
      vertex 46.767490386962891 -265.84542846679688 75.816719055175781
      vertex 30.502727508544922 -253.652099609375 58.00592041015625
      vertex 32.612155914306641 -287.615478515625 60.315860748291016
    endloop
  endfacet
  facet normal -0.73842899912615945 1.7944020106663588e-07 0.67433123407529172
    outer loop
      vertex 188.79537963867188 -265.1632080078125 231.34492492675781
      vertex 178.58091735839844 -291.4364013671875 220.1595458984375
      vertex 199.01081848144531 -291.44720458984375 242.53138732910156
    endloop
  endfacet
  facet normal -0.73842909727665329 3.7186628297553504e-08 0.67433112659522509
    outer loop
      vertex 30.599681854248047 -69.249183654785156 58.112091064453125
      vertex 12.701886177062988 -53.867198944091797 38.513034820556641
      vertex 12.613046646118164 -84.462303161621094 38.415752410888672
    endloop
  endfacet
  facet normal -0.73842909667652612 3.8722249125523597e-08 0.67433112725239674
    outer loop
      vertex 30.599681854248047 -69.249183654785156 58.112091064453125
      vertex 30.78466796875 -38.644145965576172 58.314659118652344
      vertex 12.701886177062988 -53.867198944091797 38.513034820556641
    endloop
  endfacet
  facet normal -0.73842911562344637 8.1100163040379332e-08 0.67433110650448891
    outer loop
      vertex 199.01081848144531 -291.44720458984375 242.53138732910156
      vertex 188.79788208007812 -317.72134399414062 231.34767150878906
      vertex 209.22256469726562 -317.72772216796875 253.71380615234375
    endloop
  endfacet
  facet normal -0.73842894248430468 2.2905015124781772e-07 0.67433129610115172
    outer loop
      vertex 199.01081848144531 -291.44720458984375 242.53138732910156
      vertex 209.22256469726562 -317.72772216796875 253.71380615234375
      vertex 219.42021179199219 -291.4295654296875 264.88076782226562
    endloop
  endfacet
  facet normal -0.73842912103470326 -3.077975675342638e-08 0.67433110057887347
    outer loop
      vertex 32.567035675048828 57.971702575683594 60.266448974609375
      vertex 25.417680740356445 89.284843444824219 52.437519073486328
      vertex 11.454703330993652 68.659934997558594 37.147300720214844
    endloop
  endfacet
  facet normal -0.73842906602294878 -4.5632054617879676e-08 0.67433116081972189
    outer loop
      vertex 55.549346923828125 61.205356597900391 85.433319091796875
      vertex 76.167259216308594 61.128719329833984 108.01104736328125
      vertex 65.95977783203125 87.510871887207031 96.833305358886719
    endloop
  endfacet
  facet normal -0.73842928311654443 3.8811725821728626e-07 0.67433092309031439
    outer loop
      vertex 219.5279541015625 61.300647735595703 264.998779296875
      vertex 209.25587463378906 87.681533813476562 253.75027465820312
      vertex 199.04206848144531 61.41387939453125 242.56561279296875
    endloop
  endfacet
  facet normal -0.73842895315777957 -3.4166404378853691e-07 0.67433128441307655
    outer loop
      vertex 229.61842346191406 -265.09820556640625 276.04837036132812
      vertex 219.42021179199219 -291.4295654296875 264.88076782226562
      vertex 239.79026794433594 -291.386474609375 287.18707275390625
    endloop
  endfacet
  facet normal -0.73842878321834726 -6.3947344654580445e-08 0.67433147050591313
    outer loop
      vertex 158.16647338867188 -291.41567993164062 197.80462646484375
      vertex 147.95925903320312 -317.707763671875 186.62718200683594
      vertex 168.37422180175781 -317.71707153320312 208.98265075683594
    endloop
  endfacet
  facet normal -0.73842895524202756 -1.0275161614533392e-07 0.67433128213079163
    outer loop
      vertex 87.702377319335938 -264.6163330078125 120.64263153076172
      vertex 76.363594055175781 -289.5950927734375 108.22605133056641
      vertex 97.09564208984375 -290.9703369140625 130.92875671386719
    endloop
  endfacet
  facet normal -0.73842913106269836 -5.5290705105553888e-08 0.67433108959767329
    outer loop
      vertex 32.612155914306641 -287.615478515625 60.315860748291016
      vertex 11.441844940185547 -298.558349609375 37.133220672607422
      vertex 25.385772705078125 -319.29501342773438 52.402576446533203
    endloop
  endfacet
  facet normal -0.73842909594653994 2.6666295879441252e-08 0.67433112805177187
    outer loop
      vertex 30.502727508544922 -253.652099609375 58.00592041015625
      vertex 30.657548904418945 -222.7884521484375 58.175457000732422
      vertex 12.697392463684082 -237.73052978515625 38.508113861083984
    endloop
  endfacet
  facet normal -0.73842928549842057 1.8484092330121356e-07 0.67433092048211596
    outer loop
      vertex 97.09564208984375 -290.9703369140625 130.92875671386719
      vertex 86.606216430664062 -317.143310546875 119.44226837158203
      vertex 107.11898803710938 -317.55258178710938 141.90487670898438
    endloop
  endfacet
  facet normal -0.73842895534432251 -1.0614295815165485e-07 0.67433128201877246
    outer loop
      vertex 97.09564208984375 -290.9703369140625 130.92875671386719
      vertex 76.363594055175781 -289.5950927734375 108.22605133056641
      vertex 86.606216430664062 -317.143310546875 119.44226837158203
    endloop
  endfacet
  facet normal -0.73842897971682675 -1.068975905629649e-07 0.67433125532957106
    outer loop
      vertex 178.55047607421875 61.457595825195312 220.12620544433594
      vertex 188.80223083496094 87.715011596679688 231.35243225097656
      vertex 168.34390258789062 87.736717224121094 208.949462890625
    endloop
  endfacet
  facet normal -0.73842915835586354 4.6485032046662654e-08 0.67433105971017593
    outer loop
      vertex 178.55047607421875 61.457595825195312 220.12620544433594
      vertex 199.04206848144531 61.41387939453125 242.56561279296875
      vertex 188.80223083496094 87.715011596679688 231.35243225097656
    endloop
  endfacet
  facet normal -0.73842916121088975 -4.0167035898978407e-08 0.67433105658376746
    outer loop
      vertex 32.612155914306641 -287.615478515625 60.315860748291016
      vertex 25.385772705078125 -319.29501342773438 52.402576446533203
      vertex 45.211936950683594 -316.56637573242188 74.113304138183594
    endloop
  endfacet
  facet normal -0.73842899702851694 1.1697091131519849e-07 0.67433123637233705
    outer loop
      vertex 32.612155914306641 -287.615478515625 60.315860748291016
      vertex 45.211936950683594 -316.56637573242188 74.113304138183594
      vertex 55.614955902099609 -289.52261352539062 85.505165100097656
    endloop
  endfacet
  facet normal -0.7384289892299849 -1.4446093070584011e-08 0.67433124491215923
    outer loop
      vertex 48.466484069824219 -84.57855224609375 77.677200317382812
      vertex 48.658267974853516 -54.231266021728516 77.887214660644531
      vertex 30.599681854248047 -69.249183654785156 58.112091064453125
    endloop
  endfacet
  facet normal -0.73842903857160813 3.9630685104262485e-08 0.67433119088042259
    outer loop
      vertex 52.480354309082031 8.0379180908203125 82.072608947753906
      vertex 66.0679931640625 33.914588928222656 96.951805114746094
      vertex 47.602779388427734 36.905963897705078 76.731399536132812
    endloop
  endfacet
  facet normal -0.73842930343300905 -2.0555394082250146e-08 0.67433090084278402
    outer loop
      vertex 127.25151062011719 -211.65005493164062 163.95106506347656
      vertex 117.65670776367188 -238.547119140625 153.44422912597656
      vertex 137.70562744140625 -238.44393920898438 175.39889526367188
    endloop
  endfacet
  facet normal -0.73842911900848596 6.073193009867259e-08 0.67433110279768926
    outer loop
      vertex 66.098228454589844 -259.22976684570312 96.984916687011719
      vertex 76.363594055175781 -289.5950927734375 108.22605133056641
      vertex 87.702377319335938 -264.6163330078125 120.64263153076172
    endloop
  endfacet
  facet normal -0.73842911781891662 -7.6773548049905035e-08 0.67433110410033037
    outer loop
      vertex 30.499048233032227 -99.810813903808594 58.00189208984375
      vertex 12.613046646118164 -84.462303161621094 38.415752410888672
      vertex 12.581760406494141 -115.04839324951172 38.381488800048828
    endloop
  endfacet
  facet normal -0.73842915314132007 1.4566273816911252e-08 0.67433106542038568
    outer loop
      vertex 30.499048233032227 -99.810813903808594 58.00189208984375
      vertex 12.581760406494141 -115.04839324951172 38.381488800048828
      vertex 30.443338394165039 -130.439453125 57.940887451171875
    endloop
  endfacet
  facet normal -0.73842899917375349 -1.8443584790093178e-08 0.67433123402319761
    outer loop
      vertex 178.58091735839844 -291.4364013671875 220.1595458984375
      vertex 188.79788208007812 -317.72134399414062 231.34767150878906
      vertex 199.01081848144531 -291.44720458984375 242.53138732910156
    endloop
  endfacet
  facet normal -0.73842923896255974 -1.4877644717339062e-08 0.67433097144145349
    outer loop
      vertex 147.6759033203125 35.255393981933594 186.31687927246094
      vertex 158.06228637695312 61.492156982421875 197.69053649902344
      vertex 137.62452697753906 61.606170654296875 175.31007385253906
    endloop
  endfacet
  facet normal -0.73842921680718909 1.362652351753096e-07 0.6743309957027801
    outer loop
      vertex 137.78866577148438 -291.40054321289062 175.48982238769531
      vertex 127.55126190185547 -317.6708984375 164.27931213378906
      vertex 147.95925903320312 -317.707763671875 186.62718200683594
    endloop
  endfacet
  facet normal -0.73842911705878511 2.210721103139708e-07 0.67433110493268356
    outer loop
      vertex 137.78866577148438 -291.40054321289062 175.48982238769531
      vertex 147.95925903320312 -317.707763671875 186.62718200683594
      vertex 158.16647338867188 -291.41567993164062 197.80462646484375
    endloop
  endfacet
  facet normal -0.73842910053374144 1.1992989955861441e-08 0.67433112302853804
    outer loop
      vertex 32.567035675048828 57.971702575683594 60.266448974609375
      vertex 13.246134757995605 38.819648742675781 39.109016418457031
      vertex 31.640565872192383 23.457443237304688 59.251914978027344
    endloop
  endfacet
  facet normal -0.73842902938188459 1.183557066882525e-08 0.67433120094366661
    outer loop
      vertex 47.602779388427734 36.905963897705078 76.731399536132812
      vertex 55.549346923828125 61.205356597900391 85.433319091796875
      vertex 32.567035675048828 57.971702575683594 60.266448974609375
    endloop
  endfacet
  facet normal -0.73842909975263471 1.0241007247098991e-09 0.67433112388389238
    outer loop
      vertex 30.514646530151367 -191.87940979003906 58.018970489501953
      vertex 12.596105575561523 -176.26666259765625 38.397197723388672
      vertex 12.64252758026123 -206.94033813476562 38.448032379150391
    endloop
  endfacet
  facet normal -0.7384290992086503 2.3970783981645669e-09 0.67433112447958499
    outer loop
      vertex 30.514646530151367 -191.87940979003906 58.018970489501953
      vertex 30.466650009155273 -161.15461730957031 57.966411590576172
      vertex 12.596105575561523 -176.26666259765625 38.397197723388672
    endloop
  endfacet
  facet normal -0.73842900965576819 1.8844280676605361e-07 0.67433122254480105
    outer loop
      vertex 188.79537963867188 -265.1632080078125 231.34492492675781
      vertex 168.34188842773438 -265.11184692382812 208.94725036621094
      vertex 178.58091735839844 -291.4364013671875 220.1595458984375
    endloop
  endfacet
  facet normal -0.73842908503919447 7.3468756031487638e-08 0.67433113999590211
    outer loop
      vertex 66.247123718261719 -99.900741577148438 97.147964477539062
      vertex 48.466484069824219 -84.57855224609375 77.677200317382812
      vertex 48.348381042480469 -115.22150421142578 77.547874450683594
    endloop
  endfacet
  facet normal -0.73842911168370762 -2.0664199750922395e-07 0.67433111081868924
    outer loop
      vertex 229.61842346191406 -265.09820556640625 276.04837036132812
      vertex 209.24253845214844 -265.12628173828125 253.73567199707031
      vertex 219.42021179199219 -291.4295654296875 264.88076782226562
    endloop
  endfacet
  facet normal -0.73842905653826796 1.6041690015391074e-09 0.67433117120596153
    outer loop
      vertex 32.567035675048828 57.971702575683594 60.266448974609375
      vertex 45.150470733642578 87.009140014648438 74.045989990234375
      vertex 25.417680740356445 89.284843444824219 52.437519073486328
    endloop
  endfacet
  facet normal -0.73842902692143553 -2.6620772179938578e-08 0.67433120363799059
    outer loop
      vertex 32.567035675048828 57.971702575683594 60.266448974609375
      vertex 55.549346923828125 61.205356597900391 85.433319091796875
      vertex 45.150470733642578 87.009140014648438 74.045989990234375
    endloop
  endfacet
  facet normal -0.73842893449184788 1.3671256724417112e-07 0.67433130485334547
    outer loop
      vertex 117.46276092529297 -291.28878784179688 153.23185729980469
      vertex 107.11898803710938 -317.55258178710938 141.90487670898438
      vertex 127.55126190185547 -317.6708984375 164.27931213378906
    endloop
  endfacet
  facet normal -0.73842907724666829 1.6662782118590024e-08 0.67433114852914322
    outer loop
      vertex 117.46276092529297 -291.28878784179688 153.23185729980469
      vertex 127.55126190185547 -317.6708984375 164.27931213378906
      vertex 137.78866577148438 -291.40054321289062 175.48982238769531
    endloop
  endfacet
  facet normal -0.7384291299426724 -1.2490494231413621e-08 0.67433109082416454
    outer loop
      vertex 66.674674987792969 -69.297576904296875 97.616157531738281
      vertex 48.658267974853516 -54.231266021728516 77.887214660644531
      vertex 48.466484069824219 -84.57855224609375 77.677200317382812
    endloop
  endfacet
  facet normal -0.73842894812882109 -6.9458271528651397e-08 0.67433128992013891
    outer loop
      vertex 137.03596496582031 9.0569124221801758 174.66557312011719
      vertex 147.6759033203125 35.255393981933594 186.31687927246094
      vertex 127.30207061767578 35.619216918945312 164.00643920898438
    endloop
  endfacet
  facet normal -0.73842863671109182 1.9764659773834739e-07 0.67433163093907966
    outer loop
      vertex 229.87065124511719 34.720298767089844 276.3245849609375
      vertex 239.97271728515625 61.229358673095703 287.38687133789062
      vertex 219.5279541015625 61.300647735595703 264.998779296875
    endloop
  endfacet
  facet normal -0.73842914904781787 2.2910477742859825e-07 0.67433106990295444
    outer loop
      vertex 106.8819580078125 35.584953308105469 141.64530944824219
      vertex 117.1806640625 61.649971008300781 152.92294311523438
      vertex 96.684890747070312 61.473930358886719 130.47895812988281
    endloop
  endfacet
  facet normal -0.73842900746378504 -9.785697729200591e-08 0.67433122494515985
    outer loop
      vertex 147.55001831054688 -211.64227294921875 186.17903137207031
      vertex 158.03509521484375 -238.61326599121094 197.66075134277344
      vertex 168.17158508300781 -212.450927734375 208.76075744628906
    endloop
  endfacet
  facet normal -0.73842899794448646 1.9711229295801443e-07 0.67433123536928263
    outer loop
      vertex 86.305076599121094 35.040988922119141 119.11251068115234
      vertex 96.684890747070312 61.473930358886719 130.47895812988281
      vertex 76.167259216308594 61.128719329833984 108.01104736328125
    endloop
  endfacet
  facet normal -0.73842906594994451 -2.439368275554579e-09 0.67433116089966672
    outer loop
      vertex 66.0679931640625 33.914588928222656 96.951805114746094
      vertex 76.167259216308594 61.128719329833984 108.01104736328125
      vertex 55.549346923828125 61.205356597900391 85.433319091796875
    endloop
  endfacet
  facet normal -0.73842911561650659 -1.1662197857669135e-07 0.67433110651208328
    outer loop
      vertex 188.77543640136719 35.194862365722656 231.32308959960938
      vertex 209.33432006835938 35.046920776367188 253.836181640625
      vertex 199.04206848144531 61.41387939453125 242.56561279296875
    endloop
  endfacet
  facet normal -0.73842878400427703 -2.4404785573582056e-09 0.67433146964528135
    outer loop
      vertex 157.61738586425781 8.7250890731811523 197.20335388183594
      vertex 178.34297180175781 8.8122549057006836 219.89897155761719
      vertex 168.21246337890625 35.154258728027344 208.80552673339844
    endloop
  endfacet
  facet normal -0.73842907401265556 2.7206999885135715e-08 0.67433115207056205
    outer loop
      vertex 84.320663452148438 -115.35579681396484 116.93946838378906
      vertex 66.247123718261719 -99.900741577148438 97.147964477539062
      vertex 66.236114501953125 -130.72833251953125 97.135910034179688
    endloop
  endfacet
  facet normal -0.73842909210599184 2.7842732941202317e-07 0.674331132257323
    outer loop
      vertex 86.305076599121094 35.040988922119141 119.11251068115234
      vertex 106.8819580078125 35.584953308105469 141.64530944824219
      vertex 96.684890747070312 61.473930358886719 130.47895812988281
    endloop
  endfacet
  facet normal -0.73842901561048291 -3.9985690566881762e-08 0.67433121602409274
    outer loop
      vertex 107.59847259521484 -264.87631225585938 142.429931640625
      vertex 117.46276092529297 -291.28878784179688 153.23185729980469
      vertex 127.67335510253906 -265.04415893554688 164.41300964355469
    endloop
  endfacet
  facet normal -0.73842896448131523 -1.1206240978300069e-07 0.6743312720132737
    outer loop
      vertex 66.098228454589844 -259.22976684570312 96.984916687011719
      vertex 46.767490386962891 -265.84542846679688 75.816719055175781
      vertex 55.614955902099609 -289.52261352539062 85.505165100097656
    endloop
  endfacet
  facet normal -0.73842900478645357 2.8276130715871227e-07 0.67433122787692978
    outer loop
      vertex 127.30207061767578 35.619216918945312 164.00643920898438
      vertex 137.62452697753906 61.606170654296875 175.31007385253906
      vertex 117.1806640625 61.649971008300781 152.92294311523438
    endloop
  endfacet
  facet normal -0.73842910861926725 1.9397573374799682e-07 0.67433111417442138
    outer loop
      vertex 127.30207061767578 35.619216918945312 164.00643920898438
      vertex 117.1806640625 61.649971008300781 152.92294311523438
      vertex 106.8819580078125 35.584953308105469 141.64530944824219
    endloop
  endfacet
  facet normal -0.73842915569342416 3.3458614201977148e-08 0.67433106262569265
    outer loop
      vertex 66.098228454589844 -259.22976684570312 96.984916687011719
      vertex 55.614955902099609 -289.52261352539062 85.505165100097656
      vertex 76.363594055175781 -289.5950927734375 108.22605133056641
    endloop
  endfacet
  facet normal -0.73842900697981606 -1.4698574978693067e-07 0.67433122547512292
    outer loop
      vertex 46.767490386962891 -265.84542846679688 75.816719055175781
      vertex 32.612155914306641 -287.615478515625 60.315860748291016
      vertex 55.614955902099609 -289.52261352539062 85.505165100097656
    endloop
  endfacet
  facet normal -0.73842915060526393 6.6648721737832133e-08 0.67433106819750199
    outer loop
      vertex 86.305076599121094 35.040988922119141 119.11251068115234
      vertex 76.167259216308594 61.128719329833984 108.01104736328125
      vertex 66.0679931640625 33.914588928222656 96.951805114746094
    endloop
  endfacet
  facet normal -0.73842908885002945 -1.6407072989164981e-07 0.67433113582281556
    outer loop
      vertex 48.677413940429688 -24.075881958007812 77.908187866210938
      vertex 30.78466796875 -38.644145965576172 58.314659118652344
      vertex 48.658267974853516 -54.231266021728516 77.887214660644531
    endloop
  endfacet
  facet normal -0.73842894236971601 -6.2568267546319334e-08 0.67433129622666832
    outer loop
      vertex 209.24253845214844 -265.12628173828125 253.73567199707031
      vertex 199.01081848144531 -291.44720458984375 242.53138732910156
      vertex 219.42021179199219 -291.4295654296875 264.88076782226562
    endloop
  endfacet
  facet normal -0.73842897503160432 2.1824320570143078e-08 0.67433126046014924
    outer loop
      vertex 168.21246337890625 35.154258728027344 208.80552673339844
      vertex 178.55047607421875 61.457595825195312 220.12620544433594
      vertex 158.06228637695312 61.492156982421875 197.69053649902344
    endloop
  endfacet
  facet normal -0.73842913013083422 -1.0962418089344778e-07 0.67433109061810881
    outer loop
      vertex 168.21246337890625 35.154258728027344 208.80552673339844
      vertex 158.06228637695312 61.492156982421875 197.69053649902344
      vertex 147.6759033203125 35.255393981933594 186.31687927246094
    endloop
  endfacet
  facet normal -0.73842913603257587 2.7108506059404673e-08 0.67433108415538934
    outer loop
      vertex 49.059909820556641 -238.85450744628906 78.327041625976562
      vertex 30.657548904418945 -222.7884521484375 58.175457000732422
      vertex 30.502727508544922 -253.652099609375 58.00592041015625
    endloop
  endfacet
  facet normal -0.73842898182624672 -6.0702887261342261e-10 0.67433125301965102
    outer loop
      vertex 49.059909820556641 -238.85450744628906 78.327041625976562
      vertex 46.767490386962891 -265.84542846679688 75.816719055175781
      vertex 66.098228454589844 -259.22976684570312 96.984916687011719
    endloop
  endfacet
  facet normal -0.73842913690490264 -3.0799438034694897e-08 0.67433108320014401
    outer loop
      vertex 66.966659545898438 -39.60498046875 97.935897827148438
      vertex 48.658267974853516 -54.231266021728516 77.887214660644531
      vertex 66.674674987792969 -69.297576904296875 97.616157531738281
    endloop
  endfacet
  facet normal -0.7384291435208119 -2.269221910639813e-07 0.67433107595532693
    outer loop
      vertex 137.03596496582031 9.0569124221801758 174.66557312011719
      vertex 127.30207061767578 35.619216918945312 164.00643920898438
      vertex 116.98307800292969 10.357672691345215 152.70657348632812
    endloop
  endfacet
  facet normal -0.73842908022115217 -2.5581333134834731e-08 0.67433114527192251
    outer loop
      vertex 48.383022308349609 -176.87513732910156 77.585807800292969
      vertex 48.308444976806641 -145.9534912109375 77.504142761230469
      vertex 30.466650009155273 -161.15461730957031 57.966411590576172
    endloop
  endfacet
  facet normal -0.73842891738241601 -2.0844157665458989e-08 0.67433132358910386
    outer loop
      vertex 147.55001831054688 -211.64227294921875 186.17903137207031
      vertex 137.70562744140625 -238.44393920898438 175.39889526367188
      vertex 158.03509521484375 -238.61326599121094 197.66075134277344
    endloop
  endfacet
  facet normal -0.7384291114132171 -6.3812967141678556e-07 0.67433111111462107
    outer loop
      vertex 219.52131652832031 -238.6297607421875 264.99151611328125
      vertex 209.24253845214844 -265.12628173828125 253.73567199707031
      vertex 229.61842346191406 -265.09820556640625 276.04837036132812
    endloop
  endfacet
  facet normal -0.73842922913665676 -3.0929770251358569e-07 0.67433098220128318
    outer loop
      vertex 209.33432006835938 35.046920776367188 253.836181640625
      vertex 229.87065124511719 34.720298767089844 276.3245849609375
      vertex 219.5279541015625 61.300647735595703 264.998779296875
    endloop
  endfacet
  facet normal -0.73842911216366613 -8.9681314273017825e-08 0.67433111029313453
    outer loop
      vertex 199.06362915039062 -238.88909912109375 242.58921813964844
      vertex 188.79537963867188 -265.1632080078125 231.34492492675781
      vertex 209.24253845214844 -265.12628173828125 253.73567199707031
    endloop
  endfacet
  facet normal -0.73842911230523023 8.2704819458972085e-08 0.67433111013811531
    outer loop
      vertex 188.79537963867188 -265.1632080078125 231.34492492675781
      vertex 199.01081848144531 -291.44720458984375 242.53138732910156
      vertex 209.24253845214844 -265.12628173828125 253.73567199707031
    endloop
  endfacet
  facet normal -0.73842912437352271 5.6476966832835496e-08 0.67433109692268356
    outer loop
      vertex 49.059909820556641 -238.85450744628906 78.327041625976562
      vertex 48.473731994628906 -207.84217834472656 77.685142517089844
      vertex 30.657548904418945 -222.7884521484375 58.175457000732422
    endloop
  endfacet
  facet normal -0.73842913645538744 2.8274567941713705e-08 0.67433108369238748
    outer loop
      vertex 49.059909820556641 -238.85450744628906 78.327041625976562
      vertex 30.502727508544922 -253.652099609375 58.00592041015625
      vertex 46.767490386962891 -265.84542846679688 75.816719055175781
    endloop
  endfacet
  facet normal -0.73842900973652303 1.1772765848689453e-07 0.6743312224563861
    outer loop
      vertex 178.53192138671875 -238.88175964355469 220.10588073730469
      vertex 168.34188842773438 -265.11184692382812 208.94725036621094
      vertex 188.79537963867188 -265.1632080078125 231.34492492675781
    endloop
  endfacet
  facet normal -0.73842900730656125 4.9720536689223248e-08 0.67433122511733345
    outer loop
      vertex 188.77543640136719 35.194862365722656 231.32308959960938
      vertex 178.55047607421875 61.457595825195312 220.12620544433594
      vertex 168.21246337890625 35.154258728027344 208.80552673339844
    endloop
  endfacet
  facet normal -0.73842898142715618 5.5538183901816545e-09 0.67433125345667666
    outer loop
      vertex 48.466484069824219 -84.57855224609375 77.677200317382812
      vertex 30.599681854248047 -69.249183654785156 58.112091064453125
      vertex 30.499048233032227 -99.810813903808594 58.00189208984375
    endloop
  endfacet
  facet normal -0.7384290073545644 7.2810320952955566e-08 0.6743312250647655
    outer loop
      vertex 48.466484069824219 -84.57855224609375 77.677200317382812
      vertex 30.499048233032227 -99.810813903808594 58.00189208984375
      vertex 48.348381042480469 -115.22150421142578 77.547874450683594
    endloop
  endfacet
  facet normal -0.73842906901662941 2.500799483031131e-09 0.67433115754148087
    outer loop
      vertex 48.383022308349609 -176.87513732910156 77.585807800292969
      vertex 30.466650009155273 -161.15461730957031 57.966411590576172
      vertex 30.514646530151367 -191.87940979003906 58.018970489501953
    endloop
  endfacet
  facet normal -0.73842909051638406 5.8807128735280317e-08 0.67433113399808431
    outer loop
      vertex 48.383022308349609 -176.87513732910156 77.585807800292969
      vertex 30.514646530151367 -191.87940979003906 58.018970489501953
      vertex 48.473731994628906 -207.84217834472656 77.685142517089844
    endloop
  endfacet
  facet normal -0.7384290517523624 1.2825656093462106e-08 0.67433117644678631
    outer loop
      vertex 52.480354309082031 8.0379180908203125 82.072608947753906
      vertex 31.640565872192383 23.457443237304688 59.251914978027344
      vertex 31.700998306274414 -7.5377697944641113 59.318092346191406
    endloop
  endfacet
  facet normal -0.73842904332840875 3.7863202772917039e-08 0.67433118567146944
    outer loop
      vertex 52.480354309082031 8.0379180908203125 82.072608947753906
      vertex 47.602779388427734 36.905963897705078 76.731399536132812
      vertex 31.640565872192383 23.457443237304688 59.251914978027344
    endloop
  endfacet
  facet normal -0.73842907725643159 1.2757772432352233e-08 0.67433114851845233
    outer loop
      vertex 127.67335510253906 -265.04415893554688 164.41300964355469
      vertex 117.46276092529297 -291.28878784179688 153.23185729980469
      vertex 137.78866577148438 -291.40054321289062 175.48982238769531
    endloop
  endfacet
  facet normal -0.73842913227016604 -3.3674304806461636e-08 0.67433108827543209
    outer loop
      vertex 127.67335510253906 -265.04415893554688 164.41300964355469
      vertex 137.78866577148438 -291.40054321289062 175.48982238769531
      vertex 147.95387268066406 -265.02880859375 186.62127685546875
    endloop
  endfacet
  facet normal -0.73842922847562553 -2.1789376240432473e-07 0.67433098292518434
    outer loop
      vertex 219.68083190917969 8.5467319488525391 265.16616821289062
      vertex 229.87065124511719 34.720298767089844 276.3245849609375
      vertex 209.33432006835938 35.046920776367188 253.836181640625
    endloop
  endfacet
  facet normal -0.73842930363354686 6.5138368485720954e-08 0.67433090062318113
    outer loop
      vertex 117.65670776367188 -238.547119140625 153.44422912597656
      vertex 127.67335510253906 -265.04415893554688 164.41300964355469
      vertex 137.70562744140625 -238.44393920898438 175.39889526367188
    endloop
  endfacet
  facet normal -0.7384291353340503 -3.8517922765063315e-08 0.67433108492031213
    outer loop
      vertex 48.677413940429688 -24.075881958007812 77.908187866210938
      vertex 31.700998306274414 -7.5377697944641113 59.318092346191406
      vertex 30.78466796875 -38.644145965576172 58.314659118652344
    endloop
  endfacet
  facet normal -0.73842907820748505 9.0441110542037173e-08 0.6743311474769913
    outer loop
      vertex 48.677413940429688 -24.075881958007812 77.908187866210938
      vertex 52.480354309082031 8.0379180908203125 82.072608947753906
      vertex 31.700998306274414 -7.5377697944641113 59.318092346191406
    endloop
  endfacet
  facet normal -0.73842911472798722 1.5491428513999147e-07 0.67433110748505232
    outer loop
      vertex 199.05409240722656 8.8654499053955078 242.57878112792969
      vertex 209.33432006835938 35.046920776367188 253.836181640625
      vertex 188.77543640136719 35.194862365722656 231.32308959960938
    endloop
  endfacet
  facet normal -0.7384289627241577 6.3196259057866332e-08 0.67433127393746195
    outer loop
      vertex 66.038215637207031 -224.94943237304688 96.919197082519531
      vertex 48.473731994628906 -207.84217834472656 77.685142517089844
      vertex 49.059909820556641 -238.85450744628906 78.327041625976562
    endloop
  endfacet
  facet normal -0.73842907400570457 -1.043916833949762e-07 0.67433115207816618
    outer loop
      vertex 98.099136352539062 -238.26495361328125 132.02764892578125
      vertex 87.702377319335938 -264.6163330078125 120.64263153076172
      vertex 107.59847259521484 -264.87631225585938 142.429931640625
    endloop
  endfacet
  facet normal -0.73842913776713848 -1.4031487630406476e-07 0.67433108225593485
    outer loop
      vertex 107.59847259521484 -264.87631225585938 142.429931640625
      vertex 97.09564208984375 -290.9703369140625 130.92875671386719
      vertex 117.46276092529297 -291.28878784179688 153.23185729980469
    endloop
  endfacet
  facet normal -0.7384290745516181 -1.9627036479085472e-07 0.67433115148034073
    outer loop
      vertex 107.59847259521484 -264.87631225585938 142.429931640625
      vertex 87.702377319335938 -264.6163330078125 120.64263153076172
      vertex 97.09564208984375 -290.9703369140625 130.92875671386719
    endloop
  endfacet
  facet normal -0.73842918305384797 -2.9801443527241404e-08 0.67433103266454064
    outer loop
      vertex 85.764762878417969 -53.360206604003906 118.52084350585938
      vertex 66.966659545898438 -39.60498046875 97.935897827148438
      vertex 66.674674987792969 -69.297576904296875 97.616157531738281
    endloop
  endfacet
  facet normal -0.73842908849117217 -1.6407123104504048e-07 0.67433113621578378
    outer loop
      vertex 66.966659545898438 -39.60498046875 97.935897827148438
      vertex 48.677413940429688 -24.075881958007812 77.908187866210938
      vertex 48.658267974853516 -54.231266021728516 77.887214660644531
    endloop
  endfacet
  facet normal -0.73842900709030579 -1.911127393901411e-07 0.67433122535411982
    outer loop
      vertex 178.34297180175781 8.8122549057006836 219.89897155761719
      vertex 188.77543640136719 35.194862365722656 231.32308959960938
      vertex 168.21246337890625 35.154258728027344 208.80552673339844
    endloop
  endfacet
  facet normal -0.73842926079656046 2.9511923490581722e-08 0.67433094753202927
    outer loop
      vertex 199.05409240722656 8.8654499053955078 242.57878112792969
      vertex 188.77543640136719 35.194862365722656 231.32308959960938
      vertex 178.34297180175781 8.8122549057006836 219.89897155761719
    endloop
  endfacet
  facet normal -0.73842909418927061 5.878346836783505e-08 0.67433112997607469
    outer loop
      vertex 66.4505615234375 -193.14808654785156 97.370742797851562
      vertex 48.383022308349609 -176.87513732910156 77.585807800292969
      vertex 48.473731994628906 -207.84217834472656 77.685142517089844
    endloop
  endfacet
  facet normal -0.73842919455437606 1.7592330619014797e-07 0.67433102007081391
    outer loop
      vertex 83.569503784179688 -177.36241149902344 116.11691284179688
      vertex 66.122932434082031 -161.67837524414062 97.011962890625
      vertex 66.4505615234375 -193.14808654785156 97.370742797851562
    endloop
  endfacet
  facet normal -0.73842916885908727 2.4672266699405337e-07 0.67433104820853162
    outer loop
      vertex 99.111991882324219 -189.41139221191406 133.13676452636719
      vertex 107.34131622314453 -212.60679626464844 142.14833068847656
      vertex 116.32603454589844 -185.14448547363281 151.98707580566406
    endloop
  endfacet
  facet normal -0.73842895638598904 4.6177094535756307e-08 0.67433128087809857
    outer loop
      vertex 66.038215637207031 -224.94943237304688 96.919197082519531
      vertex 49.059909820556641 -238.85450744628906 78.327041625976562
      vertex 66.098228454589844 -259.22976684570312 96.984916687011719
    endloop
  endfacet
  facet normal -0.7384291816775892 -2.9937368139803255e-08 0.67433103417161899
    outer loop
      vertex 199.06362915039062 -238.88909912109375 242.58921813964844
      vertex 178.53192138671875 -238.88175964355469 220.10588073730469
      vertex 188.79537963867188 -265.1632080078125 231.34492492675781
    endloop
  endfacet
  facet normal -0.73842915321280334 1.1292112286328269e-07 0.67433106534209875
    outer loop
      vertex 86.758010864257812 -21.05865478515625 119.60849761962891
      vertex 96.425483703613281 9.4179363250732422 130.19490051269531
      vertex 75.442192077636719 8.6871414184570312 107.21705627441406
    endloop
  endfacet
  facet normal -0.73842910827395503 -2.585851536200354e-07 0.67433111455253536
    outer loop
      vertex 116.98307800292969 10.357672691345215 152.70657348632812
      vertex 127.30207061767578 35.619216918945312 164.00643920898438
      vertex 106.8819580078125 35.584953308105469 141.64530944824219
    endloop
  endfacet
  facet normal -0.73842943321629817 -3.635951624927679e-07 0.67433075872284265
    outer loop
      vertex 199.06362915039062 -238.88909912109375 242.58921813964844
      vertex 209.24253845214844 -265.12628173828125 253.73567199707031
      vertex 219.52131652832031 -238.6297607421875 264.99151611328125
    endloop
  endfacet
  facet normal -0.73842898526703293 -2.1922927157185145e-08 0.67433124925180477
    outer loop
      vertex 75.442192077636719 8.6871414184570312 107.21705627441406
      vertex 66.0679931640625 33.914588928222656 96.951805114746094
      vertex 52.480354309082031 8.0379180908203125 82.072608947753906
    endloop
  endfacet
  facet normal -0.73842914505860691 -1.5250038727614441e-07 0.67433107427137873
    outer loop
      vertex 75.442192077636719 8.6871414184570312 107.21705627441406
      vertex 86.305076599121094 35.040988922119141 119.11251068115234
      vertex 66.0679931640625 33.914588928222656 96.951805114746094
    endloop
  endfacet
  facet normal -0.73842903613829536 2.1086479942117383e-07 0.67433119354499949
    outer loop
      vertex 86.758010864257812 -21.05865478515625 119.60849761962891
      vertex 75.442192077636719 8.6871414184570312 107.21705627441406
      vertex 64.877792358398438 -13.696550369262695 95.648475646972656
    endloop
  endfacet
  facet normal -0.73842902521538345 -1.8567109168126668e-10 0.67433120550621017
    outer loop
      vertex 64.877792358398438 -13.696550369262695 95.648475646972656
      vertex 48.677413940429688 -24.075881958007812 77.908187866210938
      vertex 66.966659545898438 -39.60498046875 97.935897827148438
    endloop
  endfacet
  facet normal -0.73842912718988984 -2.2765896893031331e-07 0.67433109383857248
    outer loop
      vertex 81.142753601074219 -240.41336059570312 113.45948028564453
      vertex 85.877876281738281 -210.06465148925781 118.64470672607422
      vertex 66.038215637207031 -224.94943237304688 96.919197082519531
    endloop
  endfacet
  facet normal -0.7384293086719439 9.9218248483884176e-08 0.67433089510585609
    outer loop
      vertex 81.142753601074219 -240.41336059570312 113.45948028564453
      vertex 87.702377319335938 -264.6163330078125 120.64263153076172
      vertex 98.099136352539062 -238.26495361328125 132.02764892578125
    endloop
  endfacet
  facet normal -0.7384289811476068 1.5947922318188731e-07 0.67433125376277947
    outer loop
      vertex 158.03509521484375 -238.61326599121094 197.66075134277344
      vertex 147.95387268066406 -265.02880859375 186.62127685546875
      vertex 168.34188842773438 -265.11184692382812 208.94725036621094
    endloop
  endfacet
  facet normal -0.73842901985371123 1.2637114751585243e-07 0.67433121137751839
    outer loop
      vertex 158.03509521484375 -238.61326599121094 197.66075134277344
      vertex 168.34188842773438 -265.11184692382812 208.94725036621094
      vertex 178.53192138671875 -238.88175964355469 220.10588073730469
    endloop
  endfacet
  facet normal -0.73842901022306917 7.1464045162563028e-08 0.6743312219235984
    outer loop
      vertex 107.71963500976562 -11.999397277832031 142.56260681152344
      vertex 116.98307800292969 10.357672691345215 152.70657348632812
      vertex 96.425483703613281 9.4179363250732422 130.19490051269531
    endloop
  endfacet
  facet normal -0.73842914906690638 -1.4886697202594233e-07 0.67433106988207381
    outer loop
      vertex 96.425483703613281 9.4179363250732422 130.19490051269531
      vertex 86.305076599121094 35.040988922119141 119.11251068115234
      vertex 75.442192077636719 8.6871414184570312 107.21705627441406
    endloop
  endfacet
  facet normal -0.73842904480974303 1.7935177379456106e-07 0.67433118404930559
    outer loop
      vertex 66.122932434082031 -161.67837524414062 97.011962890625
      vertex 48.383022308349609 -176.87513732910156 77.585807800292969
      vertex 66.4505615234375 -193.14808654785156 97.370742797851562
    endloop
  endfacet
  facet normal -0.73842903509399382 -1.0020903637487473e-07 0.6743311946885916
    outer loop
      vertex 66.4505615234375 -193.14808654785156 97.370742797851562
      vertex 48.473731994628906 -207.84217834472656 77.685142517089844
      vertex 66.038215637207031 -224.94943237304688 96.919197082519531
    endloop
  endfacet
  facet normal -0.73842859246169867 -2.0276987844749305e-07 0.67433167939449012
    outer loop
      vertex 239.80140686035156 -238.56282043457031 287.19927978515625
      vertex 219.52131652832031 -238.6297607421875 264.99151611328125
      vertex 229.61842346191406 -265.09820556640625 276.04837036132812
    endloop
  endfacet
  facet normal -0.73842912920927339 3.0189389207649649e-07 0.67433109162720883
    outer loop
      vertex 157.61738586425781 8.7250890731811523 197.20335388183594
      vertex 168.21246337890625 35.154258728027344 208.80552673339844
      vertex 147.6759033203125 35.255393981933594 186.31687927246094
    endloop
  endfacet
  facet normal -0.73842895379019391 1.8312720581039866e-07 0.67433128372061024
    outer loop
      vertex 209.36457824707031 -17.4293212890625 253.86932373046875
      vertex 219.68083190917969 8.5467319488525391 265.16616821289062
      vertex 199.05409240722656 8.8654499053955078 242.57878112792969
    endloop
  endfacet
  facet normal -0.73842918989956052 2.574702452486708e-07 0.67433102516806409
    outer loop
      vertex 188.97894287109375 -162.44082641601562 231.54594421386719
      vertex 168.53216552734375 -160.96345520019531 209.15560913085938
      vertex 178.55294799804688 -186.99868774414062 220.12892150878906
    endloop
  endfacet
  facet normal -0.73842895495778649 1.6952780050425905e-08 0.67433128244205831
    outer loop
      vertex 199.05409240722656 8.8654499053955078 242.57878112792969
      vertex 219.68083190917969 8.5467319488525391 265.16616821289062
      vertex 209.33432006835938 35.046920776367188 253.836181640625
    endloop
  endfacet
  facet normal -0.73842916978417594 1.7455442757886449e-07 0.67433104719553161
    outer loop
      vertex 119.42566680908203 -114.99566650390625 155.38134765625
      vertex 102.60923004150391 -98.849700927734375 136.9664306640625
      vertex 102.74735260009766 -132.31468200683594 137.11769104003906
    endloop
  endfacet
  facet normal -0.73842900749796614 -9.9773882598793477e-08 0.67433122490772934
    outer loop
      vertex 157.71058654785156 -185.47286987304688 197.30540466308594
      vertex 147.55001831054688 -211.64227294921875 186.17903137207031
      vertex 168.17158508300781 -212.450927734375 208.76075744628906
    endloop
  endfacet
  facet normal -0.73842904160827916 3.5066948982533571e-08 0.67433118755510435
    outer loop
      vertex 107.71963500976562 -11.999397277832031 142.56260681152344
      vertex 96.425483703613281 9.4179363250732422 130.19490051269531
      vertex 86.758010864257812 -21.05865478515625 119.60849761962891
    endloop
  endfacet
  facet normal -0.73842925128178671 2.0129790279466878e-07 0.67433095795119713
    outer loop
      vertex 157.61738586425781 8.7250890731811523 197.20335388183594
      vertex 147.6759033203125 35.255393981933594 186.31687927246094
      vertex 137.03596496582031 9.0569124221801758 174.66557312011719
    endloop
  endfacet
  facet normal -0.73842891735398886 3.2270195282770784e-09 0.6743313236202334
    outer loop
      vertex 188.82002258300781 -212.88880920410156 231.37190246582031
      vertex 168.17158508300781 -212.450927734375 208.76075744628906
      vertex 178.53192138671875 -238.88175964355469 220.10588073730469
    endloop
  endfacet
  facet normal -0.738429231182408 8.6320930683706446e-08 0.674330979961139
    outer loop
      vertex 84.116218566894531 -146.58003234863281 116.71559143066406
      vertex 66.122932434082031 -161.67837524414062 97.011962890625
      vertex 83.569503784179688 -177.36241149902344 116.11691284179688
    endloop
  endfacet
  facet normal -0.73842913225525098 -7.7004039782686662e-08 0.67433108829176114
    outer loop
      vertex 137.70562744140625 -238.44393920898438 175.39889526367188
      vertex 127.67335510253906 -265.04415893554688 164.41300964355469
      vertex 147.95387268066406 -265.02880859375 186.62127685546875
    endloop
  endfacet
  facet normal -0.7384289169036613 1.0556055298223838e-07 0.67433132411335817
    outer loop
      vertex 137.70562744140625 -238.44393920898438 175.39889526367188
      vertex 147.95387268066406 -265.02880859375 186.62127685546875
      vertex 158.03509521484375 -238.61326599121094 197.66075134277344
    endloop
  endfacet
  facet normal -0.73842911640722697 1.3991943770009959e-07 0.67433110564619725
    outer loop
      vertex 147.55001831054688 -211.64227294921875 186.17903137207031
      vertex 127.25151062011719 -211.65005493164062 163.95106506347656
      vertex 137.70562744140625 -238.44393920898438 175.39889526367188
    endloop
  endfacet
  facet normal -0.73842878357522901 -2.2677713647455302e-07 0.67433147011507333
    outer loop
      vertex 167.67671203613281 -17.704086303710938 208.21884155273438
      vertex 178.34297180175781 8.8122549057006836 219.89897155761719
      vertex 157.61738586425781 8.7250890731811523 197.20335388183594
    endloop
  endfacet
  facet normal -0.73842908761123316 -9.5486470761829582e-08 0.67433113717937798
    outer loop
      vertex 96.425483703613281 9.4179363250732422 130.19490051269531
      vertex 106.8819580078125 35.584953308105469 141.64530944824219
      vertex 86.305076599121094 35.040988922119141 119.11251068115234
    endloop
  endfacet
  facet normal -0.73842900524823551 -1.6786617182380914e-07 0.67433122737129203
    outer loop
      vertex 96.425483703613281 9.4179363250732422 130.19490051269531
      vertex 116.98307800292969 10.357672691345215 152.70657348632812
      vertex 106.8819580078125 35.584953308105469 141.64530944824219
    endloop
  endfacet
  facet normal -0.73842901429626051 3.0567610002979826e-07 0.67433121746316893
    outer loop
      vertex 117.65670776367188 -238.547119140625 153.44422912597656
      vertex 107.59847259521484 -264.87631225585938 142.429931640625
      vertex 127.67335510253906 -265.04415893554688 164.41300964355469
    endloop
  endfacet
  facet normal -0.73842879080969959 1.1792225528581536e-07 0.67433146219297158
    outer loop
      vertex 117.65670776367188 -238.547119140625 153.44422912597656
      vertex 98.099136352539062 -238.26495361328125 132.02764892578125
      vertex 107.59847259521484 -264.87631225585938 142.429931640625
    endloop
  endfacet
  facet normal -0.7384289652187872 -2.497137345741887e-08 0.67433127120571135
    outer loop
      vertex 66.122932434082031 -161.67837524414062 97.011962890625
      vertex 48.308444976806641 -145.9534912109375 77.504142761230469
      vertex 48.383022308349609 -176.87513732910156 77.585807800292969
    endloop
  endfacet
  facet normal -0.73842901362740354 -1.455754611684377e-07 0.67433121819565711
    outer loop
      vertex 66.122932434082031 -161.67837524414062 97.011962890625
      vertex 66.236114501953125 -130.72833251953125 97.135910034179688
      vertex 48.308444976806641 -145.9534912109375 77.504142761230469
    endloop
  endfacet
  facet normal -0.73842902112002884 -8.6221188893129164e-08 0.67433120999083895
    outer loop
      vertex 168.17158508300781 -212.450927734375 208.76075744628906
      vertex 158.03509521484375 -238.61326599121094 197.66075134277344
      vertex 178.53192138671875 -238.88175964355469 220.10588073730469
    endloop
  endfacet
  facet normal -0.73842859286937512 6.8834164991361901e-08 0.67433167894809021
    outer loop
      vertex 229.92449951171875 -211.62762451171875 276.383544921875
      vertex 219.52131652832031 -238.6297607421875 264.99151611328125
      vertex 239.80140686035156 -238.56282043457031 287.19927978515625
    endloop
  endfacet
  facet normal -0.73842918163478599 2.3326455862764901e-07 0.67433103421845109
    outer loop
      vertex 188.82002258300781 -212.88880920410156 231.37190246582031
      vertex 178.53192138671875 -238.88175964355469 220.10588073730469
      vertex 199.06362915039062 -238.88909912109375 242.58921813964844
    endloop
  endfacet
  facet normal -0.73842904943504295 8.2948073952155939e-08 0.67433117898437123
    outer loop
      vertex 64.877792358398438 -13.696550369262695 95.648475646972656
      vertex 52.480354309082031 8.0379180908203125 82.072608947753906
      vertex 48.677413940429688 -24.075881958007812 77.908187866210938
    endloop
  endfacet
  facet normal -0.7384289876123854 1.6049848209427984e-07 0.67433124668349886
    outer loop
      vertex 64.877792358398438 -13.696550369262695 95.648475646972656
      vertex 75.442192077636719 8.6871414184570312 107.21705627441406
      vertex 52.480354309082031 8.0379180908203125 82.072608947753906
    endloop
  endfacet
  facet normal -0.73842894730619524 3.6913735611158444e-07 0.67433129082086063
    outer loop
      vertex 209.42906188964844 -212.43621826171875 253.93994140625
      vertex 219.52131652832031 -238.6297607421875 264.99151611328125
      vertex 229.92449951171875 -211.62762451171875 276.383544921875
    endloop
  endfacet
  facet normal -0.73842892878123134 -2.3835794224902059e-07 0.67433131110674849
    outer loop
      vertex 123.675537109375 -151.95130920410156 160.03518676757812
      vertex 101.85914611816406 -163.26657104492188 136.14506530761719
      vertex 116.32603454589844 -185.14448547363281 151.98707580566406
    endloop
  endfacet
  facet normal -0.73842914830168715 -1.2134477588968117e-07 0.67433107072003606
    outer loop
      vertex 83.92742919921875 -84.516227722167969 116.50885772705078
      vertex 85.764762878417969 -53.360206604003906 118.52084350585938
      vertex 66.674674987792969 -69.297576904296875 97.616157531738281
    endloop
  endfacet
  facet normal -0.738429069634438 -8.0614323245763341e-09 0.67433115686494727
    outer loop
      vertex 86.758010864257812 -21.05865478515625 119.60849761962891
      vertex 64.877792358398438 -13.696550369262695 95.648475646972656
      vertex 66.966659545898438 -39.60498046875 97.935897827148438
    endloop
  endfacet
  facet normal -0.73842899002379647 -2.6642037945936214e-07 0.67433124404284073
    outer loop
      vertex 107.34131622314453 -212.60679626464844 142.14833068847656
      vertex 117.65670776367188 -238.547119140625 153.44422912597656
      vertex 127.25151062011719 -211.65005493164062 163.95106506347656
    endloop
  endfacet
  facet normal -0.73842917200221714 -9.6305109037688625e-08 0.67433104476667149
    outer loop
      vertex 85.877876281738281 -210.06465148925781 118.64470672607422
      vertex 66.4505615234375 -193.14808654785156 97.370742797851562
      vertex 66.038215637207031 -224.94943237304688 96.919197082519531
    endloop
  endfacet
  facet normal -0.7384289496481613 -3.6578431306036424e-07 0.67433128825628386
    outer loop
      vertex 146.47592163085938 -17.98382568359375 185.00283813476562
      vertex 167.67671203613281 -17.704086303710938 208.21884155273438
      vertex 157.61738586425781 8.7250890731811523 197.20335388183594
    endloop
  endfacet
  facet normal -0.73842913687034328 -1.4532270946604408e-09 0.67433108323798907
    outer loop
      vertex 125.44189453125 -17.124103546142578 161.96943664550781
      vertex 137.03596496582031 9.0569124221801758 174.66557312011719
      vertex 116.98307800292969 10.357672691345215 152.70657348632812
    endloop
  endfacet
  facet normal -0.73842890964152541 -1.1896711405536833e-07 0.67433133206578344
    outer loop
      vertex 156.55667114257812 -44.682651519775391 196.04179382324219
      vertex 146.47592163085938 -17.98382568359375 185.00283813476562
      vertex 133.93003845214844 -45.426513671875 171.26441955566406
    endloop
  endfacet
  facet normal -0.73842922389938426 -1.9117312313264442e-07 0.6743309879364261
    outer loop
      vertex 210.19140625 -70.135711669921875 254.77473449707031
      vertex 219.642333984375 -43.962493896484375 265.1240234375
      vertex 199.19493103027344 -43.486175537109375 242.73300170898438
    endloop
  endfacet
  facet normal -0.73842901828879748 7.8813490611314474e-08 0.67433121309119048
    outer loop
      vertex 125.44189453125 -17.124103546142578 161.96943664550781
      vertex 116.98307800292969 10.357672691345215 152.70657348632812
      vertex 107.71963500976562 -11.999397277832031 142.56260681152344
    endloop
  endfacet
  facet normal -0.73842925339639265 -8.7137881335411787e-08 0.67433095563561263
    outer loop
      vertex 146.47592163085938 -17.98382568359375 185.00283813476562
      vertex 157.61738586425781 8.7250890731811523 197.20335388183594
      vertex 137.03596496582031 9.0569124221801758 174.66557312011719
    endloop
  endfacet
  facet normal -0.73842906402542163 2.1311969787217961e-08 0.67433116300712292
    outer loop
      vertex 188.65509033203125 -17.39501953125 231.19129943847656
      vertex 178.34297180175781 8.8122549057006836 219.89897155761719
      vertex 167.67671203613281 -17.704086303710938 208.21884155273438
    endloop
  endfacet
  facet normal -0.73842894486693211 2.3316701017561327e-07 0.67433129349204513
    outer loop
      vertex 219.90458679199219 -185.4007568359375 265.41119384765625
      vertex 209.42906188964844 -212.43621826171875 253.93994140625
      vertex 229.92449951171875 -211.62762451171875 276.383544921875
    endloop
  endfacet
  facet normal -0.73842912751643741 1.6045514119132971e-08 0.6743310934810236
    outer loop
      vertex 85.877876281738281 -210.06465148925781 118.64470672607422
      vertex 83.569503784179688 -177.36241149902344 116.11691284179688
      vertex 66.4505615234375 -193.14808654785156 97.370742797851562
    endloop
  endfacet
  facet normal -0.7384289985590321 1.2419459358778744e-07 0.67433123469633927
    outer loop
      vertex 116.32603454589844 -185.14448547363281 151.98707580566406
      vertex 107.34131622314453 -212.60679626464844 142.14833068847656
      vertex 127.25151062011719 -211.65005493164062 163.95106506347656
    endloop
  endfacet
  facet normal -0.73842914309685692 -1.4453422327235323e-07 0.67433107641960321
    outer loop
      vertex 84.116218566894531 -146.58003234863281 116.71559143066406
      vertex 66.236114501953125 -130.72833251953125 97.135910034179688
      vertex 66.122932434082031 -161.67837524414062 97.011962890625
    endloop
  endfacet
  facet normal -0.738429073938762 2.7015829211924358e-08 0.67433115215147921
    outer loop
      vertex 84.116218566894531 -146.58003234863281 116.71559143066406
      vertex 84.320663452148438 -115.35579681396484 116.93946838378906
      vertex 66.236114501953125 -130.72833251953125 97.135910034179688
    endloop
  endfacet
  facet normal -0.73842943505779568 -4.4144629297784134e-08 0.67433075670639764
    outer loop
      vertex 209.42906188964844 -212.43621826171875 253.93994140625
      vertex 199.06362915039062 -238.88909912109375 242.58921813964844
      vertex 219.52131652832031 -238.6297607421875 264.99151611328125
    endloop
  endfacet
  facet normal -0.73842946852623714 -1.5304045040919457e-08 0.67433072005660444
    outer loop
      vertex 209.42906188964844 -212.43621826171875 253.93994140625
      vertex 188.82002258300781 -212.88880920410156 231.37190246582031
      vertex 199.06362915039062 -238.88909912109375 242.58921813964844
    endloop
  endfacet
  facet normal -0.7384290317045108 5.1656978980464419e-07 0.67433119840006783
    outer loop
      vertex 229.89820861816406 -17.654386520385742 276.35476684570312
      vertex 240.48649597167969 7.3564720153808594 287.94949340820312
      vertex 219.68083190917969 8.5467319488525391 265.16616821289062
    endloop
  endfacet
  facet normal -0.73842918502672039 3.8508409882376489e-07 0.67433103050402876
    outer loop
      vertex 229.89820861816406 -17.654386520385742 276.35476684570312
      vertex 219.68083190917969 8.5467319488525391 265.16616821289062
      vertex 209.36457824707031 -17.4293212890625 253.86932373046875
    endloop
  endfacet
  facet normal -0.7384290282075695 1.7583951517045514e-07 0.67433120222958232
    outer loop
      vertex 102.60923004150391 -98.849700927734375 136.9664306640625
      vertex 84.320663452148438 -115.35579681396484 116.93946838378906
      vertex 102.74735260009766 -132.31468200683594 137.11769104003906
    endloop
  endfacet
  facet normal -0.73842927305793837 -1.2463239862300829e-07 0.674330934105139
    outer loop
      vertex 136.57980346679688 -183.43295288085938 174.16606140136719
      vertex 116.32603454589844 -185.14448547363281 151.98707580566406
      vertex 127.25151062011719 -211.65005493164062 163.95106506347656
    endloop
  endfacet
  facet normal -0.73842920418229552 6.5324998819901175e-08 0.67433100952773739
    outer loop
      vertex 108.95392608642578 -42.184944152832031 143.91421508789062
      vertex 133.93003845214844 -45.426513671875 171.26441955566406
      vertex 125.44189453125 -17.124103546142578 161.96943664550781
    endloop
  endfacet
  facet normal -0.73842912926064508 1.3186777289143978e-07 0.67433109157100868
    outer loop
      vertex 85.764762878417969 -53.360206604003906 118.52084350585938
      vertex 86.758010864257812 -21.05865478515625 119.60849761962891
      vertex 66.966659545898438 -39.60498046875 97.935897827148438
    endloop
  endfacet
  facet normal -0.73842904248595875 4.0602727740111675e-07 0.67433118659387636
    outer loop
      vertex 178.701171875 -93.663772583007812 220.29122924804688
      vertex 188.828857421875 -68.805473327636719 231.38157653808594
      vertex 167.42681884765625 -70.77001953125 207.9451904296875
    endloop
  endfacet
  facet normal -0.73842929938060831 -2.4599829628325672e-08 0.67433090528038497
    outer loop
      vertex 199.19493103027344 -43.486175537109375 242.73300170898438
      vertex 209.36457824707031 -17.4293212890625 253.86932373046875
      vertex 188.65509033203125 -17.39501953125 231.19129943847656
    endloop
  endfacet
  facet normal -0.73842929311935368 -1.7072536766243871e-07 0.67433091213678054
    outer loop
      vertex 81.142753601074219 -240.41336059570312 113.45948028564453
      vertex 98.099136352539062 -238.26495361328125 132.02764892578125
      vertex 85.877876281738281 -210.06465148925781 118.64470672607422
    endloop
  endfacet
  facet normal -0.73842902145380751 8.8185595892419838e-08 0.67433120962533311
    outer loop
      vertex 85.877876281738281 -210.06465148925781 118.64470672607422
      vertex 98.099136352539062 -238.26495361328125 132.02764892578125
      vertex 107.34131622314453 -212.60679626464844 142.14833068847656
    endloop
  endfacet
  facet normal -0.73842910058348887 2.2324406797719961e-07 0.6743311229740252
    outer loop
      vertex 81.142753601074219 -240.41336059570312 113.45948028564453
      vertex 66.098228454589844 -259.22976684570312 96.984916687011719
      vertex 87.702377319335938 -264.6163330078125 120.64263153076172
    endloop
  endfacet
  facet normal -0.73842899978550514 4.6010006361105764e-08 0.67433123335329526
    outer loop
      vertex 81.142753601074219 -240.41336059570312 113.45948028564453
      vertex 66.038215637207031 -224.94943237304688 96.919197082519531
      vertex 66.098228454589844 -259.22976684570312 96.984916687011719
    endloop
  endfacet
  facet normal -0.73842909187940875 1.5973826599637264e-07 0.67433113250548227
    outer loop
      vertex 178.30502319335938 -43.594394683837891 219.857421875
      vertex 199.19493103027344 -43.486175537109375 242.73300170898438
      vertex 188.65509033203125 -17.39501953125 231.19129943847656
    endloop
  endfacet
  facet normal -0.73842914096655266 -2.1358769936084537e-07 0.67433107875238363
    outer loop
      vertex 178.55294799804688 -186.99868774414062 220.12892150878906
      vertex 157.71058654785156 -185.47286987304688 197.30540466308594
      vertex 168.17158508300781 -212.450927734375 208.76075744628906
    endloop
  endfacet
  facet normal -0.73842913903800567 6.5780452163772116e-10 0.67433108086428095
    outer loop
      vertex 125.44189453125 -17.124103546142578 161.96943664550781
      vertex 146.47592163085938 -17.98382568359375 185.00283813476562
      vertex 137.03596496582031 9.0569124221801758 174.66557312011719
    endloop
  endfacet
  facet normal -0.73842926058832303 -1.4877899205387475e-07 0.6743309477600451
    outer loop
      vertex 188.65509033203125 -17.39501953125 231.19129943847656
      vertex 199.05409240722656 8.8654499053955078 242.57878112792969
      vertex 178.34297180175781 8.8122549057006836 219.89897155761719
    endloop
  endfacet
  facet normal -0.73842929944864322 -1.1493750256961314e-07 0.67433090520587347
    outer loop
      vertex 188.65509033203125 -17.39501953125 231.19129943847656
      vertex 209.36457824707031 -17.4293212890625 253.86932373046875
      vertex 199.05409240722656 8.8654499053955078 242.57878112792969
    endloop
  endfacet
  facet normal -0.73842909039128779 2.7252731497342962e-08 0.67433113413507362
    outer loop
      vertex 102.74735260009766 -132.31468200683594 137.11769104003906
      vertex 84.320663452148438 -115.35579681396484 116.93946838378906
      vertex 84.116218566894531 -146.58003234863281 116.71559143066406
    endloop
  endfacet
  facet normal -0.73842893863673131 -4.2411061976754824e-08 0.6743313003144884
    outer loop
      vertex 102.60923004150391 -98.849700927734375 136.9664306640625
      vertex 83.92742919921875 -84.516227722167969 116.50885772705078
      vertex 84.320663452148438 -115.35579681396484 116.93946838378906
    endloop
  endfacet
  facet normal -0.73842911062761318 -2.7420352305775148e-08 0.67433111197520135
    outer loop
      vertex 83.92742919921875 -84.516227722167969 116.50885772705078
      vertex 66.674674987792969 -69.297576904296875 97.616157531738281
      vertex 66.247123718261719 -99.900741577148438 97.147964477539062
    endloop
  endfacet
  facet normal -0.7384291028738923 -4.7016456310546368e-08 0.67433112046594479
    outer loop
      vertex 83.92742919921875 -84.516227722167969 116.50885772705078
      vertex 66.247123718261719 -99.900741577148438 97.147964477539062
      vertex 84.320663452148438 -115.35579681396484 116.93946838378906
    endloop
  endfacet
  facet normal -0.73842878948414714 6.8519029276994047e-08 0.67433146364452856
    outer loop
      vertex 99.111991882324219 -189.41139221191406 133.13676452636719
      vertex 83.569503784179688 -177.36241149902344 116.11691284179688
      vertex 85.877876281738281 -210.06465148925781 118.64470672607422
    endloop
  endfacet
  facet normal -0.73842900607501927 3.7372974056016222e-07 0.67433122646583643
    outer loop
      vertex 99.111991882324219 -189.41139221191406 133.13676452636719
      vertex 85.877876281738281 -210.06465148925781 118.64470672607422
      vertex 107.34131622314453 -212.60679626464844 142.14833068847656
    endloop
  endfacet
  facet normal -0.73842909065662476 -3.5932721412159299e-07 0.67433113384442012
    outer loop
      vertex 188.828857421875 -68.805473327636719 231.38157653808594
      vertex 199.19493103027344 -43.486175537109375 242.73300170898438
      vertex 178.30502319335938 -43.594394683837891 219.857421875
    endloop
  endfacet
  facet normal -0.73842892134434268 -4.1058409041679657e-07 0.67433131925045708
    outer loop
      vertex 178.55294799804688 -186.99868774414062 220.12892150878906
      vertex 168.17158508300781 -212.450927734375 208.76075744628906
      vertex 188.82002258300781 -212.88880920410156 231.37190246582031
    endloop
  endfacet
  facet normal -0.73842913701273283 1.0962621010278611e-07 0.67433108308205614
    outer loop
      vertex 133.93003845214844 -45.426513671875 171.26441955566406
      vertex 146.47592163085938 -17.98382568359375 185.00283813476562
      vertex 125.44189453125 -17.124103546142578 161.96943664550781
    endloop
  endfacet
  facet normal -0.73842895608531733 -1.4627296106559925e-07 0.67433128120733588
    outer loop
      vertex 100.7662353515625 -70.921302795410156 134.94825744628906
      vertex 85.764762878417969 -53.360206604003906 118.52084350585938
      vertex 83.92742919921875 -84.516227722167969 116.50885772705078
    endloop
  endfacet
  facet normal -0.73842919005837993 8.4714705298886431e-08 0.67433102499419217
    outer loop
      vertex 101.85914611816406 -163.26657104492188 136.14506530761719
      vertex 84.116218566894531 -146.58003234863281 116.71559143066406
      vertex 83.569503784179688 -177.36241149902344 116.11691284179688
    endloop
  endfacet
  facet normal -0.73842914614754873 1.8739433711643767e-07 0.67433107307891949
    outer loop
      vertex 101.85914611816406 -163.26657104492188 136.14506530761719
      vertex 102.74735260009766 -132.31468200683594 137.11769104003906
      vertex 84.116218566894531 -146.58003234863281 116.71559143066406
    endloop
  endfacet
  facet normal -0.73842903179258035 3.072371608933286e-07 0.67433119830375476
    outer loop
      vertex 199.17483520507812 -186.98526000976562 242.71099853515625
      vertex 209.42906188964844 -212.43621826171875 253.93994140625
      vertex 219.90458679199219 -185.4007568359375 265.41119384765625
    endloop
  endfacet
  facet normal -0.73842908807442831 -4.7000132346638204e-07 0.67433113667199696
    outer loop
      vertex 99.111991882324219 -189.41139221191406 133.13676452636719
      vertex 116.32603454589844 -185.14448547363281 151.98707580566406
      vertex 101.85914611816406 -163.26657104492188 136.14506530761719
    endloop
  endfacet
  facet normal -0.73842898751164232 -4.932388340557021e-07 0.67433124679365686
    outer loop
      vertex 99.111991882324219 -189.41139221191406 133.13676452636719
      vertex 101.85914611816406 -163.26657104492188 136.14506530761719
      vertex 83.569503784179688 -177.36241149902344 116.11691284179688
    endloop
  endfacet
  facet normal -0.73842946788855879 -7.9160703047292958e-08 0.6743307207548932
    outer loop
      vertex 199.17483520507812 -186.98526000976562 242.71099853515625
      vertex 188.82002258300781 -212.88880920410156 231.37190246582031
      vertex 209.42906188964844 -212.43621826171875 253.93994140625
    endloop
  endfacet
  facet normal -0.7384290064530854 -4.8480734009616148e-07 0.67433122605176332
    outer loop
      vertex 178.55294799804688 -186.99868774414062 220.12892150878906
      vertex 188.82002258300781 -212.88880920410156 231.37190246582031
      vertex 199.17483520507812 -186.98526000976562 242.71099853515625
    endloop
  endfacet
  facet normal -0.73842886688238785 2.1304159373219404e-08 0.67433137888933525
    outer loop
      vertex 108.95392608642578 -42.184944152832031 143.91421508789062
      vertex 85.764762878417969 -53.360206604003906 118.52084350585938
      vertex 100.7662353515625 -70.921302795410156 134.94825744628906
    endloop
  endfacet
  facet normal -0.73842896571813588 -1.2003432978076149e-07 0.67433127065888732
    outer loop
      vertex 100.7662353515625 -70.921302795410156 134.94825744628906
      vertex 83.92742919921875 -84.516227722167969 116.50885772705078
      vertex 102.60923004150391 -98.849700927734375 136.9664306640625
    endloop
  endfacet
  facet normal -0.73842922283090284 -9.0302236090814207e-08 0.6743309891064927
    outer loop
      vertex 199.19493103027344 -43.486175537109375 242.73300170898438
      vertex 219.642333984375 -43.962493896484375 265.1240234375
      vertex 209.36457824707031 -17.4293212890625 253.86932373046875
    endloop
  endfacet
  facet normal -0.73842883326516295 -3.8681846361716181e-07 0.67433141570187916
    outer loop
      vertex 230.29383850097656 -156.97816467285156 276.78799438476562
      vertex 219.90458679199219 -185.4007568359375 265.41119384765625
      vertex 240.67057800292969 -183.25386047363281 288.15106201171875
    endloop
  endfacet
  facet normal -0.73842918724507123 -5.9988467911306781e-08 0.67433102807492096
    outer loop
      vertex 219.642333984375 -43.962493896484375 265.1240234375
      vertex 229.89820861816406 -17.654386520385742 276.35476684570312
      vertex 209.36457824707031 -17.4293212890625 253.86932373046875
    endloop
  endfacet
  facet normal -0.73842910820536978 -1.2774982551065381e-07 0.6743311146276777
    outer loop
      vertex 219.642333984375 -43.962493896484375 265.1240234375
      vertex 237.8734130859375 -42.201240539550781 285.08804321289062
      vertex 229.89820861816406 -17.654386520385742 276.35476684570312
    endloop
  endfacet
  facet normal -0.73842886554477782 2.9981168946769339e-07 0.67433138035402351
    outer loop
      vertex 240.67057800292969 -183.25386047363281 288.15106201171875
      vertex 219.90458679199219 -185.4007568359375 265.41119384765625
      vertex 229.92449951171875 -211.62762451171875 276.383544921875
    endloop
  endfacet
  facet normal -0.73842895092342897 -1.532449699797981e-07 0.67433128685987898
    outer loop
      vertex 156.55667114257812 -44.682651519775391 196.04179382324219
      vertex 167.67671203613281 -17.704086303710938 208.21884155273438
      vertex 146.47592163085938 -17.98382568359375 185.00283813476562
    endloop
  endfacet
  facet normal -0.73842905335226583 -1.3275190135175267e-07 0.67433117469479253
    outer loop
      vertex 121.82401275634766 -76.060073852539062 158.00765991210938
      vertex 100.7662353515625 -70.921302795410156 134.94825744628906
      vertex 102.60923004150391 -98.849700927734375 136.9664306640625
    endloop
  endfacet
  facet normal -0.73842906479513493 1.3620821277741782e-07 0.67433116216423206
    outer loop
      vertex 178.30502319335938 -43.594394683837891 219.857421875
      vertex 188.65509033203125 -17.39501953125 231.19129943847656
      vertex 167.67671203613281 -17.704086303710938 208.21884155273438
    endloop
  endfacet
  facet normal -0.73842916773157063 4.3279521643416991e-08 0.67433104944326727
    outer loop
      vertex 178.30502319335938 -43.594394683837891 219.857421875
      vertex 167.67671203613281 -17.704086303710938 208.21884155273438
      vertex 156.55667114257812 -44.682651519775391 196.04179382324219
    endloop
  endfacet
  facet normal -0.73842878294887082 -1.6835768266830699e-08 0.67433147080100675
    outer loop
      vertex 168.53216552734375 -160.96345520019531 209.15560913085938
      vertex 147.43431091308594 -157.08688354492188 186.05233764648438
      vertex 157.71058654785156 -185.47286987304688 197.30540466308594
    endloop
  endfacet
  facet normal -0.73842909619826236 1.8715013373324157e-08 0.67433112777612247
    outer loop
      vertex 123.675537109375 -151.95130920410156 160.03518676757812
      vertex 119.42566680908203 -114.99566650390625 155.38134765625
      vertex 102.74735260009766 -132.31468200683594 137.11769104003906
    endloop
  endfacet
  facet normal -0.73842904949202004 -1.5848946818813858e-07 0.67433117892196459
    outer loop
      vertex 108.95392608642578 -42.184944152832031 143.91421508789062
      vertex 125.44189453125 -17.124103546142578 161.96943664550781
      vertex 107.71963500976562 -11.999397277832031 142.56260681152344
    endloop
  endfacet
  facet normal -0.73842916318065288 -1.5672822322278977e-07 0.67433105442675267
    outer loop
      vertex 167.42681884765625 -70.77001953125 207.9451904296875
      vertex 178.30502319335938 -43.594394683837891 219.857421875
      vertex 156.55667114257812 -44.682651519775391 196.04179382324219
    endloop
  endfacet
  facet normal -0.73842898310442306 -1.7618597092516132e-07 0.67433125161995622
    outer loop
      vertex 147.43431091308594 -157.08688354492188 186.05233764648438
      vertex 136.57980346679688 -183.43295288085938 174.16606140136719
      vertex 157.71058654785156 -185.47286987304688 197.30540466308594
    endloop
  endfacet
  facet normal -0.73842919184170419 1.2403243839380331e-07 0.67433102304134895
    outer loop
      vertex 119.42566680908203 -114.99566650390625 155.38134765625
      vertex 121.82401275634766 -76.060073852539062 158.00765991210938
      vertex 102.60923004150391 -98.849700927734375 136.9664306640625
    endloop
  endfacet
  facet normal -0.73842911634123132 -2.3856786069598094e-07 0.67433110571843813
    outer loop
      vertex 136.57980346679688 -183.43295288085938 174.16606140136719
      vertex 127.25151062011719 -211.65005493164062 163.95106506347656
      vertex 147.55001831054688 -211.64227294921875 186.17903137207031
    endloop
  endfacet
  facet normal -0.73842898075256813 -1.2261023567197934e-07 0.67433125419537576
    outer loop
      vertex 136.57980346679688 -183.43295288085938 174.16606140136719
      vertex 147.55001831054688 -211.64227294921875 186.17903137207031
      vertex 157.71058654785156 -185.47286987304688 197.30540466308594
    endloop
  endfacet
  facet normal -0.73842890499044134 7.9862892844904086e-08 0.67433133715897509
    outer loop
      vertex 167.42681884765625 -70.77001953125 207.9451904296875
      vertex 156.55667114257812 -44.682651519775391 196.04179382324219
      vertex 145.80380249023438 -72.532386779785156 184.26683044433594
    endloop
  endfacet
  facet normal -0.73842925055475084 -2.153612473730257e-07 0.67433095874733684
    outer loop
      vertex 188.828857421875 -68.805473327636719 231.38157653808594
      vertex 210.19140625 -70.135711669921875 254.77473449707031
      vertex 199.19493103027344 -43.486175537109375 242.73300170898438
    endloop
  endfacet
  facet normal -0.73842900436735459 -1.5443172272967538e-07 0.6743312283359072
    outer loop
      vertex 108.95392608642578 -42.184944152832031 143.91421508789062
      vertex 107.71963500976562 -11.999397277832031 142.56260681152344
      vertex 86.758010864257812 -21.05865478515625 119.60849761962891
    endloop
  endfacet
  facet normal -0.73842888752905378 1.1552145688080204e-07 0.67433135628012331
    outer loop
      vertex 108.95392608642578 -42.184944152832031 143.91421508789062
      vertex 86.758010864257812 -21.05865478515625 119.60849761962891
      vertex 85.764762878417969 -53.360206604003906 118.52084350585938
    endloop
  endfacet
  facet normal -0.73842919767822668 -9.3885569502594486e-08 0.6743310166500438
    outer loop
      vertex 230.29383850097656 -156.97816467285156 276.78799438476562
      vertex 209.401123046875 -160.91610717773438 253.90933227539062
      vertex 219.90458679199219 -185.4007568359375 265.41119384765625
    endloop
  endfacet
  facet normal -0.73842911936722166 -1.1265968357577045e-07 0.67433110240484739
    outer loop
      vertex 145.80380249023438 -72.532386779785156 184.26683044433594
      vertex 133.93003845214844 -45.426513671875 171.26441955566406
      vertex 121.82401275634766 -76.060073852539062 158.00765991210938
    endloop
  endfacet
  facet normal -0.73842901349653589 -2.8849535206735177e-07 0.67433121833891785
    outer loop
      vertex 167.42681884765625 -70.77001953125 207.9451904296875
      vertex 188.828857421875 -68.805473327636719 231.38157653808594
      vertex 178.30502319335938 -43.594394683837891 219.857421875
    endloop
  endfacet
  facet normal -0.73842921003598838 -3.3861619585845888e-08 0.67433100311762706
    outer loop
      vertex 121.82401275634766 -76.060073852539062 158.00765991210938
      vertex 133.93003845214844 -45.426513671875 171.26441955566406
      vertex 108.95392608642578 -42.184944152832031 143.91421508789062
    endloop
  endfacet
  facet normal -0.73842902524602683 1.2053312739183151e-07 0.67433120547264336
    outer loop
      vertex 121.82401275634766 -76.060073852539062 158.00765991210938
      vertex 108.95392608642578 -42.184944152832031 143.91421508789062
      vertex 100.7662353515625 -70.921302795410156 134.94825744628906
    endloop
  endfacet
  facet normal -0.73842902742616146 1.7990217331074771e-07 0.67433120308526506
    outer loop
      vertex 123.675537109375 -151.95130920410156 160.03518676757812
      vertex 102.74735260009766 -132.31468200683594 137.11769104003906
      vertex 101.85914611816406 -163.26657104492188 136.14506530761719
    endloop
  endfacet
  facet normal -0.7384288989015646 6.861130814220632e-08 0.67433134382662219
    outer loop
      vertex 140.73716735839844 -126.87467956542969 178.71858215332031
      vertex 119.42566680908203 -114.99566650390625 155.38134765625
      vertex 123.675537109375 -151.95130920410156 160.03518676757812
    endloop
  endfacet
  facet normal -0.73842912341200928 3.1374768629713385e-07 0.67433109797552182
    outer loop
      vertex 168.53216552734375 -160.96345520019531 209.15560913085938
      vertex 157.71058654785156 -185.47286987304688 197.30540466308594
      vertex 178.55294799804688 -186.99868774414062 220.12892150878906
    endloop
  endfacet
  facet normal -0.73842900662228372 8.6354845099697288e-08 0.67433122586665073
    outer loop
      vertex 188.97894287109375 -162.44082641601562 231.54594421386719
      vertex 178.55294799804688 -186.99868774414062 220.12892150878906
      vertex 199.17483520507812 -186.98526000976562 242.71099853515625
    endloop
  endfacet
  facet normal -0.73842902384453413 7.0621696653414521e-08 0.67433120700736005
    outer loop
      vertex 209.401123046875 -160.91610717773438 253.90933227539062
      vertex 188.97894287109375 -162.44082641601562 231.54594421386719
      vertex 199.17483520507812 -186.98526000976562 242.71099853515625
    endloop
  endfacet
  facet normal -0.7384291455637958 4.3768024889324705e-07 0.67433107371804457
    outer loop
      vertex 140.73716735839844 -126.87467956542969 178.71858215332031
      vertex 123.675537109375 -151.95130920410156 160.03518676757812
      vertex 147.43431091308594 -157.08688354492188 186.05233764648438
    endloop
  endfacet
  facet normal -0.73842902355997608 7.0376216890585565e-08 0.67433120731896679
    outer loop
      vertex 209.401123046875 -160.91610717773438 253.90933227539062
      vertex 199.17483520507812 -186.98526000976562 242.71099853515625
      vertex 219.90458679199219 -185.4007568359375 265.41119384765625
    endloop
  endfacet
  facet normal -0.73842911831543134 1.0239322276091942e-07 0.67433110355661652
    outer loop
      vertex 233.6845703125 -70.693458557128906 280.50103759765625
      vertex 237.8734130859375 -42.201240539550781 285.08804321289062
      vertex 219.642333984375 -43.962493896484375 265.1240234375
    endloop
  endfacet
  facet normal -0.73842931192432515 -1.2127315270037218e-07 0.67433089154431669
    outer loop
      vertex 233.6845703125 -70.693458557128906 280.50103759765625
      vertex 219.642333984375 -43.962493896484375 265.1240234375
      vertex 210.19140625 -70.135711669921875 254.77473449707031
    endloop
  endfacet
  facet normal -0.73842892351517087 -2.8498303955018801e-08 0.67433131687340853
    outer loop
      vertex 137.64056396484375 -98.447853088378906 175.32763671875
      vertex 119.42566680908203 -114.99566650390625 155.38134765625
      vertex 140.73716735839844 -126.87467956542969 178.71858215332031
    endloop
  endfacet
  facet normal -0.73842927687771254 3.736666526988436e-07 0.67433092992218513
    outer loop
      vertex 140.73716735839844 -126.87467956542969 178.71858215332031
      vertex 147.43431091308594 -157.08688354492188 186.05233764648438
      vertex 159.40264892578125 -133.79803466796875 199.15830993652344
    endloop
  endfacet
  facet normal -0.73842874437067951 2.7188045534942304e-07 0.6743315130461186
    outer loop
      vertex 172.68876647949219 -116.74692535400391 213.70730590820312
      vertex 159.40264892578125 -133.79803466796875 199.15830993652344
      vertex 179.41773986816406 -138.65303039550781 221.07589721679688
    endloop
  endfacet
  facet normal -0.73842908686075892 -1.5078472965823939e-07 0.67433113800117728
    outer loop
      vertex 157.60472106933594 -101.59896087646484 197.18946838378906
      vertex 145.80380249023438 -72.532386779785156 184.26683044433594
      vertex 137.64056396484375 -98.447853088378906 175.32763671875
    endloop
  endfacet
  facet normal -0.73842879575276843 -1.7008071900534476e-07 0.67433145678003736
    outer loop
      vertex 159.40264892578125 -133.79803466796875 199.15830993652344
      vertex 147.43431091308594 -157.08688354492188 186.05233764648438
      vertex 168.53216552734375 -160.96345520019531 209.15560913085938
    endloop
  endfacet
  facet normal -0.73842931389006961 -3.0336547318246534e-07 0.67433088939166119
    outer loop
      vertex 220.39555358886719 -100.26371002197266 265.94882202148438
      vertex 233.6845703125 -70.693458557128906 280.50103759765625
      vertex 210.19140625 -70.135711669921875 254.77473449707031
    endloop
  endfacet
  facet normal -0.73842913615203076 3.2880063973523685e-07 0.67433108402450037
    outer loop
      vertex 240.25421142578125 -98.660140991210938 287.69512939453125
      vertex 220.39555358886719 -100.26371002197266 265.94882202148438
      vertex 236.70304870605469 -126.39617919921875 283.80642700195312
    endloop
  endfacet
  facet normal -0.73842927516905588 -6.9692719708953012e-08 0.67433093179335768
    outer loop
      vertex 123.675537109375 -151.95130920410156 160.03518676757812
      vertex 116.32603454589844 -185.14448547363281 151.98707580566406
      vertex 136.57980346679688 -183.43295288085938 174.16606140136719
    endloop
  endfacet
  facet normal -0.73842918768232724 9.1700194158128031e-09 0.6743310275961043
    outer loop
      vertex 123.675537109375 -151.95130920410156 160.03518676757812
      vertex 136.57980346679688 -183.43295288085938 174.16606140136719
      vertex 147.43431091308594 -157.08688354492188 186.05233764648438
    endloop
  endfacet
  facet normal -0.73842918988174489 2.5801247882065534e-07 0.67433102518757282
    outer loop
      vertex 179.41773986816406 -138.65303039550781 221.07589721679688
      vertex 168.53216552734375 -160.96345520019531 209.15560913085938
      vertex 188.97894287109375 -162.44082641601562 231.54594421386719
    endloop
  endfacet
  facet normal -0.73842922982278103 2.2270785997339851e-07 0.67433098144997372
    outer loop
      vertex 179.41773986816406 -138.65303039550781 221.07589721679688
      vertex 188.97894287109375 -162.44082641601562 231.54594421386719
      vertex 198.79891967773438 -138.61198425292969 242.29934692382812
    endloop
  endfacet
  facet normal -0.73842889994581207 2.7831600398428217e-07 0.67433134268306127
    outer loop
      vertex 198.92454528808594 -93.014366149902344 242.43690490722656
      vertex 188.828857421875 -68.805473327636719 231.38157653808594
      vertex 178.701171875 -93.663772583007812 220.29122924804688
    endloop
  endfacet
  facet normal -0.73842909942731294 -4.040206405182357e-07 0.67433112424001629
    outer loop
      vertex 172.68876647949219 -116.74692535400391 213.70730590820312
      vertex 178.701171875 -93.663772583007812 220.29122924804688
      vertex 157.60472106933594 -101.59896087646484 197.18946838378906
    endloop
  endfacet
  facet normal -0.73842910537293138 -5.0944435622770079e-07 0.67433111772917032
    outer loop
      vertex 240.25421142578125 -98.660140991210938 287.69512939453125
      vertex 233.6845703125 -70.693458557128906 280.50103759765625
      vertex 220.39555358886719 -100.26371002197266 265.94882202148438
    endloop
  endfacet
  facet normal -0.7384292089198472 3.7276441204485924e-08 0.67433100433986248
    outer loop
      vertex 219.39472961425781 -134.09170532226562 264.85287475585938
      vertex 209.401123046875 -160.91610717773438 253.90933227539062
      vertex 230.29383850097656 -156.97816467285156 276.78799438476562
    endloop
  endfacet
  facet normal -0.7384287928855785 -1.6796167073381376e-07 0.6743314599197634
    outer loop
      vertex 179.41773986816406 -138.65303039550781 221.07589721679688
      vertex 159.40264892578125 -133.79803466796875 199.15830993652344
      vertex 168.53216552734375 -160.96345520019531 209.15560913085938
    endloop
  endfacet
  facet normal -0.73842911827245228 -1.2902524977662501e-07 0.67433110360367643
    outer loop
      vertex 137.64056396484375 -98.447853088378906 175.32763671875
      vertex 145.80380249023438 -72.532386779785156 184.26683044433594
      vertex 121.82401275634766 -76.060073852539062 158.00765991210938
    endloop
  endfacet
  facet normal -0.73842897435585875 9.4571333024063647e-08 0.67433126120012088
    outer loop
      vertex 137.64056396484375 -98.447853088378906 175.32763671875
      vertex 121.82401275634766 -76.060073852539062 158.00765991210938
      vertex 119.42566680908203 -114.99566650390625 155.38134765625
    endloop
  endfacet
  facet normal -0.73842902263303878 3.4936506795082661e-08 0.67433120833401583
    outer loop
      vertex 198.79891967773438 -138.61198425292969 242.29934692382812
      vertex 188.97894287109375 -162.44082641601562 231.54594421386719
      vertex 209.401123046875 -160.91610717773438 253.90933227539062
    endloop
  endfacet
  facet normal -0.73842923584117881 1.9199360632204973e-07 0.67433097485950921
    outer loop
      vertex 219.39472961425781 -134.09170532226562 264.85287475585938
      vertex 236.70304870605469 -126.39617919921875 283.80642700195312
      vertex 220.39555358886719 -100.26371002197266 265.94882202148438
    endloop
  endfacet
  facet normal -0.73842924555074385 -3.8636747921652526e-08 0.67433096422703132
    outer loop
      vertex 198.92454528808594 -93.014366149902344 242.43690490722656
      vertex 210.19140625 -70.135711669921875 254.77473449707031
      vertex 188.828857421875 -68.805473327636719 231.38157653808594
    endloop
  endfacet
  facet normal -0.73842912856651144 -1.653300130667965e-07 0.67433109233111532
    outer loop
      vertex 198.92454528808594 -93.014366149902344 242.43690490722656
      vertex 220.39555358886719 -100.26371002197266 265.94882202148438
      vertex 210.19140625 -70.135711669921875 254.77473449707031
    endloop
  endfacet
  facet normal -0.73842910322987354 -4.9315936196757981e-08 0.67433112007612572
    outer loop
      vertex 219.39472961425781 -134.09170532226562 264.85287475585938
      vertex 198.79891967773438 -138.61198425292969 242.29934692382812
      vertex 209.401123046875 -160.91610717773438 253.90933227539062
    endloop
  endfacet
  facet normal -0.73842920532272949 4.1043659207009691e-08 0.6743310082789018
    outer loop
      vertex 219.39472961425781 -134.09170532226562 264.85287475585938
      vertex 230.29383850097656 -156.97816467285156 276.78799438476562
      vertex 236.70304870605469 -126.39617919921875 283.80642700195312
    endloop
  endfacet
  facet normal -0.73842889788509181 1.3718776854815976e-07 0.6743313449397037
    outer loop
      vertex 189.01106262207031 -116.03431701660156 231.58111572265625
      vertex 198.92454528808594 -93.014366149902344 242.43690490722656
      vertex 178.701171875 -93.663772583007812 220.29122924804688
    endloop
  endfacet
  facet normal -0.73842877040534993 3.1649235151130742e-07 0.67433148453675429
    outer loop
      vertex 172.68876647949219 -116.74692535400391 213.70730590820312
      vertex 157.60472106933594 -101.59896087646484 197.18946838378906
      vertex 159.40264892578125 -133.79803466796875 199.15830993652344
    endloop
  endfacet
  facet normal -0.73842890254142435 1.378360259005698e-08 0.67433133984078431
    outer loop
      vertex 157.60472106933594 -101.59896087646484 197.18946838378906
      vertex 167.42681884765625 -70.77001953125 207.9451904296875
      vertex 145.80380249023438 -72.532386779785156 184.26683044433594
    endloop
  endfacet
  facet normal -0.7384292074244766 2.2739890358863258e-07 0.67433100597733753
    outer loop
      vertex 157.60472106933594 -101.59896087646484 197.18946838378906
      vertex 178.701171875 -93.663772583007812 220.29122924804688
      vertex 167.42681884765625 -70.77001953125 207.9451904296875
    endloop
  endfacet
  facet normal -0.73842913184218262 2.3737928675930824e-07 0.67433108874405645
    outer loop
      vertex 205.45590209960938 -116.40064239501953 249.58909606933594
      vertex 198.79891967773438 -138.61198425292969 242.29934692382812
      vertex 219.39472961425781 -134.09170532226562 264.85287475585938
    endloop
  endfacet
  facet normal -0.73842922942177325 -1.9370042648184716e-07 0.67433098188910823
    outer loop
      vertex 189.01106262207031 -116.03431701660156 231.58111572265625
      vertex 179.41773986816406 -138.65303039550781 221.07589721679688
      vertex 198.79891967773438 -138.61198425292969 242.29934692382812
    endloop
  endfacet
  facet normal -0.73842929743651642 2.5177506526820513e-07 0.67433090740922552
    outer loop
      vertex 157.60472106933594 -101.59896087646484 197.18946838378906
      vertex 140.73716735839844 -126.87467956542969 178.71858215332031
      vertex 159.40264892578125 -133.79803466796875 199.15830993652344
    endloop
  endfacet
  facet normal -0.73842908078805247 -6.6174267457232365e-08 0.67433114465113331
    outer loop
      vertex 157.60472106933594 -101.59896087646484 197.18946838378906
      vertex 137.64056396484375 -98.447853088378906 175.32763671875
      vertex 140.73716735839844 -126.87467956542969 178.71858215332031
    endloop
  endfacet
  facet normal -0.73842909503036469 5.3104177896335801e-08 0.67433112905503168
    outer loop
      vertex 205.45590209960938 -116.40064239501953 249.58909606933594
      vertex 220.39555358886719 -100.26371002197266 265.94882202148438
      vertex 198.92454528808594 -93.014366149902344 242.43690490722656
    endloop
  endfacet
  facet normal -0.7384291608514898 1.8711456306045477e-07 0.67433105697730522
    outer loop
      vertex 205.45590209960938 -116.40064239501953 249.58909606933594
      vertex 219.39472961425781 -134.09170532226562 264.85287475585938
      vertex 220.39555358886719 -100.26371002197266 265.94882202148438
    endloop
  endfacet
  facet normal -0.73842892219587997 9.9199930867771542e-08 0.67433131831809612
    outer loop
      vertex 189.01106262207031 -116.03431701660156 231.58111572265625
      vertex 198.79891967773438 -138.61198425292969 242.29934692382812
      vertex 205.45590209960938 -116.40064239501953 249.58909606933594
    endloop
  endfacet
  facet normal -0.73842892158373619 1.5963168376184512e-07 0.67433131898841447
    outer loop
      vertex 189.01106262207031 -116.03431701660156 231.58111572265625
      vertex 205.45590209960938 -116.40064239501953 249.58909606933594
      vertex 198.92454528808594 -93.014366149902344 242.43690490722656
    endloop
  endfacet
  facet normal -0.73842931517972532 -1.1371157443595909e-07 0.67433088797947627
    outer loop
      vertex 172.68876647949219 -116.74692535400391 213.70730590820312
      vertex 179.41773986816406 -138.65303039550781 221.07589721679688
      vertex 189.01106262207031 -116.03431701660156 231.58111572265625
    endloop
  endfacet
  facet normal -0.73842931183171845 -2.8235421503733385e-07 0.67433089164567794
    outer loop
      vertex 172.68876647949219 -116.74692535400391 213.70730590820312
      vertex 189.01106262207031 -116.03431701660156 231.58111572265625
      vertex 178.701171875 -93.663772583007812 220.29122924804688
    endloop
  endfacet
  facet normal -0.73842756834319534 0 0.6743328008563394
    outer loop
      vertex 243.22483825683594 105.40630340576172 290.9481201171875
      vertex 243.22483825683594 114 290.9481201171875
      vertex 239.87895202636719 114 287.28421020507812
    endloop
  endfacet
  facet normal -0.73842756834319534 -2.0495482209814546e-17 0.67433280085633929
    outer loop
      vertex 243.22483825683594 105.40630340576172 290.9481201171875
      vertex 239.87895202636719 114 287.28421020507812
      vertex 243.22483825683594 99.719558715820312 290.9481201171875
    endloop
  endfacet
  facet normal -0.73842872499580903 -5.9596996354317479e-07 0.67433153426241943
    outer loop
      vertex 229.69938659667969 87.647712707519531 276.13702392578125
      vertex 243.22483825683594 99.719558715820312 290.9481201171875
      vertex 239.87895202636719 114 287.28421020507812
    endloop
  endfacet
  facet normal -0.73842896687204462 -0 0.67433126939530608
    outer loop
      vertex 229.69938659667969 87.647712707519531 276.13702392578125
      vertex 243.22483825683594 87.6319580078125 290.9481201171875
      vertex 243.22483825683594 99.719558715820312 290.9481201171875
    endloop
  endfacet
  facet normal -0.7384297129512416 0 0.67433045239759615
    outer loop
      vertex 243.22483825683594 -295.79324340820312 290.9481201171875
      vertex 243.22483825683594 -291.42242431640625 290.9481201171875
      vertex 239.79026794433594 -291.386474609375 287.18707275390625
    endloop
  endfacet
  facet normal -0.73842971295124171 0 0.67433045239759626
    outer loop
      vertex 243.22483825683594 -291.3616943359375 290.9481201171875
      vertex 239.79026794433594 -291.386474609375 287.18707275390625
      vertex 243.22483825683594 -291.42242431640625 290.9481201171875
    endloop
  endfacet
  facet normal -0.73842971295124171 0 0.67433045239759615
    outer loop
      vertex 239.79026794433594 -291.386474609375 287.18707275390625
      vertex 243.22483825683594 -300.18557739257812 290.9481201171875
      vertex 243.22483825683594 -295.79324340820312 290.9481201171875
    endloop
  endfacet
  facet normal -0.73842884477953408 0 0.67433140309313988
    outer loop
      vertex 243.22483825683594 -265.05105590820312 290.9481201171875
      vertex 229.61842346191406 -265.09820556640625 276.04837036132812
      vertex 243.22483825683594 -265.13143920898438 290.9481201171875
    endloop
  endfacet
  facet normal -0.73842884477953419 0 0.67433140309313988
    outer loop
      vertex 243.22483825683594 -282.4146728515625 290.9481201171875
      vertex 243.22483825683594 -265.13143920898438 290.9481201171875
      vertex 229.61842346191406 -265.09820556640625 276.04837036132812
    endloop
  endfacet
  facet normal -0.73842912918944181 -4.9145368718563003e-07 0.67433109164881389
    outer loop
      vertex 229.61842346191406 -265.09820556640625 276.04837036132812
      vertex 239.79026794433594 -291.386474609375 287.18707275390625
      vertex 243.22483825683594 -282.4146728515625 290.9481201171875
    endloop
  endfacet
  facet normal -0.73842891504223762 6.8492255173457594e-07 0.67433132615137703
    outer loop
      vertex 229.63496398925781 -317.70635986328125 276.06649780273438
      vertex 243.22483825683594 -300.18557739257812 290.9481201171875
      vertex 239.79026794433594 -291.386474609375 287.18707275390625
    endloop
  endfacet
  facet normal -0.7384285135044395 0 0.67433176585685473
    outer loop
      vertex 243.22483825683594 -300.18557739257812 290.9481201171875
      vertex 229.63496398925781 -317.70635986328125 276.06649780273438
      vertex 243.22483825683594 -317.67120361328125 290.9481201171875
    endloop
  endfacet
  facet normal -0.73842756834319534 0 0.6743328008563394
    outer loop
      vertex 243.22483825683594 -344 290.9481201171875
      vertex 243.22483825683594 -339.63162231445312 290.9481201171875
      vertex 239.87895202636719 -344 287.28421020507812
    endloop
  endfacet
  facet normal -0.73842756834319534 0 0.6743328008563394
    outer loop
      vertex 243.22483825683594 -335.32720947265625 290.9481201171875
      vertex 239.87895202636719 -344 287.28421020507812
      vertex 243.22483825683594 -339.63162231445312 290.9481201171875
    endloop
  endfacet
  facet normal -0.7384285135044395 0 0.67433176585685473
    outer loop
      vertex 229.63496398925781 -317.70635986328125 276.06649780273438
      vertex 243.22483825683594 -317.70867919921875 290.9481201171875
      vertex 243.22483825683594 -317.67120361328125 290.9481201171875
    endloop
  endfacet
  facet normal -0.7384281983573775 5.3450818885303797e-07 0.67433211095897827
    outer loop
      vertex 239.87895202636719 -344 287.28421020507812
      vertex 243.22483825683594 -335.32720947265625 290.9481201171875
      vertex 229.63496398925781 -317.70635986328125 276.06649780273438
    endloop
  endfacet
  facet normal -0.7384285135044395 0 0.67433176585685473
    outer loop
      vertex 243.22483825683594 -317.70867919921875 290.9481201171875
      vertex 229.63496398925781 -317.70635986328125 276.06649780273438
      vertex 243.22483825683594 -335.32720947265625 290.9481201171875
    endloop
  endfacet
  facet normal -0.73842838409892275 0 0.67433190756262873
    outer loop
      vertex 243.22483825683594 14.993078231811523 290.9481201171875
      vertex 240.48649597167969 7.3564720153808594 287.94949340820312
      vertex 243.22483825683594 7.4892220497131348 290.9481201171875
    endloop
  endfacet
  facet normal -0.73842911798130784 0 0.67433110392250784
    outer loop
      vertex 243.22483825683594 73.446174621582031 290.9481201171875
      vertex 239.97271728515625 61.229358673095703 287.38687133789062
      vertex 243.22483825683594 69.665092468261719 290.9481201171875
    endloop
  endfacet
  facet normal -0.73842899988169186 -6.9137029108553286e-08 0.67433123324796385
    outer loop
      vertex 229.69938659667969 87.647712707519531 276.13702392578125
      vertex 239.97271728515625 61.229358673095703 287.38687133789062
      vertex 243.22483825683594 73.446174621582031 290.9481201171875
    endloop
  endfacet
  facet normal -0.73842896687204462 -0 0.67433126939530608
    outer loop
      vertex 243.22483825683594 77.830528259277344 290.9481201171875
      vertex 243.22483825683594 87.6319580078125 290.9481201171875
      vertex 229.69938659667969 87.647712707519531 276.13702392578125
    endloop
  endfacet
  facet normal -0.73842896687204462 -0 0.67433126939530608
    outer loop
      vertex 243.22483825683594 73.446174621582031 290.9481201171875
      vertex 243.22483825683594 77.830528259277344 290.9481201171875
      vertex 229.69938659667969 87.647712707519531 276.13702392578125
    endloop
  endfacet
  facet normal -0.73842911798130773 0 0.67433110392250784
    outer loop
      vertex 243.22483825683594 69.067771911621094 290.9481201171875
      vertex 239.97271728515625 61.229358673095703 287.38687133789062
      vertex 243.22483825683594 61.231983184814453 290.9481201171875
    endloop
  endfacet
  facet normal -0.73842911798130773 0 0.67433110392250784
    outer loop
      vertex 239.97271728515625 61.229358673095703 287.38687133789062
      vertex 243.22483825683594 69.067771911621094 290.9481201171875
      vertex 243.22483825683594 69.665092468261719 290.9481201171875
    endloop
  endfacet
  facet normal -0.73842911798130761 0 0.67433110392250772
    outer loop
      vertex 239.97271728515625 61.229358673095703 287.38687133789062
      vertex 243.22483825683594 52.846248626708984 290.9481201171875
      vertex 243.22483825683594 61.231983184814453 290.9481201171875
    endloop
  endfacet
  facet normal -0.73842838409892286 0 0.67433190756262884
    outer loop
      vertex 243.22483825683594 16.47355842590332 290.9481201171875
      vertex 240.48649597167969 7.3564720153808594 287.94949340820312
      vertex 243.22483825683594 14.993078231811523 290.9481201171875
    endloop
  endfacet
  facet normal -0.73842851981122459 8.9640344330945306e-08 0.67433175895058939
    outer loop
      vertex 229.87065124511719 34.720298767089844 276.3245849609375
      vertex 240.48649597167969 7.3564720153808594 287.94949340820312
      vertex 243.22483825683594 16.47355842590332 290.9481201171875
    endloop
  endfacet
  facet normal -0.73842857550652441 0 0.67433169796132597
    outer loop
      vertex 243.22483825683594 20.892671585083008 290.9481201171875
      vertex 229.87065124511719 34.720298767089844 276.3245849609375
      vertex 243.22483825683594 16.47355842590332 290.9481201171875
    endloop
  endfacet
  facet normal -0.73842857550652452 0 0.67433169796132608
    outer loop
      vertex 243.22483825683594 25.325777053833008 290.9481201171875
      vertex 243.22483825683594 34.683418273925781 290.9481201171875
      vertex 229.87065124511719 34.720298767089844 276.3245849609375
    endloop
  endfacet
  facet normal -0.73842857550652441 0 0.67433169796132597
    outer loop
      vertex 243.22483825683594 20.892671585083008 290.9481201171875
      vertex 243.22483825683594 25.325777053833008 290.9481201171875
      vertex 229.87065124511719 34.720298767089844 276.3245849609375
    endloop
  endfacet
  facet normal -0.73842857550652452 0 0.67433169796132608
    outer loop
      vertex 229.87065124511719 34.720298767089844 276.3245849609375
      vertex 243.22483825683594 34.683418273925781 290.9481201171875
      vertex 243.22483825683594 47.155563354492188 290.9481201171875
    endloop
  endfacet
  facet normal -0.73842911798130761 0 0.67433110392250772
    outer loop
      vertex 239.97271728515625 61.229358673095703 287.38687133789062
      vertex 243.22483825683594 47.155563354492188 290.9481201171875
      vertex 243.22483825683594 52.846248626708984 290.9481201171875
    endloop
  endfacet
  facet normal -0.738428671564612 2.268555086565482e-07 0.67433159277262911
    outer loop
      vertex 229.87065124511719 34.720298767089844 276.3245849609375
      vertex 243.22483825683594 47.155563354492188 290.9481201171875
      vertex 239.97271728515625 61.229358673095703 287.38687133789062
    endloop
  endfacet
  facet normal -0.73842971295124171 0 0.67433045239759626
    outer loop
      vertex 243.22483825683594 -291.3616943359375 290.9481201171875
      vertex 243.22483825683594 -287.066162109375 290.9481201171875
      vertex 239.79026794433594 -291.386474609375 287.18707275390625
    endloop
  endfacet
  facet normal -0.73842971295124171 0 0.67433045239759626
    outer loop
      vertex 243.22483825683594 -282.4146728515625 290.9481201171875
      vertex 239.79026794433594 -291.386474609375 287.18707275390625
      vertex 243.22483825683594 -287.066162109375 290.9481201171875
    endloop
  endfacet
  facet normal -0.73842873032140466 0 0.67433152843087374
    outer loop
      vertex 243.22483825683594 -211.57502746582031 290.9481201171875
      vertex 229.92449951171875 -211.62762451171875 276.383544921875
      vertex 243.22483825683594 -212.62480163574219 290.9481201171875
    endloop
  endfacet
  facet normal -0.73842873032140455 0 0.67433152843087363
    outer loop
      vertex 243.22483825683594 -229.49824523925781 290.9481201171875
      vertex 243.22483825683594 -212.62480163574219 290.9481201171875
      vertex 229.92449951171875 -211.62762451171875 276.383544921875
    endloop
  endfacet
  facet normal -0.7384287809139144 -8.2806112555661306e-08 0.67433147302938734
    outer loop
      vertex 239.80140686035156 -238.56282043457031 287.19927978515625
      vertex 243.22483825683594 -229.49824523925781 290.9481201171875
      vertex 229.92449951171875 -211.62762451171875 276.383544921875
    endloop
  endfacet
  facet normal -0.73842885658245316 2.0127664778108753e-08 0.67433139016831367
    outer loop
      vertex 229.61842346191406 -265.09820556640625 276.04837036132812
      vertex 243.22483825683594 -247.55160522460938 290.9481201171875
      vertex 239.80140686035156 -238.56282043457031 287.19927978515625
    endloop
  endfacet
  facet normal -0.73842884477953408 0 0.67433140309313988
    outer loop
      vertex 243.22483825683594 -247.55160522460938 290.9481201171875
      vertex 229.61842346191406 -265.09820556640625 276.04837036132812
      vertex 243.22483825683594 -265.05105590820312 290.9481201171875
    endloop
  endfacet
  facet normal -0.73842838409892275 0 0.67433190756262873
    outer loop
      vertex 243.22483825683594 0.26651459932327271 290.9481201171875
      vertex 243.22483825683594 7.4892220497131348 290.9481201171875
      vertex 240.48649597167969 7.3564720153808594 287.94949340820312
    endloop
  endfacet
  facet normal -0.73842888061387546 0 0.67433136385262316
    outer loop
      vertex 243.22483825683594 -238.54801940917969 290.9481201171875
      vertex 243.22483825683594 -234.63194274902344 290.9481201171875
      vertex 239.80140686035156 -238.56282043457031 287.19927978515625
    endloop
  endfacet
  facet normal -0.73842888061387546 0 0.67433136385262316
    outer loop
      vertex 243.22483825683594 -229.49824523925781 290.9481201171875
      vertex 239.80140686035156 -238.56282043457031 287.19927978515625
      vertex 243.22483825683594 -234.63194274902344 290.9481201171875
    endloop
  endfacet
  facet normal -0.73842821825679528 5.0811385043683967e-07 0.67433208916811638
    outer loop
      vertex 243.22483825683594 -31.4703369140625 290.9481201171875
      vertex 229.89820861816406 -17.654386520385742 276.35476684570312
      vertex 237.8734130859375 -42.201240539550781 285.08804321289062
    endloop
  endfacet
  facet normal -0.73842775494226043 4.0990974777958013e-17 0.67433259652113309
    outer loop
      vertex 243.22483825683594 -35.039840698242188 290.9481201171875
      vertex 243.22483825683594 -31.4703369140625 290.9481201171875
      vertex 237.8734130859375 -42.201240539550781 285.08804321289062
    endloop
  endfacet
  facet normal -0.73842845779183008 -0 0.67433182686506732
    outer loop
      vertex 243.22483825683594 -26.905595779418945 290.9481201171875
      vertex 243.22483825683594 -20.85224723815918 290.9481201171875
      vertex 229.89820861816406 -17.654386520385742 276.35476684570312
    endloop
  endfacet
  facet normal -0.73842845779183008 -0 0.67433182686506732
    outer loop
      vertex 243.22483825683594 -31.4703369140625 290.9481201171875
      vertex 243.22483825683594 -26.905595779418945 290.9481201171875
      vertex 229.89820861816406 -17.654386520385742 276.35476684570312
    endloop
  endfacet
  facet normal -0.73842888061387546 0 0.67433136385262316
    outer loop
      vertex 243.22483825683594 -243.14299011230469 290.9481201171875
      vertex 243.22483825683594 -238.8671875 290.9481201171875
      vertex 239.80140686035156 -238.56282043457031 287.19927978515625
    endloop
  endfacet
  facet normal -0.73842888061387546 0 0.67433136385262316
    outer loop
      vertex 243.22483825683594 -238.54801940917969 290.9481201171875
      vertex 239.80140686035156 -238.56282043457031 287.19927978515625
      vertex 243.22483825683594 -238.8671875 290.9481201171875
    endloop
  endfacet
  facet normal -0.73842888061387546 0 0.67433136385262316
    outer loop
      vertex 239.80140686035156 -238.56282043457031 287.19927978515625
      vertex 243.22483825683594 -247.55160522460938 290.9481201171875
      vertex 243.22483825683594 -243.14299011230469 290.9481201171875
    endloop
  endfacet
  facet normal -0.73842967584168373 0 0.67433049303464376
    outer loop
      vertex 243.22483825683594 -183.39494323730469 290.9481201171875
      vertex 240.67057800292969 -183.25386047363281 288.15106201171875
      vertex 243.22483825683594 -186.49403381347656 290.9481201171875
    endloop
  endfacet
  facet normal -0.73842967584168373 0 0.67433049303464376
    outer loop
      vertex 243.22483825683594 -190.57862854003906 290.9481201171875
      vertex 243.22483825683594 -186.49403381347656 290.9481201171875
      vertex 240.67057800292969 -183.25386047363281 288.15106201171875
    endloop
  endfacet
  facet normal -0.73842967584168373 0 0.67433049303464376
    outer loop
      vertex 240.67057800292969 -183.25386047363281 288.15106201171875
      vertex 243.22483825683594 -190.99710083007812 290.9481201171875
      vertex 243.22483825683594 -190.57862854003906 290.9481201171875
    endloop
  endfacet
  facet normal -0.73842845779183008 0 0.67433182686506732
    outer loop
      vertex 229.89820861816406 -17.654386520385742 276.35476684570312
      vertex 243.22483825683594 -20.85224723815918 290.9481201171875
      vertex 243.22483825683594 -5.341461181640625 290.9481201171875
    endloop
  endfacet
  facet normal -0.73842838409892275 0 0.67433190756262873
    outer loop
      vertex 240.48649597167969 7.3564720153808594 287.94949340820312
      vertex 243.22483825683594 -5.341461181640625 290.9481201171875
      vertex 243.22483825683594 0.26651459932327271 290.9481201171875
    endloop
  endfacet
  facet normal -0.73842844554815013 -2.9142293307241059e-08 0.67433184027253379
    outer loop
      vertex 229.89820861816406 -17.654386520385742 276.35476684570312
      vertex 243.22483825683594 -5.341461181640625 290.9481201171875
      vertex 240.48649597167969 7.3564720153808594 287.94949340820312
    endloop
  endfacet
  facet normal -0.73842905036148221 4.5374317086480062e-07 0.67433117796972253
    outer loop
      vertex 229.92449951171875 -211.62762451171875 276.383544921875
      vertex 243.22483825683594 -190.99710083007812 290.9481201171875
      vertex 240.67057800292969 -183.25386047363281 288.15106201171875
    endloop
  endfacet
  facet normal -0.73842873032140466 0 0.67433152843087374
    outer loop
      vertex 243.22483825683594 -190.99710083007812 290.9481201171875
      vertex 229.92449951171875 -211.62762451171875 276.383544921875
      vertex 243.22483825683594 -211.57502746582031 290.9481201171875
    endloop
  endfacet
  facet normal -0.73842864228185245 0 0.67433162483883236
    outer loop
      vertex 243.22483825683594 -154.21157836914062 290.9481201171875
      vertex 230.29383850097656 -156.97816467285156 276.78799438476562
      vertex 243.22483825683594 -160.45602416992188 290.9481201171875
    endloop
  endfacet
  facet normal -0.73842864228185245 0 0.67433162483883236
    outer loop
      vertex 243.22483825683594 -176.98307800292969 290.9481201171875
      vertex 243.22483825683594 -160.45602416992188 290.9481201171875
      vertex 230.29383850097656 -156.97816467285156 276.78799438476562
    endloop
  endfacet
  facet normal -0.73842904181702174 -5.6794157093473635e-07 0.67433118732628172
    outer loop
      vertex 240.67057800292969 -183.25386047363281 288.15106201171875
      vertex 243.22483825683594 -176.98307800292969 290.9481201171875
      vertex 230.29383850097656 -156.97816467285156 276.78799438476562
    endloop
  endfacet
  facet normal -0.73842817647591774 0 0.67433213492050847
    outer loop
      vertex 243.22483825683594 -136.42021179199219 290.9481201171875
      vertex 236.70304870605469 -126.39617919921875 283.80642700195312
      vertex 243.22483825683594 -138.71195983886719 290.9481201171875
    endloop
  endfacet
  facet normal -0.73842844295027033 -3.1032208952291817e-07 0.67433184311727634
    outer loop
      vertex 230.29383850097656 -156.97816467285156 276.78799438476562
      vertex 243.22483825683594 -138.71195983886719 290.9481201171875
      vertex 236.70304870605469 -126.39617919921875 283.80642700195312
    endloop
  endfacet
  facet normal -0.73842864228185245 0 0.67433162483883236
    outer loop
      vertex 243.22483825683594 -138.71195983886719 290.9481201171875
      vertex 230.29383850097656 -156.97816467285156 276.78799438476562
      vertex 243.22483825683594 -154.21157836914062 290.9481201171875
    endloop
  endfacet
  facet normal -0.73842806452260989 -2.3830985003021608e-07 0.67433225751504355
    outer loop
      vertex 243.22483825683594 -57.489311218261719 290.9481201171875
      vertex 237.8734130859375 -42.201240539550781 285.08804321289062
      vertex 233.6845703125 -70.693458557128906 280.50103759765625
    endloop
  endfacet
  facet normal -0.73842821450475327 8.1982000577602106e-17 0.67433209327698618
    outer loop
      vertex 243.22483825683594 -63.468761444091797 290.9481201171875
      vertex 243.22483825683594 -57.489311218261719 290.9481201171875
      vertex 233.6845703125 -70.693458557128906 280.50103759765625
    endloop
  endfacet
  facet normal -0.73842775494226021 0 0.67433259652113298
    outer loop
      vertex 237.8734130859375 -42.201240539550781 285.08804321289062
      vertex 243.22483825683594 -57.489311218261719 290.9481201171875
      vertex 243.22483825683594 -46.693817138671875 290.9481201171875
    endloop
  endfacet
  facet normal -0.73842967584168373 -0 0.67433049303464376
    outer loop
      vertex 243.22483825683594 -183.39494323730469 290.9481201171875
      vertex 243.22483825683594 -182.45240783691406 290.9481201171875
      vertex 240.67057800292969 -183.25386047363281 288.15106201171875
    endloop
  endfacet
  facet normal -0.73842967584168362 0 0.67433049303464376
    outer loop
      vertex 243.22483825683594 -176.98307800292969 290.9481201171875
      vertex 240.67057800292969 -183.25386047363281 288.15106201171875
      vertex 243.22483825683594 -182.45240783691406 290.9481201171875
    endloop
  endfacet
  facet normal -0.73842821450475327 0 0.67433209327698629
    outer loop
      vertex 233.6845703125 -70.693458557128906 280.50103759765625
      vertex 243.22483825683594 -76.334861755371094 290.9481201171875
      vertex 243.22483825683594 -63.468761444091797 290.9481201171875
    endloop
  endfacet
  facet normal -0.73842775494226032 0 0.67433259652113309
    outer loop
      vertex 243.22483825683594 -35.997760772705078 290.9481201171875
      vertex 237.8734130859375 -42.201240539550781 285.08804321289062
      vertex 243.22483825683594 -46.693817138671875 290.9481201171875
    endloop
  endfacet
  facet normal -0.73842775494226021 0 0.67433259652113298
    outer loop
      vertex 237.8734130859375 -42.201240539550781 285.08804321289062
      vertex 243.22483825683594 -35.997760772705078 290.9481201171875
      vertex 243.22483825683594 -35.039840698242188 290.9481201171875
    endloop
  endfacet
  facet normal -0.73842817647591774 0 0.67433213492050847
    outer loop
      vertex 243.22483825683594 -122.90194702148438 290.9481201171875
      vertex 236.70304870605469 -126.39617919921875 283.80642700195312
      vertex 243.22483825683594 -130.5770263671875 290.9481201171875
    endloop
  endfacet
  facet normal -0.73842817647591774 0 0.67433213492050847
    outer loop
      vertex 243.22483825683594 -134.64347839355469 290.9481201171875
      vertex 243.22483825683594 -130.5770263671875 290.9481201171875
      vertex 236.70304870605469 -126.39617919921875 283.80642700195312
    endloop
  endfacet
  facet normal -0.73842817647591774 8.1981996355553226e-17 0.67433213492050859
    outer loop
      vertex 236.70304870605469 -126.39617919921875 283.80642700195312
      vertex 243.22483825683594 -136.42021179199219 290.9481201171875
      vertex 243.22483825683594 -134.64347839355469 290.9481201171875
    endloop
  endfacet
  facet normal -0.73842842522598395 0 0.67433186252636279
    outer loop
      vertex 243.22483825683594 -87.604988098144531 290.9481201171875
      vertex 240.25421142578125 -98.660140991210938 287.69512939453125
      vertex 243.22483825683594 -95.539863586425781 290.9481201171875
    endloop
  endfacet
  facet normal -0.73842821450475327 0 0.67433209327698629
    outer loop
      vertex 243.22483825683594 -83.292060852050781 290.9481201171875
      vertex 233.6845703125 -70.693458557128906 280.50103759765625
      vertex 243.22483825683594 -87.604988098144531 290.9481201171875
    endloop
  endfacet
  facet normal -0.73842828249261439 -8.4345408211853213e-08 0.67433201882677973
    outer loop
      vertex 240.25421142578125 -98.660140991210938 287.69512939453125
      vertex 243.22483825683594 -87.604988098144531 290.9481201171875
      vertex 233.6845703125 -70.693458557128906 280.50103759765625
    endloop
  endfacet
  facet normal -0.73842821450475327 -0 0.67433209327698618
    outer loop
      vertex 243.22483825683594 -78.926010131835938 290.9481201171875
      vertex 243.22483825683594 -76.334861755371094 290.9481201171875
      vertex 233.6845703125 -70.693458557128906 280.50103759765625
    endloop
  endfacet
  facet normal -0.73842821450475327 0 0.67433209327698618
    outer loop
      vertex 243.22483825683594 -83.292060852050781 290.9481201171875
      vertex 243.22483825683594 -78.926010131835938 290.9481201171875
      vertex 233.6845703125 -70.693458557128906 280.50103759765625
    endloop
  endfacet
  facet normal -0.73842842522598384 0 0.67433186252636268
    outer loop
      vertex 243.22483825683594 -101.79193115234375 290.9481201171875
      vertex 243.22483825683594 -95.539863586425781 290.9481201171875
      vertex 240.25421142578125 -98.660140991210938 287.69512939453125
    endloop
  endfacet
  facet normal -0.73842842522598406 0 0.67433186252636279
    outer loop
      vertex 243.22483825683594 -101.79193115234375 290.9481201171875
      vertex 240.25421142578125 -98.660140991210938 287.69512939453125
      vertex 243.22483825683594 -108.97447204589844 290.9481201171875
    endloop
  endfacet
  facet normal -0.73842828463861487 8.904425742333217e-08 0.67433201647679841
    outer loop
      vertex 236.70304870605469 -126.39617919921875 283.80642700195312
      vertex 243.22483825683594 -108.97447204589844 290.9481201171875
      vertex 240.25421142578125 -98.660140991210938 287.69512939453125
    endloop
  endfacet
  facet normal -0.73842817647591774 0 0.67433213492050847
    outer loop
      vertex 236.70304870605469 -126.39617919921875 283.80642700195312
      vertex 243.22483825683594 -122.90194702148438 290.9481201171875
      vertex 243.22483825683594 -108.97447204589844 290.9481201171875
    endloop
  endfacet
endsolid OBJECT
