solid OBJECT
  facet normal 0.2845237220358045 0 0.95866900001976285
    outer loop
      vertex 68.788544059389253 -0.31723001865151446 240.58299354484407
      vertex 37.340591430664062 9.5439146502930363 249.91644287109338
      vertex 37.340591430664062 -29.099887850828619 249.91644287109338
    endloop
  endfacet
  facet normal 0.24126846031192453 0 0.97045841232827357
    outer loop
      vertex 37.340591430664062 44.81226461375951 249.91644287109338
      vertex 59.39920279143594 42.826150088901613 244.43238798319337
      vertex 37.340591430664062 77 249.91644287109338
    endloop
  endfacet
  facet normal 0.29329658830581351 0.036008859451327306 0.95534311811473505
    outer loop
      vertex 70.691738100743393 77 239.67742261863756
      vertex 37.340591430664062 77 249.91644287109338
      vertex 59.39920279143594 42.826150088901613 244.43238798319337
    endloop
  endfacet
  facet normal 0.27710595297055296 -0.025392436878450268 0.96050378186535823
    outer loop
      vertex 59.39920279143594 42.826150088901613 244.43238798319337
      vertex 37.340591430664062 9.5439146502930363 249.91644287109338
      vertex 68.788544059389253 -0.31723001865151446 240.58299354484407
    endloop
  endfacet
  facet normal 0.53313228638728749 -0.00022060996047960332 0.8460318649688725
    outer loop
      vertex 108.76174698492713 -116.45754464241818 215.84810821004587
      vertex 74.828109678620322 -93.047745557515128 237.23770690803943
      vertex 74.662019453266353 -141.62224896659836 237.32970349296122
    endloop
  endfacet
  facet normal 0.29324596363598071 -0.037401481051122454 0.95530515230809243
    outer loop
      vertex 70.685299336850193 -312 239.68075956248256
      vertex 59.958348894638675 -279.93993637330851 244.22876055571075
      vertex 37.340591430664062 -312 249.91644287109338
    endloop
  endfacet
  facet normal 0.60090102129805933 0.00092049526432434064 0.79932291052578852
    outer loop
      vertex 142.21759467746034 -192.45818538671864 190.52693671329348
      vertex 104.59938616889595 -222.12017432229658 218.84105524351062
      vertex 138.87713340187955 -237.19154909302699 193.08968502761942
    endloop
  endfacet
  facet normal 0.32038424636805346 0 0.94728767261016034
    outer loop
      vertex 74.828109678620322 -93.047745557515128 237.23770690803943
      vertex 37.340591430664062 -71.442199242234807 249.91644287109338
      vertex 37.340591430664062 -117.63598217220643 249.91644287109338
    endloop
  endfacet
  facet normal 0.51606792258078249 -0.016237237435953979 0.85639374787746081
    outer loop
      vertex 89.273009713119293 -272.07123805597195 229.23674556381266
      vertex 70.685299336850193 -312 239.68075956248256
      vertex 103.74912189635727 -312 219.75630511246484
    endloop
  endfacet
  facet normal 0.31814835857758139 -0.0043157345735516297 0.94803111571798182
    outer loop
      vertex 74.828109678620322 -93.047745557515128 237.23770690803943
      vertex 73.829921726953586 -45.179524253862951 237.79059846121626
      vertex 37.340591430664062 -71.442199242234807 249.91644287109338
    endloop
  endfacet
  facet normal 0.60462311277494407 0.0038596162494075113 0.79650235081934606
    outer loop
      vertex 120.93632364827678 35.254587941774957 206.91272881964724
      vertex 137.75667873337656 77 193.94214975026517
      vertex 103.76231501552672 77 219.74719349777794
    endloop
  endfacet
  facet normal 0.31535538447483258 0 0.94897364635838588
    outer loop
      vertex 73.829921726953586 -45.179524253862951 237.79059846121626
      vertex 37.340591430664062 -29.099887850828619 249.91644287109338
      vertex 37.340591430664062 -71.442199242234807 249.91644287109338
    endloop
  endfacet
  facet normal 0.31649463782269971 0.005744780966570758 0.948576903430146
    outer loop
      vertex 73.346427180201303 -189.46573879026511 238.05840378831928
      vertex 74.662019453266353 -141.62224896659836 237.32970349296122
      vertex 37.340591430664062 -163.80906849777145 249.91644287109338
    endloop
  endfacet
  facet normal 0.60460697368045357 -0.0038295919283178556 0.79651474663224298
    outer loop
      vertex 120.86477706515535 -269.68357782022849 206.96785406567798
      vertex 103.74912189635727 -312 219.75630511246484
      vertex 137.73561001833053 -312 193.95832985044458
    endloop
  endfacet
  facet normal 0.45679575777718678 0.020062643878156886 0.88934533562468532
    outer loop
      vertex 59.39920279143594 42.826150088901613 244.43238798319337
      vertex 68.788544059389253 -0.31723001865151446 240.58299354484407
      vertex 89.559263972053785 36.754953293483709 229.07819069289732
    endloop
  endfacet
  facet normal 0.30534372669456011 -0.024937899769625165 0.95191560010505027
    outer loop
      vertex 68.788544059389253 -0.31723001865151446 240.58299354484407
      vertex 37.340591430664062 -29.099887850828619 249.91644287109338
      vertex 73.829921726953586 -45.179524253862951 237.79059846121626
    endloop
  endfacet
  facet normal 0.28291658153302163 0 0.95914451877371909
    outer loop
      vertex 68.567164031387406 -235.37707815979846 240.70561488816915
      vertex 37.340591430664062 -206.12943219965283 249.91644287109338
      vertex 37.340591430664062 -244.75320409308705 249.91644287109338
    endloop
  endfacet
  facet normal 0.57535605301449488 0.014426790238324282 0.81777581278917821
    outer loop
      vertex 120.86477706515535 -269.68357782022849 206.96785406567798
      vertex 89.273009713119293 -272.07123805597195 229.23674556381266
      vertex 103.74912189635727 -312 219.75630511246484
    endloop
  endfacet
  facet normal 0.45008999986168818 0.023963372188832713 0.89266160935588856
    outer loop
      vertex 89.273009713119293 -272.07123805597195 229.23674556381266
      vertex 59.958348894638675 -279.93993637330851 244.22876055571075
      vertex 70.685299336850193 -312 239.68075956248256
    endloop
  endfacet
  facet normal 0.45917849491964674 -0.018488384713463028 0.88815161399054754
    outer loop
      vertex 59.958348894638675 -279.93993637330851 244.22876055571075
      vertex 89.273009713119293 -272.07123805597195 229.23674556381266
      vertex 68.567164031387406 -235.37707815979846 240.70561488816915
    endloop
  endfacet
  facet normal 0.27661937005039994 0.022515982073565321 0.96071575123143627
    outer loop
      vertex 59.958348894638675 -279.93993637330851 244.22876055571075
      vertex 68.567164031387406 -235.37707815979846 240.70561488816915
      vertex 37.340591430664062 -244.75320409308705 249.91644287109338
    endloop
  endfacet
  facet normal 0.51609880295156352 0.016415057125057454 0.85637174841977604
    outer loop
      vertex 89.559263972053785 36.754953293483709 229.07819069289732
      vertex 103.76231501552672 77 219.74719349777794
      vertex 70.691738100743393 77 239.67742261863756
    endloop
  endfacet
  facet normal 0.57647354979927601 -0.014021615489788234 0.81699549612031408
    outer loop
      vertex 89.559263972053785 36.754953293483709 229.07819069289732
      vertex 120.93632364827678 35.254587941774957 206.91272881964724
      vertex 103.76231501552672 77 219.74719349777794
    endloop
  endfacet
  facet normal 0.31956797020105815 0 0.94756335536025027
    outer loop
      vertex 74.662019453266353 -141.62224896659836 237.32970349296122
      vertex 37.340591430664062 -117.63598217220643 249.91644287109338
      vertex 37.340591430664062 -163.80906849777145 249.91644287109338
    endloop
  endfacet
  facet normal 0.31997196698232794 0.00070028115853294727 0.94742675176066193
    outer loop
      vertex 74.662019453266353 -141.62224896659836 237.32970349296122
      vertex 74.828109678620322 -93.047745557515128 237.23770690803943
      vertex 37.340591430664062 -117.63598217220643 249.91644287109338
    endloop
  endfacet
  facet normal 0.31280915964529366 0 0.94981599778167825
    outer loop
      vertex 73.346427180201303 -189.46573879026511 238.05840378831928
      vertex 37.340591430664062 -163.80906849777145 249.91644287109338
      vertex 37.340591430664062 -206.12943219965283 249.91644287109338
    endloop
  endfacet
  facet normal 0.30293777976229436 0.023398134466202765 0.9527230599162555
    outer loop
      vertex 73.346427180201303 -189.46573879026511 238.05840378831928
      vertex 37.340591430664062 -206.12943219965283 249.91644287109338
      vertex 68.567164031387406 -235.37707815979846 240.70561488816915
    endloop
  endfacet
  facet normal 0.53312507974474188 -0.00023520211552310771 0.84603640230614618
    outer loop
      vertex 108.76174698492713 -116.45754464241818 215.84810821004587
      vertex 108.60186311059682 -65.326639907268799 215.96307276706662
      vertex 74.828109678620322 -93.047745557515128 237.23770690803943
    endloop
  endfacet
  facet normal 0.52258326383090681 0.0056579533628378304 0.8525694809970511
    outer loop
      vertex 105.87213270776056 -11.364458251620817 217.9258863895333
      vertex 68.788544059389253 -0.31723001865151446 240.58299354484407
      vertex 73.829921726953586 -45.179524253862951 237.79059846121626
    endloop
  endfacet
  facet normal 0.53098900147699224 -0.0016947163648573236 0.84737701659114484
    outer loop
      vertex 108.09143373514277 -167.54542305948812 216.33009719204554
      vertex 74.662019453266353 -141.62224896659836 237.32970349296122
      vertex 73.346427180201303 -189.46573879026511 238.05840378831928
    endloop
  endfacet
  facet normal 0.57717016915028607 0.0064078784765007526 0.81659876006301935
    outer loop
      vertex 105.87213270776056 -11.364458251620817 217.9258863895333
      vertex 120.93632364827678 35.254587941774957 206.91272881964724
      vertex 89.559263972053785 36.754953293483709 229.07819069289732
    endloop
  endfacet
  facet normal 0.51612191035216648 -0.02346461110332268 0.85619366131746155
    outer loop
      vertex 105.87213270776056 -11.364458251620817 217.9258863895333
      vertex 89.559263972053785 36.754953293483709 229.07819069289732
      vertex 68.788544059389253 -0.31723001865151446 240.58299354484407
    endloop
  endfacet
  facet normal 0.52007610625313128 -0.0048916435750769134 0.85410591587209839
    outer loop
      vertex 104.59938616889595 -222.12017432229658 218.84105524351062
      vertex 73.346427180201303 -189.46573879026511 238.05840378831928
      vertex 68.567164031387406 -235.37707815979846 240.70561488816915
    endloop
  endfacet
  facet normal 0.53221083095186694 0.0013195072447621922 0.84661082577424807
    outer loop
      vertex 108.60186311059682 -65.326639907268799 215.96307276706662
      vertex 73.829921726953586 -45.179524253862951 237.79059846121626
      vertex 74.828109678620322 -93.047745557515128 237.23770690803943
    endloop
  endfacet
  facet normal 0.52998034810580996 -0.0040354764655031738 0.84800032166936168
    outer loop
      vertex 108.60186311059682 -65.326639907268799 215.96307276706662
      vertex 105.87213270776056 -11.364458251620817 217.9258863895333
      vertex 73.829921726953586 -45.179524253862951 237.79059846121626
    endloop
  endfacet
  facet normal 0.60300452775451341 -0.0064018159879389884 0.79771207603972816
    outer loop
      vertex 138.84059354905054 2.7645941207724434 193.1178382711322
      vertex 120.93632364827678 35.254587941774957 206.91272881964724
      vertex 105.87213270776056 -11.364458251620817 217.9258863895333
    endloop
  endfacet
  facet normal 0.53248756850848711 0.00099906180980646199 0.8464372340932429
    outer loop
      vertex 108.76174698492713 -116.45754464241818 215.84810821004587
      vertex 74.662019453266353 -141.62224896659836 237.32970349296122
      vertex 108.09143373514277 -167.54542305948812 216.33009719204554
    endloop
  endfacet
  facet normal 0.52780551607070858 0.0053056943320797271 0.84934868388253093
    outer loop
      vertex 104.59938616889595 -222.12017432229658 218.84105524351062
      vertex 108.09143373514277 -167.54542305948812 216.33009719204554
      vertex 73.346427180201303 -189.46573879026511 238.05840378831928
    endloop
  endfacet
  facet normal 0.51293389250326804 0.021216939804981193 0.85816587172105474
    outer loop
      vertex 104.59938616889595 -222.12017432229658 218.84105524351062
      vertex 68.567164031387406 -235.37707815979846 240.70561488816915
      vertex 89.273009713119293 -272.07123805597195 229.23674556381266
    endloop
  endfacet
  facet normal 0.57647598186505189 -0.0068290739630460021 0.81708555615769596
    outer loop
      vertex 104.59938616889595 -222.12017432229658 218.84105524351062
      vertex 89.273009713119293 -272.07123805597195 229.23674556381266
      vertex 120.86477706515535 -269.68357782022849 206.96785406567798
    endloop
  endfacet
  facet normal 0.60254876061851481 0.0068382405258141455 0.79805277365823557
    outer loop
      vertex 104.59938616889595 -222.12017432229658 218.84105524351062
      vertex 120.86477706515535 -269.68357782022849 206.96785406567798
      vertex 138.87713340187955 -237.19154909302699 193.08968502761942
    endloop
  endfacet
  facet normal 0.60227366532768922 -0.0018085561551936067 0.79828764313208789
    outer loop
      vertex 142.21759467746034 -192.45818538671864 190.52693671329348
      vertex 108.09143373514277 -167.54542305948812 216.33009719204554
      vertex 104.59938616889595 -222.12017432229658 218.84105524351062
    endloop
  endfacet
  facet normal 0.60298195872894522 -0.00028640028947109826 0.79775477148198803
    outer loop
      vertex 140.13782536719134 -138.36831182776854 192.11834647132807
      vertex 108.09143373514277 -167.54542305948812 216.33009719204554
      vertex 142.21759467746034 -192.45818538671864 190.52693671329348
    endloop
  endfacet
  facet normal 0.60145407060421363 -0.00068579014728852451 0.79890708511409225
    outer loop
      vertex 140.90526632499703 -39.650160686917133 191.52704819030072
      vertex 138.84059354905054 2.7645941207724434 193.1178382711322
      vertex 105.87213270776056 -11.364458251620817 217.9258863895333
    endloop
  endfacet
  facet normal 0.60255411735332409 0.0014516548655047617 0.79807670581135748
    outer loop
      vertex 140.90526632499703 -39.650160686917133 191.52704819030072
      vertex 105.87213270776056 -11.364458251620817 217.9258863895333
      vertex 108.60186311059682 -65.326639907268799 215.96307276706662
    endloop
  endfacet
  facet normal 0.60291787761527171 9.1485747472996702e-05 0.79780324923019341
    outer loop
      vertex 142.81994187072257 -87.468147514723825 190.10623925622502
      vertex 108.60186311059682 -65.326639907268799 215.96307276706662
      vertex 108.76174698492713 -116.45754464241818 215.84810821004587
    endloop
  endfacet
  facet normal 0.60306360831220018 0.00044547744699777056 0.7976929772032052
    outer loop
      vertex 142.81994187072257 -87.468147514723825 190.10623925622502
      vertex 140.90526632499703 -39.650160686917133 191.52704819030072
      vertex 108.60186311059682 -65.326639907268799 215.96307276706662
    endloop
  endfacet
  facet normal 0.60303985897203094 -0.00038634826154910134 0.79771096220749893
    outer loop
      vertex 140.13782536719134 -138.36831182776854 192.11834647132807
      vertex 108.76174698492713 -116.45754464241818 215.84810821004587
      vertex 108.09143373514277 -167.54542305948812 216.33009719204554
    endloop
  endfacet
  facet normal 0.60310153499563224 -0.00024758875573000416 0.79766438881632429
    outer loop
      vertex 140.13782536719134 -138.36831182776854 192.11834647132807
      vertex 142.81994187072257 -87.468147514723825 190.10623925622502
      vertex 108.76174698492713 -116.45754464241818 215.84810821004587
    endloop
  endfacet
  facet normal 0.2412684603119245 0 0.97045841232827346
    outer loop
      vertex 59.39920279143594 42.826150088901613 244.43238798319337
      vertex 37.340591430664062 44.81226461375951 249.91644287109338
      vertex 37.340591430664062 9.5439146502930363 249.91644287109338
    endloop
  endfacet
  facet normal 0.44965112639890742 -0.02434973917591465 0.89287230594876132
    outer loop
      vertex 89.559263972053785 36.754953293483709 229.07819069289732
      vertex 70.691738100743393 77 239.67742261863756
      vertex 59.39920279143594 42.826150088901613 244.43238798319337
    endloop
  endfacet
  facet normal 0.24387694052810113 0 0.96980618572921728
    outer loop
      vertex 59.958348894638675 -279.93993637330851 244.22876055571075
      vertex 37.340591430664062 -244.75320409308705 249.91644287109338
      vertex 37.340591430664062 -279.96023094096574 249.91644287109338
    endloop
  endfacet
  facet normal 0.24387694052810113 2.6917528920511948e-17 0.96980618572921728
    outer loop
      vertex 37.340591430664062 -279.96023094096574 249.91644287109338
      vertex 37.340591430664062 -312 249.91644287109338
      vertex 59.958348894638675 -279.93993637330851 244.22876055571075
    endloop
  endfacet
  facet normal -0.1224599461474328 -0 0.99247345636524109
    outer loop
      vertex 0.30078592193662423 -179.04179710322956 245.3461517879222
      vertex 37.340591430664062 -206.12943219965283 249.91644287109338
      vertex 37.340591430664062 -163.80906849777145 249.91644287109338
    endloop
  endfacet
  facet normal -0.12945908045349819 -0 0.99158476515532179
    outer loop
      vertex -1.2171045154652553 -101.83070698611539 244.88243666506864
      vertex 37.340591430664062 -117.63598217220643 249.91644287109338
      vertex 37.340591430664062 -71.442199242234807 249.91644287109338
    endloop
  endfacet
  facet normal -0.50604880453090417 -0.011542546008589739 0.8624276068543274
    outer loop
      vertex -45.255263023540728 46.487105718372504 222.23830160990357
      vertex -18.313634061864477 41.343384476431595 237.9780661781937
      vertex -33.884615678065074 77 229.31866282919927
    endloop
  endfacet
  facet normal -0.57209090539416652 0 0.82019021937918934
    outer loop
      vertex -39.735925750576584 7.7866176831724623 225.50948926619705
      vertex -70 31.083895422116122 204.39999389648401
      vertex -70 -18.398983997741006 204.39999389648401
    endloop
  endfacet
  facet normal -0.45890826600267065 -0.036884067914700454 0.88771773043489788
    outer loop
      vertex -39.735925750576584 7.7866176831724623 225.50948926619705
      vertex -1.7818157403023847 -2.3232814081042363 244.70991753684328
      vertex -18.313634061864477 41.343384476431595 237.9780661781937
    endloop
  endfacet
  facet normal -0.44285990058129465 -0.0015853177050431982 0.89658942399790786
    outer loop
      vertex -1.2171045154652553 -101.83070698611539 244.88243666506864
      vertex -1.656609985172766 -54.991288496832766 244.74816786156455
      vertex -35.992048420229324 -89.024603103474561 227.72840155657283
    endloop
  endfacet
  facet normal -0.42326940958779991 0.035024862611267311 0.90532660731155878
    outer loop
      vertex -18.313634061864477 41.343384476431595 237.9780661781937
      vertex 1.9483404152270465 77 246.07172636108081
      vertex -33.884615678065074 77 229.31866282919927
    endloop
  endfacet
  facet normal -0.10780775637111763 -0.059139271248353956 0.99241122235817114
    outer loop
      vertex 13.703102257734955 -290.70148169898158 248.61786240973399
      vertex 1.9482195741305721 -312 246.07169372220872
      vertex 37.340591430664062 -312 249.91644287109338
    endloop
  endfacet
  facet normal -0.58595242905038514 0 0.810345451576026
    outer loop
      vertex -46.126430894479419 -284.09755772725214 221.66272521715163
      vertex -70 -266.08389542211614 204.39999389648401
      vertex -70 -312 204.39999389648401
    endloop
  endfacet
  facet normal -0.56775635311233952 -0.023315205495397562 0.82286640756157003
    outer loop
      vertex -46.126430894479419 -284.09755772725214 221.66272521715163
      vertex -70 -312 204.39999389648401
      vertex -33.884674496424694 -312 229.31862626615057
    endloop
  endfacet
  facet normal -0.56153737912076851 0.0073595598749222743 0.82741864175798319
    outer loop
      vertex -30.486881119416523 -142.07208838536113 230.99119098755429
      vertex -70 -167.35091489670288 204.39999389648401
      vertex -35.996083303980328 -195.32955029079477 227.72601017129082
    endloop
  endfacet
  facet normal -0.075928741997695989 -0 0.99711324639613885
    outer loop
      vertex 7.9299734637177925 -141.3558982239505 247.67686654245048
      vertex 37.340591430664062 -163.80906849777145 249.91644287109338
      vertex 37.340591430664062 -117.63598217220643 249.91644287109338
    endloop
  endfacet
  facet normal -0.56567133261609226 0 0.82463079220723656
    outer loop
      vertex -35.992048420229324 -89.024603103474561 227.72840155657283
      vertex -70 -67.649084701657628 204.39999389648401
      vertex -70 -117.4999997814482 204.39999389648401
    endloop
  endfacet
  facet normal -0.11141275047241324 0.044406045585274952 0.99278159841309011
    outer loop
      vertex -1.2171045154652553 -101.83070698611539 244.88243666506864
      vertex 7.9299734637177925 -141.3558982239505 247.67686654245048
      vertex 37.340591430664062 -117.63598217220643 249.91644287109338
    endloop
  endfacet
  facet normal -0.55831609071436472 0 0.82962831608463627
    outer loop
      vertex -30.486881119416523 -142.07208838536113 230.99119098755429
      vertex -70 -117.4999997814482 204.39999389648401
      vertex -70 -167.35091489670288 204.39999389648401
    endloop
  endfacet
  facet normal -0.56778975999105408 0.020633964336487159 0.82291495791792602
    outer loop
      vertex -45.255263023540728 46.487105718372504 222.23830160990357
      vertex -33.884615678065074 77 229.31866282919927
      vertex -70 77 204.39999389648401
    endloop
  endfacet
  facet normal -0.10791981524711944 0.037613368308625987 0.99344780839332847
    outer loop
      vertex 1.9483404152270465 77 246.07172636108081
      vertex 13.243838326840571 44.04381835231726 248.54654287920474
      vertex 37.340591430664062 77 249.91644287109338
    endloop
  endfacet
  facet normal -0.13191985572049514 -0 0.99126038540167827
    outer loop
      vertex -1.7818157403023847 -2.3232814081042363 244.70991753684328
      vertex 37.340591430664062 -29.099887850828619 249.91644287109338
      vertex 37.340591430664062 9.5439146502930363 249.91644287109338
    endloop
  endfacet
  facet normal -0.31939305819355968 0.025119002228357178 0.94728934867062509
    outer loop
      vertex 13.243838326840571 44.04381835231726 248.54654287920474
      vertex -18.313634061864477 41.343384476431595 237.9780661781937
      vertex -1.7818157403023847 -2.3232814081042363 244.70991753684328
    endloop
  endfacet
  facet normal -0.10616051821208669 -0.039955359921820199 0.99354592927879237
    outer loop
      vertex 0.30078592193662423 -179.04179710322956 245.3461517879222
      vertex 37.340591430664062 -163.80906849777145 249.91644287109338
      vertex 7.9299734637177925 -141.3558982239505 247.67686654245048
    endloop
  endfacet
  facet normal -0.42313501923571073 -0.043175125936605815 0.90503738265154154
    outer loop
      vertex -16.856075013582466 -283.81598396341235 238.62459016659577
      vertex -33.884674496424694 -312 229.31862626615057
      vertex 1.9482195741305721 -312 246.07169372220872
    endloop
  endfacet
  facet normal -0.56517693308269323 -0.0011756669017975029 0.82496887948490327
    outer loop
      vertex -35.215521180417966 -245.94525001345045 228.18863186974633
      vertex -35.996083303980328 -195.32955029079477 227.72601017129082
      vertex -70 -216.6010158564066 204.39999389648401
    endloop
  endfacet
  facet normal -0.56567754016104876 0 0.82462653398817143
    outer loop
      vertex -35.996083303980328 -195.32955029079477 227.72601017129082
      vertex -70 -167.35091489670288 204.39999389648401
      vertex -70 -216.6010158564066 204.39999389648401
    endloop
  endfacet
  facet normal -0.12349416026171957 -0 0.99234529896667156
    outer loop
      vertex 0.084314379791946337 -221.77986738654533 245.2800197896656
      vertex 37.340591430664062 -244.75320409308705 249.91644287109338
      vertex 37.340591430664062 -206.12943219965283 249.91644287109338
    endloop
  endfacet
  facet normal -0.11879279022936418 -0.043583649531396464 0.99196206504233142
    outer loop
      vertex 13.243838326840571 44.04381835231726 248.54654287920474
      vertex -1.7818157403023847 -2.3232814081042363 244.70991753684328
      vertex 37.340591430664062 9.5439146502930363 249.91644287109338
    endloop
  endfacet
  facet normal -0.31453323541409756 -0.036574111714937907 0.9485416059257511
    outer loop
      vertex -18.313634061864477 41.343384476431595 237.9780661781937
      vertex 13.243838326840571 44.04381835231726 248.54654287920474
      vertex 1.9483404152270465 77 246.07172636108081
    endloop
  endfacet
  facet normal -0.45017637907747127 0.0057785910478582126 0.89292095708757935
    outer loop
      vertex -36.323760481384035 -38.88398485085591 227.53180324300203
      vertex -1.7818157403023847 -2.3232814081042363 244.70991753684328
      vertex -39.735925750576584 7.7866176831724623 225.50948926619705
    endloop
  endfacet
  facet normal -0.58478170247381711 0 0.81119070535344773
    outer loop
      vertex -45.255263023540728 46.487105718372504 222.23830160990357
      vertex -70 77 204.39999389648401
      vertex -70 31.083895422116122 204.39999389648401
    endloop
  endfacet
  facet normal -0.42429863598829787 -0.020483880853176192 0.90529060423913765
    outer loop
      vertex 5.3740292825621943 -259.93002716297786 246.89602627837965
      vertex 0.084314379791946337 -221.77986738654533 245.2800197896656
      vertex -35.215521180417966 -245.94525001345045 228.18863186974633
    endloop
  endfacet
  facet normal -0.56145177727058371 -0.0073708293883704354 0.82747662968438596
    outer loop
      vertex -30.486881119416523 -142.07208838536113 230.99119098755429
      vertex -35.992048420229324 -89.024603103474561 227.72840155657283
      vertex -70 -117.4999997814482 204.39999389648401
    endloop
  endfacet
  facet normal -0.13138061741611409 -0 0.99133199956793516
    outer loop
      vertex -1.656609985172766 -54.991288496832766 244.74816786156455
      vertex 37.340591430664062 -71.442199242234807 249.91644287109338
      vertex 37.340591430664062 -29.099887850828619 249.91644287109338
    endloop
  endfacet
  facet normal -0.5686244768879245 -0.0059295148970525489 0.82257585980687509
    outer loop
      vertex -36.323760481384035 -38.88398485085591 227.53180324300203
      vertex -39.735925750576584 7.7866176831724623 225.50948926619705
      vertex -70 -18.398983997741006 204.39999389648401
    endloop
  endfacet
  facet normal -0.12311682991770521 -0.00091201030255133239 0.99239176459109257
    outer loop
      vertex 0.084314379791946337 -221.77986738654533 245.2800197896656
      vertex 37.340591430664062 -206.12943219965283 249.91644287109338
      vertex 0.30078592193662423 -179.04179710322956 245.3461517879222
    endloop
  endfacet
  facet normal -0.5014370379839802 0.017347551207406203 0.86502020751249442
    outer loop
      vertex -16.856075013582466 -283.81598396341235 238.62459016659577
      vertex -46.126430894479419 -284.09755772725214 221.66272521715163
      vertex -33.884674496424694 -312 229.31862626615057
    endloop
  endfacet
  facet normal -0.43700632570999959 0.00082166729496065734 0.89945805691666469
    outer loop
      vertex 0.084314379791946337 -221.77986738654533 245.2800197896656
      vertex 0.30078592193662423 -179.04179710322956 245.3461517879222
      vertex -35.996083303980328 -195.32955029079477 227.72601017129082
    endloop
  endfacet
  facet normal -0.43660991451855419 0.0014895833843187657 0.8996496894266357
    outer loop
      vertex -35.215521180417966 -245.94525001345045 228.18863186974633
      vertex 0.084314379791946337 -221.77986738654533 245.2800197896656
      vertex -35.996083303980328 -195.32955029079477 227.72601017129082
    endloop
  endfacet
  facet normal -0.56618629981971058 0 0.8242773040042195
    outer loop
      vertex -36.323760481384035 -38.88398485085591 227.53180324300203
      vertex -70 -18.398983997741006 204.39999389648401
      vertex -70 -67.649084701657628 204.39999389648401
    endloop
  endfacet
  facet normal -0.56588964242680007 -0.00051098048516156974 0.8244808375535555
    outer loop
      vertex -36.323760481384035 -38.88398485085591 227.53180324300203
      vertex -70 -67.649084701657628 204.39999389648401
      vertex -35.992048420229324 -89.024603103474561 227.72840155657283
    endloop
  endfacet
  facet normal -0.054854610288317562 -0 0.99849435237767714
    outer loop
      vertex 13.703102257734955 -290.70148169898158 248.61786240973399
      vertex 37.340591430664062 -312 249.91644287109338
      vertex 37.340591430664062 -279.96023094096574 249.91644287109338
    endloop
  endfacet
  facet normal -0.29987474810452941 0.051626196536457496 0.95258063767873424
    outer loop
      vertex 1.9482195741305721 -312 246.07169372220872
      vertex 13.703102257734955 -290.70148169898158 248.61786240973399
      vertex -16.856075013582466 -283.81598396341235 238.62459016659577
    endloop
  endfacet
  facet normal -0.39864024965119632 0.024001488019507914 0.91679325909982634
    outer loop
      vertex -30.486881119416523 -142.07208838536113 230.99119098755429
      vertex 0.30078592193662423 -179.04179710322956 245.3461517879222
      vertex 7.9299734637177925 -141.3558982239505 247.67686654245048
    endloop
  endfacet
  facet normal -0.43287228078782919 -0.010485561351623471 0.90139427640111203
    outer loop
      vertex -30.486881119416523 -142.07208838536113 230.99119098755429
      vertex -35.996083303980328 -195.32955029079477 227.72601017129082
      vertex 0.30078592193662423 -179.04179710322956 245.3461517879222
    endloop
  endfacet
  facet normal -0.13164614072743788 0.00040697506931509811 0.99129669020070088
    outer loop
      vertex -1.656609985172766 -54.991288496832766 244.74816786156455
      vertex 37.340591430664062 -29.099887850828619 249.91644287109338
      vertex -1.7818157403023847 -2.3232814081042363 244.70991753684328
    endloop
  endfacet
  facet normal -0.44494119530704235 -0.00040733930145702731 0.89555969471243735
    outer loop
      vertex -1.656609985172766 -54.991288496832766 244.74816786156455
      vertex -1.7818157403023847 -2.3232814081042363 244.70991753684328
      vertex -36.323760481384035 -38.88398485085591 227.53180324300203
    endloop
  endfacet
  facet normal -0.13071068710459616 0.0016154900174516964 0.99141923850036728
    outer loop
      vertex -1.2171045154652553 -101.83070698611539 244.88243666506864
      vertex 37.340591430664062 -71.442199242234807 249.91644287109338
      vertex -1.656609985172766 -54.991288496832766 244.74816786156455
    endloop
  endfacet
  facet normal -0.44457652440456369 0.00057098845722355375 0.89574069234379439
    outer loop
      vertex -1.656609985172766 -54.991288496832766 244.74816786156455
      vertex -36.323760481384035 -38.88398485085591 227.53180324300203
      vertex -35.992048420229324 -89.024603103474561 227.72840155657283
    endloop
  endfacet
  facet normal -0.56450176552772802 0 0.82543186073477803
    outer loop
      vertex -35.215521180417966 -245.94525001345045 228.18863186974633
      vertex -70 -216.6010158564066 204.39999389648401
      vertex -70 -266.08389542211614 204.39999389648401
    endloop
  endfacet
  facet normal -0.5737945050958112 0.024067094173517257 0.81864561374253775
    outer loop
      vertex -35.215521180417966 -245.94525001345045 228.18863186974633
      vertex -70 -266.08389542211614 204.39999389648401
      vertex -46.126430894479419 -284.09755772725214 221.66272521715163
    endloop
  endfacet
  facet normal -0.43951520844667147 0.0096324805843587512 0.8981834984355207
    outer loop
      vertex -1.2171045154652553 -101.83070698611539 244.88243666506864
      vertex -35.992048420229324 -89.024603103474561 227.72840155657283
      vertex -30.486881119416523 -142.07208838536113 230.99119098755429
    endloop
  endfacet
  facet normal -0.39780391037842444 -0.027224802459466197 0.91706644198699006
    outer loop
      vertex -1.2171045154652553 -101.83070698611539 244.88243666506864
      vertex -30.486881119416523 -142.07208838536113 230.99119098755429
      vertex 7.9299734637177925 -141.3558982239505 247.67686654245048
    endloop
  endfacet
  facet normal -0.094067777263735164 -0 0.99556579555580371
    outer loop
      vertex 5.3740292825621943 -259.93002716297786 246.89602627837965
      vertex 37.340591430664062 -279.96023094096574 249.91644287109338
      vertex 37.340591430664062 -244.75320409308705 249.91644287109338
    endloop
  endfacet
  facet normal -0.10686373799184681 0.02728347571006861 0.99389926725779798
    outer loop
      vertex 5.3740292825621943 -259.93002716297786 246.89602627837965
      vertex 37.340591430664062 -244.75320409308705 249.91644287109338
      vertex 0.084314379791946337 -221.77986738654533 245.2800197896656
    endloop
  endfacet
  facet normal -0.57910532536244885 -0.013689981125503195 0.81513778378482471
    outer loop
      vertex -45.255263023540728 46.487105718372504 222.23830160990357
      vertex -70 31.083895422116122 204.39999389648401
      vertex -39.735925750576584 7.7866176831724623 225.50948926619705
    endloop
  endfacet
  facet normal -0.50428760952572327 0.0010710961240113749 0.86353509461510869
    outer loop
      vertex -45.255263023540728 46.487105718372504 222.23830160990357
      vertex -39.735925750576584 7.7866176831724623 225.50948926619705
      vertex -18.313634061864477 41.343384476431595 237.9780661781937
    endloop
  endfacet
  facet normal -0.50134894443811751 -0.0046197933291583218 0.86523285502827574
    outer loop
      vertex -16.856075013582466 -283.81598396341235 238.62459016659577
      vertex -35.215521180417966 -245.94525001345045 228.18863186974633
      vertex -46.126430894479419 -284.09755772725214 221.66272521715163
    endloop
  endfacet
  facet normal -0.40156514875172367 0.057204909296037956 0.91404213779258447
    outer loop
      vertex -16.856075013582466 -283.81598396341235 238.62459016659577
      vertex 5.3740292825621943 -259.93002716297786 246.89602627837965
      vertex -35.215521180417966 -245.94525001345045 228.18863186974633
    endloop
  endfacet
  facet normal -0.056758337255312381 0 0.99838794621730698
    outer loop
      vertex 13.243838326840571 44.04381835231726 248.54654287920474
      vertex 37.340591430664062 9.5439146502930363 249.91644287109338
      vertex 37.340591430664062 44.81226461375951 249.91644287109338
    endloop
  endfacet
  facet normal -0.056758337255312381 0 0.99838794621730709
    outer loop
      vertex 37.340591430664062 44.81226461375951 249.91644287109338
      vertex 37.340591430664062 77 249.91644287109338
      vertex 13.243838326840571 44.04381835231726 248.54654287920474
    endloop
  endfacet
  facet normal -0.071332325025175586 0.036467874630978871 0.99678573100060075
    outer loop
      vertex 13.703102257734955 -290.70148169898158 248.61786240973399
      vertex 37.340591430664062 -279.96023094096574 249.91644287109338
      vertex 5.3740292825621943 -259.93002716297786 246.89602627837965
    endloop
  endfacet
  facet normal -0.31733017136273173 -0.03286174155313485 0.94774557149321159
    outer loop
      vertex 5.3740292825621943 -259.93002716297786 246.89602627837965
      vertex -16.856075013582466 -283.81598396341235 238.62459016659577
      vertex 13.703102257734955 -290.70148169898158 248.61786240973399
    endloop
  endfacet
  facet normal 0.59560556311699409 -0.012798695615827064 0.80317507840733082
    outer loop
      vertex 120.93632364827678 35.254587941774957 206.91272881964724
      vertex 138.84059354905054 2.7645941207724434 193.1178382711322
      vertex 147.9614519432713 20.049326630450437 186.62957424264476
    endloop
  endfacet
  facet normal 0.59560556311699453 -0.012798695615812393 0.80317507840733049
    outer loop
      vertex 148.09336688459922 35.253337728533154 186.77402872136304
      vertex 120.93632364827678 35.254587941774957 206.91272881964724
      vertex 148.0839369833725 34.166491817791091 186.76370256883968
    endloop
  endfacet
  facet normal 0.5956055631169942 -0.01279869561582701 0.80317507840733071
    outer loop
      vertex 147.9614519432713 20.049326630450437 186.62957424264476
      vertex 148.0839369833725 34.166491817791091 186.76370256883968
      vertex 120.93632364827678 35.254587941774957 206.91272881964724
    endloop
  endfacet
  facet normal 0.59560556311698976 -0.012798695615609354 0.80317507840733737
    outer loop
      vertex 120.93632364827678 35.254587941774957 206.91272881964724
      vertex 148.10273971840124 36.333618233829085 186.7842925724635
      vertex 148.10352041855791 36.423598322530744 186.78514747748829
    endloop
  endfacet
  facet normal 0.59560556311699409 -0.01279869561585755 0.80317507840732993
    outer loop
      vertex 120.93632364827678 35.254587941774957 206.91272881964724
      vertex 148.09336688459922 35.253337728533154 186.77402872136304
      vertex 148.10273971840124 36.333618233829085 186.7842925724635
    endloop
  endfacet
  facet normal 0.59480633903101643 -0.0099788551004151259 0.80380709221765678
    outer loop
      vertex 147.97535895987698 -290.75482317790045 186.64480264180975
      vertex 148.10363595671527 -271.79356367122068 186.78527377146318
      vertex 120.86477706515535 -269.68357782022849 206.96785406567798
    endloop
  endfacet
  facet normal 0.59480633903101543 -0.0099788551004171087 0.80380709221765745
    outer loop
      vertex 137.73561001833053 -312 193.95832985044458
      vertex 147.97535895987698 -290.75482317790045 186.64480264180975
      vertex 120.86477706515535 -269.68357782022849 206.96785406567798
    endloop
  endfacet
  facet normal 0.59499231741759673 0.0099670314550115539 0.80366958415633272
    outer loop
      vertex 137.75667873337656 77 193.94214975026517
      vertex 120.93632364827678 35.254587941774957 206.91272881964724
      vertex 147.97511254352031 55.427173222716632 186.64453306097636
    endloop
  endfacet
  facet normal 0.59499231741759673 0.0099670314550115609 0.80366958415633272
    outer loop
      vertex 148.10352041855791 36.423598322530744 186.78514747748829
      vertex 147.97511254352031 55.427173222716632 186.64453306097636
      vertex 120.93632364827678 35.254587941774957 206.91272881964724
    endloop
  endfacet
  facet normal 0.59591795536212055 0.012604301152993174 0.80294640049599486
    outer loop
      vertex 120.86477706515535 -269.68357782022849 206.96785406567798
      vertex 148.04382245905322 -264.79310414154395 186.71977504968157
      vertex 147.96082857576761 -255.0796018673245 186.62889181932604
    endloop
  endfacet
  facet normal 0.59591795536211867 0.012604301152998158 0.80294640049599608
    outer loop
      vertex 120.86477706515535 -269.68357782022849 206.96785406567798
      vertex 147.96082857576761 -255.0796018673245 186.62889181932604
      vertex 138.87713340187955 -237.19154909302699 193.08968502761942
    endloop
  endfacet
  facet normal 0.59591795536212155 0.01260430115297724 0.80294640049599431
    outer loop
      vertex 148.04791236569577 -265.27178038106717 186.72425371808521
      vertex 148.04583951130542 -265.02917548633411 186.72198381065027
      vertex 120.86477706515535 -269.68357782022849 206.96785406567798
    endloop
  endfacet
  facet normal 0.59591795536210213 0.012604301153141251 0.80294640049600596
    outer loop
      vertex 148.04382245905322 -264.79310414154395 186.71977504968157
      vertex 120.86477706515535 -269.68357782022849 206.96785406567798
      vertex 148.04583951130542 -265.02917548633411 186.72198381065027
    endloop
  endfacet
  facet normal 0.59591795536211911 0.01260430115299919 0.80294640049599575
    outer loop
      vertex 120.86477706515535 -269.68357782022849 206.96785406567798
      vertex 148.10363595671527 -271.79356367122068 186.78527377146318
      vertex 148.04791236569577 -265.27178038106717 186.72425371808521
    endloop
  endfacet
  facet normal 0.56039935124151485 -0.014515596637758744 0.82809532336702596
    outer loop
      vertex 147.96082857576761 -255.0796018673245 186.62889181932604
      vertex 148.12455276039083 -238.53071786773373 186.80817794002778
      vertex 138.87713340187955 -237.19154909302699 193.08968502761942
    endloop
  endfacet
  facet normal 0.56039935124151419 -0.014515596637765247 0.82809532336702618
    outer loop
      vertex 148.15556426608848 -235.39612697565587 186.84213735091478
      vertex 138.87713340187955 -237.19154909302699 193.08968502761942
      vertex 148.12455276039083 -238.53071786773373 186.80817794002778
    endloop
  endfacet
  facet normal 0.56337406061796835 0.01281572833890305 0.82610255109760145
    outer loop
      vertex 147.9614519432713 20.049326630450437 186.62957424264476
      vertex 138.84059354905054 2.7645941207724434 193.1178382711322
      vertex 148.05896804934576 8.8791941663030709 186.736359215525
    endloop
  endfacet
  facet normal 0.56337406061796957 0.012815728338900271 0.82610255109760045
    outer loop
      vertex 148.13525913215688 0.14027229596188229 186.81990239241173
      vertex 148.05896804934576 8.8791941663030709 186.736359215525
      vertex 138.84059354905054 2.7645941207724434 193.1178382711322
    endloop
  endfacet
  facet normal 0.55773136517108002 0.0059016901975648614 0.83000053876923185
    outer loop
      vertex 148.05474736007889 -210.34228708395651 186.7317383253731
      vertex 148.01180100152544 -199.66964204693653 186.68470930359703
      vertex 142.21759467746034 -192.45818538671864 190.52693671329348
    endloop
  endfacet
  facet normal 0.55773136517107424 0.005901690197562144 0.83000053876923574
    outer loop
      vertex 142.21759467746034 -192.45818538671864 190.52693671329348
      vertex 148.06005905667905 -211.66227810393457 186.73755480143762
      vertex 148.05474736007889 -210.34228708395651 186.7317383253731
    endloop
  endfacet
  facet normal 0.55773136517117361 0.0059016901976055997 0.83000053876916879
    outer loop
      vertex 148.06005905667905 -211.66227810393457 186.73755480143762
      vertex 142.21759467746034 -192.45818538671864 190.52693671329348
      vertex 148.06531238487889 -212.96779647131063 186.74330759173102
    endloop
  endfacet
  facet normal 0.55773136517108046 0.0059016901975644867 0.83000053876923152
    outer loop
      vertex 148.15556426608848 -235.39612697565587 186.84213735091478
      vertex 148.06531238487889 -212.96779647131063 186.74330759173102
      vertex 138.87713340187955 -237.19154909302699 193.08968502761942
    endloop
  endfacet
  facet normal 0.55773136517107735 0.005901690197566224 0.83000053876923374
    outer loop
      vertex 142.21759467746034 -192.45818538671864 190.52693671329348
      vertex 138.87713340187955 -237.19154909302699 193.08968502761942
      vertex 148.06531238487889 -212.96779647131063 186.74330759173102
    endloop
  endfacet
  facet normal 0.56020355904687114 -0.0037979235802804161 0.82834627312959974
    outer loop
      vertex 148.07736790128783 -22.225265976611094 186.75650893809919
      vertex 140.90526632499703 -39.650160686917133 191.52704819030072
      vertex 148.05208532848408 -31.992979630689579 186.72882288036021
    endloop
  endfacet
  facet normal 0.56020355904686225 -0.0037979235802752011 0.82834627312960563
    outer loop
      vertex 140.90526632499703 -39.650160686917133 191.52704819030072
      vertex 148.07736790128783 -22.225265976611094 186.75650893809919
      vertex 148.08840176342551 -17.962548743514844 186.76859116238234
    endloop
  endfacet
  facet normal 0.56020355904687069 -0.0037979235802792499 0.82834627312959996
    outer loop
      vertex 138.84059354905054 2.7645941207724434 193.1178382711322
      vertex 140.90526632499703 -39.650160686917133 191.52704819030072
      vertex 148.08840176342551 -17.962548743514844 186.76859116238234
    endloop
  endfacet
  facet normal 0.56020355904686847 -0.0037979235802804699 0.82834627312960141
    outer loop
      vertex 148.0984141530023 -14.094287274591197 186.77955564120799
      vertex 148.13525913215688 0.14027229596188229 186.81990239241173
      vertex 138.84059354905054 2.7645941207724434 193.1178382711322
    endloop
  endfacet
  facet normal 0.56020355904686692 -0.0037979235802816538 0.82834627312960252
    outer loop
      vertex 148.08840176342551 -17.962548743514844 186.76859116238234
      vertex 148.0984141530023 -14.094287274591197 186.77955564120799
      vertex 138.84059354905054 2.7645941207724434 193.1178382711322
    endloop
  endfacet
  facet normal 0.54897912978399499 0.0041128632903397874 0.83582593846874764
    outer loop
      vertex 148.13674093480361 -129.61931291827764 186.82152456116305
      vertex 140.13782536719134 -138.36831182776854 192.11834647132807
      vertex 148.14402516814405 -132.21265394086078 186.82950129974446
    endloop
  endfacet
  facet normal 0.54897912978399488 0.0041128632903399158 0.83582593846874753
    outer loop
      vertex 140.13782536719134 -138.36831182776854 192.11834647132807
      vertex 148.13674093480361 -129.61931291827764 186.82152456116305
      vertex 148.0980494542938 -115.8445243435729 186.77915568346867
    endloop
  endfacet
  facet normal 0.54897912978399233 0.0041128632903358747 0.83582593846874942
    outer loop
      vertex 148.05380163199746 -100.09146174882524 186.7307017410707
      vertex 148.02900146592245 -91.262208444382296 186.70354448599898
      vertex 142.81994187072257 -87.468147514723825 190.10623925622502
    endloop
  endfacet
  facet normal 0.54897912978400043 0.0041128632903406634 0.83582593846874409
    outer loop
      vertex 142.81994187072257 -87.468147514723825 190.10623925622502
      vertex 148.0980494542938 -115.8445243435729 186.77915568346867
      vertex 148.05380163199746 -100.09146174882524 186.7307017410707
    endloop
  endfacet
  facet normal 0.54897912978399577 0.0041128632903394543 0.83582593846874698
    outer loop
      vertex 148.0980494542938 -115.8445243435729 186.77915568346867
      vertex 142.81994187072257 -87.468147514723825 190.10623925622502
      vertex 140.13782536719134 -138.36831182776854 192.11834647132807
    endloop
  endfacet
  facet normal 0.56032851668753314 -0.0028241141286743546 0.82826564444394102
    outer loop
      vertex 147.98324953641759 -184.5338213888781 186.65344328996235
      vertex 142.21759467746034 -192.45818538671864 190.52693671329348
      vertex 147.98253927113032 -184.90284937658237 186.65266552589185
    endloop
  endfacet
  facet normal 0.56032851668755934 -0.002824114128702088 0.82826564444392337
    outer loop
      vertex 142.21759467746034 -192.45818538671864 190.52693671329348
      vertex 147.98324953641759 -184.5338213888781 186.65344328996235
      vertex 148.0328929164034 -158.74032255490238 186.70780650461086
    endloop
  endfacet
  facet normal 0.56032851668755879 -0.0028241141287014132 0.82826564444392359
    outer loop
      vertex 148.03833742484392 -155.91153237534465 186.71376849640393
      vertex 148.06374473131939 -142.71082751331886 186.74159031771671
      vertex 140.13782536719134 -138.36831182776854 192.11834647132807
    endloop
  endfacet
  facet normal 0.56032851668757355 -0.0028241141286916866 0.8282656444439136
    outer loop
      vertex 140.13782536719134 -138.36831182776854 192.11834647132807
      vertex 148.03586259234103 -157.19741069206506 186.71105831771706
      vertex 148.03833742484392 -155.91153237534465 186.71376849640393
    endloop
  endfacet
  facet normal 0.56032851668753814 -0.0028241141287134609 0.82826564444393747
    outer loop
      vertex 148.0328929164034 -158.74032255490238 186.70780650461086
      vertex 148.03586259234103 -157.19741069206506 186.71105831771706
      vertex 140.13782536719134 -138.36831182776854 192.11834647132807
    endloop
  endfacet
  facet normal 0.56032851668755845 -0.0028241141287018942 0.82826564444392381
    outer loop
      vertex 148.0328929164034 -158.74032255490238 186.70780650461086
      vertex 140.13782536719134 -138.36831182776854 192.11834647132807
      vertex 142.21759467746034 -192.45818538671864 190.52693671329348
    endloop
  endfacet
  facet normal 0.55714074394670099 -0.011213732963922265 0.83034236530935279
    outer loop
      vertex 148.06374473131939 -142.71082751331886 186.74159031771671
      vertex 148.14402516814405 -132.21265394086078 186.82950129974446
      vertex 140.13782536719134 -138.36831182776854 192.11834647132807
    endloop
  endfacet
  facet normal 0.55419860793889408 0.019353388763889905 0.83215944944580522
    outer loop
      vertex 147.97535895987698 -290.75482317790045 186.64480264180975
      vertex 137.73561001833053 -312 193.95832985044458
      vertex 147.98398658970859 -291.40811480617299 186.65425033410105
    endloop
  endfacet
  facet normal 0.55419860793888664 0.019353388763895227 0.83215944944580988
    outer loop
      vertex 148.25592056298134 -311.99927270226283 186.9520337151439
      vertex 147.98398658970859 -291.40811480617299 186.65425033410105
      vertex 137.73561001833053 -312 193.95832985044458
    endloop
  endfacet
  facet normal 0.55419860793838727 0.019353388810247094 0.8321594494450647
    outer loop
      vertex 148.25593016792754 -312 186.95204423311384
      vertex 148.25592056298134 -311.99927270226283 186.9520337151439
      vertex 137.73561001833053 -312 193.95832985044458
    endloop
  endfacet
  facet normal 0.55412523257504021 -0.01904696327742593 0.83221538066390344
    outer loop
      vertex 147.97511254352031 55.427173222716632 186.64453306097636
      vertex 148.05466723384055 61.547985813238682 186.73164948906461
      vertex 137.75667873337656 77 193.94214975026517
    endloop
  endfacet
  facet normal 0.55412523257504176 -0.019046963277424417 0.83221538066390255
    outer loop
      vertex 148.25536926392414 76.989743970883808 186.95142978358797
      vertex 137.75667873337656 77 193.94214975026517
      vertex 148.05466723384055 61.547985813238682 186.73164948906461
    endloop
  endfacet
  facet normal 0.55412523257506507 -0.01904696327534414 0.83221538066393452
    outer loop
      vertex 148.25550256518704 77 186.95157575615642
      vertex 137.75667873337656 77 193.94214975026517
      vertex 148.25536926392414 76.989743970883808 186.95142978358797
    endloop
  endfacet
  facet normal 0.50678511928970893 -0.051305792832915316 0.86054433847902412
    outer loop
      vertex 148.14615972512942 -195.87469374762378 186.83183923499683
      vertex 148.27818099428023 -192.14576660841067 186.97640952974541
      vertex 142.21759467746034 -192.45818538671864 190.52693671329348
    endloop
  endfacet
  facet normal 0.50678511928970893 -0.051305792832915365 0.86054433847902412
    outer loop
      vertex 148.01180100152544 -199.66964204693653 186.68470930359703
      vertex 148.14615972512942 -195.87469374762378 186.83183923499683
      vertex 142.21759467746034 -192.45818538671864 190.52693671329348
    endloop
  endfacet
  facet normal 0.53290023058812397 0.0324690599918456 0.84555490914686915
    outer loop
      vertex 148.22848840357005 -39.918730739508902 186.92199359828291
      vertex 148.16211278391688 -36.936488843734864 186.84930877635043
      vertex 140.90526632499703 -39.650160686917133 191.52704819030072
    endloop
  endfacet
  facet normal 0.53290023058812419 0.032469059991860644 0.84555490914686848
    outer loop
      vertex 140.90526632499703 -39.650160686917133 191.52704819030072
      vertex 148.24043508181069 -40.455492347923766 186.93507584422116
      vertex 148.22848840357005 -39.918730739508902 186.92199359828291
    endloop
  endfacet
  facet normal 0.53290023058812175 0.032469059991853517 0.84555490914687026
    outer loop
      vertex 148.05208532848408 -31.992979630689579 186.72882288036021
      vertex 140.90526632499703 -39.650160686917133 191.52704819030072
      vertex 148.16211278391688 -36.936488843734864 186.84930877635043
    endloop
  endfacet
  facet normal 0.53290023058812397 0.032469059991857084 0.84555490914686871
    outer loop
      vertex 140.90526632499703 -39.650160686917133 191.52704819030072
      vertex 148.250975788712 -40.929083975337207 186.94661847701565
      vertex 148.24043508181069 -40.455492347923766 186.93507584422116
    endloop
  endfacet
  facet normal 0.53290023058812397 0.032469059991856855 0.84555490914686882
    outer loop
      vertex 140.90526632499703 -39.650160686917133 191.52704819030072
      vertex 148.28532200348161 -42.47225180084876 186.98422940279877
      vertex 148.250975788712 -40.929083975337207 186.94661847701565
    endloop
  endfacet
  facet normal 0.50233225384136637 0.059063189610542612 0.86265511439026565
    outer loop
      vertex 148.10924909763474 -188.007109411508 186.79141977925997
      vertex 142.21759467746034 -192.45818538671864 190.52693671329348
      vertex 148.23963744754877 -191.20148947518757 186.93420221878603
    endloop
  endfacet
  facet normal 0.50233225384136915 0.059063189610537803 0.86265511439026432
    outer loop
      vertex 147.98253927113032 -184.90284937658237 186.65266552589185
      vertex 142.21759467746034 -192.45818538671864 190.52693671329348
      vertex 148.10924909763474 -188.007109411508 186.79141977925997
    endloop
  endfacet
  facet normal 0.50233225384137259 0.059063189610488058 0.86265511439026565
    outer loop
      vertex 148.25287166343668 -191.52571411196436 186.94869441560377
      vertex 142.21759467746034 -192.45818538671864 190.52693671329348
      vertex 148.26362621569746 -191.78918954790817 186.96047124389258
    endloop
  endfacet
  facet normal 0.50233225384135904 0.059063189610582378 0.8626551143902671
    outer loop
      vertex 148.25287166343668 -191.52571411196436 186.94869441560377
      vertex 148.23963744754877 -191.20148947518757 186.93420221878603
      vertex 142.21759467746034 -192.45818538671864 190.52693671329348
    endloop
  endfacet
  facet normal 0.5023322538413747 0.059063189610469476 0.86265511439026576
    outer loop
      vertex 148.26362621569746 -191.78918954790817 186.96047124389258
      vertex 142.21759467746034 -192.45818538671864 190.52693671329348
      vertex 148.27818099428023 -192.14576660841067 186.97640952974541
    endloop
  endfacet
  facet normal 0.52298019652445049 -0.0043846625572012635 0.85233355488183526
    outer loop
      vertex 140.90526632499703 -39.650160686917133 191.52704819030072
      vertex 148.28038154076077 -44.113196976894017 186.97881928292171
      vertex 148.28532200348161 -42.47225180084876 186.98422940279877
    endloop
  endfacet
  facet normal 0.52298019652445771 -0.0043846625572038613 0.85233355488183093
    outer loop
      vertex 148.17721735231638 -78.378302377668533 186.86584931175162
      vertex 142.81994187072257 -87.468147514723825 190.10623925622502
      vertex 148.16176201477376 -83.511703450594098 186.8489247216923
    endloop
  endfacet
  facet normal 0.52298019652445416 -0.0043846625572010103 0.85233355488183316
    outer loop
      vertex 142.81994187072257 -87.468147514723825 190.10623925622502
      vertex 148.17721735231638 -78.378302377668533 186.86584931175162
      vertex 148.1954051896389 -72.337458169759444 186.88576544033506
    endloop
  endfacet
  facet normal 0.52298019652444938 -0.00438466255719873 0.85233355488183593
    outer loop
      vertex 148.21360918659576 -66.2910149617191 186.90570045654459
      vertex 142.81994187072257 -87.468147514723825 190.10623925622502
      vertex 148.1954051896389 -72.337458169759444 186.88576544033506
    endloop
  endfacet
  facet normal 0.52298019652446448 -0.0043846625571698468 0.85233355488182705
    outer loop
      vertex 148.28038154076077 -44.113196976894017 186.97881928292171
      vertex 140.90526632499703 -39.650160686917133 191.52704819030072
      vertex 148.27784762936878 -44.954820506953268 186.97604448931165
    endloop
  endfacet
  facet normal 0.52298019652444916 -0.0043846625571988037 0.85233355488183593
    outer loop
      vertex 148.21360918659576 -66.2910149617191 186.90570045654459
      vertex 148.27784762936878 -44.954820506953268 186.97604448931165
      vertex 140.90526632499703 -39.650160686917133 191.52704819030072
    endloop
  endfacet
  facet normal 0.52298019652444938 -0.0043846625571987343 0.85233355488183582
    outer loop
      vertex 142.81994187072257 -87.468147514723825 190.10623925622502
      vertex 148.21360918659576 -66.2910149617191 186.90570045654459
      vertex 140.90526632499703 -39.650160686917133 191.52704819030072
    endloop
  endfacet
  facet normal 0.53388902500774815 -0.024998704619078601 0.84518493464072364
    outer loop
      vertex 148.02900146592245 -91.262208444382296 186.70354448599898
      vertex 148.05210512133766 -89.913426760217774 186.72884428250256
      vertex 142.81994187072257 -87.468147514723825 190.10623925622502
    endloop
  endfacet
  facet normal 0.53388902500779656 -0.024998704618938702 0.84518493464069733
    outer loop
      vertex 142.81994187072257 -87.468147514723825 190.10623925622502
      vertex 148.05210512133766 -89.913426760217774 186.72884428250256
      vertex 148.05858392040983 -89.535197195808408 186.73593893030471
    endloop
  endfacet
  facet normal 0.53388902500775015 -0.024998704619096181 0.84518493464072186
    outer loop
      vertex 142.81994187072257 -87.468147514723825 190.10623925622502
      vertex 148.05858392040983 -89.535197195808408 186.73593893030471
      vertex 148.07588408372618 -88.525220939030504 186.75488357795967
    endloop
  endfacet
  facet normal 0.53388902500775071 -0.024998704619039275 0.8451849346407232
    outer loop
      vertex 148.16176201477376 -83.511703450594098 186.8489247216923
      vertex 142.81994187072257 -87.468147514723825 190.10623925622502
      vertex 148.1404650278734 -84.755012586870492 186.82560332838744
    endloop
  endfacet
  facet normal 0.53388902500776092 -0.02499870461906813 0.84518493464071587
    outer loop
      vertex 148.08673885693202 -87.891523845532106 186.76677016249636
      vertex 148.1404650278734 -84.755012586870492 186.82560332838744
      vertex 142.81994187072257 -87.468147514723825 190.10623925622502
    endloop
  endfacet
  facet normal 0.53388902500776614 -0.024998704618994075 0.84518493464071476
    outer loop
      vertex 142.81994187072257 -87.468147514723825 190.10623925622502
      vertex 148.07588408372618 -88.525220939030504 186.75488357795967
      vertex 148.08673885693202 -87.891523845532106 186.76677016249636
    endloop
  endfacet
  facet normal 0.12114451064118002 0.047129019340971308 0.99151543763950911
    outer loop
      vertex 197.24560895937668 33.865356664444903 210.05969906893807
      vertex 245.40537880708516 31.953356017381964 204.26636412198835
      vertex 220.42604059640306 77 205.1771976944045
    endloop
  endfacet
  facet normal 0.11390957662306851 0.04561175452209975 0.99244353804282948
    outer loop
      vertex 219.83644513189961 -226.18830161346321 205.35519542021026
      vertex 197.84518889749037 -270.05624037681883 209.89541173339381
      vertex 246.26058600307795 -267.90527521425037 204.2395870278541
    endloop
  endfacet
  facet normal 0.2815613746427717 0.043902205370158882 0.95853836056409825
    outer loop
      vertex 197.84518889749037 -270.05624037681883 209.89541173339381
      vertex 176.64971531816977 -312 218.04245158850802
      vertex 220.45991093657128 -312 205.17363025680191
    endloop
  endfacet
  facet normal 0.021115725357318274 0.008821886315601114 0.99973811594060413
    outer loop
      vertex 246.26058600307795 -267.90527521425037 204.2395870278541
      vertex 220.45991093657128 -312 205.17363025680191
      vertex 270.85521971554476 -312 204.10921800472642
    endloop
  endfacet
  facet normal 0.11800081287591312 -0.048034518624530238 0.99185104384737777
    outer loop
      vertex 246.26058600307795 -267.90527521425037 204.2395870278541
      vertex 197.84518889749037 -270.05624037681883 209.89541173339381
      vertex 220.45991093657128 -312 205.17363025680191
    endloop
  endfacet
  facet normal 0.021207393843988256 -0.0084545587883332416 0.99973934947167142
    outer loop
      vertex 245.40537880708516 31.953356017381964 204.26636412198835
      vertex 270.79360069937059 77 204.10875452006223
      vertex 220.42604059640306 77 205.1771976944045
    endloop
  endfacet
  facet normal 0.022574692290230298 0.0098662083970986105 0.99969647453607968
    outer loop
      vertex 242.59418950425109 -176.85240041437049 204.35438428943303
      vertex 219.83644513189961 -226.18830161346321 205.35519542021026
      vertex 271.16113999029335 -220.80200947895474 204.14304602799874
    endloop
  endfacet
  facet normal 0.28162376863320038 -0.042841453243525791 0.95856802722854084
    outer loop
      vertex 197.24560895937668 33.865356664444903 210.05969906893807
      vertex 220.42604059640306 77 205.1771976944045
      vertex 176.66839923025393 77 218.03303214536606
    endloop
  endfacet
  facet normal 0.11768997315116031 -0.041860757743814557 0.99216770113766184
    outer loop
      vertex 217.75544675984102 -12.326460608958826 205.6779531929991
      vertex 245.40537880708516 31.953356017381964 204.26636412198835
      vertex 197.24560895937668 33.865356664444903 210.05969906893807
    endloop
  endfacet
  facet normal 0.029076238424432601 -0.012598662838883046 0.99949779692291352
    outer loop
      vertex 241.23756412008066 -59.76618303564976 204.39686111351384
      vertex 269.75444786879075 -14.609492124845161 204.13648056230537
      vertex 217.75544675984102 -12.326460608958826 205.6779531929991
    endloop
  endfacet
  facet normal 0.02476763671660388 -0.011044295389484112 0.99963222622663783
    outer loop
      vertex 271.16113999029335 -220.80200947895474 204.14304602799874
      vertex 219.83644513189961 -226.18830161346321 205.35519542021026
      vertex 246.26058600307795 -267.90527521425037 204.2395870278541
    endloop
  endfacet
  facet normal 0.17998129484427669 0.062578837440408347 0.98167745344934165
    outer loop
      vertex 184.74672112107856 -56.414882444038426 214.54028912021869
      vertex 241.23756412008066 -59.76618303564976 204.39686111351384
      vertex 217.75544675984102 -12.326460608958826 205.6779531929991
    endloop
  endfacet
  facet normal 0.16179284086667914 -0.05464439054256099 0.98531064503867072
    outer loop
      vertex 190.64174270259082 -189.96195608219901 212.15818740166023
      vertex 219.83644513189961 -226.18830161346321 205.35519542021026
      vertex 242.59418950425109 -176.85240041437049 204.35438428943303
    endloop
  endfacet
  facet normal 0.030199195181727142 0.013004121977396125 0.99945930453519372
    outer loop
      vertex 269.75444786879075 -14.609492124845161 204.13648056230537
      vertex 245.40537880708516 31.953356017381964 204.26636412198835
      vertex 217.75544675984102 -12.326460608958826 205.6779531929991
    endloop
  endfacet
  facet normal 0.17177643632963768 -0.077057673259687431 0.98211759525715303
    outer loop
      vertex 214.50624546309717 -96.604773968855085 206.18189639062984
      vertex 241.23756412008066 -59.76618303564976 204.39686111351384
      vertex 184.74672112107856 -56.414882444038426 214.54028912021869
    endloop
  endfacet
  facet normal 0.047949507933010456 0.01068691205242202 0.99879258837847118
    outer loop
      vertex 209.9952576131887 -141.75334519565803 206.88153960566686
      vertex 262.29533526240959 -116.60542777568838 204.10166658476788
      vertex 214.50624546309717 -96.604773968855085 206.18189639062984
    endloop
  endfacet
  facet normal 0.048882238609535403 0.012923008367107851 0.99872094330862216
    outer loop
      vertex 214.50624546309717 -96.604773968855085 206.18189639062984
      vertex 262.29533526240959 -116.60542777568838 204.10166658476788
      vertex 241.23756412008066 -59.76618303564976 204.39686111351384
    endloop
  endfacet
  facet normal 0.13495985884368822 0.054111126822289905 0.98937243869784142
    outer loop
      vertex 209.9952576131887 -141.75334519565803 206.88153960566686
      vertex 190.64174270259082 -189.96195608219901 212.15818740166023
      vertex 242.59418950425109 -176.85240041437049 204.35438428943303
    endloop
  endfacet
  facet normal 0.060557152993436447 -0.01561609205413776 0.9980425686764498
    outer loop
      vertex 209.9952576131887 -141.75334519565803 206.88153960566686
      vertex 242.59418950425109 -176.85240041437049 204.35438428943303
      vertex 262.29533526240959 -116.60542777568838 204.10166658476788
    endloop
  endfacet
  facet normal 0.0059590714020401276 0.0020028318627480311 0.99998023887102649
    outer loop
      vertex 241.23756412008066 -59.76618303564976 204.39686111351384
      vertex 287.78439392286026 -63.344203627987 204.12664606507394
      vertex 287.78876470067615 -59.105203885357653 204.11812984725606
    endloop
  endfacet
  facet normal 0.0059590714020409073 0.002002831862750879 0.99998023887102649
    outer loop
      vertex 241.23756412008066 -59.76618303564976 204.39686111351384
      vertex 287.7991384821637 -49.044307015278385 204.09791734491031
      vertex 269.75444786879075 -14.609492124845161 204.13648056230537
    endloop
  endfacet
  facet normal 0.0059590714020400322 0.0020028318627546711 0.99998023887102627
    outer loop
      vertex 287.78876470067615 -59.105203885357653 204.11812984725606
      vertex 287.7991384821637 -49.044307015278385 204.09791734491031
      vertex 241.23756412008066 -59.76618303564976 204.39686111351384
    endloop
  endfacet
  facet normal -6.2210087446163824e-05 -0.0011524892355964035 0.99999933394901164
    outer loop
      vertex 269.75444786879075 -14.609492124845161 204.13648056230537
      vertex 287.7991384821637 -49.044307015278385 204.09791734491031
      vertex 287.79061157314061 -34.627858748716228 204.11453162695926
    endloop
  endfacet
  facet normal -6.2210087452163921e-05 -0.0011524892356018094 0.99999933394901164
    outer loop
      vertex 287.78942749900011 -32.626292994519915 204.11683833782035
      vertex 269.75444786879075 -14.609492124845161 204.13648056230537
      vertex 287.79061157314061 -34.627858748716228 204.11453162695926
    endloop
  endfacet
  facet normal -6.2210087449163879e-05 -0.0011524892355988887 0.99999933394901164
    outer loop
      vertex 287.78751479927746 -29.392147269283072 204.12056553944834
      vertex 287.77865778063727 -14.416945376497029 204.13782375892964
      vertex 269.75444786879075 -14.609492124845161 204.13648056230537
    endloop
  endfacet
  facet normal -6.2210087448787932e-05 -0.0011524892355984299 0.99999933394901164
    outer loop
      vertex 287.78942749900011 -32.626292994519915 204.11683833782035
      vertex 287.78751479927746 -29.392147269283072 204.12056553944834
      vertex 269.75444786879075 -14.609492124845161 204.13648056230537
    endloop
  endfacet
  facet normal -8.9570483724926703e-05 0.0014087068037230892 0.99999900376063844
    outer loop
      vertex 287.7851533799128 -5.4326291418455117 204.12516806072895
      vertex 269.75444786879075 -14.609492124845161 204.13648056230537
      vertex 287.77865778063727 -14.416945376497029 204.13782375892964
    endloop
  endfacet
  facet normal -8.9570483723630499e-05 0.0014087068037205424 0.99999900376063855
    outer loop
      vertex 287.79916149421524 13.94440197288778 204.09787273268262
      vertex 269.75444786879075 -14.609492124845161 204.13648056230537
      vertex 287.7851533799128 -5.4326291418455117 204.12516806072895
    endloop
  endfacet
  facet normal -8.9570483726795569e-05 0.0014087068037225428 0.99999900376063855
    outer loop
      vertex 269.75444786879075 -14.609492124845161 204.13648056230537
      vertex 287.79916149421524 13.94440197288778 204.09787273268262
      vertex 287.80103164537138 16.531507453135923 204.09422842347038
    endloop
  endfacet
  facet normal 0.0020532140340546686 0.00039325681828057858 0.99999781482821515
    outer loop
      vertex 270.79360069937059 77 204.10875452006223
      vertex 287.80541889410529 46.849431306982027 204.08568248249722
      vertex 287.80933568351134 66.239861935377448 204.07804900475577
    endloop
  endfacet
  facet normal 0.0020532140340583137 0.00039325681829096914 0.99999781482821504
    outer loop
      vertex 287.81071638696562 73.076445510128181 204.07535763089041
      vertex 287.81150946346992 77 204.07381303460431
      vertex 270.79360069937059 77 204.10875452006223
    endloop
  endfacet
  facet normal 0.0020532140340566354 0.00039325681828368894 0.99999781482821504
    outer loop
      vertex 287.80933568351134 66.239861935377448 204.07804900475577
      vertex 287.81071638696562 73.076445510128181 204.07535763089041
      vertex 270.79360069937059 77 204.10875452006223
    endloop
  endfacet
  facet normal 0.0037807223037598955 0.0013679711919911601 0.99999191736417536
    outer loop
      vertex 245.40537880708516 31.953356017381964 204.26636412198835
      vertex 287.79466981306473 31.570171367857959 204.1066248784891
      vertex 287.80531909083311 46.707546115527414 204.08587695625204
    endloop
  endfacet
  facet normal 0.0037807223037602295 0.0013679711919915149 0.99999191736417536
    outer loop
      vertex 245.40537880708516 31.953356017381964 204.26636412198835
      vertex 287.80541889410529 46.849431306982027 204.08568248249722
      vertex 270.79360069937059 77 204.10875452006223
    endloop
  endfacet
  facet normal 0.003780722303712129 0.0013679711921284281 0.99999191736417536
    outer loop
      vertex 287.80531909083311 46.707546115527414 204.08587695625204
      vertex 287.80541889410529 46.849431306982027 204.08568248249722
      vertex 245.40537880708516 31.953356017381964 204.26636412198835
    endloop
  endfacet
  facet normal 0.0020567583279621892 -0.00029448639992757066 0.99999784150914073
    outer loop
      vertex 287.80706000596467 -284.38954990182549 204.08248301037736
      vertex 270.85521971554476 -312 204.10921800472642
      vertex 287.80808706465177 -291.18172894393825 204.08048068929008
    endloop
  endfacet
  facet normal 0.0020567583279885544 -0.00029448639994375812 0.99999784150914051
    outer loop
      vertex 270.85521971554476 -312 204.10921800472642
      vertex 287.80706000596467 -284.38954990182549 204.08248301037736
      vertex 287.80681433991845 -282.76532275464626 204.08296182949184
    endloop
  endfacet
  facet normal 0.0020567583279715181 -0.000294486399933632 0.99999784150914073
    outer loop
      vertex 287.81123817037172 -312 204.07434349728391
      vertex 287.80912338375987 -298.02719563670109 204.07846265663397
      vertex 270.85521971554476 -312 204.10921800472642
    endloop
  endfacet
  facet normal 0.0020567583279753666 -0.00029448639993830128 0.99999784150914073
    outer loop
      vertex 287.80808706465177 -291.18172894393825 204.08048068929008
      vertex 270.85521971554476 -312 204.10921800472642
      vertex 287.80912338375987 -298.02719563670109 204.07846265663397
    endloop
  endfacet
  facet normal 0.0033883741050894098 -0.001066621479335573 0.99999369059986754
    outer loop
      vertex 270.85521971554476 -312 204.10921800472642
      vertex 287.80681433991845 -282.76532275464626 204.08296182949184
      vertex 246.26058600307795 -267.90527521425037 204.2395870278541
    endloop
  endfacet
  facet normal 0.0033883741050896128 -0.0010666214793350075 0.99999369059986765
    outer loop
      vertex 287.79813895689017 -266.94394960532662 204.09986674802857
      vertex 246.26058600307795 -267.90527521425037 204.2395870278541
      vertex 287.80681433991845 -282.76532275464626 204.08296182949184
    endloop
  endfacet
  facet normal -0.00060116227090145559 -0.0019614768827404421 0.99999789560396701
    outer loop
      vertex 287.78101872487701 -230.90385938726592 204.1332227063007
      vertex 271.16113999029335 -220.80200947895474 204.14304602799874
      vertex 287.78814013523225 -237.98068740356081 204.11934592366458
    endloop
  endfacet
  facet normal -0.00060116227090172599 -0.0019614768827407041 0.99999789560396701
    outer loop
      vertex 287.79502158430768 -244.81786298261002 204.10593907047726
      vertex 287.78814013523225 -237.98068740356081 204.11934592366458
      vertex 271.16113999029335 -220.80200947895474 204.14304602799874
    endloop
  endfacet
  facet normal -0.00060116227090468825 -0.0019614768827457608 0.99999789560396701
    outer loop
      vertex 271.16113999029335 -220.80200947895474 204.14304602799874
      vertex 287.78101872487701 -230.90385938726592 204.1332227063007
      vertex 287.77042332970501 -220.37515617506764 204.15386818815116
    endloop
  endfacet
  facet normal -0.00060116227091337629 -0.0019614768827487731 0.99999789560396701
    outer loop
      vertex 271.16113999029335 -220.80200947895474 204.14304602799874
      vertex 287.80049541016672 -250.25669161911847 204.095274202052
      vertex 287.79502158430768 -244.81786298261002 204.10593907047726
    endloop
  endfacet
  facet normal 0.0054174096495035904 -0.0012872949970149708 0.99998449715197091
    outer loop
      vertex 242.59418950425109 -176.85240041437049 204.35438428943303
      vertex 287.79175166491416 -174.69014336539519 204.11231028989479
      vertex 287.7890164258705 -170.5613262856445 204.11764019600426
    endloop
  endfacet
  facet normal 0.0054174096495021359 -0.001287294997014739 0.99998449715197102
    outer loop
      vertex 287.80033546273086 -187.64650539613797 204.09558486863239
      vertex 287.79777510375192 -183.78233076343605 204.10057314915065
      vertex 242.59418950425109 -176.85240041437049 204.35438428943303
    endloop
  endfacet
  facet normal 0.0054174096495032357 -0.0012872949970075633 0.99998449715197091
    outer loop
      vertex 287.79175166491416 -174.69014336539519 204.11231028989479
      vertex 242.59418950425109 -176.85240041437049 204.35438428943303
      vertex 287.79777510375192 -183.78233076343605 204.10057314915065
    endloop
  endfacet
  facet normal 0.0054174096495033276 -0.0012872949970097482 0.99998449715197091
    outer loop
      vertex 242.59418950425109 -176.85240041437049 204.35438428943303
      vertex 271.16113999029335 -220.80200947895474 204.14304602799874
      vertex 287.80033546273086 -187.64650539613797 204.09558486863239
    endloop
  endfacet
  facet normal 0.0033573324715066998 0.00027473707945385555 0.99999432640301167
    outer loop
      vertex 271.16113999029335 -220.80200947895474 204.14304602799874
      vertex 246.26058600307795 -267.90527521425037 204.2395870278541
      vertex 287.80049541016672 -250.25669161911847 204.095274202052
    endloop
  endfacet
  facet normal 0.0033573324715070263 0.00027473707944338448 0.99999432640301167
    outer loop
      vertex 287.79813895689017 -266.94394960532662 204.09986674802857
      vertex 287.79846072270584 -264.66672532681281 204.09924002625047
      vertex 246.26058600307795 -267.90527521425037 204.2395870278541
    endloop
  endfacet
  facet normal 0.0033573324715060996 0.00027473707945526832 0.99999432640301167
    outer loop
      vertex 287.80049541016672 -250.25669161911847 204.095274202052
      vertex 246.26058600307795 -267.90527521425037 204.2395870278541
      vertex 287.79846072270584 -264.66672532681281 204.09924002625047
    endloop
  endfacet
  facet normal 0.0037609218427754332 -0.00082270851108663787 0.99999258928133972
    outer loop
      vertex 245.40537880708516 31.953356017381964 204.26636412198835
      vertex 269.75444786879075 -14.609492124845161 204.13648056230537
      vertex 287.80103164537138 16.531507453135923 204.09422842347038
    endloop
  endfacet
  facet normal 0.0037609218427773266 -0.0008227085110814325 0.99999258928133972
    outer loop
      vertex 287.79930949720273 20.601347918391454 204.09758321758599
      vertex 245.40537880708516 31.953356017381964 204.26636412198835
      vertex 287.80103164537138 16.531507453135923 204.09422842347038
    endloop
  endfacet
  facet normal 0.0037609218427758786 -0.00082270851108749254 0.99999258928133972
    outer loop
      vertex 287.79641135606823 27.453147647162556 204.10323119307697
      vertex 287.79466981306473 31.570171367857959 204.1066248784891
      vertex 245.40537880708516 31.953356017381964 204.26636412198835
    endloop
  endfacet
  facet normal 0.0037609218427759939 -0.00082270851108640964 0.99999258928133972
    outer loop
      vertex 287.79930949720273 20.601347918391454 204.09758321758599
      vertex 287.79641135606823 27.453147647162556 204.10323119307697
      vertex 245.40537880708516 31.953356017381964 204.26636412198835
    endloop
  endfacet
  facet normal -0.0033186836285172393 -0.0028025985475652851 0.99999056584567581
    outer loop
      vertex 287.76303781659294 -123.00276073001456 204.16825730447144
      vertex 262.29533526240959 -116.60542777568838 204.10166658476788
      vertex 287.7758227578629 -131.90672778803861 204.1433452534782
    endloop
  endfacet
  facet normal -0.0033186836285145596 -0.002802598547560823 0.99999056584567581
    outer loop
      vertex 287.78725540598839 -139.86792321614527 204.12107094993749
      vertex 287.7758227578629 -131.90672778803861 204.1433452534782
      vertex 262.29533526240959 -116.60542777568838 204.10166658476788
    endloop
  endfacet
  facet normal -0.0033186836285162297 -0.0028025985475612679 0.99999056584567581
    outer loop
      vertex 262.29533526240959 -116.60542777568838 204.10166658476788
      vertex 287.76303781659294 -123.00276073001456 204.16825730447144
      vertex 287.7529999880602 -116.01209210572432 204.18781621434891
    endloop
  endfacet
  facet normal -0.0033186836285167228 -0.002802598547563193 0.99999056584567581
    outer loop
      vertex 262.29533526240959 -116.60542777568838 204.10166658476788
      vertex 287.80942531880635 -155.30636070423964 204.07787637487914
      vertex 287.78725540598839 -139.86792321614527 204.12107094993749
    endloop
  endfacet
  facet normal -0.0034438239565867394 0.0025666427735689941 0.999990776168175
    outer loop
      vertex 287.76185736099205 -109.27663442384339 204.1705590446189
      vertex 262.29533526240959 -116.60542777568838 204.10166658476788
      vertex 287.7529999880602 -116.01209210572432 204.18781621434891
    endloop
  endfacet
  facet normal -0.0034438239565884286 0.0025666427735748674 0.99999077616817489
    outer loop
      vertex 262.29533526240959 -116.60542777568838 204.10166658476788
      vertex 287.76185736099205 -109.27663442384339 204.1705590446189
      vertex 287.7863888338934 -90.620482295240748 204.12275940775356
    endloop
  endfacet
  facet normal -0.0034438239565836174 0.0025666427735701472 0.99999077616817489
    outer loop
      vertex 287.79314544502108 -85.48196196396583 204.10959380882045
      vertex 262.29533526240959 -116.60542777568838 204.10166658476788
      vertex 287.7863888338934 -90.620482295240748 204.12275940775356
    endloop
  endfacet
  facet normal -0.0034438239565861431 0.0025666427735727211 0.99999077616817489
    outer loop
      vertex 287.79675618397522 -82.736379591454067 204.1025592495285
      vertex 287.80524649680973 -76.27970820498615 204.08601636712706
      vertex 262.29533526240959 -116.60542777568838 204.10166658476788
    endloop
  endfacet
  facet normal -0.0034438239565937477 0.0025666427735784466 0.99999077616817489
    outer loop
      vertex 287.79314544502108 -85.48196196396583 204.10959380882045
      vertex 287.79675618397522 -82.736379591454067 204.1025592495285
      vertex 262.29533526240959 -116.60542777568838 204.10166658476788
    endloop
  endfacet
  facet normal 0.0048762961958268613 0.0026000513693718364 0.99998473061756643
    outer loop
      vertex 287.80834322517438 -156.11526205250055 204.07998486874183
      vertex 287.80942531880635 -155.30636070423964 204.07787637487914
      vertex 242.59418950425109 -176.85240041437049 204.35438428943303
    endloop
  endfacet
  facet normal 0.0048762961958436083 0.0026000513693366901 0.99998473061756654
    outer loop
      vertex 262.29533526240959 -116.60542777568838 204.10166658476788
      vertex 242.59418950425109 -176.85240041437049 204.35438428943303
      vertex 287.80942531880635 -155.30636070423964 204.07787637487914
    endloop
  endfacet
  facet normal 0.004876296195842976 0.0026000513693367013 0.99998473061756665
    outer loop
      vertex 242.59418950425109 -176.85240041437049 204.35438428943303
      vertex 287.7890164258705 -170.5613262856445 204.11764019600426
      vertex 287.80834322517438 -156.11526205250055 204.07998486874183
    endloop
  endfacet
  facet normal -0.00069735418073384257 0.001781438306463789 0.99999817008567915
    outer loop
      vertex 271.16113999029335 -220.80200947895474 204.14304602799874
      vertex 287.7963341262452 -192.02475281945576 204.10338167022621
      vertex 287.80033546273086 -187.64650539613797 204.09558486863239
    endloop
  endfacet
  facet normal -0.00069735418072506682 0.001781438306457817 0.99999817008567915
    outer loop
      vertex 287.77042332970501 -220.37515617506764 204.15386818815116
      vertex 287.778923530116 -211.07534571277918 204.13730704689567
      vertex 271.16113999029335 -220.80200947895474 204.14304602799874
    endloop
  endfacet
  facet normal -0.00069735418072586176 0.0017814383064591755 0.99999817008567915
    outer loop
      vertex 287.7963341262452 -192.02475281945576 204.10338167022621
      vertex 271.16113999029335 -220.80200947895474 204.14304602799874
      vertex 287.778923530116 -211.07534571277918 204.13730704689567
    endloop
  endfacet
  facet normal 0.0055643639302764888 -0.0031319101725094667 0.99997961428857274
    outer loop
      vertex 287.80524649680973 -76.27970820498615 204.08601636712706
      vertex 241.23756412008066 -59.76618303564976 204.39686111351384
      vertex 262.29533526240959 -116.60542777568838 204.10166658476788
    endloop
  endfacet
  facet normal 0.0055643639302764489 -0.0031319101725095786 0.99997961428857274
    outer loop
      vertex 241.23756412008066 -59.76618303564976 204.39686111351384
      vertex 287.80524649680973 -76.27970820498615 204.08601636712706
      vertex 287.78439392286026 -63.344203627987 204.12664606507394
    endloop
  endfacet
  facet normal 0.44535524159477341 -0.043096195601068019 0.89431617826626364
    outer loop
      vertex 197.24560895937668 33.865356664444903 210.05969906893807
      vertex 177.31753885731393 8.8079417750911304 218.77606964450445
      vertex 177.23429604082727 6.0560896085749967 218.68491426057301
    endloop
  endfacet
  facet normal 0.44535524159477763 -0.043096195601071779 0.89431617826626131
    outer loop
      vertex 177.23429604082727 6.0560896085749967 218.68491426057301
      vertex 177.10793651357011 1.8788900866544016 218.54654426025402
      vertex 197.24560895937668 33.865356664444903 210.05969906893807
    endloop
  endfacet
  facet normal 0.44535524159477269 -0.043096195601066686 0.89431617826626397
    outer loop
      vertex 178.11509789482031 35.173811629803609 219.64944262555733
      vertex 177.39243585495049 11.283895501720814 218.85808584571762
      vertex 197.24560895937668 33.865356664444903 210.05969906893807
    endloop
  endfacet
  facet normal 0.44535524159477874 -0.043096195601073285 0.89431617826626064
    outer loop
      vertex 177.31753885731393 8.8079417750911304 218.77606964450445
      vertex 197.24560895937668 33.865356664444903 210.05969906893807
      vertex 177.39243585495049 11.283895501720814 218.85808584571762
    endloop
  endfacet
  facet normal 0.44535524159475731 -0.043096195601275762 0.89431617826626175
    outer loop
      vertex 197.24560895937668 33.865356664444903 210.05969906893807
      vertex 178.11746850025162 35.252179230411883 219.65203855745082
      vertex 178.11509789482031 35.173811629803609 219.64944262555733
    endloop
  endfacet
  facet normal 0.44323483463037361 0.046781084421525031 0.89518400986083957
    outer loop
      vertex 197.84518889749037 -270.05624037681883 209.89541173339381
      vertex 177.0447944271657 -237.20106387357112 218.47739994251367
      vertex 177.09941074868601 -238.8629934357858 218.53720777009511
    endloop
  endfacet
  facet normal 0.44323483463038188 0.046781084421531761 0.89518400986083513
    outer loop
      vertex 177.21170830685639 -242.280113494749 218.66017957379046
      vertex 197.84518889749037 -270.05624037681883 209.89541173339381
      vertex 177.09941074868601 -238.8629934357858 218.53720777009511
    endloop
  endfacet
  facet normal 0.44323483463037672 0.046781084421527411 0.89518400986083779
    outer loop
      vertex 177.96282402380069 -265.13599349245322 219.48269449027927
      vertex 178.16249275158572 -271.21173426103775 219.70134183442502
      vertex 197.84518889749037 -270.05624037681883 209.89541173339381
    endloop
  endfacet
  facet normal 0.44323483463037655 0.046781084421526981 0.89518400986083768
    outer loop
      vertex 177.21170830685639 -242.280113494749 218.66017957379046
      vertex 177.96282402380069 -265.13599349245322 219.48269449027927
      vertex 197.84518889749037 -270.05624037681883 209.89541173339381
    endloop
  endfacet
  facet normal 0.55419860794943021 0.019353388778461923 0.83215944943844966
    outer loop
      vertex 176.64971531816977 -312 218.04245158850802
      vertex 176.64836392202827 -311.99730985528026 218.0432890223006
      vertex 176.64839944891122 -312 218.04332792646443
    endloop
  endfacet
  facet normal 0.44778675969049231 -0.052909416133953738 0.89257358885990656
    outer loop
      vertex 177.51354793698275 -288.69217507883934 218.99071020740681
      vertex 197.84518889749037 -270.05624037681883 209.89541173339381
      vertex 178.16249275158572 -271.21173426103775 219.70134183442502
    endloop
  endfacet
  facet normal 0.44778675969048842 -0.052909416133948423 0.89257358885990867
    outer loop
      vertex 197.84518889749037 -270.05624037681883 209.89541173339381
      vertex 177.51354793698275 -288.69217507883934 218.99071020740681
      vertex 177.41171497615852 -291.43521382769018 218.87919769088202
    endloop
  endfacet
  facet normal 0.44778675967951909 -0.05290941613377223 0.89257358886542237
    outer loop
      vertex 177.28809038648947 -294.76524774754319 218.74382207873325
      vertex 176.64836392202827 -311.99730985528026 218.0432890223006
      vertex 176.64971531816977 -312 218.04245158850802
    endloop
  endfacet
  facet normal 0.44778675969049231 -0.05290941613395421 0.89257358885990667
    outer loop
      vertex 197.84518889749037 -270.05624037681883 209.89541173339381
      vertex 177.28809038648947 -294.76524774754319 218.74382207873325
      vertex 176.64971531816977 -312 218.04245158850802
    endloop
  endfacet
  facet normal 0.44778675969049991 -0.052909416133962113 0.89257358885990223
    outer loop
      vertex 177.28809038648947 -294.76524774754319 218.74382207873325
      vertex 197.84518889749037 -270.05624037681883 209.89541173339381
      vertex 177.41171497615852 -291.43521382769018 218.87919769088202
    endloop
  endfacet
  facet normal 0.55412523257459145 -0.0190469632768261 0.83221538066421608
    outer loop
      vertex 176.65011534522472 77 218.04520635204329
      vertex 176.64962152525632 76.962006008984901 218.04466558812902
      vertex 176.66839923025393 77 218.03303214536606
    endloop
  endfacet
  facet normal 0.45061103077639458 0.050206192708438492 0.89130748743425148
    outer loop
      vertex 178.11746850025162 35.252179230411883 219.65203855745082
      vertex 197.24560895937668 33.865356664444903 210.05969906893807
      vertex 177.3066261142734 58.292828258353431 218.76411968204715
    endloop
  endfacet
  facet normal 0.45061103077638592 0.050206192708429707 0.89130748743425625
    outer loop
      vertex 177.19517145781973 61.459881656574431 218.64207089738733
      vertex 177.3066261142734 58.292828258353431 218.76411968204715
      vertex 197.24560895937668 33.865356664444903 210.05969906893807
    endloop
  endfacet
  facet normal 0.45061103077676418 0.050206192708442537 0.89130748743406452
    outer loop
      vertex 177.06022075053528 65.29459197131564 218.49429257218929
      vertex 176.66839923025393 77 218.03303214536606
      vertex 176.64962152525632 76.962006008984901 218.04466558812902
    endloop
  endfacet
  facet normal 0.45061103077639986 0.050206192708442239 0.89130748743424859
    outer loop
      vertex 177.06022075053528 65.29459197131564 218.49429257218929
      vertex 177.19517145781973 61.459881656574431 218.64207089738733
      vertex 197.24560895937668 33.865356664444903 210.05969906893807
    endloop
  endfacet
  facet normal 0.45061103077639386 0.050206192708437528 0.89130748743425181
    outer loop
      vertex 176.66839923025393 77 218.03303214536606
      vertex 177.06022075053528 65.29459197131564 218.49429257218929
      vertex 197.24560895937668 33.865356664444903 210.05969906893807
    endloop
  endfacet
  facet normal 0.31765728060830195 0.051229239111444995 0.94682068900959326
    outer loop
      vertex 177.10793651357011 1.8788900866544016 218.54654426025402
      vertex 217.75544675984102 -12.326460608958826 205.6779531929991
      vertex 197.24560895937668 33.865356664444903 210.05969906893807
    endloop
  endfacet
  facet normal 0.31765728060830173 0.051229239111444336 0.94682068900959337
    outer loop
      vertex 177.45335591459576 -7.2538573295385689 218.92479826091812
      vertex 217.75544675984102 -12.326460608958826 205.6779531929991
      vertex 177.10793651357011 1.8788900866544016 218.54654426025402
    endloop
  endfacet
  facet normal 0.30560644776381735 -0.054819938699504335 0.95057849407934958
    outer loop
      vertex 219.83644513189961 -226.18830161346321 205.35519542021026
      vertex 177.33009785906921 -230.19315103638237 218.78982315178791
      vertex 177.12273181407238 -235.28669007237926 218.56274553677451
    endloop
  endfacet
  facet normal 0.30560644776381857 -0.05481993869951482 0.95057849407934847
    outer loop
      vertex 219.83644513189961 -226.18830161346321 205.35519542021026
      vertex 177.0447944271657 -237.20106387357112 218.47739994251367
      vertex 197.84518889749037 -270.05624037681883 209.89541173339381
    endloop
  endfacet
  facet normal 0.30560644776382206 -0.054819938699531182 0.95057849407934636
    outer loop
      vertex 177.12273181407238 -235.28669007237926 218.56274553677451
      vertex 177.0447944271657 -237.20106387357112 218.47739994251367
      vertex 219.83644513189961 -226.18830161346321 205.35519542021026
    endloop
  endfacet
  facet normal 0.30756233708928188 -0.039162799737047546 0.95072166480044773
    outer loop
      vertex 177.15395122394074 -17.564461271609936 218.59693520435951
      vertex 176.90351630242259 -26.188743538218532 218.32269438374374
      vertex 217.75544675984102 -12.326460608958826 205.6779531929991
    endloop
  endfacet
  facet normal 0.30756233708928149 -0.039162799737046228 0.95072166480044784
    outer loop
      vertex 184.74672112107856 -56.414882444038426 214.54028912021869
      vertex 217.75544675984102 -12.326460608958826 205.6779531929991
      vertex 176.90351630242259 -26.188743538218532 218.32269438374374
    endloop
  endfacet
  facet normal 0.30756233708928149 -0.039162799737044271 0.95072166480044784
    outer loop
      vertex 177.15395122394074 -17.564461271609936 218.59693520435951
      vertex 217.75544675984102 -12.326460608958826 205.6779531929991
      vertex 177.45335591459576 -7.2538573295385689 218.92479826091812
    endloop
  endfacet
  facet normal 0.29933758310729891 0.023273997070362252 0.953863371977271
    outer loop
      vertex 184.74672112107856 -56.414882444038426 214.54028912021869
      vertex 176.7784876856087 -103.3388540104614 218.18577988664458
      vertex 214.50624546309717 -96.604773968855085 206.18189639062984
    endloop
  endfacet
  facet normal 0.29933758310729736 0.023273997070371123 0.95386337197727122
    outer loop
      vertex 176.90558561615541 -110.67767302425395 218.32495963584074
      vertex 214.50624546309717 -96.604773968855085 206.18189639062984
      vertex 176.7784876856087 -103.3388540104614 218.18577988664458
    endloop
  endfacet
  facet normal 0.50678511928970749 -0.051305792832916725 0.86054433847902501
    outer loop
      vertex 177.24428009301425 -212.64333349841635 218.69585011621092
      vertex 190.64174270259082 -189.96195608219901 212.15818740166023
      vertex 178.0242789778236 -190.6123770804607 219.54998839257891
    endloop
  endfacet
  facet normal 0.50678511928970826 -0.051305792832917328 0.86054433847902467
    outer loop
      vertex 190.64174270259082 -189.96195608219901 212.15818740166023
      vertex 177.24428009301425 -212.64333349841635 218.69585011621092
      vertex 176.93720624488157 -221.31662460092218 218.35958665273904
    endloop
  endfacet
  facet normal 0.29575286748058471 0.05930199945505444 0.95342200217828221
    outer loop
      vertex 176.93720624488157 -221.31662460092218 218.35958665273904
      vertex 219.83644513189961 -226.18830161346321 205.35519542021026
      vertex 190.64174270259082 -189.96195608219901 212.15818740166023
    endloop
  endfacet
  facet normal 0.2957528674805846 0.05930199945505308 0.95342200217828244
    outer loop
      vertex 219.83644513189961 -226.18830161346321 205.35519542021026
      vertex 176.93720624488157 -221.31662460092218 218.35958665273904
      vertex 177.33009785906921 -230.19315103638237 218.78982315178791
    endloop
  endfacet
  facet normal 0.53290023058812797 0.032469059991852525 0.84555490914686648
    outer loop
      vertex 176.90351630242259 -26.188743538218532 218.32269438374374
      vertex 177.2327794946936 -40.982427006009132 218.68325354037896
      vertex 184.74672112107856 -56.414882444038426 214.54028912021869
    endloop
  endfacet
  facet normal 0.53290023058812397 0.032469059991850513 0.84555490914686915
    outer loop
      vertex 177.34433018082572 -45.994376668184259 218.80540753271924
      vertex 177.51470706287608 -53.649401599634722 218.99198037654085
      vertex 184.74672112107856 -56.414882444038426 214.54028912021869
    endloop
  endfacet
  facet normal 0.53290023058812985 0.032469059991856411 0.84555490914686504
    outer loop
      vertex 184.74672112107856 -56.414882444038426 214.54028912021869
      vertex 177.29204204404849 -43.645082071824547 218.74814924408724
      vertex 177.34433018082572 -45.994376668184259 218.80540753271924
    endloop
  endfacet
  facet normal 0.53290023058811109 0.032469059991841347 0.84555490914687736
    outer loop
      vertex 177.29204204404849 -43.645082071824547 218.74814924408724
      vertex 184.74672112107856 -56.414882444038426 214.54028912021869
      vertex 177.2327794946936 -40.982427006009132 218.68325354037896
    endloop
  endfacet
  facet normal 0.50233225384136471 0.059063189610518908 0.8626551143902681
    outer loop
      vertex 177.87474837693469 -186.94903118525983 219.38624410230793
      vertex 190.64174270259082 -189.96195608219901 212.15818740166023
      vertex 177.79655896078802 -185.03347243491885 219.3006224641702
    endloop
  endfacet
  facet normal 0.5023322538413707 0.059063189610541869 0.8626551143902631
    outer loop
      vertex 177.02620684217734 -166.16068619765218 218.45704752456982
      vertex 177.79655896078802 -185.03347243491885 219.3006224641702
      vertex 190.64174270259082 -189.96195608219901 212.15818740166023
    endloop
  endfacet
  facet normal 0.50233225384136826 0.05906318961053876 0.86265511439026477
    outer loop
      vertex 190.64174270259082 -189.96195608219901 212.15818740166023
      vertex 177.93828765646464 -188.50567623898303 219.45582300060619
      vertex 178.0242789778236 -190.6123770804607 219.54998839257891
    endloop
  endfacet
  facet normal 0.50233225384136848 0.059063189610544659 0.8626551143902641
    outer loop
      vertex 190.64174270259082 -189.96195608219901 212.15818740166023
      vertex 177.87474837693469 -186.94903118525983 219.38624410230793
      vertex 177.93828765646464 -188.50567623898303 219.45582300060619
    endloop
  endfacet
  facet normal 0.3128796000463116 -0.016544949186301144 0.94964868268812075
    outer loop
      vertex 214.50624546309717 -96.604773968855085 206.18189639062984
      vertex 176.88326930547265 -112.50235509218803 218.3005222263468
      vertex 209.9952576131887 -141.75334519565803 206.88153960566686
    endloop
  endfacet
  facet normal 0.31287960004631921 -0.016544949186321507 0.94964868268811775
    outer loop
      vertex 214.50624546309717 -96.604773968855085 206.18189639062984
      vertex 176.90558561615541 -110.67767302425395 218.32495963584074
      vertex 176.88326930547265 -112.50235509218803 218.3005222263468
    endloop
  endfacet
  facet normal 0.52298019652445382 -0.0043846625571952232 0.85233355488183327
    outer loop
      vertex 184.74672112107856 -56.414882444038426 214.54028912021869
      vertex 177.51470706287608 -53.649401599634722 218.99198037654085
      vertex 177.49019871733142 -61.789459688557272 218.96514343176091
    endloop
  endfacet
  facet normal 0.5338890250078252 -0.024998704619075659 0.8451849346406749
    outer loop
      vertex 176.8205374964347 -100.88401362624984 218.2318264920124
      vertex 176.7784876856087 -103.3388540104614 218.18577988664458
      vertex 184.74672112107856 -56.414882444038426 214.54028912021869
    endloop
  endfacet
  facet normal 0.53388902500775803 -0.024998704619060026 0.84518493464071787
    outer loop
      vertex 177.00327292251808 -90.2160060924151 218.43193172793701
      vertex 176.93282156622183 -94.328919017018634 218.35478377282075
      vertex 184.74672112107856 -56.414882444038426 214.54028912021869
    endloop
  endfacet
  facet normal 0.53388902500775792 -0.024998704619060015 0.84518493464071787
    outer loop
      vertex 176.8205374964347 -100.88401362624984 218.2318264920124
      vertex 184.74672112107856 -56.414882444038426 214.54028912021869
      vertex 176.93282156622183 -94.328919017018634 218.35478377282075
    endloop
  endfacet
  facet normal 0.5338890250077607 -0.024998704619060848 0.8451849346407162
    outer loop
      vertex 177.00327292251808 -90.2160060924151 218.43193172793701
      vertex 184.74672112107856 -56.414882444038426 214.54028912021869
      vertex 177.35197316996155 -69.858965582723414 218.81378000074096
    endloop
  endfacet
  facet normal 0.53388902500776425 -0.024998704619063467 0.84518493464071398
    outer loop
      vertex 177.49019871733142 -61.789459688557272 218.96514343176091
      vertex 177.35197316996155 -69.858965582723414 218.81378000074096
      vertex 184.74672112107856 -56.414882444038426 214.54028912021869
    endloop
  endfacet
  facet normal 0.35839296097671491 -0.041797069515973534 0.93263470367675039
    outer loop
      vertex 209.9952576131887 -141.75334519565803 206.88153960566686
      vertex 177.43000632281056 -152.83169130348094 218.89922926307793
      vertex 177.16475912917539 -161.5872053131786 218.60877030897103
    endloop
  endfacet
  facet normal 0.35839296097671408 -0.041797069515974221 0.93263470367675061
    outer loop
      vertex 190.64174270259082 -189.96195608219901 212.15818740166023
      vertex 209.9952576131887 -141.75334519565803 206.88153960566686
      vertex 177.02620684217734 -166.16068619765218 218.45704752456982
    endloop
  endfacet
  facet normal 0.35839296097672019 -0.041797069515983984 0.93263470367674761
    outer loop
      vertex 177.16475912917539 -161.5872053131786 218.60877030897103
      vertex 177.02620684217734 -166.16068619765218 218.45704752456982
      vertex 209.9952576131887 -141.75334519565803 206.88153960566686
    endloop
  endfacet
  facet normal 0.34058511874252401 0.01857241597865705 0.94003023475623204
    outer loop
      vertex 209.9952576131887 -141.75334519565803 206.88153960566686
      vertex 177.23059729211545 -138.12250302590695 218.6808645686113
      vertex 177.29672245806438 -143.0001287905171 218.75327505571613
    endloop
  endfacet
  facet normal 0.34058511874252367 0.018572415978664464 0.94003023475623193
    outer loop
      vertex 177.29672245806438 -143.0001287905171 218.75327505571613
      vertex 177.43000632281056 -152.83169130348094 218.89922926307793
      vertex 209.9952576131887 -141.75334519565803 206.88153960566686
    endloop
  endfacet
  facet normal 0.34058511874252323 0.018572415978663288 0.94003023475623204
    outer loop
      vertex 176.93829671300205 -116.56139507643647 218.3607805678763
      vertex 177.13713768468656 -131.22856819055323 218.57852097322345
      vertex 209.9952576131887 -141.75334519565803 206.88153960566686
    endloop
  endfacet
  facet normal 0.34058511874252517 0.018572415978670098 0.94003023475623126
    outer loop
      vertex 177.23059729211545 -138.12250302590695 218.6808645686113
      vertex 209.9952576131887 -141.75334519565803 206.88153960566686
      vertex 177.13713768468656 -131.22856819055323 218.57852097322345
    endloop
  endfacet
  facet normal 0.3405851187425239 0.018572415978664207 0.94003023475623193
    outer loop
      vertex 209.9952576131887 -141.75334519565803 206.88153960566686
      vertex 176.88326930547265 -112.50235509218803 218.3005222263468
      vertex 176.93829671300205 -116.56139507643647 218.3607805678763
    endloop
  endfacet
  facet normal -0.081703175702350944 0.018708489611251398 0.99648110042118543
    outer loop
      vertex 348.9378448253488 -266.86411012836737 173.29862956898984
      vertex 322.79322194436918 -312 172.00239385552533
      vertex 374.50579223918032 -312 176.24239521132756
    endloop
  endfacet
  facet normal -0.22902106291270255 -0.0028488773610255455 0.97341729830536605
    outer loop
      vertex 496.23457786801407 -275.40920706454665 202.08307157658956
      vertex 451.72094165821653 -268.05648163836747 191.63163077768442
      vertex 476.20952347994864 -312 197.26458116079277
    endloop
  endfacet
  facet normal -0.20784883185304273 -0.00499384480966596 0.97814821198596635
    outer loop
      vertex 451.72094165821653 -268.05648163836747 191.63163077768442
      vertex 400.90887006559757 -267.88397764590496 180.83534434891249
      vertex 425.54215545197741 -312 185.84449425376951
    endloop
  endfacet
  facet normal -0.24695589444083468 -0 0.9690267210974769
    outer loop
      vertex 530.59076947885876 -44.323970636662864 210.57262857813805
      vertex 577 -68.874999999999972 222.39999389648455
      vertex 577 -20.249999999999979 222.39999389648455
    endloop
  endfacet
  facet normal -0.23700100599983673 -0.0015255684326390784 0.97150820675690785
    outer loop
      vertex 500.42679065288411 36.752208788032021 203.10932900681561
      vertex 526.65900401144745 77 209.57192157337465
      vertex 476.1895439062294 77 197.25981475429322
    endloop
  endfacet
  facet normal -0.24693217981687798 -0.0012602298835043574 0.96903194497989897
    outer loop
      vertex 543.18290026320187 43.968840460782701 213.73964265532445
      vertex 577 77 222.39999389648455
      vertex 526.65900401144745 77 209.57192157337465
    endloop
  endfacet
  facet normal -0.20586298419537463 -0.0029912683867405502 0.97857625357026379
    outer loop
      vertex 400.49918533248558 -52.835859483640775 180.76452614161335
      vertex 434.08039878643325 -98.395628796058958 187.68973742908867
      vertex 445.58602597819504 -49.137784510906471 190.26074420752369
    endloop
  endfacet
  facet normal -0.22958700856430819 0.0031970738584575068 0.97328289012867986
    outer loop
      vertex 451.6697554368393 33.0606292045141 191.62019288560521
      vertex 500.42679065288411 36.752208788032021 203.10932900681561
      vertex 476.1895439062294 77 197.25981475429322
    endloop
  endfacet
  facet normal -0.2471211162879155 0.00033923401672756237 0.96898454002367673
    outer loop
      vertex 535.23334211551639 2.4027478771440371 211.74026995245862
      vertex 530.59076947885876 -44.323970636662864 210.57262857813805
      vertex 577 -20.249999999999979 222.39999389648455
    endloop
  endfacet
  facet normal -0.21987670030602377 0.002517142744245322 0.97552442340258194
    outer loop
      vertex 451.72094165821653 -268.05648163836747 191.63163077768442
      vertex 425.54215545197741 -312 185.84449425376951
      vertex 476.20952347994864 -312 197.26458116079277
    endloop
  endfacet
  facet normal -0.24153679845327533 0.0016102133848946126 0.97039032466621222
    outer loop
      vertex 543.18290026320187 43.968840460782701 213.73964265532445
      vertex 526.65900401144745 77 209.57192157337465
      vertex 500.42679065288411 36.752208788032021 203.10932900681561
    endloop
  endfacet
  facet normal -0.24709882295354973 -0 0.96899028462362324
    outer loop
      vertex 532.67422342494172 -143.80064335897416 211.09663266365934
      vertex 577 -166.125 222.39999389648455
      vertex 577 -117.49999999999999 222.39999389648455
    endloop
  endfacet
  facet normal -0.23700396153707484 0.0017714762776203867 0.97150706847018398
    outer loop
      vertex 496.23457786801407 -275.40920706454665 202.08307157658956
      vertex 476.20952347994864 -312 197.26458116079277
      vertex 526.66896749163993 -312 209.57441246913399
    endloop
  endfacet
  facet normal -0.24773941484901074 -0 0.96882670397252657
    outer loop
      vertex 540.10086863106631 -259.32530052651566 212.96448889203575
      vertex 577 -263.375 222.39999389648455
      vertex 577 -214.75 222.39999389648455
    endloop
  endfacet
  facet normal -0.24808773283014326 -0 0.9687375686011146
    outer loop
      vertex 543.18290026320187 43.968840460782701 213.73964265532445
      vertex 577 28.375000000000011 222.39999389648455
      vertex 577 77 222.39999389648455
    endloop
  endfacet
  facet normal -0.23862058450102422 0.00014084113861283408 0.97111286512751105
    outer loop
      vertex 485.0133644840181 -70.308115284762096 199.37717666538524
      vertex 531.83225494165276 -93.876219008258488 210.88487135933434
      vertex 530.59076947885876 -44.323970636662864 210.57262857813805
    endloop
  endfacet
  facet normal -0.083679603112891895 -0.020983728293809904 0.99627175367454857
    outer loop
      vertex 375.77045419900003 -222.35143770666383 176.48991138027503
      vertex 323.69802995527766 -219.45182810151425 172.17727764567275
      vertex 348.9378448253488 -266.86411012836737 173.29862956898984
    endloop
  endfacet
  facet normal -0.24035323197819339 -0.001182630512456206 0.97068477131492481
    outer loop
      vertex 496.23457786801407 -275.40920706454665 202.08307157658956
      vertex 526.66896749163993 -312 209.57441246913399
      vertex 540.10086863106631 -259.32530052651566 212.96448889203575
    endloop
  endfacet
  facet normal -0.24731288614727417 -0.00037612797475974566 0.96893559892969761
    outer loop
      vertex 533.64329302593774 -197.20236677281588 211.3403608396678
      vertex 540.10086863106631 -259.32530052651566 212.96448889203575
      vertex 577 -214.75 222.39999389648455
    endloop
  endfacet
  facet normal -0.07893458146584309 0.021535422959654278 0.99664715792840186
    outer loop
      vertex 374.27119393650599 -11.431650554473748 176.23074886948746
      vertex 348.40593329597897 32.176823742639044 173.23993066660987
      vertex 321.91005443424916 -14.052330812287266 172.14036729215485
    endloop
  endfacet
  facet normal -0.24706728059142147 -5.6615858047425523e-05 0.96899832593034152
    outer loop
      vertex 531.83225494165276 -93.876219008258488 210.88487135933434
      vertex 532.67422342494172 -143.80064335897416 211.09663266365934
      vertex 577 -117.49999999999999 222.39999389648455
    endloop
  endfacet
  facet normal -0.076780474631319637 -0.021758649665433991 0.99681057372006554
    outer loop
      vertex 348.15237037454926 -57.563012183705354 173.21194882310704
      vertex 374.27119393650599 -11.431650554473748 176.23074886948746
      vertex 321.91005443424916 -14.052330812287266 172.14036729215485
    endloop
  endfacet
  facet normal -0.081566368807046097 -0.019182935326514893 0.99648328760290383
    outer loop
      vertex 348.40593329597897 32.176823742639044 173.23993066660987
      vertex 374.46523342000899 77 176.23586909647116
      vertex 322.74187219084132 77 172.00209336691816
    endloop
  endfacet
  facet normal -0.18489185524447385 0.0083442525123247555 0.98272344803320288
    outer loop
      vertex 400.90887006559757 -267.88397764590496 180.83534434891249
      vertex 374.50579223918032 -312 176.24239521132756
      vertex 425.54215545197741 -312 185.84449425376951
    endloop
  endfacet
  facet normal -0.14382132996427555 -0.016937333668811762 0.98945871655946238
    outer loop
      vertex 400.90887006559757 -267.88397764590496 180.83534434891249
      vertex 348.9378448253488 -266.86411012836737 173.29862956898984
      vertex 374.50579223918032 -312 176.24239521132756
    endloop
  endfacet
  facet normal -0.2073031928133178 -0.0047491318762272619 0.9782652155708218
    outer loop
      vertex 425.98406887646917 -9.4760041997091093 185.97066469303897
      vertex 451.6697554368393 33.0606292045141 191.62019288560521
      vertex 400.18352111045596 33.094271639596286 180.70996034380389
    endloop
  endfacet
  facet normal -0.23889864387336687 8.982621362650615e-05 0.97104450458602443
    outer loop
      vertex 485.8426047971609 -119.80132471217964 199.57278808635462
      vertex 532.67422342494172 -143.80064335897416 211.09663266365934
      vertex 531.83225494165276 -93.876219008258488 210.88487135933434
    endloop
  endfacet
  facet normal -0.2469331996326794 0.00060159264520700097 0.96903231783334054
    outer loop
      vertex 540.10086863106631 -259.32530052651566 212.96448889203575
      vertex 526.66896749163993 -312 209.57441246913399
      vertex 577 -312 222.39999389648455
    endloop
  endfacet
  facet normal -0.24773941484901074 0 0.96882670397252657
    outer loop
      vertex 540.10086863106631 -259.32530052651566 212.96448889203575
      vertex 577 -312 222.39999389648455
      vertex 577 -263.375 222.39999389648455
    endloop
  endfacet
  facet normal -0.23876455090655246 -0.00016243331678059215 0.97107747520257626
    outer loop
      vertex 485.8426047971609 -119.80132471217964 199.57278808635462
      vertex 531.83225494165276 -93.876219008258488 210.88487135933434
      vertex 485.0133644840181 -70.308115284762096 199.37717666538524
    endloop
  endfacet
  facet normal -0.23984066645321314 7.8499395088758823e-05 0.97081226225935324
    outer loop
      vertex 490.41806788026349 -168.54068591275615 200.65918474182382
      vertex 533.64329302593774 -197.20236677281588 211.3403608396678
      vertex 532.67422342494172 -143.80064335897416 211.09663266365934
    endloop
  endfacet
  facet normal -0.18485816834033572 -0.008140285645047143 0.98273149605956611
    outer loop
      vertex 400.18352111045596 33.094271639596286 180.70996034380389
      vertex 425.51201590005456 77 185.83809996702504
      vertex 374.46523342000899 77 176.23586909647116
    endloop
  endfacet
  facet normal -0.14306804178657942 0.017035239056415241 0.98956623631247864
    outer loop
      vertex 400.18352111045596 33.094271639596286 180.70996034380389
      vertex 374.46523342000899 77 176.23586909647116
      vertex 348.40593329597897 32.176823742639044 173.23993066660987
    endloop
  endfacet
  facet normal -0.21986457142139273 -0.0025164565049149087 0.97552715886352748
    outer loop
      vertex 451.6697554368393 33.0606292045141 191.62019288560521
      vertex 476.1895439062294 77 197.25981475429322
      vertex 425.51201590005456 77 185.83809996702504
    endloop
  endfacet
  facet normal -0.20729629041000541 0.0053257315532202355 0.97826370911205418
    outer loop
      vertex 451.6697554368393 33.0606292045141 191.62019288560521
      vertex 425.51201590005456 77 185.83809996702504
      vertex 400.18352111045596 33.094271639596286 180.70996034380389
    endloop
  endfacet
  facet normal -0.24716997728140652 -0 0.96897213702495555
    outer loop
      vertex 533.64329302593774 -197.20236677281588 211.3403608396678
      vertex 577 -214.75 222.39999389648455
      vertex 577 -166.125 222.39999389648455
    endloop
  endfacet
  facet normal -0.2471281867724803 -6.2095455458567353e-05 0.96898279419538746
    outer loop
      vertex 533.64329302593774 -197.20236677281588 211.3403608396678
      vertex 577 -166.125 222.39999389648455
      vertex 532.67422342494172 -143.80064335897416 211.09663266365934
    endloop
  endfacet
  facet normal -0.2393412467286985 -0.00082636143108516698 0.97093515990571566
    outer loop
      vertex 490.41806788026349 -168.54068591275615 200.65918474182382
      vertex 532.67422342494172 -143.80064335897416 211.09663266365934
      vertex 485.8426047971609 -119.80132471217964 199.57278808635462
    endloop
  endfacet
  facet normal -0.22836597387384111 0.0013404162503696765 0.97357443745248773
    outer loop
      vertex 488.06095039318512 -224.74807775825857 200.09607877466533
      vertex 451.72094165821653 -268.05648163836747 191.63163077768442
      vertex 496.23457786801407 -275.40920706454665 202.08307157658956
    endloop
  endfacet
  facet normal -0.24119329849311921 -0.00055249233934660249 0.970476938167118
    outer loop
      vertex 535.23334211551639 2.4027478771440371 211.74026995245862
      vertex 543.18290026320187 43.968840460782701 213.73964265532445
      vertex 500.42679065288411 36.752208788032021 203.10932900681561
    endloop
  endfacet
  facet normal -0.23812765163778493 -0.0006105222631312947 0.97123367362753643
    outer loop
      vertex 535.23334211551639 2.4027478771440371 211.74026995245862
      vertex 480.72107745696195 -13.921104149510967 198.36465912220311
      vertex 530.59076947885876 -44.323970636662864 210.57262857813805
    endloop
  endfacet
  facet normal -0.24703947681878996 -0 0.96900541633837045
    outer loop
      vertex 531.83225494165276 -93.876219008258488 210.88487135933434
      vertex 577 -117.49999999999999 222.39999389648455
      vertex 577 -68.874999999999972 222.39999389648455
    endloop
  endfacet
  facet normal -0.24699673936847025 -8.2226630972153332e-05 0.96901630738606515
    outer loop
      vertex 531.83225494165276 -93.876219008258488 210.88487135933434
      vertex 577 -68.874999999999972 222.39999389648455
      vertex 530.59076947885876 -44.323970636662864 210.57262857813805
    endloop
  endfacet
  facet normal -0.23968649277753937 0.00032518203053283833 0.97085028682935948
    outer loop
      vertex 490.41806788026349 -168.54068591275615 200.65918474182382
      vertex 488.06095039318512 -224.74807775825857 200.09607877466533
      vertex 533.64329302593774 -197.20236677281588 211.3403608396678
    endloop
  endfacet
  facet normal -0.22921471994680023 -0.0020029859747754406 0.97337382346501122
    outer loop
      vertex 480.72107745696195 -13.921104149510967 198.36465912220311
      vertex 500.42679065288411 36.752208788032021 203.10932900681561
      vertex 451.6697554368393 33.0606292045141 191.62019288560521
    endloop
  endfacet
  facet normal -0.22055518711977459 0.0036378998950179894 0.97536771277242662
    outer loop
      vertex 480.72107745696195 -13.921104149510967 198.36465912220311
      vertex 451.6697554368393 33.0606292045141 191.62019288560521
      vertex 425.98406887646917 -9.4760041997091093 185.97066469303897
    endloop
  endfacet
  facet normal -0.22370880889836395 0.00010396348132832229 0.97465602035429399
    outer loop
      vertex 434.08039878643325 -98.395628796058958 187.68973742908867
      vertex 485.8426047971609 -119.80132471217964 199.57278808635462
      vertex 485.0133644840181 -70.308115284762096 199.37717666538524
    endloop
  endfacet
  facet normal -0.23885402590907409 0.0019627812346561576 0.97105350099613585
    outer loop
      vertex 535.23334211551639 2.4027478771440371 211.74026995245862
      vertex 500.42679065288411 36.752208788032021 203.10932900681561
      vertex 480.72107745696195 -13.921104149510967 198.36465912220311
    endloop
  endfacet
  facet normal -0.23817357988794746 -0.00069040174829942253 0.971222358262404
    outer loop
      vertex 480.72107745696195 -13.921104149510967 198.36465912220311
      vertex 485.0133644840181 -70.308115284762096 199.37717666538524
      vertex 530.59076947885876 -44.323970636662864 210.57262857813805
    endloop
  endfacet
  facet normal -0.10730954540758335 0.01620997800760951 0.99409350570125476
    outer loop
      vertex 379.37405532903728 -90.102020537708967 177.11283078933334
      vertex 348.15237037454926 -57.563012183705354 173.21194882310704
      vertex 331.35623993869115 -114.99584187745242 172.33537110639287
    endloop
  endfacet
  facet normal -0.14320385638985803 0.015378193608388425 0.98957372978288771
    outer loop
      vertex 375.77045419900003 -222.35143770666383 176.48991138027503
      vertex 348.9378448253488 -266.86411012836737 173.29862956898984
      vertex 400.90887006559757 -267.88397764590496 180.83534434891249
    endloop
  endfacet
  facet normal -0.24729387121973215 -0 0.96894052513926698
    outer loop
      vertex 535.23334211551639 2.4027478771440371 211.74026995245862
      vertex 577 -20.249999999999979 222.39999389648455
      vertex 577 28.375000000000011 222.39999389648455
    endloop
  endfacet
  facet normal -0.24774969451565096 0.00078094475300167154 0.96882376054300734
    outer loop
      vertex 535.23334211551639 2.4027478771440371 211.74026995245862
      vertex 577 28.375000000000011 222.39999389648455
      vertex 543.18290026320187 43.968840460782701 213.73964265532445
    endloop
  endfacet
  facet normal -0.18827941803323925 0.010498679627246835 0.98205938642790291
    outer loop
      vertex 400.49918533248558 -52.835859483640775 180.76452614161335
      vertex 379.37405532903728 -90.102020537708967 177.11283078933334
      vertex 434.08039878643325 -98.395628796058958 187.68973742908867
    endloop
  endfacet
  facet normal -0.23976231035253312 0.00045830814015214297 0.97083151189486228
    outer loop
      vertex 488.06095039318512 -224.74807775825857 200.09607877466533
      vertex 540.10086863106631 -259.32530052651566 212.96448889203575
      vertex 533.64329302593774 -197.20236677281588 211.3403608396678
    endloop
  endfacet
  facet normal -0.24050848872113456 -0.00073347496274802227 0.97064675802660305
    outer loop
      vertex 488.06095039318512 -224.74807775825857 200.09607877466533
      vertex 496.23457786801407 -275.40920706454665 202.08307157658956
      vertex 540.10086863106631 -259.32530052651566 212.96448889203575
    endloop
  endfacet
  facet normal -0.14248452586246993 -0.016637010297690748 0.98965719811362041
    outer loop
      vertex 374.27119393650599 -11.431650554473748 176.23074886948746
      vertex 400.18352111045596 33.094271639596286 180.70996034380389
      vertex 348.40593329597897 32.176823742639044 173.23993066660987
    endloop
  endfacet
  facet normal -0.18541476713442723 0.0090547581890297584 0.98261863176037123
    outer loop
      vertex 374.27119393650599 -11.431650554473748 176.23074886948746
      vertex 425.98406887646917 -9.4760041997091093 185.97066469303897
      vertex 400.18352111045596 33.094271639596286 180.70996034380389
    endloop
  endfacet
  facet normal -0.22298220359417695 -0.0034198555848189731 0.97481651682153181
    outer loop
      vertex 429.45860488023277 -226.30783987745295 186.68574557464521
      vertex 451.72094165821653 -268.05648163836747 191.63163077768442
      vertex 488.06095039318512 -224.74807775825857 200.09607877466533
    endloop
  endfacet
  facet normal -0.20781609236972062 0.0050629091641719946 0.97815481325962672
    outer loop
      vertex 429.45860488023277 -226.30783987745295 186.68574557464521
      vertex 400.90887006559757 -267.88397764590496 180.83534434891249
      vertex 451.72094165821653 -268.05648163836747 191.63163077768442
    endloop
  endfacet
  facet normal -0.1872506227253535 -0.0096374541739206055 0.98226489490667079
    outer loop
      vertex 429.45860488023277 -226.30783987745295 186.68574557464521
      vertex 375.77045419900003 -222.35143770666383 176.48991138027503
      vertex 400.90887006559757 -267.88397764590496 180.83534434891249
    endloop
  endfacet
  facet normal -0.10607085532632242 0.01378813937795368 0.99426297369601191
    outer loop
      vertex 379.37405532903728 -90.102020537708967 177.11283078933334
      vertex 331.35623993869115 -114.99584187745242 172.33537110639287
      vertex 388.34161579449852 -132.89567070535628 178.66296557513914
    endloop
  endfacet
  facet normal -0.20925060915478841 -0.0044697728888802076 0.97785183115780472
    outer loop
      vertex 450.6296293258805 -188.75930683096828 191.38776998182669
      vertex 403.96801043902019 -180.66944474291046 181.43962444481818
      vertex 429.45860488023277 -226.30783987745295 186.68574557464521
    endloop
  endfacet
  facet normal -0.22509334523415081 0.00036122145129277746 0.97433713644218789
    outer loop
      vertex 445.58602597819504 -49.137784510906471 190.26074420752369
      vertex 485.0133644840181 -70.308115284762096 199.37717666538524
      vertex 480.72107745696195 -13.921104149510967 198.36465912220311
    endloop
  endfacet
  facet normal -0.22112964310124414 -0.0038003698028458697 0.9752370163869285
    outer loop
      vertex 445.58602597819504 -49.137784510906471 190.26074420752369
      vertex 480.72107745696195 -13.921104149510967 198.36465912220311
      vertex 425.98406887646917 -9.4760041997091093 185.97066469303897
    endloop
  endfacet
  facet normal -0.22447669139738002 0.0015704114884509412 0.97447819309979555
    outer loop
      vertex 445.58602597819504 -49.137784510906471 190.26074420752369
      vertex 434.08039878643325 -98.395628796058958 187.68973742908867
      vertex 485.0133644840181 -70.308115284762096 199.37717666538524
    endloop
  endfacet
  facet normal -0.081540815910813483 0.017781899895663793 0.99651136439917209
    outer loop
      vertex 352.7873139840454 -172.70770863450144 173.72343633079996
      vertex 323.69802995527766 -219.45182810151425 172.17727764567275
      vertex 375.77045419900003 -222.35143770666383 176.48991138027503
    endloop
  endfacet
  facet normal -0.20639804271727946 0.0038290839135481291 0.97846062060711414
    outer loop
      vertex 400.49918533248558 -52.835859483640775 180.76452614161335
      vertex 445.58602597819504 -49.137784510906471 190.26074420752369
      vertex 425.98406887646917 -9.4760041997091093 185.97066469303897
    endloop
  endfacet
  facet normal -0.18591892075381827 0.0090987129505621326 0.98252296071307088
    outer loop
      vertex 403.96801043902019 -180.66944474291046 181.43962444481818
      vertex 375.77045419900003 -222.35143770666383 176.48991138027503
      vertex 429.45860488023277 -226.30783987745295 186.68574557464521
    endloop
  endfacet
  facet normal -0.15134132521186366 -0.014986860342467158 0.98836794631361458
    outer loop
      vertex 403.96801043902019 -180.66944474291046 181.43962444481818
      vertex 352.7873139840454 -172.70770863450144 173.72343633079996
      vertex 375.77045419900003 -222.35143770666383 176.48991138027503
    endloop
  endfacet
  facet normal -0.18473960786145516 -0.0094148316563215321 0.98274240685546832
    outer loop
      vertex 400.49918533248558 -52.835859483640775 180.76452614161335
      vertex 425.98406887646917 -9.4760041997091093 185.97066469303897
      vertex 374.27119393650599 -11.431650554473748 176.23074886948746
    endloop
  endfacet
  facet normal -0.14427914298843836 0.016943462341109772 0.98939195872132357
    outer loop
      vertex 400.49918533248558 -52.835859483640775 180.76452614161335
      vertex 374.27119393650599 -11.431650554473748 176.23074886948746
      vertex 348.15237037454926 -57.563012183705354 173.21194882310704
    endloop
  endfacet
  facet normal -0.1163313586316967 -0.019315365312668094 0.99302262394254714
    outer loop
      vertex 331.35623993869115 -114.99584187745242 172.33537110639287
      vertex 352.7873139840454 -172.70770863450144 173.72343633079996
      vertex 388.34161579449852 -132.89567070535628 178.66296557513914
    endloop
  endfacet
  facet normal -0.14767653797493829 0.0091775183375451125 0.98899313106254727
    outer loop
      vertex 388.34161579449852 -132.89567070535628 178.66296557513914
      vertex 352.7873139840454 -172.70770863450144 173.72343633079996
      vertex 403.96801043902019 -180.66944474291046 181.43962444481818
    endloop
  endfacet
  facet normal -0.22316352633378755 0.0037602112567533745 0.9747737693052545
    outer loop
      vertex 450.6296293258805 -188.75930683096828 191.38776998182669
      vertex 429.45860488023277 -226.30783987745295 186.68574557464521
      vertex 488.06095039318512 -224.74807775825857 200.09607877466533
    endloop
  endfacet
  facet normal -0.20816993137679121 0.0020569885954161977 0.97809051138864456
    outer loop
      vertex 450.6296293258805 -188.75930683096828 191.38776998182669
      vertex 442.21261380701401 -146.24141281681989 189.50693344918696
      vertex 403.96801043902019 -180.66944474291046 181.43962444481818
    endloop
  endfacet
  facet normal -0.19641724518465534 0.0038556528060695186 0.98051282487049085
    outer loop
      vertex 442.21261380701401 -146.24141281681989 189.50693344918696
      vertex 434.08039878643325 -98.395628796058958 187.68973742908867
      vertex 388.34161579449852 -132.89567070535628 178.66296557513914
    endloop
  endfacet
  facet normal -0.22613034267912599 -0.001675247365804529 0.97409561217884799
    outer loop
      vertex 450.6296293258805 -188.75930683096828 191.38776998182669
      vertex 490.41806788026349 -168.54068591275615 200.65918474182382
      vertex 442.21261380701401 -146.24141281681989 189.50693344918696
    endloop
  endfacet
  facet normal -0.22513935173541028 0.00058244812399028674 0.97432639964969747
    outer loop
      vertex 442.21261380701401 -146.24141281681989 189.50693344918696
      vertex 490.41806788026349 -168.54068591275615 200.65918474182382
      vertex 485.8426047971609 -119.80132471217964 199.57278808635462
    endloop
  endfacet
  facet normal -0.1992898575320538 -0.0082329118800567175 0.97990600153628449
    outer loop
      vertex 442.21261380701401 -146.24141281681989 189.50693344918696
      vertex 388.34161579449852 -132.89567070535628 178.66296557513914
      vertex 403.96801043902019 -180.66944474291046 181.43962444481818
    endloop
  endfacet
  facet normal -0.22681993509990908 -0.00024531152059769116 0.97393668010991907
    outer loop
      vertex 450.6296293258805 -188.75930683096828 191.38776998182669
      vertex 488.06095039318512 -224.74807775825857 200.09607877466533
      vertex 490.41806788026349 -168.54068591275615 200.65918474182382
    endloop
  endfacet
  facet normal -0.2241773792436213 -0.0010892152749022344 0.97454774959749724
    outer loop
      vertex 442.21261380701401 -146.24141281681989 189.50693344918696
      vertex 485.8426047971609 -119.80132471217964 199.57278808635462
      vertex 434.08039878643325 -98.395628796058958 187.68973742908867
    endloop
  endfacet
  facet normal -0.14128517879153574 -0.016901936208845107 0.98982464245250834
    outer loop
      vertex 379.37405532903728 -90.102020537708967 177.11283078933334
      vertex 400.49918533248558 -52.835859483640775 180.76452614161335
      vertex 348.15237037454926 -57.563012183705354 173.21194882310704
    endloop
  endfacet
  facet normal -0.19045842552058531 -0.0043511693631604646 0.9816856194695901
    outer loop
      vertex 388.34161579449852 -132.89567070535628 178.66296557513914
      vertex 434.08039878643325 -98.395628796058958 187.68973742908867
      vertex 379.37405532903728 -90.102020537708967 177.11283078933334
    endloop
  endfacet
  facet normal -0.022636059443383805 0.014645417410099948 0.99963649421265111
    outer loop
      vertex 348.40593329597897 32.176823742639044 173.23993066660987
      vertex 304.17501532332392 35.436777178087212 172.19059215872528
      vertex 304.14644507727343 31.592994836631512 172.24625947315252
    endloop
  endfacet
  facet normal -0.02263605944338418 0.014645417410086525 0.99963649421265111
    outer loop
      vertex 322.74187219084132 77 172.00209336691816
      vertex 304.24580013598609 44.960204770841699 172.05266974008441
      vertex 348.40593329597897 32.176823742639044 173.23993066660987
    endloop
  endfacet
  facet normal -0.022636059443385009 0.014645417410083674 0.99963649421265133
    outer loop
      vertex 304.17501532332392 35.436777178087212 172.19059215872528
      vertex 348.40593329597897 32.176823742639044 173.23993066660987
      vertex 304.24580013598609 44.960204770841699 172.05266974008441
    endloop
  endfacet
  facet normal -0.02369484285625871 0.011029113091731853 0.99965839819731761
    outer loop
      vertex 348.9378448253488 -266.86411012836737 173.29862956898984
      vertex 323.69802995527766 -219.45182810151425 172.17727764567275
      vertex 304.22271314648867 -254.07564256727676 172.09765584077059
    endloop
  endfacet
  facet normal -0.023694842856258832 0.011029113091731463 0.99965839819731783
    outer loop
      vertex 304.1642606355507 -264.52382267825396 172.21154388211633
      vertex 348.9378448253488 -266.86411012836737 173.29862956898984
      vertex 304.22271314648867 -254.07564256727676 172.09765584077059
    endloop
  endfacet
  facet normal -0.023694842856258166 0.011029113091744027 0.9996583981973175
    outer loop
      vertex 348.9378448253488 -266.86411012836737 173.29862956898984
      vertex 304.1642606355507 -264.52382267825396 172.21154388211633
      vertex 304.15182383851288 -266.74697005728535 172.23577681604175
    endloop
  endfacet
  facet normal -0.02229902711785196 -0.010997197305233061 0.99969085973666238
    outer loop
      vertex 304.21758680620189 18.848048308514667 172.10764432135613
      vertex 304.22449708211411 17.610081529776323 172.09418008652588
      vertex 348.40593329597897 32.176823742639044 173.23993066660987
    endloop
  endfacet
  facet normal -0.022299027117850118 -0.010997197305238633 0.99969085973666216
    outer loop
      vertex 321.91005443424916 -14.052330812287266 172.14036729215485
      vertex 348.40593329597897 32.176823742639044 173.23993066660987
      vertex 304.22449708211411 17.610081529776323 172.09418008652588
    endloop
  endfacet
  facet normal -0.022299027117849625 -0.010997197305240777 0.99969085973666216
    outer loop
      vertex 348.40593329597897 32.176823742639044 173.23993066660987
      vertex 304.14644507727343 31.592994836631512 172.24625947315252
      vertex 304.21758680620189 18.848048308514667 172.10764432135613
    endloop
  endfacet
  facet normal -0.023761531166946809 -0.014943511228318569 0.99960596292177639
    outer loop
      vertex 348.9378448253488 -266.86411012836737 173.29862956898984
      vertex 304.15182383851288 -266.74697005728535 172.23577681604175
      vertex 304.21574863365265 -275.18011560976026 172.11122588411504
    endloop
  endfacet
  facet normal -0.023761531166946511 -0.014943511228317151 0.99960596292177628
    outer loop
      vertex 348.9378448253488 -266.86411012836737 173.29862956898984
      vertex 304.24708738548247 -279.31449660004046 172.05016431156938
      vertex 322.79322194436918 -312 172.00239385552533
    endloop
  endfacet
  facet normal -0.02376153116694819 -0.014943511228311135 0.99960596292177628
    outer loop
      vertex 304.21574863365265 -275.18011560976026 172.11122588411504
      vertex 304.24708738548247 -279.31449660004046 172.05016431156938
      vertex 348.9378448253488 -266.86411012836737 173.29862956898984
    endloop
  endfacet
  facet normal -0.022830372120181693 0.010850606643093955 0.99968046817187084
    outer loop
      vertex 348.15237037454926 -57.563012183705354 173.21194882310704
      vertex 304.20053927206527 -51.359713380264061 172.14086036161405
      vertex 304.13694449453766 -62.909546339338704 172.26477075672562
    endloop
  endfacet
  facet normal -0.022830372120182876 0.010850606643085577 0.99968046817187084
    outer loop
      vertex 304.20053927206527 -51.359713380264061 172.14086036161405
      vertex 348.15237037454926 -57.563012183705354 173.21194882310704
      vertex 304.22120428678096 -47.606614818677691 172.10059588962503
    endloop
  endfacet
  facet normal -0.022830372120181273 0.010850606643092647 0.99968046817187084
    outer loop
      vertex 321.91005443424916 -14.052330812287266 172.14036729215485
      vertex 304.22120428678096 -47.606614818677691 172.10059588962503
      vertex 348.15237037454926 -57.563012183705354 173.21194882310704
    endloop
  endfacet
  facet normal -0.020384474176988264 -0.0092974244422795085 0.99974898405113055
    outer loop
      vertex 304.15862118924991 -67.498659467624421 172.22253509035608
      vertex 304.19979444818688 -76.215336324076048 172.14231160375442
      vertex 348.15237037454926 -57.563012183705354 173.21194882310704
    endloop
  endfacet
  facet normal -0.020384474176989516 -0.0092974244422765438 0.99974898405113055
    outer loop
      vertex 331.35623993869115 -114.99584187745242 172.33537110639287
      vertex 348.15237037454926 -57.563012183705354 173.21194882310704
      vertex 304.19979444818688 -76.215336324076048 172.14231160375442
    endloop
  endfacet
  facet normal -0.020384474176989506 -0.009297424442273999 0.99974898405113055
    outer loop
      vertex 304.15862118924991 -67.498659467624421 172.22253509035608
      vertex 348.15237037454926 -57.563012183705354 173.21194882310704
      vertex 304.13694449453766 -62.909546339338704 172.26477075672562
    endloop
  endfacet
  facet normal -0.028825839713943393 0.013335147114090428 0.9994954951455417
    outer loop
      vertex 352.7873139840454 -172.70770863450144 173.72343633079996
      vertex 331.35623993869115 -114.99584187745242 172.33537110639287
      vertex 304.2086794560513 -157.91145263218937 172.12499972881994
    endloop
  endfacet
  facet normal -0.028825839713949888 0.013335147114069133 0.99949549514554192
    outer loop
      vertex 304.20328299863758 -158.71121194650439 172.13551438421044
      vertex 352.7873139840454 -172.70770863450144 173.72343633079996
      vertex 304.2086794560513 -157.91145263218937 172.12499972881994
    endloop
  endfacet
  facet normal -0.028825839713943757 0.01333514711409039 0.9994954951455417
    outer loop
      vertex 352.7873139840454 -172.70770863450144 173.72343633079996
      vertex 304.20328299863758 -158.71121194650439 172.13551438421044
      vertex 304.12904122206533 -169.71390274395515 172.28016978244437
    endloop
  endfacet
  facet normal -0.030510314078364586 -0.014071556683131124 0.9994353966251911
    outer loop
      vertex 352.7873139840454 -172.70770863450144 173.72343633079996
      vertex 304.12904122206533 -169.71390274395515 172.28016978244437
      vertex 304.20831751635239 -180.85669055706978 172.12570494539341
    endloop
  endfacet
  facet normal -0.030510314078364797 -0.014071556683131316 0.9994353966251911
    outer loop
      vertex 352.7873139840454 -172.70770863450144 173.72343633079996
      vertex 304.22230849711826 -182.82321196644097 172.09844440573758
      vertex 323.69802995527766 -219.45182810151425 172.17727764567275
    endloop
  endfacet
  facet normal -0.030510314078363538 -0.014071556683137344 0.99943539662519087
    outer loop
      vertex 304.20831751635239 -180.85669055706978 172.12570494539341
      vertex 304.22230849711826 -182.82321196644097 172.09844440573758
      vertex 352.7873139840454 -172.70770863450144 173.72343633079996
    endloop
  endfacet
  facet normal -6.221008744733956e-05 -0.0011524892355978702 0.99999933394901164
    outer loop
      vertex 304.21209603189448 -32.207414660713248 172.11834274723884
      vertex 321.91005443424916 -14.052330812287266 172.14036729215485
      vertex 304.20767193045037 -24.727647734400378 172.12696282862387
    endloop
  endfacet
  facet normal -6.2210087438003468e-05 -0.0011524892356133516 0.99999933394901142
    outer loop
      vertex 304.20705769244262 -23.6891640574236 172.12815963246828
      vertex 304.20767193045037 -24.727647734400378 172.12696282862387
      vertex 321.91005443424916 -14.052330812287266 172.14036729215485
    endloop
  endfacet
  facet normal -6.2210087449785154e-05 -0.0011524892355954861 0.99999933394901164
    outer loop
      vertex 304.21209603189448 -32.207414660713248 172.11834274723884
      vertex 304.21334338253507 -34.316293081621595 172.1159123635386
      vertex 321.91005443424916 -14.052330812287266 172.14036729215485
    endloop
  endfacet
  facet normal -6.2210087449616561e-05 -0.0011524892355956333 0.99999933394901164
    outer loop
      vertex 304.22120428678096 -47.606614818677691 172.10059588962503
      vertex 321.91005443424916 -14.052330812287266 172.14036729215485
      vertex 304.21334338253507 -34.316293081621595 172.1159123635386
    endloop
  endfacet
  facet normal -6.2210087446978765e-05 -0.0011524892355948102 0.99999933394901164
    outer loop
      vertex 304.20146933363259 -14.241505843850163 172.13904761646069
      vertex 304.2024717610343 -15.935793455949494 172.13709502928631
      vertex 321.91005443424916 -14.052330812287266 172.14036729215485
    endloop
  endfacet
  facet normal -6.221008744660603e-05 -0.0011524892355983148 0.99999933394901164
    outer loop
      vertex 321.91005443424916 -14.052330812287266 172.14036729215485
      vertex 304.2024717610343 -15.935793455949494 172.13709502928631
      vertex 304.20606520191632 -22.011174095519383 172.1300934373819
    endloop
  endfacet
  facet normal -6.2210087448583343e-05 -0.0011524892355939164 0.99999933394901164
    outer loop
      vertex 304.20606520191632 -22.011174095519383 172.1300934373819
      vertex 304.20705769244262 -23.6891640574236 172.12815963246828
      vertex 321.91005443424916 -14.052330812287266 172.14036729215485
    endloop
  endfacet
  facet normal -8.9570483722753664e-05 0.0014087068037283395 0.99999900376063844
    outer loop
      vertex 304.20483851725714 -9.5801221171697541 172.132481388728
      vertex 304.20146933363259 -14.241505843850163 172.13904761646069
      vertex 321.91005443424916 -14.052330812287266 172.14036729215485
    endloop
  endfacet
  facet normal -8.9570483734938592e-05 0.0014087068037082402 0.99999900376063855
    outer loop
      vertex 321.91005443424916 -14.052330812287266 172.14036729215485
      vertex 304.21275048875225 1.362185038261452 172.11706757951302
      vertex 304.21210778022493 0.47337170127777561 172.11831960058765
    endloop
  endfacet
  facet normal -8.9570483723038727e-05 0.001408706803721902 0.99999900376063855
    outer loop
      vertex 304.22449708211411 17.610081529776323 172.09418008652588
      vertex 304.21275048875225 1.362185038261452 172.11706757951302
      vertex 321.91005443424916 -14.052330812287266 172.14036729215485
    endloop
  endfacet
  facet normal -8.9570483727710378e-05 0.0014087068037087166 0.99999900376063855
    outer loop
      vertex 321.91005443424916 -14.052330812287266 172.14036729215485
      vertex 304.20596936508082 -8.0155544860364714 172.13027747075611
      vertex 304.20483851725714 -9.5801221171697541 172.132481388728
    endloop
  endfacet
  facet normal -8.9570483722851052e-05 0.0014087068037229673 0.99999900376063855
    outer loop
      vertex 304.21210778022493 0.47337170127777561 172.11831960058765
      vertex 304.20596936508082 -8.0155544860364714 172.13027747075611
      vertex 321.91005443424916 -14.052330812287266 172.14036729215485
    endloop
  endfacet
  facet normal 0.0020532140340582582 0.00039325681828026958 0.99999781482821504
    outer loop
      vertex 304.2490504649943 61.040478092119983 172.0463393755069
      vertex 322.74187219084132 77 172.00209336691816
      vertex 304.25112423525263 71.30436433155883 172.04229876553757
    endloop
  endfacet
  facet normal 0.002053214034058021 0.00039325681828098255 0.99999781482821504
    outer loop
      vertex 304.24798937192469 55.788720568457073 172.04840684813001
      vertex 304.24593964564087 45.651202625127063 172.05239771342917
      vertex 322.74187219084132 77 172.00209336691816
    endloop
  endfacet
  facet normal 0.0020532140340152882 0.00039325681830619497 0.99999781482821504
    outer loop
      vertex 304.24580013598609 44.960204770841699 172.05266974008441
      vertex 322.74187219084132 77 172.00209336691816
      vertex 304.24593964564087 45.651202625127063 172.05239771342917
    endloop
  endfacet
  facet normal 0.0020532140340564927 0.00039325681828231526 0.99999781482821504
    outer loop
      vertex 322.74187219084132 77 172.00209336691816
      vertex 304.2490504649943 61.040478092119983 172.0463393755069
      vertex 304.24798937192469 55.788720568457073 172.04840684813001
    endloop
  endfacet
  facet normal 0.0020532140340579126 0.00039325681828246938 0.99999781482821504
    outer loop
      vertex 304.2518553950444 74.92315522497239 172.04087414700422
      vertex 322.74187219084132 77 172.00209336691816
      vertex 304.25227501182746 77 172.04005655028627
    endloop
  endfacet
  facet normal 0.0020532140340585947 0.00039325681827639779 0.99999781482821504
    outer loop
      vertex 304.2518553950444 74.92315522497239 172.04087414700422
      vertex 304.25134785793909 72.411158975550535 172.04186305090002
      vertex 322.74187219084132 77 172.00209336691816
    endloop
  endfacet
  facet normal 0.0020532140340550442 0.00039325681829070367 0.99999781482821504
    outer loop
      vertex 304.25112423525263 71.30436433155883 172.04229876553757
      vertex 322.74187219084132 77 172.00209336691816
      vertex 304.25134785793909 72.411158975550535 172.04186305090002
    endloop
  endfacet
  facet normal 0.0020567583279658013 -0.00029448639993838677 0.99999784150914073
    outer loop
      vertex 304.24981855746233 -297.36587937922695 172.0448427959937
      vertex 322.79322194436918 -312 172.00239385552533
      vertex 304.24888481890991 -291.19443644184992 172.04666212640831
    endloop
  endfacet
  facet normal 0.0020567583279692634 -0.00029448639993530053 0.99999784150914084
    outer loop
      vertex 304.24708738548247 -279.31449660004046 172.05016431156938
      vertex 304.24888481890991 -291.19443644184992 172.04666212640831
      vertex 322.79322194436918 -312 172.00239385552533
    endloop
  endfacet
  facet normal 0.00205675832798206 -0.00029448639991778389 0.99999784150914073
    outer loop
      vertex 322.79322194436918 -312 172.00239385552533
      vertex 304.24981855746233 -297.36587937922695 172.0448427959937
      vertex 304.25036323675488 -300.96587764899061 172.04378152289911
    endloop
  endfacet
  facet normal 0.0020567583279707292 -0.00029448639993248838 0.99999784150914073
    outer loop
      vertex 322.79322194436918 -312 172.00239385552533
      vertex 304.25091218924024 -304.59411911948393 172.04271192375901
      vertex 304.25138371628032 -307.71062556985953 172.04179318319382
    endloop
  endfacet
  facet normal 0.0020567583279700527 -0.00029448639993541286 0.99999784150914073
    outer loop
      vertex 304.25138371628032 -307.71062556985953 172.04179318319382
      vertex 304.25203206744152 -312 172.04052868452885
      vertex 322.79322194436918 -312 172.00239385552533
    endloop
  endfacet
  facet normal 0.0020567583279654609 -0.00029448639994567868 0.99999784150914073
    outer loop
      vertex 322.79322194436918 -312 172.00239385552533
      vertex 304.25036323675488 -300.96587764899061 172.04378152289911
      vertex 304.25091218924024 -304.59411911948393 172.04271192375901
    endloop
  endfacet
  facet normal -0.00060116227090309621 -0.0019614768827374198 0.99999789560396701
    outer loop
      vertex 304.18904541168729 -220.62142145225465 172.16325542039351
      vertex 323.69802995527766 -219.45182810151425 172.17727764567275
      vertex 304.18837284772252 -219.95322008959022 172.16456568035662
    endloop
  endfacet
  facet normal -0.00060116227090220749 -0.0019614768827522435 0.99999789560396701
    outer loop
      vertex 304.19412681463558 -225.67058910944161 172.15335462866935
      vertex 323.69802995527766 -219.45182810151425 172.17727764567275
      vertex 304.18904541168729 -220.62142145225465 172.16325542039351
    endloop
  endfacet
  facet normal -0.00060116227090743432 -0.0019614768827358503 0.99999789560396701
    outer loop
      vertex 304.1979942566154 -229.51349689682499 172.14581916298451
      vertex 323.69802995527766 -219.45182810151425 172.17727764567275
      vertex 304.19412681463558 -225.67058910944161 172.15335462866935
    endloop
  endfacet
  facet normal -0.0006011622709005865 -0.001961476882745658 0.99999789560396701
    outer loop
      vertex 304.20607805859674 -237.54601703475549 172.13006838695469
      vertex 304.22223702617265 -253.60247571138251 172.09858366234704
      vertex 323.69802995527766 -219.45182810151425 172.17727764567275
    endloop
  endfacet
  facet normal -0.00060116227089236586 -0.0019614768827503465 0.99999789560396701
    outer loop
      vertex 304.22271314648867 -254.07564256727676 172.09765584077059
      vertex 323.69802995527766 -219.45182810151425 172.17727764567275
      vertex 304.22223702617265 -253.60247571138251 172.09858366234704
    endloop
  endfacet
  facet normal -0.00060116227090876485 -0.0019614768827368482 0.99999789560396701
    outer loop
      vertex 323.69802995527766 -219.45182810151425 172.17727764567275
      vertex 304.2017307303874 -233.22626730953112 172.1385388805555
      vertex 304.20607805859674 -237.54601703475549 172.13006838695469
    endloop
  endfacet
  facet normal -0.0006011622709019231 -0.0019614768827465314 0.99999789560396701
    outer loop
      vertex 304.2017307303874 -233.22626730953112 172.1385388805555
      vertex 323.69802995527766 -219.45182810151425 172.17727764567275
      vertex 304.1979942566154 -229.51349689682499 172.14581916298451
    endloop
  endfacet
  facet normal -0.0033186836285169197 -0.0028025985475596412 0.99999056584567581
    outer loop
      vertex 304.15422917140313 -119.99213217588377 172.23109265888419
      vertex 331.35623993869115 -114.99584187745242 172.33537110639287
      vertex 304.14796533277098 -115.62997859092732 172.24329735162786
    endloop
  endfacet
  facet normal -0.0033186836285155506 -0.0028025985475670927 0.99999056584567581
    outer loop
      vertex 304.15650213669528 -121.57503114242905 172.226663930011
      vertex 331.35623993869115 -114.99584187745242 172.33537110639287
      vertex 304.15422917140313 -119.99213217588377 172.23109265888419
    endloop
  endfacet
  facet normal -0.0033186836285162475 -0.0028025985475642122 0.99999056584567581
    outer loop
      vertex 304.16220737980763 -125.54817734831047 172.21554762524912
      vertex 331.35623993869115 -114.99584187745242 172.33537110639287
      vertex 304.15650213669528 -121.57503114242905 172.226663930011
    endloop
  endfacet
  facet normal -0.00331868362851749 -0.0028025985475610099 0.99999056584567581
    outer loop
      vertex 304.16934083844114 -130.51593657373121 172.20164853302552
      vertex 331.35623993869115 -114.99584187745242 172.33537110639287
      vertex 304.16220737980763 -125.54817734831047 172.21554762524912
    endloop
  endfacet
  facet normal -0.0033186836285445729 -0.0028025985475448106 0.99999056584567581
    outer loop
      vertex 331.35623993869115 -114.99584187745242 172.33537110639287
      vertex 304.20523258777348 -155.51104456007675 172.13171573329086
      vertex 304.2086794560513 -157.91145263218937 172.12499972881994
    endloop
  endfacet
  facet normal -0.0033186836285089621 -0.0028025985475759476 0.99999056584567581
    outer loop
      vertex 304.16934083844114 -130.51593657373121 172.20164853302552
      vertex 304.17063818581323 -131.41941267241833 172.19912073386141
      vertex 331.35623993869115 -114.99584187745242 172.33537110639287
    endloop
  endfacet
  facet normal -0.0033186836285163442 -0.0028025985475637282 0.99999056584567581
    outer loop
      vertex 304.20523258777348 -155.51104456007675 172.13171573329086
      vertex 331.35623993869115 -114.99584187745242 172.33537110639287
      vertex 304.17063818581323 -131.41941267241833 172.19912073386141
    endloop
  endfacet
  facet normal -0.0034438239565869866 0.0025666427735726561 0.99999077616817489
    outer loop
      vertex 304.16880010134457 -99.785699879007666 172.20270212500105
      vertex 304.15349202861609 -111.42707568771092 172.23252893490479
      vertex 331.35623993869115 -114.99584187745242 172.33537110639287
    endloop
  endfacet
  facet normal -0.0034438239565874034 0.0025666427735694785 0.99999077616817489
    outer loop
      vertex 304.15349202861609 -111.42707568771092 172.23252893490479
      vertex 304.14796533277098 -115.62997859092732 172.24329735162786
      vertex 331.35623993869115 -114.99584187745242 172.33537110639287
    endloop
  endfacet
  facet normal -0.0034438239565850086 0.002566642773575292 0.99999077616817489
    outer loop
      vertex 331.35623993869115 -114.99584187745242 172.33537110639287
      vertex 304.19979444818688 -76.215336324076048 172.14231160375442
      vertex 304.18318442938283 -88.846806955102011 172.17467517310462
    endloop
  endfacet
  facet normal -0.0034438239565883939 0.0025666427735717748 0.99999077616817489
    outer loop
      vertex 304.18318442938283 -88.846806955102011 172.17467517310462
      vertex 304.17301644985929 -96.5792807255024 172.19448683703723
      vertex 331.35623993869115 -114.99584187745242 172.33537110639287
    endloop
  endfacet
  facet normal -0.0034438239565784492 0.0025666427735879164 0.99999077616817489
    outer loop
      vertex 331.35623993869115 -114.99584187745242 172.33537110639287
      vertex 304.17052912577788 -98.470823501883203 172.19933323043119
      vertex 304.16880010134457 -99.785699879007666 172.20270212500105
    endloop
  endfacet
  facet normal -0.0034438239565871042 0.0025666427735736774 0.99999077616817489
    outer loop
      vertex 304.17301644985929 -96.5792807255024 172.19448683703723
      vertex 304.17052912577788 -98.470823501883203 172.19933323043119
      vertex 331.35623993869115 -114.99584187745242 172.33537110639287
    endloop
  endfacet
  facet normal -0.00069735418072695962 0.0017814383064553142 0.99999817008567915
    outer loop
      vertex 304.20244277904249 -204.55818798777517 172.1371501419986
      vertex 323.69802995527766 -219.45182810151425 172.17727764567275
      vertex 304.20623905608585 -200.40531766848869 172.12975469354672
    endloop
  endfacet
  facet normal -0.00069735418072130269 0.0017814383064611032 0.99999817008567915
    outer loop
      vertex 304.22230849711826 -182.82321196644097 172.09844440573758
      vertex 304.20623905608585 -200.40531766848869 172.12975469354672
      vertex 323.69802995527766 -219.45182810151425 172.17727764567275
    endloop
  endfacet
  facet normal -0.00069735418072336723 0.0017814383064618446 0.99999817008567915
    outer loop
      vertex 323.69802995527766 -219.45182810151425 172.17727764567275
      vertex 304.19298769333619 -214.90317254575592 172.15557253393777
      vertex 304.18837284772252 -219.95322008959022 172.16456568035662
    endloop
  endfacet
  facet normal -0.00069735418072364858 0.0017814383064596482 0.99999817008567915
    outer loop
      vertex 323.69802995527766 -219.45182810151425 172.17727764567275
      vertex 304.20244277904249 -204.55818798777517 172.1371501419986
      vertex 304.19771459259289 -209.73050416644674 172.14636102380695
    endloop
  endfacet
  facet normal -0.00069735418072408236 0.0017814383064587783 0.99999817008567915
    outer loop
      vertex 304.19771459259289 -209.73050416644674 172.14636102380695
      vertex 304.19298769333619 -214.90317254575592 172.15557253393777
      vertex 323.69802995527766 -219.45182810151425 172.17727764567275
    endloop
  endfacet
endsolid OBJECT
