solid OBJECT
  facet normal -0.081702508685916123 0.018682286669300437 0.99648164671469697
    outer loop
      vertex 349.12628233608717 -267.08583616790412 321.31942803953604
      vertex 322.79276798764982 -312 320.00237929620226
      vertex 374.50543171875461 -312 324.24235137355265
    endloop
  endfacet
  facet normal 0.004226157137759359 -0.00040844177896631154 0.99999098634495687
    outer loop
      vertex 298.43041531614324 -175.57568670132946 320.05735172308817
      vertex 244.95939486570137 -182.94618580486028 320.28032024782374
      vertex 272.27292386733075 -223.70489727827839 320.14824023112982
    endloop
  endfacet
  facet normal 0.0063669025899163725 0.0022585692269662823 0.99997718044786277
    outer loop
      vertex 294.12517809424344 -57.220383653802912 320.09377389486815
      vertex 269.93771555876361 -8.3242133176976836 320.137338721221
      vertex 240.5607629908238 -49.794461623140364 320.4180487489441
    endloop
  endfacet
  facet normal -0.20761059318738992 -0.0051579524427485986 0.97819795395562881
    outer loop
      vertex 451.88441408177243 -267.83964588545746 339.66817057477607
      vertex 400.56650450352663 -267.91668487964682 328.77616352338123
      vertex 425.54188940767284 -312 333.84443708915131
    endloop
  endfacet
  facet normal -0.24695058756107047 -0 0.96902807353721288
    outer loop
      vertex 530.51147933421078 -42.107582615581663 358.55269266056143
      vertex 577 -67 370.39999389648455
      vertex 577 -17.999999999999972 370.39999389648455
    endloop
  endfacet
  facet normal -0.22903304425757384 -0.0027993173809726397 0.97341462309763394
    outer loop
      vertex 496.11139191728142 -275.26172672972643 350.05291554593788
      vertex 451.88441408177243 -267.83964588545746 339.66817057477607
      vertex 476.20934533688552 -312 345.26454654923646
    endloop
  endfacet
  facet normal -0.23700091991026448 -0.0015227611895908763 0.97150823216277882
    outer loop
      vertex 500.42391534107236 39.672256511718615 351.10862512791857
      vertex 526.65891307913796 80 357.57190347444822
      vertex 476.18936205545845 80 345.25977926996086
    endloop
  endfacet
  facet normal -0.2469320901770706 -0.0012536137746540187 0.9690319764039198
    outer loop
      vertex 543.17822191142477 46.813747768216444 361.73847879252344
      vertex 577 80 370.39999389648455
      vertex 526.65891307913796 80 357.57190347444822
    endloop
  endfacet
  facet normal -0.18722549885707745 0.010662820273656287 0.98225908844944287
    outer loop
      vertex 400.32687323967718 -49.864829613532123 328.73474092566096
      vertex 377.60844537870548 -87.006770472425785 324.80763941559502
      vertex 433.55592614212429 -96.303402468618998 335.57254191046036
    endloop
  endfacet
  facet normal -0.022381204302345543 0.014750944456198978 0.9996406811107813
    outer loop
      vertex 296.62141055754552 35.585978352451832 320.07265584657137
      vertex 348.3352984277571 35.474301800997239 321.23213889503177
      vertex 322.74140871180703 80 320.00207873555024
    endloop
  endfacet
  facet normal -0.22959695568518568 0.0031836266136269185 0.97328058773494486
    outer loop
      vertex 451.70891620395878 35.942304517320508 339.62895434803289
      vertex 500.42391534107236 39.672256511718615 351.10862512791857
      vertex 476.18936205545845 80 345.25977926996086
    endloop
  endfacet
  facet normal -0.24711374704187683 0.00033510266621459254 0.96898642081771535
    outer loop
      vertex 535.15332812160386 5.0721721344917157 359.72015441352568
      vertex 530.51147933421078 -42.107582615581663 358.55269266056143
      vertex 577 -17.999999999999972 370.39999389648455
    endloop
  endfacet
  facet normal -0.21987675356989833 0.0025116316428356708 0.97552442560196972
    outer loop
      vertex 451.88441408177243 -267.83964588545746 339.66817057477607
      vertex 425.54188940767284 -312 333.84443708915131
      vertex 476.20934533688552 -312 345.26454654923646
    endloop
  endfacet
  facet normal -0.24153301001798591 0.0016045788298926658 0.97039127695916072
    outer loop
      vertex 543.17822191142477 46.813747768216444 361.73847879252344
      vertex 526.65891307913796 80 357.57190347444822
      vertex 500.42391534107236 39.672256511718615 351.10862512791857
    endloop
  endfacet
  facet normal -0.24708081254668013 -0 0.96899487721621735
    outer loop
      vertex 532.42408750179925 -142.64138981975549 359.03372877059826
      vertex 577 -165 370.39999389648455
      vertex 577 -115.99999999999997 370.39999389648455
    endloop
  endfacet
  facet normal -0.23700387704637241 0.001767305132192512 0.97150709667894741
    outer loop
      vertex 496.11139191728142 -275.26172672972643 350.05291554593788
      vertex 476.20934533688552 -312 345.26454654923646
      vertex 526.66887840559878 -312 357.57439483764972
    endloop
  endfacet
  facet normal -0.24765336632992274 0 0.96884870343385243
    outer loop
      vertex 539.25371507595105 -258.91536304428229 360.75143422482745
      vertex 577 -263 370.39999389648455
      vertex 577 -214 370.39999389648455
    endloop
  endfacet
  facet normal -0.24808681262686774 -0 0.96873780425904799
    outer loop
      vertex 543.17822191142477 46.813747768216444 361.73847879252344
      vertex 577 30.999999999999989 370.39999389648455
      vertex 577 80 370.39999389648455
    endloop
  endfacet
  facet normal -0.23854670754301008 0.0001226895123654768 0.9711310175602843
    outer loop
      vertex 484.73310474635633 -68.110089834268962 347.31106809882237
      vertex 531.59026064156001 -92.230259871266895 358.82401470783782
      vertex 530.51147933421078 -42.107582615581663 358.55269266056143
    endloop
  endfacet
  facet normal -0.080816399229571748 -0.019836182127412984 0.9965316028577188
    outer loop
      vertex 374.53422365948006 -222.05859693221345 324.27623025164542
      vertex 323.8409968816884 -221.30038439667601 320.18021964861208
      vertex 349.12628233608717 -267.08583616790412 321.31942803953604
    endloop
  endfacet
  facet normal -0.24028832352346424 -0.0011296243903995236 0.97070090425785616
    outer loop
      vertex 496.11139191728142 -275.26172672972643 350.05291554593788
      vertex 526.66887840559878 -312 357.57439483764972
      vertex 539.25371507595105 -258.91536304428229 360.75143422482745
    endloop
  endfacet
  facet normal -0.24733132825879894 -0.00028829842078128686 0.96893092165838046
    outer loop
      vertex 534.34911817248985 -197.03300430716951 359.51788923860363
      vertex 539.25371507595105 -258.91536304428229 360.75143422482745
      vertex 577 -214 370.39999389648455
    endloop
  endfacet
  facet normal -0.077535021741032689 0.021395838799571285 0.99676002050929013
    outer loop
      vertex 373.86502324244316 -8.4350671009699738 324.16055244223168
      vertex 348.3352984277571 35.474301800997239 321.23213889503177
      vertex 321.66357228292452 -10.080179748326401 320.13526853487781
    endloop
  endfacet
  facet normal 8.8209653891178111e-05 0.0014194665830998001 0.99999898866632686
    outer loop
      vertex 269.93771555876361 -8.3242133176976836 320.137338721221
      vertex 321.66357228292452 -10.080179748326401 320.13526853487781
      vertex 296.62141055754552 35.585978352451832 320.07265584657137
    endloop
  endfacet
  facet normal -0.24704982863950087 -5.5211498784124941e-05 0.96900277560019588
    outer loop
      vertex 531.59026064156001 -92.230259871266895 358.82401470783782
      vertex 532.42408750179925 -142.64138981975549 359.03372877059826
      vertex 577 -115.99999999999997 370.39999389648455
    endloop
  endfacet
  facet normal 9.9431229328467885e-06 -0.00088604710836324735 0.99999960741075089
    outer loop
      vertex 294.12517809424344 -57.220383653802912 320.09377389486815
      vertex 321.66357228292452 -10.080179748326401 320.13526853487781
      vertex 269.93771555876361 -8.3242133176976836 320.137338721221
    endloop
  endfacet
  facet normal -0.081565365262784489 -0.019356116235565612 0.99648002085030485
    outer loop
      vertex 348.3352984277571 35.474301800997239 321.23213889503177
      vertex 374.4648653754063 80 324.23582406625974
      vertex 322.74140871180703 80 320.00207873555024
    endloop
  endfacet
  facet normal -0.18489144584938755 0.0082339849417657276 0.98272445514686446
    outer loop
      vertex 400.56650450352663 -267.91668487964682 328.77616352338123
      vertex 374.50543171875461 -312 324.24235137355265
      vertex 425.54188940767284 -312 333.84443708915131
    endloop
  endfacet
  facet normal -0.14370543325418794 -0.016808819260894066 0.98947774712131897
    outer loop
      vertex 400.56650450352663 -267.91668487964682 328.77616352338123
      vertex 349.12628233608717 -267.08583616790412 321.31942803953604
      vertex 374.50543171875461 -312 324.24235137355265
    endloop
  endfacet
  facet normal -0.024484953341216528 0.011350426658270086 0.99963576110228958
    outer loop
      vertex 323.8409968816884 -221.30038439667601 320.18021964861208
      vertex 297.69193424180537 -267.43791501947834 320.06359924980029
      vertex 349.12628233608717 -267.08583616790412 321.31942803953604
    endloop
  endfacet
  facet normal -0.022437741427412148 -0.010933618872496262 0.99968845333833256
    outer loop
      vertex 321.66357228292452 -10.080179748326401 320.13526853487781
      vertex 348.3352984277571 35.474301800997239 321.23213889503177
      vertex 296.62141055754552 35.585978352451832 320.07265584657137
    endloop
  endfacet
  facet normal -0.024303061386984126 -0.015062626173134487 0.9995911556731526
    outer loop
      vertex 297.69193424180537 -267.43791501947834 320.06359924980029
      vertex 322.79276798764982 -312 320.00237929620226
      vertex 349.12628233608717 -267.08583616790412 321.31942803953604
    endloop
  endfacet
  facet normal -0.20726320202708709 -0.004771147021523898 0.97827358200126091
    outer loop
      vertex 425.87422579166468 -6.5820311262200164 333.94805831053634
      vertex 451.70891620395878 35.942304517320508 339.62895434803289
      vertex 400.101492008668 36.086065640656557 328.69578158489787
    endloop
  endfacet
  facet normal -0.23875307433190662 9.0663906207691429e-05 0.97108030629661068
    outer loop
      vertex 485.24652933125208 -117.84921364847335 347.4321807470464
      vertex 532.42408750179925 -142.64138981975549 359.03372877059826
      vertex 531.59026064156001 -92.230259871266895 358.82401470783782
    endloop
  endfacet
  facet normal 0.0020534820812030622 0.00038141128147735202 0.99999781886600947
    outer loop
      vertex 296.62141055754552 35.585978352451832 320.07265584657137
      vertex 322.74140871180703 80 320.00207873555024
      vertex 270.79304506826293 80 320.10875400211313
    endloop
  endfacet
  facet normal 0.0036176085253459417 0.0012910117979531809 0.99999262307133796
    outer loop
      vertex 296.62141055754552 35.585978352451832 320.07265584657137
      vertex 270.79304506826293 80 320.10875400211313
      vertex 245.77056406061698 36.898483534065349 320.25492118726379
    endloop
  endfacet
  facet normal 0.0020570280028490355 -0.00021513142289864356 0.9999978611748459
    outer loop
      vertex 297.69193424180537 -267.43791501947834 320.06359924980029
      vertex 270.854675510731 -312 320.10921763535038
      vertex 322.79276798764982 -312 320.00237929620226
    endloop
  endfacet
  facet normal 0.0030876351822798705 -0.00083581170194600392 0.99999488395080294
    outer loop
      vertex 297.69193424180537 -267.43791501947834 320.06359924980029
      vertex 246.91247016789376 -268.90032958474893 320.21916620229365
      vertex 270.854675510731 -312 320.10921763535038
    endloop
  endfacet
  facet normal -0.24693311591560266 0.00054552351760578269 0.96903237235311346
    outer loop
      vertex 539.25371507595105 -258.91536304428229 360.75143422482745
      vertex 526.66887840559878 -312 357.57439483764972
      vertex 577 -312 370.39999389648455
    endloop
  endfacet
  facet normal -0.24765336632992274 0 0.96884870343385243
    outer loop
      vertex 539.25371507595105 -258.91536304428229 360.75143422482745
      vertex 577 -312 370.39999389648455
      vertex 577 -263 370.39999389648455
    endloop
  endfacet
  facet normal -0.23865426708323736 -9.887425919342508e-05 0.97110459324773224
    outer loop
      vertex 485.24652933125208 -117.84921364847335 347.4321807470464
      vertex 531.59026064156001 -92.230259871266895 358.82401470783782
      vertex 484.73310474635633 -68.110089834268962 347.31106809882237
    endloop
  endfacet
  facet normal -0.2397621086140328 0.00015606995501203953 0.97083165735111965
    outer loop
      vertex 489.37201673379371 -167.55390243451905 348.4053493860942
      vertex 534.34911817248985 -197.03300430716951 359.51788923860363
      vertex 532.42408750179925 -142.64138981975549 359.03372877059826
    endloop
  endfacet
  facet normal -0.18485762745905476 -0.00811094975752924 0.98273184036350425
    outer loop
      vertex 400.101492008668 36.086065640656557 328.69578158489787
      vertex 425.51174426740198 80 333.83804161288322
      vertex 374.4648653754063 80 324.23582406625974
    endloop
  endfacet
  facet normal -0.14288125771349058 0.017091294101178458 0.98959225636630677
    outer loop
      vertex 400.101492008668 36.086065640656557 328.69578158489787
      vertex 374.4648653754063 80 324.23582406625974
      vertex 348.3352984277571 35.474301800997239 321.23213889503177
    endloop
  endfacet
  facet normal -0.21986462258066808 -0.0025112221647878782 0.97552716082162449
    outer loop
      vertex 451.70891620395878 35.942304517320508 339.62895434803289
      vertex 476.18936205545845 80 345.25977926996086
      vertex 425.51174426740198 80 333.83804161288322
    endloop
  endfacet
  facet normal -0.2072355759301919 0.005359499145413409 0.97827638826550034
    outer loop
      vertex 451.70891620395878 35.942304517320508 339.62895434803289
      vertex 425.51174426740198 80 333.83804161288322
      vertex 400.101492008668 36.086065640656557 328.69578158489787
    endloop
  endfacet
  facet normal -0.2472236614349124 -0 0.96895844143426291
    outer loop
      vertex 534.34911817248985 -197.03300430716951 359.51788923860363
      vertex 577 -214 370.39999389648455
      vertex 577 -165 370.39999389648455
    endloop
  endfacet
  facet normal -0.24713801270599409 -0.0001214581942306335 0.96898028252572754
    outer loop
      vertex 534.34911817248985 -197.03300430716951 359.51788923860363
      vertex 577 -165 370.39999389648455
      vertex 532.42408750179925 -142.64138981975549 359.03372877059826
    endloop
  endfacet
  facet normal -0.00051591257708285534 -0.0022352618413560266 0.99999736871589484
    outer loop
      vertex 272.27292386733075 -223.70489727827839 320.14824023112982
      vertex 297.69193424180537 -267.43791501947834 320.06359924980029
      vertex 323.8409968816884 -221.30038439667601 320.18021964861208
    endloop
  endfacet
  facet normal -0.23921632795874367 -0.00084439429630371924 0.97096592908103996
    outer loop
      vertex 489.37201673379371 -167.55390243451905 348.4053493860942
      vertex 532.42408750179925 -142.64138981975549 359.03372877059826
      vertex 485.24652933125208 -117.84921364847335 347.4321807470464
    endloop
  endfacet
  facet normal -0.22838631329005563 0.0012715087208569056 0.97356975875760909
    outer loop
      vertex 488.85137517896931 -223.74719862590393 348.28253431386105
      vertex 451.88441408177243 -267.83964588545746 339.66817057477607
      vertex 496.11139191728142 -275.26172672972643 350.05291554593788
    endloop
  endfacet
  facet normal -0.241193494902017 -0.0005554409938404543 0.97047688767031082
    outer loop
      vertex 535.15332812160386 5.0721721344917157 359.72015441352568
      vertex 543.17822191142477 46.813747768216444 361.73847879252344
      vertex 500.42391534107236 39.672256511718615 351.10862512791857
    endloop
  endfacet
  facet normal -0.23814343696379692 -0.00060296689081919741 0.97122980795587133
    outer loop
      vertex 535.15332812160386 5.0721721344917157 359.72015441352568
      vertex 480.85929004408979 -11.208263713551787 346.39726698543012
      vertex 530.51147933421078 -42.107582615581663 358.55269266056143
    endloop
  endfacet
  facet normal -0.24702269215215164 0 0.96900969528787662
    outer loop
      vertex 531.59026064156001 -92.230259871266895 358.82401470783782
      vertex 577 -115.99999999999997 370.39999389648455
      vertex 577 -67 370.39999389648455
    endloop
  endfacet
  facet normal -0.24698597359349966 -7.0379687179345692e-05 0.96901905238997788
    outer loop
      vertex 531.59026064156001 -92.230259871266895 358.82401470783782
      vertex 577 -67 370.39999389648455
      vertex 530.51147933421078 -42.107582615581663 358.55269266056143
    endloop
  endfacet
  facet normal -0.23979677795050075 9.9948896081044123e-05 0.97082310195770294
    outer loop
      vertex 489.37201673379371 -167.55390243451905 348.4053493860942
      vertex 488.85137517896931 -223.74719862590393 348.28253431386105
      vertex 534.34911817248985 -197.03300430716951 359.51788923860363
    endloop
  endfacet
  facet normal -0.22922237666289166 -0.0019900427410425841 0.97337204694140689
    outer loop
      vertex 480.85929004408979 -11.208263713551787 346.39726698543012
      vertex 500.42391534107236 39.672256511718615 351.10862512791857
      vertex 451.70891620395878 35.942304517320508 339.62895434803289
    endloop
  endfacet
  facet normal -0.22052608244049063 0.0036737521946682964 0.97537415923750115
    outer loop
      vertex 480.85929004408979 -11.208263713551787 346.39726698543012
      vertex 451.70891620395878 35.942304517320508 339.62895434803289
      vertex 425.87422579166468 -6.5820311262200164 333.94805831053634
    endloop
  endfacet
  facet normal -0.22359889708516328 6.5241515413615061e-05 0.97468124480049545
    outer loop
      vertex 433.55592614212429 -96.303402468618998 335.57254191046036
      vertex 485.24652933125208 -117.84921364847335 347.4321807470464
      vertex 484.73310474635633 -68.110089834268962 347.31106809882237
    endloop
  endfacet
  facet normal -0.23885952032349228 0.0019304491510513122 0.97105221431028421
    outer loop
      vertex 535.15332812160386 5.0721721344917157 359.72015441352568
      vertex 500.42391534107236 39.672256511718615 351.10862512791857
      vertex 480.85929004408979 -11.208263713551787 346.39726698543012
    endloop
  endfacet
  facet normal -0.2381510056688694 -0.00061586231797854465 0.97122794400311141
    outer loop
      vertex 480.85929004408979 -11.208263713551787 346.39726698543012
      vertex 484.73310474635633 -68.110089834268962 347.31106809882237
      vertex 530.51147933421078 -42.107582615581663 358.55269266056143
    endloop
  endfacet
  facet normal -0.14319161701653033 0.015818106728801847 0.98956856675811378
    outer loop
      vertex 374.53422365948006 -222.05859693221345 324.27623025164542
      vertex 349.12628233608717 -267.08583616790412 321.31942803953604
      vertex 400.56650450352663 -267.91668487964682 328.77616352338123
    endloop
  endfacet
  facet normal -0.096694819109124308 0.023643951422708614 0.9950332032241811
    outer loop
      vertex 377.60844537870548 -87.006770472425785 324.80763941559502
      vertex 346.53492073870001 -55.252897653731651 321.03345795271753
      vertex 322.89669758659676 -115.19617011019082 320.16072537770276
    endloop
  endfacet
  facet normal -0.24728722563245745 -0 0.96894222120774665
    outer loop
      vertex 535.15332812160386 5.0721721344917157 359.72015441352568
      vertex 577 -17.999999999999972 370.39999389648455
      vertex 577 30.999999999999989 370.39999389648455
    endloop
  endfacet
  facet normal -0.24774291322071879 0.00078354625294718998 0.96882549254454542
    outer loop
      vertex 535.15332812160386 5.0721721344917157 359.72015441352568
      vertex 577 30.999999999999989 370.39999389648455
      vertex 543.17822191142477 46.813747768216444 361.73847879252344
    endloop
  endfacet
  facet normal -0.018293859866646198 0.0098068694165133093 0.99978455679382594
    outer loop
      vertex 346.53492073870001 -55.252897653731651 321.03345795271753
      vertex 321.66357228292452 -10.080179748326401 320.13526853487781
      vertex 294.12517809424344 -57.220383653802912 320.09377389486815
    endloop
  endfacet
  facet normal -0.20567646860885616 -0.0030762835607773967 0.97861520872099872
    outer loop
      vertex 400.32687323967718 -49.864829613532123 328.73474092566096
      vertex 433.55592614212429 -96.303402468618998 335.57254191046036
      vertex 445.32213706231232 -46.57342229935719 338.20178393379507
    endloop
  endfacet
  facet normal -0.23992717583368781 0.00033560580263438717 0.97079083105745079
    outer loop
      vertex 488.85137517896931 -223.74719862590393 348.28253431386105
      vertex 539.25371507595105 -258.91536304428229 360.75143422482745
      vertex 534.34911817248985 -197.03300430716951 359.51788923860363
    endloop
  endfacet
  facet normal -0.2405003084571409 -0.00053611370880106142 0.97064891398183273
    outer loop
      vertex 488.85137517896931 -223.74719862590393 348.28253431386105
      vertex 496.11139191728142 -275.26172672972643 350.05291554593788
      vertex 539.25371507595105 -258.91536304428229 360.75143422482745
    endloop
  endfacet
  facet normal -0.14248898808425067 -0.016843585809728653 0.9896530613764587
    outer loop
      vertex 373.86502324244316 -8.4350671009699738 324.16055244223168
      vertex 400.101492008668 36.086065640656557 328.69578158489787
      vertex 348.3352984277571 35.474301800997239 321.23213889503177
    endloop
  endfacet
  facet normal -0.18524600264347743 0.0090666257332717298 0.98265035226291231
    outer loop
      vertex 373.86502324244316 -8.4350671009699738 324.16055244223168
      vertex 425.87422579166468 -6.5820311262200164 333.94805831053634
      vertex 400.101492008668 36.086065640656557 328.69578158489787
    endloop
  endfacet
  facet normal 0.0030679489683664439 -0.00015220434589475465 0.99999528225035372
    outer loop
      vertex 272.27292386733075 -223.70489727827839 320.14824023112982
      vertex 246.91247016789376 -268.90032958474893 320.21916620229365
      vertex 297.69193424180537 -267.43791501947834 320.06359924980029
    endloop
  endfacet
  facet normal -0.22276350291408889 -0.0036957884017370349 0.97486551016924083
    outer loop
      vertex 428.6114198102195 -225.3031506688267 334.51138967616191
      vertex 451.88441408177243 -267.83964588545746 339.66817057477607
      vertex 488.85137517896931 -223.74719862590393 348.28253431386105
    endloop
  endfacet
  facet normal 0.00030448229704704616 -0.0018354407550846843 0.99999826922238477
    outer loop
      vertex 268.00413056956597 -141.96195762581181 320.12831211925067
      vertex 298.43041531614324 -175.57568670132946 320.05735172308817
      vertex 322.89669758659676 -115.19617011019082 320.16072537770276
    endloop
  endfacet
  facet normal -0.20762534783473952 0.0049904751936441149 0.97819569110369986
    outer loop
      vertex 428.6114198102195 -225.3031506688267 334.51138967616191
      vertex 400.56650450352663 -267.91668487964682 328.77616352338123
      vertex 451.88441408177243 -267.83964588545746 339.66817057477607
    endloop
  endfacet
  facet normal -0.18650817056580049 -0.0094740944098353052 0.98240772790492226
    outer loop
      vertex 428.6114198102195 -225.3031506688267 334.51138967616191
      vertex 374.53422365948006 -222.05859693221345 324.27623025164542
      vertex 400.56650450352663 -267.91668487964682 328.77616352338123
    endloop
  endfacet
  facet normal -0.20819423282307706 -0.0041977099149059678 0.97807849411521197
    outer loop
      vertex 448.6231823284873 -186.08340331226123 338.9394255580724
      vertex 401.52985717059596 -179.65964109467973 328.94268841395581
      vertex 428.6114198102195 -225.3031506688267 334.51138967616191
    endloop
  endfacet
  facet normal 0.0035663717858093686 -0.00069417891639764477 0.99999339953217559
    outer loop
      vertex 269.93771555876361 -8.3242133176976836 320.137338721221
      vertex 296.62141055754552 35.585978352451832 320.07265584657137
      vertex 245.77056406061698 36.898483534065349 320.25492118726379
    endloop
  endfacet
  facet normal -0.2250285604117514 0.00032767137700123993 0.9743521127551803
    outer loop
      vertex 445.32213706231232 -46.57342229935719 338.20178393379507
      vertex 484.73310474635633 -68.110089834268962 347.31106809882237
      vertex 480.85929004408979 -11.208263713551787 346.39726698543012
    endloop
  endfacet
  facet normal -0.22112420891642587 -0.0038010200323441668 0.97523824600853237
    outer loop
      vertex 445.32213706231232 -46.57342229935719 338.20178393379507
      vertex 480.85929004408979 -11.208263713551787 346.39726698543012
      vertex 425.87422579166468 -6.5820311262200164 333.94805831053634
    endloop
  endfacet
  facet normal -0.076170610383987064 -0.022117468213227628 0.99684946492114224
    outer loop
      vertex 346.53492073870001 -55.252897653731651 321.03345795271753
      vertex 373.86502324244316 -8.4350671009699738 324.16055244223168
      vertex 321.66357228292452 -10.080179748326401 320.13526853487781
    endloop
  endfacet
  facet normal -0.22438491447583575 0.0015677792300296564 0.9744993341321263
    outer loop
      vertex 445.32213706231232 -46.57342229935719 338.20178393379507
      vertex 433.55592614212429 -96.303402468618998 335.57254191046036
      vertex 484.73310474635633 -68.110089834268962 347.31106809882237
    endloop
  endfacet
  facet normal -0.080263633738577214 0.017590247238139459 0.99661844870601357
    outer loop
      vertex 350.81750262942552 -173.32649753174752 321.50606290153399
      vertex 323.8409968816884 -221.30038439667601 320.18021964861208
      vertex 374.53422365948006 -222.05859693221345 324.27623025164542
    endloop
  endfacet
  facet normal -0.017640951536623001 -0.0076000323163897422 0.99981550114892315
    outer loop
      vertex 322.89669758659676 -115.19617011019082 320.16072537770276
      vertex 346.53492073870001 -55.252897653731651 321.03345795271753
      vertex 294.12517809424344 -57.220383653802912 320.09377389486815
    endloop
  endfacet
  facet normal -0.20615933104696182 0.0038245424862729995 0.97851096217520228
    outer loop
      vertex 400.32687323967718 -49.864829613532123 328.73474092566096
      vertex 445.32213706231232 -46.57342229935719 338.20178393379507
      vertex 425.87422579166468 -6.5820311262200164 333.94805831053634
    endloop
  endfacet
  facet normal -0.18538585734530352 0.0098887338001011019 0.98261604751814302
    outer loop
      vertex 401.52985717059596 -179.65964109467973 328.94268841395581
      vertex 374.53422365948006 -222.05859693221345 324.27623025164542
      vertex 428.6114198102195 -225.3031506688267 334.51138967616191
    endloop
  endfacet
  facet normal -0.14694393762996102 -0.01529298359017825 0.98902659410488691
    outer loop
      vertex 401.52985717059596 -179.65964109467973 328.94268841395581
      vertex 350.81750262942552 -173.32649753174752 321.50606290153399
      vertex 374.53422365948006 -222.05859693221345 324.27623025164542
    endloop
  endfacet
  facet normal -0.18460971536818332 -0.0094075757282868697 0.98276688513125776
    outer loop
      vertex 400.32687323967718 -49.864829613532123 328.73474092566096
      vertex 425.87422579166468 -6.5820311262200164 333.94805831053634
      vertex 373.86502324244316 -8.4350671009699738 324.16055244223168
    endloop
  endfacet
  facet normal -0.14343173825647718 0.01763718214181928 0.98950304004930778
    outer loop
      vertex 400.32687323967718 -49.864829613532123 328.73474092566096
      vertex 373.86502324244316 -8.4350671009699738 324.16055244223168
      vertex 346.53492073870001 -55.252897653731651 321.03345795271753
    endloop
  endfacet
  facet normal -0.1044821865034318 -0.027176041868551666 0.99415538798108471
    outer loop
      vertex 322.89669758659676 -115.19617011019082 320.16072537770276
      vertex 350.81750262942552 -173.32649753174752 321.50606290153399
      vertex 386.74284105549543 -132.90622714359102 326.38660866801791
    endloop
  endfacet
  facet normal -0.02805642880398607 0.0096573871652636933 0.99955968890102143
    outer loop
      vertex 322.89669758659676 -115.19617011019082 320.16072537770276
      vertex 298.43041531614324 -175.57568670132946 320.05735172308817
      vertex 350.81750262942552 -173.32649753174752 321.50606290153399
    endloop
  endfacet
  facet normal -0.00087655644028204901 0.00071981048661497356 0.99999935676062834
    outer loop
      vertex 260.58698558624388 -97.940413123501031 320.09368648040117
      vertex 322.89669758659676 -115.19617011019082 320.16072537770276
      vertex 294.12517809424344 -57.220383653802912 320.09377389486815
    endloop
  endfacet
  facet normal 0.0039660054832610456 0.0014788913049012787 0.99999104180038278
    outer loop
      vertex 268.00413056956597 -141.96195762581181 320.12831211925067
      vertex 244.95939486570137 -182.94618580486028 320.28032024782374
      vertex 298.43041531614324 -175.57568670132946 320.05735172308817
    endloop
  endfacet
  facet normal -0.092698968697448189 0.015800262820621924 0.99556880872053666
    outer loop
      vertex 377.60844537870548 -87.006770472425785 324.80763941559502
      vertex 322.89669758659676 -115.19617011019082 320.16072537770276
      vertex 386.74284105549543 -132.90622714359102 326.38660866801791
    endloop
  endfacet
  facet normal -0.14404181728400639 0.0085422855171222046 0.98953473119020174
    outer loop
      vertex 386.74284105549543 -132.90622714359102 326.38660866801791
      vertex 350.81750262942552 -173.32649753174752 321.50606290153399
      vertex 401.52985717059596 -179.65964109467973 328.94268841395581
    endloop
  endfacet
  facet normal -0.22294495050697694 0.0036962407082998948 0.97482402865751516
    outer loop
      vertex 448.6231823284873 -186.08340331226123 338.9394255580724
      vertex 428.6114198102195 -225.3031506688267 334.51138967616191
      vertex 488.85137517896931 -223.74719862590393 348.28253431386105
    endloop
  endfacet
  facet normal -0.20738998297478459 0.0019751238988144951 0.97825635384969667
    outer loop
      vertex 448.6231823284873 -186.08340331226123 338.9394255580724
      vertex 440.96232926044996 -142.61037071122962 337.22755442490097
      vertex 401.52985717059596 -179.65964109467973 328.94268841395581
    endloop
  endfacet
  facet normal -0.00072660459096883176 0.0022833202369290776 0.99999712924311135
    outer loop
      vertex 298.43041531614324 -175.57568670132946 320.05735172308817
      vertex 272.27292386733075 -223.70489727827839 320.14824023112982
      vertex 323.8409968816884 -221.30038439667601 320.18021964861208
    endloop
  endfacet
  facet normal -0.027110166933630733 -0.012380000097720481 0.99955578856130445
    outer loop
      vertex 298.43041531614324 -175.57568670132946 320.05735172308817
      vertex 323.8409968816884 -221.30038439667601 320.18021964861208
      vertex 350.81750262942552 -173.32649753174752 321.50606290153399
    endloop
  endfacet
  facet normal -0.19540995328270996 0.0037966111140173538 0.98071429881596917
    outer loop
      vertex 440.96232926044996 -142.61037071122962 337.22755442490097
      vertex 433.55592614212429 -96.303402468618998 335.57254191046036
      vertex 386.74284105549543 -132.90622714359102 326.38660866801791
    endloop
  endfacet
  facet normal -0.22566764698581421 -0.001405379726480857 0.97420333504444057
    outer loop
      vertex 448.6231823284873 -186.08340331226123 338.9394255580724
      vertex 489.37201673379371 -167.55390243451905 348.4053493860942
      vertex 440.96232926044996 -142.61037071122962 337.22755442490097
    endloop
  endfacet
  facet normal 0.0054331017772760786 -0.0044770062300230869 0.99997521860308825
    outer loop
      vertex 260.58698558624388 -97.940413123501031 320.09368648040117
      vertex 294.12517809424344 -57.220383653802912 320.09377389486815
      vertex 240.5607629908238 -49.794461623140364 320.4180487489441
    endloop
  endfacet
  facet normal -0.00090006867587733388 0.00063490907229758558 0.9999993933832404
    outer loop
      vertex 268.00413056956597 -141.96195762581181 320.12831211925067
      vertex 322.89669758659676 -115.19617011019082 320.16072537770276
      vertex 260.58698558624388 -97.940413123501031 320.09368648040117
    endloop
  endfacet
  facet normal -0.22477410379325816 0.00042175713414419205 0.97441080884032538
    outer loop
      vertex 440.96232926044996 -142.61037071122962 337.22755442490097
      vertex 489.37201673379371 -167.55390243451905 348.4053493860942
      vertex 485.24652933125208 -117.84921364847335 347.4321807470464
    endloop
  endfacet
  facet normal -0.19758868803932697 -0.0089012482275211222 0.98024460117813939
    outer loop
      vertex 440.96232926044996 -142.61037071122962 337.22755442490097
      vertex 386.74284105549543 -132.90622714359102 326.38660866801791
      vertex 401.52985717059596 -179.65964109467973 328.94268841395581
    endloop
  endfacet
  facet normal -0.22626020745691852 -3.2559577108376412e-05 0.97406689578356287
    outer loop
      vertex 448.6231823284873 -186.08340331226123 338.9394255580724
      vertex 488.85137517896931 -223.74719862590393 348.28253431386105
      vertex 489.37201673379371 -167.55390243451905 348.4053493860942
    endloop
  endfacet
  facet normal -0.22401994983007836 -0.00099840827593087223 0.97458404730379389
    outer loop
      vertex 440.96232926044996 -142.61037071122962 337.22755442490097
      vertex 485.24652933125208 -117.84921364847335 347.4321807470464
      vertex 433.55592614212429 -96.303402468618998 335.57254191046036
    endloop
  endfacet
  facet normal -0.13981666221847655 -0.019153143276658641 0.9899921505086331
    outer loop
      vertex 377.60844537870548 -87.006770472425785 324.80763941559502
      vertex 400.32687323967718 -49.864829613532123 328.73474092566096
      vertex 346.53492073870001 -55.252897653731651 321.03345795271753
    endloop
  endfacet
  facet normal -0.18957664177992259 -0.0039509073557195901 0.98185797711405998
    outer loop
      vertex 386.74284105549543 -132.90622714359102 326.38660866801791
      vertex 433.55592614212429 -96.303402468618998 335.57254191046036
      vertex 377.60844537870548 -87.006770472425785 324.80763941559502
    endloop
  endfacet
  facet normal 0.021116503843493565 0.0091800296962984505 0.99973487501447245
    outer loop
      vertex 270.854675510731 -312 320.10921763535038
      vertex 246.91247016789376 -268.90032958474893 320.21916620229365
      vertex 227.8489413942186 -299.96070139438064 320.90703878871352
    endloop
  endfacet
  facet normal 0.021116503843502239 0.0091800296963294586 0.999734875014472
    outer loop
      vertex 227.84133589081648 -301.55701599462571 320.92185753461007
      vertex 270.854675510731 -312 320.10921763535038
      vertex 227.8489413942186 -299.96070139438064 320.90703878871352
    endloop
  endfacet
  facet normal 0.021116503843494748 0.0091800296962985736 0.99973487501447234
    outer loop
      vertex 270.854675510731 -312 320.10921763535038
      vertex 227.84133589081648 -301.55701599462571 320.92185753461007
      vertex 227.79158244500084 -312 321.01880075879808
    endloop
  endfacet
  facet normal 0.0212081739383134 -0.0089220210966563657 0.99973527040799814
    outer loop
      vertex 227.82080691033417 73.444865180422227 320.96185749407277
      vertex 227.84890857698616 67.376269353971452 320.90710287387952
      vertex 270.79304506826293 80 320.10875400211313
    endloop
  endfacet
  facet normal 0.021208173938313219 -0.0089220210966557481 0.99973527040799814
    outer loop
      vertex 245.77056406061698 36.898483534065349 320.25492118726379
      vertex 270.79304506826293 80 320.10875400211313
      vertex 227.84890857698616 67.376269353971452 320.90710287387952
    endloop
  endfacet
  facet normal 0.021208173938312078 -0.0089220210966476643 0.99973527040799814
    outer loop
      vertex 227.82080691033417 73.444865180422227 320.96185749407277
      vertex 270.79304506826293 80 320.10875400211313
      vertex 227.79045186818939 80 321.0210019775331
    endloop
  endfacet
  facet normal 0.017874250277307109 0.0087381315030781188 0.99980205852701631
    outer loop
      vertex 227.86733827322337 -215.59059695942992 320.87119606144967
      vertex 272.27292386733075 -223.70489727827839 320.14824023112982
      vertex 244.95939486570137 -182.94618580486028 320.28032024782374
    endloop
  endfacet
  facet normal 0.017874250277306467 0.0087381315030746094 0.99980205852701631
    outer loop
      vertex 272.27292386733075 -223.70489727827839 320.14824023112982
      vertex 227.86733827322337 -215.59059695942992 320.87119606144967
      vertex 227.81491542228576 -227.17008991193609 320.97333643058062
    endloop
  endfacet
  facet normal 0.02559110039119146 -0.011362087134601502 0.99960792241594076
    outer loop
      vertex 227.76717422702527 -21.57326237876168 321.06635667522494
      vertex 227.77407993849329 -22.741469680278964 321.05290140180728
      vertex 269.93771555876361 -8.3242133176976836 320.137338721221
    endloop
  endfacet
  facet normal 0.025591100391189347 -0.01136208713459531 0.9996079224159411
    outer loop
      vertex 240.5607629908238 -49.794461623140364 320.4180487489441
      vertex 269.93771555876361 -8.3242133176976836 320.137338721221
      vertex 227.77407993849329 -22.741469680278964 321.05290140180728
    endloop
  endfacet
  facet normal 0.025591100391195803 -0.011362087134527635 0.99960792241594165
    outer loop
      vertex 227.66817775025152 -4.8261576712660155 321.25924779522353
      vertex 227.67113554907522 -5.3265087664486712 321.2534848096181
      vertex 269.93771555876361 -8.3242133176976836 320.137338721221
    endloop
  endfacet
  facet normal 0.025591100391190714 -0.011362087134599129 0.99960792241594099
    outer loop
      vertex 227.76717422702527 -21.57326237876168 321.06635667522494
      vertex 269.93771555876361 -8.3242133176976836 320.137338721221
      vertex 227.67113554907522 -5.3265087664486712 321.2534848096181
    endloop
  endfacet
  facet normal 0.019275504335625755 -0.0092470799167317184 0.99977144710459753
    outer loop
      vertex 227.86650892059214 -237.93121837661226 320.87280994935492
      vertex 246.91247016789376 -268.90032958474893 320.21916620229365
      vertex 272.27292386733075 -223.70489727827839 320.14824023112982
    endloop
  endfacet
  facet normal 0.019275504335623941 -0.0092470799167144336 0.99977144710459764
    outer loop
      vertex 227.81491542228576 -227.17008991193609 320.97333643058062
      vertex 227.82395065851117 -229.05465595174945 320.95573151541277
      vertex 272.27292386733075 -223.70489727827839 320.14824023112982
    endloop
  endfacet
  facet normal 0.019275504335626178 -0.0092470799167330385 0.99977144710459742
    outer loop
      vertex 272.27292386733075 -223.70489727827839 320.14824023112982
      vertex 227.82395065851117 -229.05465595174945 320.95573151541277
      vertex 227.86650892059214 -237.93121837661226 320.87280994935492
    endloop
  endfacet
  facet normal 0.027532320565203279 0.012114458888509878 0.99954750322840258
    outer loop
      vertex 227.75757746376271 9.3430196307543589 321.08505567637195
      vertex 227.66817775025152 -4.8261576712660155 321.25924779522353
      vertex 269.93771555876361 -8.3242133176976836 320.137338721221
    endloop
  endfacet
  facet normal 0.027532320565204084 0.012114458888511806 0.99954750322840269
    outer loop
      vertex 245.77056406061698 36.898483534065349 320.25492118726379
      vertex 227.75757746376271 9.3430196307543589 321.08505567637195
      vertex 269.93771555876361 -8.3242133176976836 320.137338721221
    endloop
  endfacet
  facet normal 0.031860955173040668 -0.014208189665068479 0.99939131819418103
    outer loop
      vertex 268.00413056956597 -141.96195762581181 320.12831211925067
      vertex 227.56826459247497 -139.39475780072482 321.45391956768833
      vertex 227.60918319386826 -144.9109644936934 321.3741920223319
    endloop
  endfacet
  facet normal 0.031860955173041758 -0.014208189665073036 0.99939131819418114
    outer loop
      vertex 268.00413056956597 -141.96195762581181 320.12831211925067
      vertex 227.68899639233678 -155.67033578047108 321.21868325431609
      vertex 244.95939486570137 -182.94618580486028 320.28032024782374
    endloop
  endfacet
  facet normal 0.0318609551730408 -0.014208189665070217 0.99939131819418114
    outer loop
      vertex 227.60918319386826 -144.9109644936934 321.3741920223319
      vertex 227.68899639233678 -155.67033578047108 321.21868325431609
      vertex 268.00413056956597 -141.96195762581181 320.12831211925067
    endloop
  endfacet
  facet normal 0.033168976104799436 0.006374719250026843 0.9994294282132391
    outer loop
      vertex 268.00413056956597 -141.96195762581181 320.12831211925067
      vertex 227.60364882709985 -128.76982366666709 321.38497559921774
      vertex 227.58413637315644 -134.62893216423916 321.42299467167391
    endloop
  endfacet
  facet normal 0.033168976104797195 0.0063747192500199727 0.99942942821323943
    outer loop
      vertex 227.60364882709985 -128.76982366666709 321.38497559921774
      vertex 268.00413056956597 -141.96195762581181 320.12831211925067
      vertex 260.58698558624388 -97.940413123501031 320.09368648040117
    endloop
  endfacet
  facet normal 0.03316897610479605 0.0063747192500081627 0.99942942821323943
    outer loop
      vertex 227.56826459247497 -139.39475780072482 321.45391956768833
      vertex 268.00413056956597 -141.96195762581181 320.12831211925067
      vertex 227.58413637315644 -134.62893216423916 321.42299467167391
    endloop
  endfacet
  facet normal 0.11959186222601996 0.049103813722843323 0.99160808889761731
    outer loop
      vertex 245.77056406061698 36.898483534065349 320.25492118726379
      vertex 227.16706075448366 42.208257902310827 322.23564064166362
      vertex 227.16143992005564 42.000785654533004 322.24659243278518
    endloop
  endfacet
  facet normal 0.1195918622259773 0.049103813722682625 0.99160808889763041
    outer loop
      vertex 227.16143992005564 42.000785654533004 322.24659243278518
      vertex 227.03925432966287 37.490757933627663 322.48466225696961
      vertex 245.77056406061698 36.898483534065349 320.25492118726379
    endloop
  endfacet
  facet normal 0.11959186222596999 0.049103813722676096 0.99160808889763175
    outer loop
      vertex 245.77056406061698 36.898483534065349 320.25492118726379
      vertex 227.367601353395 49.610487922671155 321.84490084025811
      vertex 227.30144306350491 47.168482237577862 321.97380638952836
    endloop
  endfacet
  facet normal 0.11959186222598076 0.049103813722695913 0.99160808889762919
    outer loop
      vertex 227.30144306350491 47.168482237577862 321.97380638952836
      vertex 227.17387303005506 42.459707779263312 322.22236741327089
      vertex 245.77056406061698 36.898483534065349 320.25492118726379
    endloop
  endfacet
  facet normal 0.11959186222594664 0.049103813722578243 0.99160808889763941
    outer loop
      vertex 245.77056406061698 36.898483534065349 320.25492118726379
      vertex 227.17387303005506 42.459707779263312 322.22236741327089
      vertex 227.16706075448366 42.208257902310827 322.23564064166362
    endloop
  endfacet
  facet normal 0.11959186222598278 0.049103813722694969 0.99160808889762908
    outer loop
      vertex 227.367601353395 49.610487922671155 321.84490084025811
      vertex 245.77056406061698 36.898483534065349 320.25492118726379
      vertex 227.72823656920266 62.922096319896355 321.1422242647734
    endloop
  endfacet
  facet normal 0.11959186222597717 0.049103813722691063 0.99160808889762997
    outer loop
      vertex 227.84890857698616 67.376269353971452 320.90710287387952
      vertex 227.72823656920266 62.922096319896355 321.1422242647734
      vertex 245.77056406061698 36.898483534065349 320.25492118726379
    endloop
  endfacet
  facet normal 0.11001764898946119 0.04670568897370863 0.99283165518043526
    outer loop
      vertex 227.34251290852902 -258.39994127390088 321.89378325270161
      vertex 246.91247016789376 -268.90032958474893 320.21916620229365
      vertex 227.56016281738752 -249.897916661907 321.46970506557585
    endloop
  endfacet
  facet normal 0.11001764898945594 0.046705688973703217 0.99283165518043626
    outer loop
      vertex 227.84204655720293 -238.88678571000722 320.92047333934539
      vertex 227.56016281738752 -249.897916661907 321.46970506557585
      vertex 246.91247016789376 -268.90032958474893 320.21916620229365
    endloop
  endfacet
  facet normal 0.11001764898941345 0.046705688973676086 0.99283165518044225
    outer loop
      vertex 246.91247016789376 -268.90032958474893 320.21916620229365
      vertex 227.86650892059214 -237.93121837661226 320.87280994935492
      vertex 227.84204655720293 -238.88678571000722 320.92047333934539
    endloop
  endfacet
  facet normal 0.11001764898946875 0.046705688973800306 0.99283165518043004
    outer loop
      vertex 246.91247016789376 -268.90032958474893 320.21916620229365
      vertex 227.13067194292813 -266.67504026954214 322.30654249821299
      vertex 227.12508065229468 -266.89345030105306 322.31743672342668
    endloop
  endfacet
  facet normal 0.11001764898945772 0.046705688973702052 0.99283165518043592
    outer loop
      vertex 246.91247016789376 -268.90032958474893 320.21916620229365
      vertex 227.34251290852902 -258.39994127390088 321.89378325270161
      vertex 227.1696782632508 -265.15135419967254 322.2305415055605
    endloop
  endfacet
  facet normal 0.11001764898945915 0.046705688973709691 0.99283165518043548
    outer loop
      vertex 227.1696782632508 -265.15135419967254 322.2305415055605
      vertex 227.13067194292813 -266.67504026954214 322.30654249821299
      vertex 246.91247016789376 -268.90032958474893 320.21916620229365
    endloop
  endfacet
  facet normal 0.11001764898945998 0.046705688973733991 0.99283165518043448
    outer loop
      vertex 246.91247016789376 -268.90032958474893 320.21916620229365
      vertex 227.12054224413376 -267.07073206557214 322.32627948332913
      vertex 227.05497123150997 -269.63210257413789 322.4540398567101
    endloop
  endfacet
  facet normal 0.1100176489894356 0.0467056889734523 0.99283165518045013
    outer loop
      vertex 246.91247016789376 -268.90032958474893 320.21916620229365
      vertex 227.12508065229468 -266.89345030105306 322.31743672342668
      vertex 227.12054224413376 -267.07073206557214 322.32627948332913
    endloop
  endfacet
  facet normal 0.11344629878486732 -0.047650474941040161 0.99240081092767551
    outer loop
      vertex 227.36392324040324 -281.43367500001318 321.85206534552776
      vertex 227.62570372262778 -291.43331887792317 321.34200348216331
      vertex 246.91247016789376 -268.90032958474893 320.21916620229365
    endloop
  endfacet
  facet normal 0.11344629878487049 -0.047650474941042867 0.99240081092767518
    outer loop
      vertex 246.91247016789376 -268.90032958474893 320.21916620229365
      vertex 227.62570372262778 -291.43331887792317 321.34200348216331
      vertex 227.8489413942186 -299.96070139438064 320.90703878871352
    endloop
  endfacet
  facet normal 0.11344629878486776 -0.047650474941042749 0.99240081092767529
    outer loop
      vertex 227.3096668047508 -279.36115595658356 321.95778040278947
      vertex 246.91247016789376 -268.90032958474893 320.21916620229365
      vertex 227.05497123150997 -269.63210257413789 322.4540398567101
    endloop
  endfacet
  facet normal 0.11344629878486409 -0.047650474941035741 0.99240081092767596
    outer loop
      vertex 246.91247016789376 -268.90032958474893 320.21916620229365
      vertex 227.3096668047508 -279.36115595658356 321.95778040278947
      vertex 227.34966821430515 -280.88915318066472 321.87984031603776
    endloop
  endfacet
  facet normal 0.11344629878485438 -0.047650474941019622 0.99240081092767796
    outer loop
      vertex 227.36392324040324 -281.43367500001318 321.85206534552776
      vertex 246.91247016789376 -268.90032958474893 320.21916620229365
      vertex 227.34966821430515 -280.88915318066472 321.87984031603776
    endloop
  endfacet
  facet normal 0.11663125342648541 -0.046354023321392032 0.99209296703791161
    outer loop
      vertex 227.36650359182013 24.667382403156882 321.84703800093314
      vertex 245.77056406061698 36.898483534065349 320.25492118726379
      vertex 227.26565116656255 28.619314057568026 322.04354224329671
    endloop
  endfacet
  facet normal 0.11663125342648911 -0.046354023321393399 0.99209296703791117
    outer loop
      vertex 227.46253745760959 20.904267404789103 321.65992240118442
      vertex 227.72416112605561 10.652444264525011 321.15016498720189
      vertex 245.77056406061698 36.898483534065349 320.25492118726379
    endloop
  endfacet
  facet normal 0.11663125342643983 -0.046354023321359274 0.9920929670379186
    outer loop
      vertex 227.75757746376271 9.3430196307543589 321.08505567637195
      vertex 245.77056406061698 36.898483534065349 320.25492118726379
      vertex 227.72416112605561 10.652444264525011 321.15016498720189
    endloop
  endfacet
  facet normal 0.1166312534264775 -0.046354023321379924 0.99209296703791316
    outer loop
      vertex 245.77056406061698 36.898483534065349 320.25492118726379
      vertex 227.36650359182013 24.667382403156882 321.84703800093314
      vertex 227.46253745760959 20.904267404789103 321.65992240118442
    endloop
  endfacet
  facet normal 0.11663125342647832 -0.0463540233213873 0.99209296703791272
    outer loop
      vertex 227.03925432966287 37.490757933627663 322.48466225696961
      vertex 227.13938828613968 33.566961797775456 322.28955706736019
      vertex 245.77056406061698 36.898483534065349 320.25492118726379
    endloop
  endfacet
  facet normal 0.11663125342647508 -0.046354023321368454 0.99209296703791405
    outer loop
      vertex 227.26565116656255 28.619314057568026 322.04354224329671
      vertex 245.77056406061698 36.898483534065349 320.25492118726379
      vertex 227.13938828613968 33.566961797775456 322.28955706736019
    endloop
  endfacet
  facet normal 0.16218665786834746 0.053535844955180954 0.98530675493189956
    outer loop
      vertex 240.5607629908238 -49.794461623140364 320.4180487489441
      vertex 227.50819577119887 -31.470645564112417 321.57096003544802
      vertex 227.18871217715915 -41.959510676823328 322.19345270559455
    endloop
  endfacet
  facet normal 0.16218665786835007 0.053535844955182849 0.98530675493189901
    outer loop
      vertex 227.77407993849329 -22.741469680278964 321.05290140180728
      vertex 227.50819577119887 -31.470645564112417 321.57096003544802
      vertex 240.5607629908238 -49.794461623140364 320.4180487489441
    endloop
  endfacet
  facet normal 0.16218665786834929 0.053535844955185583 0.98530675493189901
    outer loop
      vertex 240.5607629908238 -49.794461623140364 320.4180487489441
      vertex 227.14165924777802 -43.504290561125217 322.2851322290353
      vertex 227.0084201229877 -47.878639471118923 322.54474079468451
    endloop
  endfacet
  facet normal 0.16218665786834613 0.053535844955178588 0.98530675493190001
    outer loop
      vertex 227.18871217715915 -41.959510676823328 322.19345270559455
      vertex 227.14165924777802 -43.504290561125217 322.2851322290353
      vertex 240.5607629908238 -49.794461623140364 320.4180487489441
    endloop
  endfacet
  facet normal 0.13733889350052866 -0.054006119781999672 0.98905074053768494
    outer loop
      vertex 226.94772486157234 -185.11464857555256 322.66300141041586
      vertex 226.98918243795299 -186.48855136681897 322.58222406188685
      vertex 244.95939486570137 -182.94618580486028 320.28032024782374
    endloop
  endfacet
  facet normal 0.13733889350053058 -0.05400611978200992 0.98905074053768405
    outer loop
      vertex 227.29879711038416 -196.74919109465446 321.97895928461122
      vertex 244.95939486570137 -182.94618580486028 320.28032024782374
      vertex 226.98918243795299 -186.48855136681897 322.58222406188685
    endloop
  endfacet
  facet normal 0.13733889350051431 -0.054006119781988687 0.98905074053768727
    outer loop
      vertex 227.33497289011095 -197.94805754286065 321.90847304593177
      vertex 244.95939486570137 -182.94618580486028 320.28032024782374
      vertex 227.29879711038416 -196.74919109465446 321.97895928461122
    endloop
  endfacet
  facet normal 0.13733889350053285 -0.054006119782010899 0.9890507405376836
    outer loop
      vertex 227.77852271697543 -212.64724098032877 321.04424791690462
      vertex 244.95939486570137 -182.94618580486028 320.28032024782374
      vertex 227.33497289011095 -197.94805754286065 321.90847304593177
    endloop
  endfacet
  facet normal 0.13733889350052508 -0.054006119782006375 0.98905074053768494
    outer loop
      vertex 244.95939486570137 -182.94618580486028 320.28032024782374
      vertex 227.77852271697543 -212.64724098032877 321.04424791690462
      vertex 227.86733827322337 -215.59059695942992 320.87119606144967
    endloop
  endfacet
  facet normal 0.14735491406052106 -0.0539411453455362 0.98761170615836058
    outer loop
      vertex 227.30034237919776 -57.495178416932781 321.97595115755229
      vertex 240.5607629908238 -49.794461623140364 320.4180487489441
      vertex 227.1929962160076 -53.958967877854505 322.18510747883158
    endloop
  endfacet
  facet normal 0.1473549140605217 -0.053941145345537296 0.98761170615836058
    outer loop
      vertex 227.50821303800359 -64.342926876715211 321.57092744678766
      vertex 240.5607629908238 -49.794461623140364 320.4180487489441
      vertex 227.30034237919776 -57.495178416932781 321.97595115755229
    endloop
  endfacet
  facet normal 0.14735491406049461 -0.053941145345512566 0.98761170615836602
    outer loop
      vertex 227.55111174936221 -65.756111336321652 321.48734183946198
      vertex 240.5607629908238 -49.794461623140364 320.4180487489441
      vertex 227.50821303800359 -64.342926876715211 321.57092744678766
    endloop
  endfacet
  facet normal 0.14735491406052115 -0.053941145345532023 0.9876117061583608
    outer loop
      vertex 227.16945846669671 -53.18358443884032 322.23096909987845
      vertex 240.5607629908238 -49.794461623140364 320.4180487489441
      vertex 227.14993406741866 -52.540409271284616 322.26901099543232
    endloop
  endfacet
  facet normal 0.14735491406052673 -0.053941145345555136 0.9876117061583588
    outer loop
      vertex 227.16945846669671 -53.18358443884032 322.23096909987845
      vertex 227.1929962160076 -53.958967877854505 322.18510747883158
      vertex 240.5607629908238 -49.794461623140364 320.4180487489441
    endloop
  endfacet
  facet normal 0.14735491406052195 -0.053941145345536151 0.98761170615836058
    outer loop
      vertex 227.0084201229877 -47.878639471118923 322.54474079468451
      vertex 227.14993406741866 -52.540409271284616 322.26901099543232
      vertex 240.5607629908238 -49.794461623140364 320.4180487489441
    endloop
  endfacet
  facet normal 0.059775920950036865 0.018139783032120993 0.99804698664247382
    outer loop
      vertex 240.5607629908238 -49.794461623140364 320.4180487489441
      vertex 227.55111174936221 -65.756111336321652 321.48734183946198
      vertex 227.48541489285009 -72.582414250050888 321.61534657829486
    endloop
  endfacet
  facet normal 0.059775920950030051 0.018139783032125809 0.99804698664247427
    outer loop
      vertex 227.38186969146338 -83.341538865181093 321.81709829800525
      vertex 227.31250207065173 -90.54931388783865 321.95225625176784
      vertex 260.58698558624388 -97.940413123501031 320.09368648040117
    endloop
  endfacet
  facet normal 0.059775920950029066 0.018139783032123592 0.99804698664247427
    outer loop
      vertex 227.38186969146338 -83.341538865181093 321.81709829800525
      vertex 260.58698558624388 -97.940413123501031 320.09368648040117
      vertex 227.48541489285009 -72.582414250050888 321.61534657829486
    endloop
  endfacet
  facet normal 0.059775920950030086 0.018139783032124913 0.99804698664247427
    outer loop
      vertex 240.5607629908238 -49.794461623140364 320.4180487489441
      vertex 227.48541489285009 -72.582414250050888 321.61534657829486
      vertex 260.58698558624388 -97.940413123501031 320.09368648040117
    endloop
  endfacet
  facet normal 0.059775920950037573 0.018139783032159976 0.99804698664247316
    outer loop
      vertex 260.58698558624388 -97.940413123501031 320.09368648040117
      vertex 227.31250207065173 -90.54931388783865 321.95225625176784
      vertex 227.30276433710429 -91.561131675721469 321.97122954399202
    endloop
  endfacet
  facet normal 0.12562774584288489 0.045450092124185812 0.9910358008671224
    outer loop
      vertex 227.33569279058261 -169.70402753646249 321.90707142116321
      vertex 244.95939486570137 -182.94618580486028 320.28032024782374
      vertex 227.56836392747746 -160.46204473310462 321.45372864597744
    endloop
  endfacet
  facet normal 0.12562774584288491 0.045450092124185881 0.9910358008671224
    outer loop
      vertex 227.68899639233678 -155.67033578047108 321.21868325431609
      vertex 227.56836392747746 -160.46204473310462 321.45372864597744
      vertex 244.95939486570137 -182.94618580486028 320.28032024782374
    endloop
  endfacet
  facet normal 0.12562774584287431 0.045450092124171441 0.99103580086712417
    outer loop
      vertex 244.95939486570137 -182.94618580486028 320.28032024782374
      vertex 227.33569279058261 -169.70402753646249 321.90707142116321
      vertex 227.29129970826068 -171.46737519050859 321.99356811090081
    endloop
  endfacet
  facet normal 0.1256277458428865 0.045450092124182738 0.9910358008671224
    outer loop
      vertex 226.96034722639189 -184.61326990321081 322.63840751979637
      vertex 226.94772486157234 -185.11464857555256 322.66300141041586
      vertex 244.95939486570137 -182.94618580486028 320.28032024782374
    endloop
  endfacet
  facet normal 0.12562774584290326 0.045450092124219993 0.99103580086711851
    outer loop
      vertex 244.95939486570137 -182.94618580486028 320.28032024782374
      vertex 227.25300234955373 -172.9885932294419 322.06818772685403
      vertex 227.20863145577783 -174.75105952723572 322.15464118382471
    endloop
  endfacet
  facet normal 0.12562774584288647 0.045450092124182773 0.9910358008671224
    outer loop
      vertex 244.95939486570137 -182.94618580486028 320.28032024782374
      vertex 227.20863145577783 -174.75105952723572 322.15464118382471
      vertex 226.96034722639189 -184.61326990321081 322.63840751979637
    endloop
  endfacet
  facet normal 0.1256277458428906 0.045450092124197088 0.99103580086712106
    outer loop
      vertex 244.95939486570137 -182.94618580486028 320.28032024782374
      vertex 227.29129970826068 -171.46737519050859 321.99356811090081
      vertex 227.25300234955373 -172.9885932294419 322.06818772685403
    endloop
  endfacet
  facet normal 0.053389967948967852 -0.015299781622605134 0.99845652284148512
    outer loop
      vertex 227.60364882709985 -128.76982366666709 321.38497559921774
      vertex 260.58698558624388 -97.940413123501031 320.09368648040117
      vertex 227.56576910500453 -124.08546696150276 321.45878154879506
    endloop
  endfacet
  facet normal 0.053389967948966298 -0.015299781622603181 0.99845652284148501
    outer loop
      vertex 227.44359693826243 -108.97694123652406 321.69682888171434
      vertex 227.56576910500453 -124.08546696150276 321.45878154879506
      vertex 260.58698558624388 -97.940413123501031 320.09368648040117
    endloop
  endfacet
  facet normal 0.053389967948967616 -0.015299781622607077 0.99845652284148523
    outer loop
      vertex 260.58698558624388 -97.940413123501031 320.09368648040117
      vertex 227.34155226301692 -96.357808742697955 321.8956538969469
      vertex 227.44359693826243 -108.97694123652406 321.69682888171434
    endloop
  endfacet
  facet normal 0.053389967948968692 -0.015299781622584592 0.99845652284148523
    outer loop
      vertex 260.58698558624388 -97.940413123501031 320.09368648040117
      vertex 227.32897538759806 -94.8025168385646 321.92015882521207
      vertex 227.34155226301692 -96.357808742697955 321.8956538969469
    endloop
  endfacet
  facet normal 0.05338996794896602 -0.015299781622612755 0.99845652284148512
    outer loop
      vertex 227.30276433710429 -91.561131675721469 321.97122954399202
      vertex 227.32897538759806 -94.8025168385646 321.92015882521207
      vertex 260.58698558624388 -97.940413123501031 320.09368648040117
    endloop
  endfacet
  facet normal 0.28491086739116767 0 0.95855401394100503
    outer loop
      vertex 68.84239226005657 2.154149502654036 438.55316728291348
      vertex 37.340591430664062 12.072592137275906 447.91644287109375
      vertex 37.340591430664062 -26.874754293412941 447.91644287109375
    endloop
  endfacet
  facet normal 0.445704149096389 -0.045523080197112806 0.89402206944103513
    outer loop
      vertex 172.47795721194106 -1.5234848752238577 368.41430521729723
      vertex 197.42926373472531 38.427010638460217 358.00938172674751
      vertex 156.75144272767449 40.140027279322055 378.37605500624272
    endloop
  endfacet
  facet normal 0.24161374213533596 0 0.97037250559326926
    outer loop
      vertex 37.340591430664062 47.597248493846656 447.91644287109375
      vertex 59.471560174239571 45.617184409670017 442.40603718215033
      vertex 37.340591430664062 80 447.91644287109375
    endloop
  endfacet
  facet normal 0.43535052583015504 0.048513133381043183 0.89895294401262227
    outer loop
      vertex 175.21449138694481 -231.12003808301785 366.92110518229646
      vertex 157.97620663560983 -272.83632762352664 377.52064135714073
      vertex 198.7986622259003 -270.67338193043418 357.63416242753277
    endloop
  endfacet
  facet normal 0.29330066641900859 0.035675897112490994 0.95535435804908753
    outer loop
      vertex 70.691841776571295 80 437.67736888776329
      vertex 37.340591430664062 80 447.91644287109375
      vertex 59.471560174239571 45.617184409670017 442.40603718215033
    endloop
  endfacet
  facet normal 0.27748977833955202 -0.02530811769526627 0.96039519058343314
    outer loop
      vertex 59.471560174239571 45.617184409670017 442.40603718215033
      vertex 37.340591430664062 12.072592137275906 447.91644287109375
      vertex 68.84239226005657 2.154149502654036 438.55316728291348
    endloop
  endfacet
  facet normal 0.53262257152066206 0.00027177048832669533 0.84635283567051323
    outer loop
      vertex 108.36615319699492 -116.2111468624384 414.1325600647458
      vertex 74.734718917400443 -91.633784806404122 435.28943560596383
      vertex 74.942448420933502 -140.42400171985952 435.17437522313992
    endloop
  endfacet
  facet normal 0.29325196876052306 -0.036903026038312567 0.955322693903632
    outer loop
      vertex 70.685401832228933 -312 437.68070644338604
      vertex 60.100725770287035 -279.71677912315204 442.17691035635312
      vertex 37.340591430664062 -312 447.91644287109375
    endloop
  endfacet
  facet normal 0.60123557214795853 -0.0036303572366907758 0.79906358150666024
    outer loop
      vertex 146.24498560453765 -192.17887646235582 385.71409523473608
      vertex 106.85120043855346 -221.47155386021558 415.22188738753658
      vertex 141.17615701251029 -238.32689846312053 389.31834691091393
    endloop
  endfacet
  facet normal 0.55418640613159198 0.020354348485921502 0.83214369417587009
    outer loop
      vertex 157.97620663560983 -272.83632762352664 377.52064135714073
      vertex 137.73593943084489 -312 391.95809015471809
      vertex 176.65010293775171 -312 366.0422530553721
    endloop
  endfacet
  facet normal 0.43960091313434846 -0.053178437779153417 0.89661758343611331
    outer loop
      vertex 157.97620663560983 -272.83632762352664 377.52064135714073
      vertex 176.65010293775171 -312 366.0422530553721
      vertex 198.7986622259003 -270.67338193043418 357.63416242753277
    endloop
  endfacet
  facet normal 0.31992624305261502 0 0.94744245155378115
    outer loop
      vertex 74.734718917400443 -91.633784806404122 435.28943560596383
      vertex 37.340591430664062 -69.574555873608773 447.91644287109375
      vertex 37.340591430664062 -116.13702044557326 447.91644287109375
    endloop
  endfacet
  facet normal 0.5160622395363732 -0.016961569988187479 0.85638313275556699
    outer loop
      vertex 90.112410184666174 -271.7120553588544 426.77180563974764
      vertex 70.685401832228933 -312 437.68070644338604
      vertex 103.74932773117264 -312 417.75616216567454
    endloop
  endfacet
  facet normal 0.31773843799911899 -0.0041248332844391004 0.94816943146689558
    outer loop
      vertex 74.734718917400443 -91.633784806404122 435.28943560596383
      vertex 73.774205550480602 -43.327185613256688 435.82145938605123
      vertex 37.340591430664062 -69.574555873608773 447.91644287109375
    endloop
  endfacet
  facet normal 0.60462326519118659 0.0038139910263867449 0.79650245490017069
    outer loop
      vertex 121.01797767464862 37.951316911012327 404.84981821764831
      vertex 137.75701207358082 80 391.94190704781852
      vertex 103.7625232958751 80 417.74704886104456
    endloop
  endfacet
  facet normal 0.31506575394112246 0 0.94906984500273339
    outer loop
      vertex 73.774205550480602 -43.327185613256688 435.82145938605123
      vertex 37.340591430664062 -26.874754293412941 447.91644287109375
      vertex 37.340591430664062 -69.574555873608773 447.91644287109375
    endloop
  endfacet
  facet normal 0.31876097269814824 0.0041006950170801174 0.94782626392441116
    outer loop
      vertex 73.988886420528473 -188.38131564619928 435.70254867441633
      vertex 74.942448420933502 -140.42400171985952 435.17437522313992
      vertex 37.340591430664062 -162.67922030527413 447.91644287109375
    endloop
  endfacet
  facet normal 0.60460747478072541 -0.0036267144745023732 0.79651531584859991
    outer loop
      vertex 122.02632053096363 -270.23028751358044 404.0729103492481
      vertex 103.74932773117264 -312 417.75616216567454
      vertex 137.73593943084489 -312 391.95809015471809
    endloop
  endfacet
  facet normal 0.59572949762312855 -0.012142299366915474 0.80309335088006994
    outer loop
      vertex 138.53476984851918 4.7164549071492274 391.35348253799168
      vertex 156.75144272767449 40.140027279322055 378.37605500624272
      vertex 121.01797767464862 37.951316911012327 404.84981821764831
    endloop
  endfacet
  facet normal 0.45705219690888216 0.019715725903611175 0.88922133321960839
    outer loop
      vertex 59.471560174239571 45.617184409670017 442.40603718215033
      vertex 68.84239226005657 2.154149502654036 438.55316728291348
      vertex 89.52356040041056 39.374963855442445 427.09796673121474
    endloop
  endfacet
  facet normal 0.30515952848054551 -0.024088708527973714 0.95199653166331732
    outer loop
      vertex 68.84239226005657 2.154149502654036 438.55316728291348
      vertex 37.340591430664062 -26.874754293412941 447.91644287109375
      vertex 73.774205550480602 -43.327185613256688 435.82145938605123
    endloop
  endfacet
  facet normal 0.28787514394655173 0 0.9576679494990693
    outer loop
      vertex 69.261551417088114 -234.67300391186373 438.32099702181938
      vertex 37.340591430664062 -205.35672005679621 447.91644287109375
      vertex 37.340591430664062 -244.28372454052285 447.91644287109375
    endloop
  endfacet
  facet normal 0.57912738914191508 0.013618250066998525 0.81512330994198756
    outer loop
      vertex 122.02632053096363 -270.23028751358044 404.0729103492481
      vertex 90.112410184666174 -271.7120553588544 426.77180563974764
      vertex 103.74932773117264 -312 417.75616216567454
    endloop
  endfacet
  facet normal 0.5936044230787958 -0.01013685013422325 0.80469312981449392
    outer loop
      vertex 122.02632053096363 -270.23028751358044 404.0729103492481
      vertex 137.73593943084489 -312 391.95809015471809
      vertex 157.97620663560983 -272.83632762352664 377.52064135714073
    endloop
  endfacet
  facet normal 0.4514948971671589 0.023805269299462774 0.89195609027888612
    outer loop
      vertex 90.112410184666174 -271.7120553588544 426.77180563974764
      vertex 60.100725770287035 -279.71677912315204 442.17691035635312
      vertex 70.685401832228933 -312 437.68070644338604
    endloop
  endfacet
  facet normal 0.46030445941940296 -0.017634275846648884 0.88758596031819703
    outer loop
      vertex 60.100725770287035 -279.71677912315204 442.17691035635312
      vertex 90.112410184666174 -271.7120553588544 426.77180563974764
      vertex 69.261551417088114 -234.67300391186373 438.32099702181938
    endloop
  endfacet
  facet normal 0.28087248363208756 0.025007087330680244 0.95941924804622225
    outer loop
      vertex 60.100725770287035 -279.71677912315204 442.17691035635312
      vertex 69.261551417088114 -234.67300391186373 438.32099702181938
      vertex 37.340591430664062 -244.28372454052285 447.91644287109375
    endloop
  endfacet
  facet normal 0.55412264291441427 -0.019178363839296848 0.83221408722154666
    outer loop
      vertex 156.75144272767449 40.140027279322055 378.37605500624272
      vertex 176.66878981783319 80 366.0328321412274
      vertex 137.75701207358082 80 391.94190704781852
    endloop
  endfacet
  facet normal 0.59487149601194267 0.0099237946756337014 0.80375955455083015
    outer loop
      vertex 156.75144272767449 40.140027279322055 378.37605500624272
      vertex 137.75701207358082 80 391.94190704781852
      vertex 121.01797767464862 37.951316911012327 404.84981821764831
    endloop
  endfacet
  facet normal 0.44884578057807251 0.051970217638806403 0.89209672218646552
    outer loop
      vertex 197.42926373472531 38.427010638460217 358.00938172674751
      vertex 176.66878981783319 80 366.0328321412274
      vertex 156.75144272767449 40.140027279322055 378.37605500624272
    endloop
  endfacet
  facet normal 0.51610093340838614 0.01622501215114118 0.85637408620046873
    outer loop
      vertex 89.52356040041056 39.374963855442445 427.09796673121474
      vertex 103.7625232958751 80 417.74704886104456
      vertex 70.691841776571295 80 437.67736888776329
    endloop
  endfacet
  facet normal 0.57649468265371073 -0.014010233052644119 0.81698077960366233
    outer loop
      vertex 89.52356040041056 39.374963855442445 427.09796673121474
      vertex 121.01797767464862 37.951316911012327 404.84981821764831
      vertex 103.7625232958751 80 417.74704886104456
    endloop
  endfacet
  facet normal 0.32094158101642234 0 0.94709899248952822
    outer loop
      vertex 74.942448420933502 -140.42400171985952 435.17437522313992
      vertex 37.340591430664062 -116.13702044557326 447.91644287109375
      vertex 37.340591430664062 -162.67922030527413 447.91644287109375
    endloop
  endfacet
  facet normal 0.32043758520807886 -0.00086961736713018676 0.94726923192493162
    outer loop
      vertex 74.942448420933502 -140.42400171985952 435.17437522313992
      vertex 74.734718917400443 -91.633784806404122 435.28943560596383
      vertex 37.340591430664062 -116.13702044557326 447.91644287109375
    endloop
  endfacet
  facet normal 0.31617641375294386 0 0.94870041392756188
    outer loop
      vertex 73.988886420528473 -188.38131564619928 435.70254867441633
      vertex 37.340591430664062 -162.67922030527413 447.91644287109375
      vertex 37.340591430664062 -205.35672005679621 447.91644287109375
    endloop
  endfacet
  facet normal 0.30669968230317812 0.022502678344571671 0.95154029570084442
    outer loop
      vertex 73.988886420528473 -188.38131564619928 435.70254867441633
      vertex 37.340591430664062 -205.35672005679621 447.91644287109375
      vertex 69.261551417088114 -234.67300391186373 438.32099702181938
    endloop
  endfacet
  facet normal 0.5323990354742536 -0.00015520060027193503 0.84649349846224931
    outer loop
      vertex 108.36615319699492 -116.2111468624384 414.1325600647458
      vertex 108.26182563228073 -64.93998204114277 414.207576837467
      vertex 74.734718917400443 -91.633784806404122 435.28943560596383
    endloop
  endfacet
  facet normal 0.59473725371983943 0.014743720653873792 0.80378493500380077
    outer loop
      vertex 141.17615701251029 -238.32689846312053 389.31834691091393
      vertex 122.02632053096363 -270.23028751358044 404.0729103492481
      vertex 157.97620663560983 -272.83632762352664 377.52064135714073
    endloop
  endfacet
  facet normal 0.5230303894004138 0.0055245555078864477 0.85229612873114236
    outer loop
      vertex 106.0751897451522 -9.48450705596278 415.77987815417242
      vertex 68.84239226005657 2.154149502654036 438.55316728291348
      vertex 73.774205550480602 -43.327185613256688 435.82145938605123
    endloop
  endfacet
  facet normal 0.53377603610024471 -0.0013001547322610571 0.8456248889920297
    outer loop
      vertex 109.47102811935477 -167.16693556981906 413.33809935665664
      vertex 74.942448420933502 -140.42400171985952 435.17437522313992
      vertex 73.988886420528473 -188.38131564619928 435.70254867441633
    endloop
  endfacet
  facet normal 0.55200821690259549 -0.016277956881881519 0.8336797686112869
    outer loop
      vertex 175.21449138694481 -231.12003808301785 366.92110518229646
      vertex 141.17615701251029 -238.32689846312053 389.31834691091393
      vertex 157.97620663560983 -272.83632762352664 377.52064135714073
    endloop
  endfacet
  facet normal 0.56167073800287659 0.014218155541919478 0.82723867542825258
    outer loop
      vertex 138.53476984851918 4.7164549071492274 391.35348253799168
      vertex 172.47795721194106 -1.5234848752238577 368.41430521729723
      vertex 156.75144272767449 40.140027279322055 378.37605500624272
    endloop
  endfacet
  facet normal 0.54893419696184909 0.0049874919862184317 0.83585068782022143
    outer loop
      vertex 146.24498560453765 -192.17887646235582 385.71409523473608
      vertex 141.17615701251029 -238.32689846312053 389.31834691091393
      vertex 175.21449138694481 -231.12003808301785 366.92110518229646
    endloop
  endfacet
  facet normal 0.57715376111393668 0.0063521327700137506 0.81661079250846846
    outer loop
      vertex 106.0751897451522 -9.48450705596278 415.77987815417242
      vertex 121.01797767464862 37.951316911012327 404.84981821764831
      vertex 89.52356040041056 39.374963855442445 427.09796673121474
    endloop
  endfacet
  facet normal 0.5163047051880838 -0.023405136141358345 0.85608507229296449
    outer loop
      vertex 106.0751897451522 -9.48450705596278 415.77987815417242
      vertex 89.52356040041056 39.374963855442445 427.09796673121474
      vertex 68.84239226005657 2.154149502654036 438.55316728291348
    endloop
  endfacet
  facet normal 0.5249395784843579 -0.0054641854305048261 0.85112195460947049
    outer loop
      vertex 106.85120043855346 -221.47155386021558 415.22188738753658
      vertex 73.988886420528473 -188.38131564619928 435.70254867441633
      vertex 69.261551417088114 -234.67300391186373 438.32099702181938
    endloop
  endfacet
  facet normal 0.53160131727242688 0.0012418453981492272 0.84699380003293279
    outer loop
      vertex 108.26182563228073 -64.93998204114277 414.207576837467
      vertex 73.774205550480602 -43.327185613256688 435.82145938605123
      vertex 74.734718917400443 -91.633784806404122 435.28943560596383
    endloop
  endfacet
  facet normal 0.52961485881993509 -0.0031665393226251726 0.84823232333238674
    outer loop
      vertex 108.26182563228073 -64.93998204114277 414.207576837467
      vertex 106.0751897451522 -9.48450705596278 415.77987815417242
      vertex 73.774205550480602 -43.327185613256688 435.82145938605123
    endloop
  endfacet
  facet normal 0.60298807173634905 -0.0061372052063270958 0.79772659480296559
    outer loop
      vertex 138.53476984851918 4.7164549071492274 391.35348253799168
      vertex 121.01797767464862 37.951316911012327 404.84981821764831
      vertex 106.0751897451522 -9.48450705596278 415.77987815417242
    endloop
  endfacet
  facet normal 0.53360098543549306 -0.001615924993670729 0.8457348148968955
    outer loop
      vertex 108.36615319699492 -116.2111468624384 414.1325600647458
      vertex 74.942448420933502 -140.42400171985952 435.17437522313992
      vertex 109.47102811935477 -167.16693556981906 413.33809935665664
    endloop
  endfacet
  facet normal 0.60008300835643202 -0.001200683131207401 0.79993683590763121
    outer loop
      vertex 146.24498560453765 -192.17887646235582 385.71409523473608
      vertex 109.47102811935477 -167.16693556981906 413.33809935665664
      vertex 106.85120043855346 -221.47155386021558 415.22188738753658
    endloop
  endfacet
  facet normal 0.53161782151953396 0.0037340543066290539 0.84697612049057192
    outer loop
      vertex 106.85120043855346 -221.47155386021558 415.22188738753658
      vertex 109.47102811935477 -167.16693556981906 413.33809935665664
      vertex 73.988886420528473 -188.38131564619928 435.70254867441633
    endloop
  endfacet
  facet normal 0.51717217141663208 0.024373054086147809 0.85553427713138364
    outer loop
      vertex 106.85120043855346 -221.47155386021558 415.22188738753658
      vertex 69.261551417088114 -234.67300391186373 438.32099702181938
      vertex 90.112410184666174 -271.7120553588544 426.77180563974764
    endloop
  endfacet
  facet normal 0.5797717470117203 -0.0058576388528806611 0.81475788393488235
    outer loop
      vertex 106.85120043855346 -221.47155386021558 415.22188738753658
      vertex 90.112410184666174 -271.7120553588544 426.77180563974764
      vertex 122.02632053096363 -270.23028751358044 404.0729103492481
    endloop
  endfacet
  facet normal 0.60419293846085709 0.0058453159517334484 0.79681661967824136
    outer loop
      vertex 106.85120043855346 -221.47155386021558 415.22188738753658
      vertex 122.02632053096363 -270.23028751358044 404.0729103492481
      vertex 141.17615701251029 -238.32689846312053 389.31834691091393
    endloop
  endfacet
  facet normal 0.60194530719747485 0.0030896484039420382 0.79853134015871763
    outer loop
      vertex 140.21538037583008 -140.3074091928743 390.05860596480341
      vertex 109.47102811935477 -167.16693556981906 413.33809935665664
      vertex 146.24498560453765 -192.17887646235582 385.71409523473608
    endloop
  endfacet
  facet normal 0.60156500521186052 -0.00099819309128218198 0.79882322707530651
    outer loop
      vertex 141.70903407296817 -39.524506748526051 388.90777586499746
      vertex 138.53476984851918 4.7164549071492274 391.35348253799168
      vertex 106.0751897451522 -9.48450705596278 415.77987815417242
    endloop
  endfacet
  facet normal 0.6027146278509905 0.0011412789906488485 0.79795599807051243
    outer loop
      vertex 141.70903407296817 -39.524506748526051 388.90777586499746
      vertex 106.0751897451522 -9.48450705596278 415.77987815417242
      vertex 108.26182563228073 -64.93998204114277 414.207576837467
    endloop
  endfacet
  facet normal 0.50381378329552384 -0.058142341056129344 0.86185331695014311
    outer loop
      vertex 170.57480499636625 -77.782175316471807 369.45276729128335
      vertex 190.26397887064812 -42.68427454090795 360.31083686372534
      vertex 141.70903407296817 -39.524506748526051 388.90777586499746
    endloop
  endfacet
  facet normal 0.49284950313738413 -0.052506105200158602 0.86852891499013629
    outer loop
      vertex 146.24498560453765 -192.17887646235582 385.71409523473608
      vertex 175.21449138694481 -231.12003808301785 366.92110518229646
      vertex 193.4884584709265 -189.14287991035707 359.08917420421369
    endloop
  endfacet
  facet normal 0.55920490622617991 -0.005706267566377753 0.82900983791691552
    outer loop
      vertex 141.70903407296817 -39.524506748526051 388.90777586499746
      vertex 172.47795721194106 -1.5234848752238577 368.41430521729723
      vertex 138.53476984851918 4.7164549071492274 391.35348253799168
    endloop
  endfacet
  facet normal 0.50928442478976965 0.050935327443039052 0.85908961528167938
    outer loop
      vertex 141.70903407296817 -39.524506748526051 388.90777586499746
      vertex 190.26397887064812 -42.68427454090795 360.31083686372534
      vertex 172.47795721194106 -1.5234848752238577 368.41430521729723
    endloop
  endfacet
  facet normal 0.60280921930764009 5.919181718844307e-05 0.79788535618473544
    outer loop
      vertex 139.55642276887454 -92.961821829592253 390.5663195332387
      vertex 108.26182563228073 -64.93998204114277 414.207576837467
      vertex 108.36615319699492 -116.2111468624384 414.1325600647458
    endloop
  endfacet
  facet normal 0.60304126354133902 0.00046640054183238696 0.7977098576155367
    outer loop
      vertex 139.55642276887454 -92.961821829592253 390.5663195332387
      vertex 141.70903407296817 -39.524506748526051 388.90777586499746
      vertex 108.26182563228073 -64.93998204114277 414.207576837467
    endloop
  endfacet
  facet normal 0.60330554080552667 0.00064736315708062886 0.79750987790390004
    outer loop
      vertex 140.21538037583008 -140.3074091928743 390.05860596480341
      vertex 108.36615319699492 -116.2111468624384 414.1325600647458
      vertex 109.47102811935477 -167.16693556981906 413.33809935665664
    endloop
  endfacet
  facet normal 0.60291508181031372 -0.00016392492593273814 0.79780535047985313
    outer loop
      vertex 140.21538037583008 -140.3074091928743 390.05860596480341
      vertex 139.55642276887454 -92.961821829592253 390.5663195332387
      vertex 108.36615319699492 -116.2111468624384 414.1325600647458
    endloop
  endfacet
  facet normal 0.35912630558744169 0.041391855942800329 0.93237064030176642
    outer loop
      vertex 170.57480499636625 -77.782175316471807 369.45276729128335
      vertex 209.3266788326402 -88.115820220063142 354.98524980292444
      vertex 190.26397887064812 -42.68427454090795 360.31083686372534
    endloop
  endfacet
  facet normal 0.48688195968823123 0.06343840154341171 0.87116102216511304
    outer loop
      vertex 171.63838085032145 -155.79362481135252 368.87242317687088
      vertex 146.24498560453765 -192.17887646235582 385.71409523473608
      vertex 193.4884584709265 -189.14287991035707 359.08917420421369
    endloop
  endfacet
  facet normal 0.5572936287301834 -0.0051042408516292093 0.83029980013370663
    outer loop
      vertex 171.63838085032145 -155.79362481135252 368.87242317687088
      vertex 173.54835911047795 -116.7885529312158 367.83023644630958
      vertex 140.21538037583008 -140.3074091928743 390.05860596480341
    endloop
  endfacet
  facet normal 0.56166952326181718 0.0030531093224701799 0.82735604497840465
    outer loop
      vertex 170.57480499636625 -77.782175316471807 369.45276729128335
      vertex 141.70903407296817 -39.524506748526051 388.90777586499746
      vertex 139.55642276887454 -92.961821829592253 390.5663195332387
    endloop
  endfacet
  facet normal 0.55992204933017531 0.0082213326313016564 0.82850450111249374
    outer loop
      vertex 173.54835911047795 -116.7885529312158 367.83023644630958
      vertex 170.57480499636625 -77.782175316471807 369.45276729128335
      vertex 139.55642276887454 -92.961821829592253 390.5663195332387
    endloop
  endfacet
  facet normal 0.55741813828761777 -0.0047402035962882854 0.83021837463274206
    outer loop
      vertex 171.63838085032145 -155.79362481135252 368.87242317687088
      vertex 140.21538037583008 -140.3074091928743 390.05860596480341
      vertex 146.24498560453765 -192.17887646235582 385.71409523473608
    endloop
  endfacet
  facet normal 0.55539001342650784 -0.0011876634387937269 0.8315891548364851
    outer loop
      vertex 173.54835911047795 -116.7885529312158 367.83023644630958
      vertex 139.55642276887454 -92.961821829592253 390.5663195332387
      vertex 140.21538037583008 -140.3074091928743 390.05860596480341
    endloop
  endfacet
  facet normal 0.34678481304237263 -0.012575482977890538 0.937860411079943
    outer loop
      vertex 173.54835911047795 -116.7885529312158 367.83023644630958
      vertex 209.3266788326402 -88.115820220063142 354.98524980292444
      vertex 170.57480499636625 -77.782175316471807 369.45276729128335
    endloop
  endfacet
  facet normal 0.24161374213533598 0 0.97037250559326926
    outer loop
      vertex 59.471560174239571 45.617184409670017 442.40603718215033
      vertex 37.340591430664062 47.597248493846656 447.91644287109375
      vertex 37.340591430664062 12.072592137275906 447.91644287109375
    endloop
  endfacet
  facet normal 0.44979911127764383 -0.023996959690670682 0.89280731707320027
    outer loop
      vertex 89.52356040041056 39.374963855442445 427.09796673121474
      vertex 70.691841776571295 80 437.67736888776329
      vertex 59.471560174239571 45.617184409670017 442.40603718215033
    endloop
  endfacet
  facet normal 0.24451986145147694 0 0.969644283928777
    outer loop
      vertex 60.100725770287035 -279.71677912315204 442.17691035635312
      vertex 37.340591430664062 -244.28372454052285 447.91644287109375
      vertex 37.340591430664062 -279.7463387679997 447.91644287109375
    endloop
  endfacet
  facet normal 0.24451986145147694 0 0.969644283928777
    outer loop
      vertex 37.340591430664062 -279.7463387679997 447.91644287109375
      vertex 37.340591430664062 -312 447.91644287109375
      vertex 60.100725770287035 -279.71677912315204 442.17691035635312
    endloop
  endfacet
  facet normal -0.12264712136690026 -0 0.99245034315093694
    outer loop
      vertex 0.26180106316285379 -177.7289038496987 443.33424192398888
      vertex 37.340591430664062 -205.35672005679621 447.91644287109375
      vertex 37.340591430664062 -162.67922030527413 447.91644287109375
    endloop
  endfacet
  facet normal -0.12946087975170847 -0 0.99158453024132731
    outer loop
      vertex -1.2175112727958055 -100.23628195017579 442.88231240081325
      vertex 37.340591430664062 -116.13702044557326 447.91644287109375
      vertex 37.340591430664062 -69.574555873608773 447.91644287109375
    endloop
  endfacet
  facet normal -0.50625150247855288 -0.011455005688110928 0.86230980458469397
    outer loop
      vertex -45.613712420258068 49.377118927175729 420.02585667603637
      vertex -18.343749220176523 44.031684940947457 435.96470811061789
      vertex -33.884619824083813 80 427.31866025192471
    endloop
  endfacet
  facet normal -0.57260954424570898 0 0.81982821971357001
    outer loop
      vertex -40.005055243967789 10.588884995389837 423.34998223968574
      vertex -70 33.751306948039364 402.39999389648438
      vertex -70 -16.121579253501057 402.39999389648438
    endloop
  endfacet
  facet normal -0.45929476253738383 -0.037277450123571781 0.88750138750202101
    outer loop
      vertex -40.005055243967789 10.588884995389837 423.34998223968574
      vertex -1.702554375625752 0.16225029334603391 442.73413186256369
      vertex -18.343749220176523 44.031684940947457 435.96470811061789
    endloop
  endfacet
  facet normal -0.44356155691946336 -0.00058326393445599814 0.896243719657976
    outer loop
      vertex -1.2175112727958055 -100.23628195017579 442.88231240081325
      vertex -1.3799204799982192 -52.966978602474825 442.83269643142921
      vertex -36.475159446411595 -86.122935927530847 425.44207246536001
    endloop
  endfacet
  facet normal -0.42327365249717142 0.034739851012756104 0.90533560509532351
    outer loop
      vertex -18.343749220176523 44.031684940947457 435.96470811061789
      vertex 1.948336403116615 80 444.07172527742034
      vertex -33.884619824083813 80 427.31866025192471
    endloop
  endfacet
  facet normal -0.10752535204726124 -0.09333627006885778 0.98981141605699086
    outer loop
      vertex 19.969912097480215 -295.43942647835979 447.59104124138457
      vertex 1.9482155432262105 -312 444.07169263347208
      vertex 37.340591430664062 -312 447.91644287109375
    endloop
  endfacet
  facet normal -0.5803954713572218 0 0.81433475722704396
    outer loop
      vertex -43.571292803550989 -279.88227371231983 421.23635306513563
      vertex -70 -265.75130694803931 402.39999389648438
      vertex -70 -312 402.39999389648438
    endloop
  endfacet
  facet normal -0.567843334020116 -0.015406333532156287 0.82299246223523503
    outer loop
      vertex -43.571292803550989 -279.88227371231983 421.23635306513563
      vertex -70 -312 402.39999389648438
      vertex -33.884678651583641 -312 427.31862368319423
    endloop
  endfacet
  facet normal -0.56148236426813714 0.0072334052240257633 0.82745708798990192
    outer loop
      vertex -30.402711637183465 -140.11825789208706 429.04107635561616
      vertex -70 -166.22305503551209 402.39999389648438
      vertex -35.807818375775561 -193.22258256099951 425.83759058009736
    endloop
  endfacet
  facet normal -0.076471742503713122 -0 0.99707174897218209
    outer loop
      vertex 7.8595632722943334 -139.32083746746474 445.65535624779352
      vertex 37.340591430664062 -162.67922030527413 447.91644287109375
      vertex 37.340591430664062 -116.13702044557326 447.91644287109375
    endloop
  endfacet
  facet normal -0.56642450228623431 0 0.82411363488889788
    outer loop
      vertex -36.475159446411595 -86.122935927530847 425.44207246536001
      vertex -70 -65.77694455969808 402.39999389648438
      vertex -70 -115.99999977740494 402.39999389648438
    endloop
  endfacet
  facet normal -0.11122318888022563 0.044607890542675437 0.99279380455190513
    outer loop
      vertex -1.2175112727958055 -100.23628195017579 442.88231240081325
      vertex 7.8595632722943334 -139.32083746746474 445.65535624779352
      vertex 37.340591430664062 -116.13702044557326 447.91644287109375
    endloop
  endfacet
  facet normal -0.55821862023931557 0 0.82969390260391507
    outer loop
      vertex -30.402711637183465 -140.11825789208706 429.04107635561616
      vertex -70 -115.99999977740494 402.39999389648438
      vertex -70 -166.22305503551209 402.39999389648438
    endloop
  endfacet
  facet normal -0.56777944147366632 0.021496658842081646 0.82289999361919941
    outer loop
      vertex -45.613712420258068 49.377118927175729 420.02585667603637
      vertex -33.884619824083813 80 427.31866025192471
      vertex -70 80 402.39999389648438
    endloop
  endfacet
  facet normal -0.10792091637780205 0.037345955323176826 0.99345777737615737
    outer loop
      vertex 1.948336403116615 80 444.07172527742034
      vertex 13.230563268360441 46.823970316160967 446.54448138280867
      vertex 37.340591430664062 80 447.91644287109375
    endloop
  endfacet
  facet normal -0.13157890679585565 0 0.99130570021886155
    outer loop
      vertex -1.702554375625752 0.16225029334603391 442.73413186256369
      vertex 37.340591430664062 -26.874754293412941 447.91644287109375
      vertex 37.340591430664062 12.072592137275906 447.91644287109375
    endloop
  endfacet
  facet normal -0.3195967091356583 0.024930811007787386 0.9472256321342617
    outer loop
      vertex 13.230563268360441 46.823970316160967 446.54448138280867
      vertex -18.343749220176523 44.031684940947457 435.96470811061789
      vertex -1.702554375625752 0.16225029334603391 442.73413186256369
    endloop
  endfacet
  facet normal -0.10699836366980282 -0.038874034948401401 0.99349894795053262
    outer loop
      vertex 0.26180106316285379 -177.7289038496987 443.33424192398888
      vertex 37.340591430664062 -162.67922030527413 447.91644287109375
      vertex 7.8595632722943334 -139.32083746746474 445.65535624779352
    endloop
  endfacet
  facet normal -0.46038858156858259 -0.0090310595345152404 0.88767155746083959
    outer loop
      vertex -43.571292803550989 -279.88227371231983 421.23635306513563
      vertex -3.0422086829246755 -273.17794462518697 442.32486782980931
      vertex -38.19565603589551 -240.76646699423816 424.42237264853901
    endloop
  endfacet
  facet normal -0.5671733187647866 0.0039702275861177973 0.82358889245439215
    outer loop
      vertex -38.19565603589551 -240.76646699423816 424.42237264853901
      vertex -35.807818375775561 -193.22258256099951 425.83759058009736
      vertex -70 -215.87842060028191 402.39999389648438
    endloop
  endfacet
  facet normal -0.56538935960445713 0 0.82482414613423027
    outer loop
      vertex -35.807818375775561 -193.22258256099951 425.83759058009736
      vertex -70 -166.22305503551209 402.39999389648438
      vertex -70 -215.87842060028191 402.39999389648438
    endloop
  endfacet
  facet normal -0.13109239798660499 -0 0.99137015447819565
    outer loop
      vertex -1.5900274328531907 -223.03658263705435 442.76850881349924
      vertex 37.340591430664062 -244.28372454052285 447.91644287109375
      vertex 37.340591430664062 -205.35672005679621 447.91644287109375
    endloop
  endfacet
  facet normal -0.1185334963554121 -0.043072795831879916 0.99201539529434057
    outer loop
      vertex 13.230563268360441 46.823970316160967 446.54448138280867
      vertex -1.702554375625752 0.16225029334603391 442.73413186256369
      vertex 37.340591430664062 12.072592137275906 447.91644287109375
    endloop
  endfacet
  facet normal -0.31461739953949297 -0.036294738310577335 0.94852442450259211
    outer loop
      vertex -18.343749220176523 44.031684940947457 435.96470811061789
      vertex 13.230563268360441 46.823970316160967 446.54448138280867
      vertex 1.948336403116615 80 444.07172527742034
    endloop
  endfacet
  facet normal -0.45011305592429213 0.0065763807968165578 0.89294736020781795
    outer loop
      vertex -36.026847870105193 -37.27076185916269 425.70777670158611
      vertex -1.702554375625752 0.16225029334603391 442.73413186256369
      vertex -40.005055243967789 10.588884995389837 423.34998223968574
    endloop
  endfacet
  facet normal -0.58578633858102713 0 0.81046552396251526
    outer loop
      vertex -45.613712420258068 49.377118927175729 420.02585667603637
      vertex -70 80 402.39999389648438
      vertex -70 33.751306948039364 402.39999389648438
    endloop
  endfacet
  facet normal -0.45003981920181785 0.0051329033972259972 0.89299373706398977
    outer loop
      vertex -3.0422086829246755 -273.17794462518697 442.32486782980931
      vertex -1.5900274328531907 -223.03658263705435 442.76850881349924
      vertex -38.19565603589551 -240.76646699423816 424.42237264853901
    endloop
  endfacet
  facet normal -0.56155212226451312 -0.0080038523206449642 0.82740265429127713
    outer loop
      vertex -30.402711637183465 -140.11825789208706 429.04107635561616
      vertex -36.475159446411595 -86.122935927530847 425.44207246536001
      vertex -70 -115.99999977740494 402.39999389648438
    endloop
  endfacet
  facet normal -0.13017617734411943 -0 0.99149087885470355
    outer loop
      vertex -1.3799204799982192 -52.966978602474825 442.83269643142921
      vertex 37.340591430664062 -69.574555873608773 447.91644287109375
      vertex 37.340591430664062 -26.874754293412941 447.91644287109375
    endloop
  endfacet
  facet normal -0.56855916851737709 -0.0067340579461752205 0.8226148092262906
    outer loop
      vertex -36.026847870105193 -37.27076185916269 425.70777670158611
      vertex -40.005055243967789 10.588884995389837 423.34998223968574
      vertex -70 -16.121579253501057 402.39999389648438
    endloop
  endfacet
  facet normal -0.12789427595276112 -0.0071562776690581318 0.99176198851762931
    outer loop
      vertex -1.5900274328531907 -223.03658263705435 442.76850881349924
      vertex 37.340591430664062 -205.35672005679621 447.91644287109375
      vertex 0.26180106316285379 -177.7289038496987 443.33424192398888
    endloop
  endfacet
  facet normal -0.46496685290119433 0.027345685424679626 0.88490566683224126
    outer loop
      vertex -43.571292803550989 -279.88227371231983 421.23635306513563
      vertex -33.884678651583641 -312 427.31862368319423
      vertex -3.0422086829246755 -273.17794462518697 442.32486782980931
    endloop
  endfacet
  facet normal -0.43876525411608003 0.0067132867860157739 0.89857664312009589
    outer loop
      vertex -1.5900274328531907 -223.03658263705435 442.76850881349924
      vertex 0.26180106316285379 -177.7289038496987 443.33424192398888
      vertex -35.807818375775561 -193.22258256099951 425.83759058009736
    endloop
  endfacet
  facet normal -0.44642367121271337 -0.0042143472888798491 0.89481179309276648
    outer loop
      vertex -38.19565603589551 -240.76646699423816 424.42237264853901
      vertex -1.5900274328531907 -223.03658263705435 442.76850881349924
      vertex -35.807818375775561 -193.22258256099951 425.83759058009736
    endloop
  endfacet
  facet normal -0.56572491581654927 0 0.82459403322141389
    outer loop
      vertex -36.026847870105193 -37.27076185916269 425.70777670158611
      vertex -70 -16.121579253501057 402.39999389648438
      vertex -70 -65.77694455969808 402.39999389648438
    endloop
  endfacet
  facet normal -0.56613088248072618 0.00071192379316736679 0.82431505934691396
    outer loop
      vertex -36.026847870105193 -37.27076185916269 425.70777670158611
      vertex -70 -65.77694455969808 402.39999389648438
      vertex -36.475159446411595 -86.122935927530847 425.44207246536001
    endloop
  endfacet
  facet normal -0.018729523688787768 -0 0.99982458708635036
    outer loop
      vertex 19.969912097480215 -295.43942647835979 447.59104124138457
      vertex 37.340591430664062 -312 447.91644287109375
      vertex 37.340591430664062 -279.7463387679997 447.91644287109375
    endloop
  endfacet
  facet normal -0.20701545676294486 0.017402972399800841 0.97818287513781454
    outer loop
      vertex 19.969912097480215 -295.43942647835979 447.59104124138457
      vertex -3.0422086829246755 -273.17794462518697 442.32486782980931
      vertex 1.9482155432262105 -312 444.07169263347208
    endloop
  endfacet
  facet normal -0.39859431547987034 0.023442026380062445 0.91682770631473065
    outer loop
      vertex -30.402711637183465 -140.11825789208706 429.04107635561616
      vertex 0.26180106316285379 -177.7289038496987 443.33424192398888
      vertex 7.8595632722943334 -139.32083746746474 445.65535624779352
    endloop
  endfacet
  facet normal -0.43282572851521689 -0.010323304076651347 0.9014185033203016
    outer loop
      vertex -30.402711637183465 -140.11825789208706 429.04107635561616
      vertex -35.807818375775561 -193.22258256099951 425.83759058009736
      vertex 0.26180106316285379 -177.7289038496987 443.33424192398888
    endloop
  endfacet
  facet normal -0.13086800595511933 0.0010445170442637591 0.99139925055523204
    outer loop
      vertex -1.3799204799982192 -52.966978602474825 442.83269643142921
      vertex 37.340591430664062 -26.874754293412941 447.91644287109375
      vertex -1.702554375625752 0.16225029334603391 442.73413186256369
    endloop
  endfacet
  facet normal -0.44347392486021098 -0.0010302729914128746 0.89628668209822415
    outer loop
      vertex -1.3799204799982192 -52.966978602474825 442.83269643142921
      vertex -1.702554375625752 0.16225029334603391 442.73413186256369
      vertex -36.026847870105193 -37.27076185916269 425.70777670158611
    endloop
  endfacet
  facet normal -0.12992554987626601 0.00059434550039529619 0.9915235742244235
    outer loop
      vertex -1.2175112727958055 -100.23628195017579 442.88231240081325
      vertex 37.340591430664062 -69.574555873608773 447.91644287109375
      vertex -1.3799204799982192 -52.966978602474825 442.83269643142921
    endloop
  endfacet
  facet normal -0.44339241468463336 -0.00080610520342926041 0.89632723756144517
    outer loop
      vertex -1.3799204799982192 -52.966978602474825 442.83269643142921
      vertex -36.026847870105193 -37.27076185916269 425.70777670158611
      vertex -36.475159446411595 -86.122935927530847 425.44207246536001
    endloop
  endfacet
  facet normal -0.56927964425977273 0 0.82214395736480761
    outer loop
      vertex -38.19565603589551 -240.76646699423816 424.42237264853901
      vertex -70 -215.87842060028191 402.39999389648438
      vertex -70 -265.75130694803931 402.39999389648438
    endloop
  endfacet
  facet normal -0.57588663494020575 0.012562689114990398 0.8174330324494149
    outer loop
      vertex -38.19565603589551 -240.76646699423816 424.42237264853901
      vertex -70 -265.75130694803931 402.39999389648438
      vertex -43.571292803550989 -279.88227371231983 421.23635306513563
    endloop
  endfacet
  facet normal -0.44001354639733248 0.010365693720073614 0.89793130660454412
    outer loop
      vertex -1.2175112727958055 -100.23628195017579 442.88231240081325
      vertex -36.475159446411595 -86.122935927530847 425.44207246536001
      vertex -30.402711637183465 -140.11825789208706 429.04107635561616
    endloop
  endfacet
  facet normal -0.39766598360173966 -0.027284879756853755 0.91712447400705377
    outer loop
      vertex -1.2175112727958055 -100.23628195017579 442.88231240081325
      vertex -30.402711637183465 -140.11825789208706 429.04107635561616
      vertex 7.8595632722943334 -139.32083746746474 445.65535624779352
    endloop
  endfacet
  facet normal -0.13715571578060423 0 0.99054949882815568
    outer loop
      vertex -3.0422086829246755 -273.17794462518697 442.32486782980931
      vertex 37.340591430664062 -279.7463387679997 447.91644287109375
      vertex 37.340591430664062 -244.28372454052285 447.91644287109375
    endloop
  endfacet
  facet normal -0.13371631077667775 -0.0048955839876319582 0.99100755874498503
    outer loop
      vertex -3.0422086829246755 -273.17794462518697 442.32486782980931
      vertex 37.340591430664062 -244.28372454052285 447.91644287109375
      vertex -1.5900274328531907 -223.03658263705435 442.76850881349924
    endloop
  endfacet
  facet normal -0.57981006677095825 -0.014025396137667607 0.81463094388455337
    outer loop
      vertex -45.613712420258068 49.377118927175729 420.02585667603637
      vertex -70 33.751306948039364 402.39999389648438
      vertex -40.005055243967789 10.588884995389837 423.34998223968574
    endloop
  endfacet
  facet normal -0.5044577976791581 0.0010528415029881868 0.86343570802084812
    outer loop
      vertex -45.613712420258068 49.377118927175729 420.02585667603637
      vertex -40.005055243967789 10.588884995389837 423.34998223968574
      vertex -18.343749220176523 44.031684940947457 435.96470811061789
    endloop
  endfacet
  facet normal -0.423490344189764 -0.013681070453665241 0.90579730441709583
    outer loop
      vertex -33.884678651583641 -312 427.31862368319423
      vertex 1.9482155432262105 -312 444.07169263347208
      vertex -3.0422086829246755 -273.17794462518697 442.32486782980931
    endloop
  endfacet
  facet normal -0.11860260331439755 0.11082086733660031 0.98673814046575259
    outer loop
      vertex 19.969912097480215 -295.43942647835979 447.59104124138457
      vertex 37.340591430664062 -279.7463387679997 447.91644287109375
      vertex -3.0422086829246755 -273.17794462518697 442.32486782980931
    endloop
  endfacet
  facet normal -0.056812277208963785 0 0.99838487827006483
    outer loop
      vertex 13.230563268360441 46.823970316160967 446.54448138280867
      vertex 37.340591430664062 12.072592137275906 447.91644287109375
      vertex 37.340591430664062 47.597248493846656 447.91644287109375
    endloop
  endfacet
  facet normal -0.056812277208963778 -6.9276867455813124e-18 0.99838487827006472
    outer loop
      vertex 37.340591430664062 47.597248493846656 447.91644287109375
      vertex 37.340591430664062 80 447.91644287109375
      vertex 13.230563268360441 46.823970316160967 446.54448138280867
    endloop
  endfacet
  facet normal 0.11959186222598041 0.049103813722690515 0.99160808889762975
    outer loop
      vertex 209.78344520080785 46.765533239414189 356.10650008484413
      vertex 197.42926373472531 38.427010638460217 358.00938172674751
      vertex 209.5471594056819 38.043848997039376 356.56688944809537
    endloop
  endfacet
  facet normal 0.1195918622259106 0.049103813722794633 0.99160808889763286
    outer loop
      vertex 197.42926373472531 38.427010638460217 358.00938172674751
      vertex 209.78344520080785 46.765533239414189 356.10650008484413
      vertex 209.7943149780692 47.166751940325597 356.08532104698486
    endloop
  endfacet
  facet normal 0.11959186222606118 0.04910381372257995 0.99160808889762542
    outer loop
      vertex 209.80748877144435 47.653016472282545 356.05965271918035
      vertex 197.42926373472531 38.427010638460217 358.00938172674751
      vertex 209.7943149780692 47.166751940325597 356.08532104698486
    endloop
  endfacet
  facet normal 0.11959186222597748 0.049103813722693221 0.99160808889762997
    outer loop
      vertex 197.42926373472531 38.427010638460217 358.00938172674751
      vertex 209.80748877144435 47.653016472282545 356.05965271918035
      vertex 210.18212918478136 61.481500275586896 355.32969171387481
    endloop
  endfacet
  facet normal 0.11001764898945987 0.046705688973703162 0.9928316551804357
    outer loop
      vertex 209.76688308796622 -264.72175708613116 356.13877032962671
      vertex 210.1646726510908 -249.18305895503397 355.3637049190109
      vertex 198.7986622259003 -270.67338193043418 357.63416242753277
    endloop
  endfacet
  facet normal 0.11001764898947682 0.046705688973668988 0.99283165518043548
    outer loop
      vertex 209.7478619746704 -265.46477367461085 356.17583175857874
      vertex 209.75638401660137 -265.1318800122844 356.15922712798931
      vertex 198.7986622259003 -270.67338193043418 357.63416242753277
    endloop
  endfacet
  facet normal 0.11001764898945521 0.046705688973711815 0.99283165518043592
    outer loop
      vertex 209.76688308796622 -264.72175708613116 356.13877032962671
      vertex 198.7986622259003 -270.67338193043418 357.63416242753277
      vertex 209.75638401660137 -265.1318800122844 356.15922712798931
    endloop
  endfacet
  facet normal 0.11001764898945812 0.046705688973708304 0.9928316551804357
    outer loop
      vertex 198.7986622259003 -270.67338193043418 357.63416242753277
      vertex 209.62473600169074 -270.27442794354812 356.41573571932577
      vertex 209.7478619746704 -265.46477367461085 356.17583175857874
    endloop
  endfacet
  facet normal 0.28155731805324308 0.044119616489454547 0.95852956975332182
    outer loop
      vertex 176.65010293775171 -312 366.0422530553721
      vertex 210.2048782798089 -292.43501634189812 355.28536828711179
      vertex 198.7986622259003 -270.67338193043418 357.63416242753277
    endloop
  endfacet
  facet normal 0.28155731805324269 0.044119616489455206 0.95852956975332193
    outer loop
      vertex 176.65010293775171 -312 366.0422530553721
      vertex 209.66064080557362 -312 356.3457775340683
      vertex 210.2048782798089 -292.43501634189812 355.28536828711179
    endloop
  endfacet
  facet normal 0.11344629878472741 -0.047650474941112402 0.99240081092768817
    outer loop
      vertex 210.2048782798089 -292.43501634189812 355.28536828711179
      vertex 210.17811081749869 -291.41253183500379 355.33752316378104
      vertex 198.7986622259003 -270.67338193043418 357.63416242753277
    endloop
  endfacet
  facet normal 0.1134462987848648 -0.047650474941035657 0.99240081092767596
    outer loop
      vertex 209.62473600169074 -270.27442794354812 356.41573571932577
      vertex 198.7986622259003 -270.67338193043418 357.63416242753277
      vertex 210.17811081749869 -291.41253183500379 355.33752316378104
    endloop
  endfacet
  facet normal 0.28160370747999697 -0.044362667401918354 0.95850472386655838
    outer loop
      vertex 176.66878981783319 80 366.0328321412274
      vertex 197.42926373472531 38.427010638460217 358.00938172674751
      vertex 210.18212918478136 61.481500275586896 355.32969171387481
    endloop
  endfacet
  facet normal 0.28160370747999752 -0.044362667401917286 0.95850472386655816
    outer loop
      vertex 209.84751110147727 73.444265810565994 355.98167585742993
      vertex 176.66878981783319 80 366.0328321412274
      vertex 210.18212918478136 61.481500275586896 355.32969171387481
    endloop
  endfacet
  facet normal 0.28160370747999752 -0.044362667401917154 0.95850472386655816
    outer loop
      vertex 176.66878981783319 80 366.0328321412274
      vertex 209.84751110147727 73.444265810565994 355.98167585742993
      vertex 209.6641352406568 80 356.33897109986663
    endloop
  endfacet
  facet normal 0.11663125342648614 -0.046354023321381867 0.99209296703791183
    outer loop
      vertex 197.42926373472531 38.427010638460217 358.00938172674751
      vertex 210.18000850020053 13.245459512397993 355.33382445492259
      vertex 209.9849767852175 20.887873618456911 355.71383262714653
    endloop
  endfacet
  facet normal 0.11663125342648127 -0.046354023321385426 0.9920929670379125
    outer loop
      vertex 209.9849767852175 20.887873618456911 355.71383262714653
      vertex 209.5471594056819 38.043848997039376 356.56688944809537
      vertex 197.42926373472531 38.427010638460217 358.00938172674751
    endloop
  endfacet
  facet normal 0.30797274344834796 0.055025625671828157 0.94980259518087329
    outer loop
      vertex 210.18000850020053 13.245459512397993 355.33382445492259
      vertex 197.42926373472531 38.427010638460217 358.00938172674751
      vertex 172.47795721194106 -1.5234848752238577 368.41430521729723
    endloop
  endfacet
  facet normal 0.30797274344834957 0.055025625671823633 0.94980259518087307
    outer loop
      vertex 172.47795721194106 -1.5234848752238577 368.41430521729723
      vertex 209.57969042364203 -3.5845692307371251 356.50350378858832
      vertex 210.18000850020053 13.245459512397993 355.33382445492259
    endloop
  endfacet
  facet normal 0.28921885419361115 -0.051979024496025476 0.95585073907560281
    outer loop
      vertex 175.21449138694481 -231.12003808301785 366.92110518229646
      vertex 209.82252157839275 -238.82749164951917 356.03036635661852
      vertex 209.48327471884863 -228.55988248968268 356.69136589369259
    endloop
  endfacet
  facet normal 0.2892188541936111 -0.051979024496026038 0.95585073907560303
    outer loop
      vertex 209.82252157839275 -238.82749164951917 356.03036635661852
      vertex 175.21449138694481 -231.12003808301785 366.92110518229646
      vertex 210.1646726510908 -249.18305895503397 355.3637049190109
    endloop
  endfacet
  facet normal 0.28921885419361087 -0.051979024496026427 0.95585073907560303
    outer loop
      vertex 198.7986622259003 -270.67338193043418 357.63416242753277
      vertex 210.1646726510908 -249.18305895503397 355.3637049190109
      vertex 175.21449138694481 -231.12003808301785 366.92110518229646
    endloop
  endfacet
  facet normal 0.30231770175839967 -0.056694264709735195 0.95151971474717323
    outer loop
      vertex 172.47795721194106 -1.5234848752238577 368.41430521729723
      vertex 190.26397887064812 -42.68427454090795 360.31083686372534
      vertex 210.03723692512906 -16.107081299078896 355.61200463448415
    endloop
  endfacet
  facet normal 0.30231770175840372 -0.056694264709704532 0.95151971474717378
    outer loop
      vertex 209.64616329413769 -5.4038586641647548 356.37398550299753
      vertex 172.47795721194106 -1.5234848752238577 368.41430521729723
      vertex 209.682405432162 -6.3957661618991448 356.30336993394832
    endloop
  endfacet
  facet normal 0.30231770175839939 -0.056694264709735778 0.95151971474717312
    outer loop
      vertex 210.03723692512906 -16.107081299078896 355.61200463448415
      vertex 209.682405432162 -6.3957661618991448 356.30336993394832
      vertex 172.47795721194106 -1.5234848752238577 368.41430521729723
    endloop
  endfacet
  facet normal 0.30231770175840367 -0.056694264709688101 0.95151971474717478
    outer loop
      vertex 172.47795721194106 -1.5234848752238577 368.41430521729723
      vertex 209.61954779308303 -4.6754235581222705 356.42584404998411
      vertex 209.57969042364203 -3.5845692307371251 356.50350378858832
    endloop
  endfacet
  facet normal 0.30231770175839356 -0.056694264709793385 0.95151971474717179
    outer loop
      vertex 172.47795721194106 -1.5234848752238577 368.41430521729723
      vertex 209.64616329413769 -5.4038586641647548 356.37398550299753
      vertex 209.61954779308303 -4.6754235581222705 356.42584404998411
    endloop
  endfacet
  facet normal 0.16218665786834735 0.053535844955179941 0.98530675493189956
    outer loop
      vertex 210.03723692512906 -16.107081299078896 355.61200463448415
      vertex 190.26397887064812 -42.68427454090795 360.31083686372534
      vertex 209.56432929281101 -31.633033662776253 356.5334377641629
    endloop
  endfacet
  facet normal 0.16218665786834655 0.053535844955181322 0.98530675493189956
    outer loop
      vertex 209.14641041046679 -45.353582791208218 357.3477243339151
      vertex 209.56432929281101 -31.633033662776253 356.5334377641629
      vertex 190.26397887064812 -42.68427454090795 360.31083686372534
    endloop
  endfacet
  facet normal 0.13733889350052825 -0.054006119782008588 0.98905074053768427
    outer loop
      vertex 210.02254423794543 -210.25180369531216 355.64063110031736
      vertex 209.32804206687814 -187.23591918304999 356.99382838404682
      vertex 193.4884584709265 -189.14287991035707 359.08917420421369
    endloop
  endfacet
  facet normal 0.13733889350047121 -0.05400611978205417 0.98905074053768993
    outer loop
      vertex 193.4884584709265 -189.14287991035707 359.08917420421369
      vertex 210.07246207109233 -211.90607870362089 355.5433695238595
      vertex 210.02254423794543 -210.25180369531216 355.64063110031736
    endloop
  endfacet
  facet normal 0.28174440931211953 0.056059777797181111 0.9578504001850684
    outer loop
      vertex 210.07246207109233 -211.90607870362089 355.5433695238595
      vertex 193.4884584709265 -189.14287991035707 359.08917420421369
      vertex 210.05082702477728 -212.51760811305377 355.58552407758305
    endloop
  endfacet
  facet normal 0.28174440931205108 0.056059777797129194 0.9578504001850916
    outer loop
      vertex 175.21449138694481 -231.12003808301785 366.92110518229646
      vertex 210.05082702477728 -212.51760811305377 355.58552407758305
      vertex 193.4884584709265 -189.14287991035707 359.08917420421369
    endloop
  endfacet
  facet normal 0.28174440931205147 0.0560597777971302 0.95785040018509138
    outer loop
      vertex 209.48327471884863 -228.55988248968268 356.69136589369259
      vertex 209.97865012134599 -214.55773230350866 355.7261560048575
      vertex 175.21449138694481 -231.12003808301785 366.92110518229646
    endloop
  endfacet
  facet normal 0.28174440931205907 0.056059777797113339 0.95785040018508993
    outer loop
      vertex 210.05082702477728 -212.51760811305377 355.58552407758305
      vertex 175.21449138694481 -231.12003808301785 366.92110518229646
      vertex 209.97865012134599 -214.55773230350866 355.7261560048575
    endloop
  endfacet
  facet normal 0.14735491406054854 -0.053941145345550424 0.98761170615835581
    outer loop
      vertex 210.30493024384316 -83.517828553623772 355.09042350985999
      vertex 209.3266788326402 -88.115820220063142 354.98524980292444
      vertex 210.40436945362592 -86.793592600576062 354.89667193766519
    endloop
  endfacet
  facet normal 0.14735491406050608 -0.053941145345541543 0.9876117061583628
    outer loop
      vertex 190.26397887064812 -42.68427454090795 360.31083686372534
      vertex 209.3266788326402 -88.115820220063142 354.98524980292444
      vertex 210.30493024384316 -83.517828553623772 355.09042350985999
    endloop
  endfacet
  facet normal 0.14735491406052273 -0.053941145345533091 0.98761170615836058
    outer loop
      vertex 209.5742552342524 -59.447794714431112 356.51409410658209
      vertex 190.26397887064812 -42.68427454090795 360.31083686372534
      vertex 210.30493024384316 -83.517828553623772 355.09042350985999
    endloop
  endfacet
  facet normal 0.1473549140605204 -0.053941145345532383 0.98761170615836102
    outer loop
      vertex 209.14641041046679 -45.353582791208218 357.3477243339151
      vertex 190.26397887064812 -42.68427454090795 360.31083686372534
      vertex 209.47443753128135 -56.159573188772292 356.70858255086563
    endloop
  endfacet
  facet normal 0.14735491406050685 -0.053941145345551944 0.98761170615836213
    outer loop
      vertex 209.51969500642593 -57.650454408613527 356.62040138473537
      vertex 209.47443753128135 -56.159573188772292 356.70858255086563
      vertex 190.26397887064812 -42.68427454090795 360.31083686372534
    endloop
  endfacet
  facet normal 0.14735491406050813 -0.053941145345550223 0.98761170615836191
    outer loop
      vertex 209.5742552342524 -59.447794714431112 356.51409410658209
      vertex 209.51969500642593 -57.650454408613527 356.62040138473537
      vertex 190.26397887064812 -42.68427454090795 360.31083686372534
    endloop
  endfacet
  facet normal 0.059775920950032216 0.018139783032131592 0.99804698664247404
    outer loop
      vertex 210.38968349857902 -88.319556575904784 354.92528634389805
      vertex 210.40436945362592 -86.793592600576062 354.89667193766519
      vertex 209.3266788326402 -88.115820220063142 354.98524980292444
    endloop
  endfacet
  facet normal 0.12562774584291572 0.045450092124170303 0.99103580086711918
    outer loop
      vertex 193.4884584709265 -189.14287991035707 359.08917420421369
      vertex 210.00771227532903 -160.23837596273054 355.66953085458704
      vertex 210.0955317354418 -156.75005564725578 355.49841994177876
    endloop
  endfacet
  facet normal 0.12562774584285141 0.045450092124203985 0.99103580086712573
    outer loop
      vertex 210.0955317354418 -156.75005564725578 355.49841994177876
      vertex 210.1830152391754 -153.27509642302098 355.32796437186494
      vertex 193.4884584709265 -189.14287991035707 359.08917420421369
    endloop
  endfacet
  facet normal 0.1256277458428823 0.045450092124187942 0.99103580086712262
    outer loop
      vertex 209.35301219004666 -186.24407331245976 356.94517582635297
      vertex 209.93195123822139 -163.24770615787426 355.81714613022893
      vertex 193.4884584709265 -189.14287991035707 359.08917420421369
    endloop
  endfacet
  facet normal 0.12562774584285316 0.045450092124206802 0.9910358008671255
    outer loop
      vertex 210.00771227532903 -160.23837596273054 355.66953085458704
      vertex 193.4884584709265 -189.14287991035707 359.08917420421369
      vertex 209.93195123822139 -163.24770615787426 355.81714613022893
    endloop
  endfacet
  facet normal 0.1256277458428891 0.045450092124151284 0.99103580086712328
    outer loop
      vertex 193.4884584709265 -189.14287991035707 359.08917420421369
      vertex 209.32804206687814 -187.23591918304999 356.99382838404682
      vertex 209.35301219004666 -186.24407331245976 356.94517582635297
    endloop
  endfacet
  facet normal 0.053389967948967228 -0.015299781622606586 0.99845652284148512
    outer loop
      vertex 210.44818038984664 -95.553622373006817 354.81130764629262
      vertex 210.38968349857902 -88.319556575904784 354.92528634389805
      vertex 209.3266788326402 -88.115820220063142 354.98524980292444
    endloop
  endfacet
  facet normal 0.31927207555035059 0.025987187254226288 0.94730671267144773
    outer loop
      vertex 210.44818038984664 -95.553622373006817 354.81130764629262
      vertex 173.54835911047795 -116.7885529312158 367.83023644630958
      vertex 210.26096081780014 -106.55089134069402 355.17609136911119
    endloop
  endfacet
  facet normal 0.3192720755503502 0.025987187254228047 0.94730671267144795
    outer loop
      vertex 210.22000457686605 -108.95667870390068 355.2558921661921
      vertex 210.26096081780014 -106.55089134069402 355.17609136911119
      vertex 173.54835911047795 -116.7885529312158 367.83023644630958
    endloop
  endfacet
  facet normal 0.31927207555035447 0.025987187254218995 0.94730671267144662
    outer loop
      vertex 173.54835911047795 -116.7885529312158 367.83023644630958
      vertex 210.44818038984664 -95.553622373006817 354.81130764629262
      vertex 209.3266788326402 -88.115820220063142 354.98524980292444
    endloop
  endfacet
  facet normal 0.31927207555035453 0.025987187254206612 0.94730671267144717
    outer loop
      vertex 173.54835911047795 -116.7885529312158 367.83023644630958
      vertex 210.18409626181983 -111.06593723496503 355.32585706541857
      vertex 210.22000457686605 -108.95667870390068 355.2558921661921
    endloop
  endfacet
  facet normal 0.31927207555035247 0.025987187254220535 0.9473067126714475
    outer loop
      vertex 209.78766143675773 -134.3527802928827 356.09828917292498
      vertex 210.18409626181983 -111.06593723496503 355.32585706541857
      vertex 173.54835911047795 -116.7885529312158 367.83023644630958
    endloop
  endfacet
  facet normal 0.31927207555035936 0.025987187254236595 0.94730671267144462
    outer loop
      vertex 209.77507177488562 -135.09229683598923 356.12281922433164
      vertex 209.78766143675773 -134.3527802928827 356.09828917292498
      vertex 173.54835911047795 -116.7885529312158 367.83023644630958
    endloop
  endfacet
  facet normal 0.33429607429805669 -0.056947525922664534 0.94074604118231375
    outer loop
      vertex 210.1830152391754 -153.27509642302098 355.32796437186494
      vertex 209.73339528719484 -141.44241690410911 356.20402227956043
      vertex 171.63838085032145 -155.79362481135252 368.87242317687088
    endloop
  endfacet
  facet normal 0.33429607429805669 -0.056947525922664097 0.94074604118231375
    outer loop
      vertex 171.63838085032145 -155.79362481135252 368.87242317687088
      vertex 193.4884584709265 -189.14287991035707 359.08917420421369
      vertex 210.1830152391754 -153.27509642302098 355.32796437186494
    endloop
  endfacet
  facet normal 0.31211248334462888 0.010099723636365234 0.94999147013166274
    outer loop
      vertex 209.77507177488562 -135.09229683598923 356.12281922433164
      vertex 173.54835911047795 -116.7885529312158 367.83023644630958
      vertex 171.63838085032145 -155.79362481135252 368.87242317687088
    endloop
  endfacet
  facet normal 0.31211248334462965 0.010099723636363753 0.94999147013166263
    outer loop
      vertex 171.63838085032145 -155.79362481135252 368.87242317687088
      vertex 209.73339528719484 -141.44241690410911 356.20402227956043
      vertex 209.77507177488562 -135.09229683598923 356.12281922433164
    endloop
  endfacet
endsolid OBJECT
