solid OBJECT
  facet normal 0.24161367517711904 0 0.97037252226524096
    outer loop
      vertex 37.340591430664062 47.597276749216839 104.91644287109165
      vertex 59.471512427317535 45.617221749987095 99.406050692453334
      vertex 37.340591430664062 80 104.91644287109165
    endloop
  endfacet
  facet normal 0.24161367517711904 0 0.97037252226524096
    outer loop
      vertex 59.471512427317535 45.617221749987095 99.406050692453334
      vertex 37.340591430664062 47.597276749216839 104.91644287109165
      vertex 37.340591430664062 12.072640740808918 104.91644287109165
    endloop
  endfacet
  facet normal 0.24451982673368022 0 0.96964429268372998
    outer loop
      vertex 60.100680418183458 -279.71681013046003 99.176922659748925
      vertex 37.340591430664062 -244.28377794903778 104.91644287109165
      vertex 37.340591430664062 -279.74637016498929 104.91644287109165
    endloop
  endfacet
  facet normal 0.24451982673368022 0 0.96964429268372998
    outer loop
      vertex 37.340591430664062 -279.74637016498929 104.91644287109165
      vertex 37.340591430664062 -312 104.91644287109165
      vertex 60.100680418183458 -279.71681013046003 99.176922659748925
    endloop
  endfacet
  facet normal -0.12264730564358786 -0 0.99245032037798653
    outer loop
      vertex 0.26180457854476469 -177.72894833071263 100.33423536854048
      vertex 37.340591430664062 -205.35678465252599 104.91644287109165
      vertex 37.340591430664062 -162.67928439632553 104.91644287109165
    endloop
  endfacet
  facet normal -0.1294610262520289 -0 0.99158451111429302
    outer loop
      vertex -1.2175007802011031 -100.2362730027655 99.882307976901473
      vertex 37.340591430664062 -116.13702406772869 104.91644287109165
      vertex 37.340591430664062 -69.574497709903198 104.91644287109165
    endloop
  endfacet
  facet normal -0.50625181580253642 -0.011455093573930401 0.86230961946846418
    outer loop
      vertex -45.613717359539159 49.377139318284144 77.025853783101866
      vertex -18.343749379777279 44.031704354072758 92.96472079631593
      vertex -33.884605358279117 80 84.318677429063399
    endloop
  endfacet
  facet normal -0.57260947025315656 0 0.81982827139371051
    outer loop
      vertex -40.005057643925277 10.588921407499583 80.349984165030861
      vertex -70 33.751336914912031 59.400001525876803
      vertex -70 -16.121528613796404 59.400001525876803
    endloop
  endfacet
  facet normal -0.45929461776421932 -0.037277839720116002 0.8875014460600168
    outer loop
      vertex -40.005057643925277 10.588921407499583 80.349984165030861
      vertex -1.7025490679935391 0.16229104091414115 99.734125854647289
      vertex -18.343749379777279 44.031704354072758 92.96472079631593
    endloop
  endfacet
  facet normal -0.44356125409771574 -0.00058328449356622673 0.89624386951457669
    outer loop
      vertex -1.2175007802011031 -100.2362730027655 99.882307976901473
      vertex -1.3799161517948146 -52.966938744335295 99.832690124297585
      vertex -36.475158336512166 -86.12291825035129 82.44207855618393
    endloop
  endfacet
  facet normal -0.42327312815283019 0.034740210984953217 0.90533583643001703
    outer loop
      vertex -18.343749379777279 44.031704354072758 92.96472079631593
      vertex 1.9483593215900239 80 101.07172137223279
      vertex -33.884605358279117 80 84.318677429063399
    endloop
  endfacet
  facet normal -0.10752551930024853 -0.093337211263354661 0.98981130913563109
    outer loop
      vertex 19.969924465133232 -295.4394404111186 104.59105404788772
      vertex 1.9482384566813564 -312 101.0716887268816
      vertex 37.340591430664062 -312 104.91644287109165
    endloop
  endfacet
  facet normal -0.58039531668578415 0 0.81433486746498107
    outer loop
      vertex -43.571282963111436 -279.8822948189794 78.236360138365598
      vertex -70 -265.75133691491214 59.400001525876803
      vertex -70 -312 59.400001525876803
    endloop
  endfacet
  facet normal -0.56784332881926969 -0.015406163674740658 0.82299246900337908
    outer loop
      vertex -43.571282963111436 -279.8822948189794 78.236360138365598
      vertex -70 -312 59.400001525876803
      vertex -33.884664188231284 -312 84.318640858767623
    endloop
  endfacet
  facet normal -0.56148236608154101 0.0072333526319748476 0.82745708721913525
    outer loop
      vertex -30.402711607725237 -140.11827997269947 86.041085393345298
      vertex -70 -166.22312086441772 59.400001525876803
      vertex -35.80781841060957 -193.22262781321876 82.837596386690137
    endloop
  endfacet
  facet normal -0.076471992923943563 -0 0.99707172976583802
    outer loop
      vertex 7.8595640656054115 -139.32086517820588 102.65534886075318
      vertex 37.340591430664062 -162.67928439632553 104.91644287109165
      vertex 37.340591430664062 -116.13702406772869 104.91644287109165
    endloop
  endfacet
  facet normal -0.56642446386334766 0 0.82411366129746899
    outer loop
      vertex -36.475158336512166 -86.12291825035129 82.44207855618393
      vertex -70 -65.776878730794209 59.400001525876803
      vertex -70 -115.99999977740936 59.400001525876803
    endloop
  endfacet
  facet normal -0.11122337143935618 0.04460775761340062 0.99279379007242352
    outer loop
      vertex -1.2175007802011031 -100.2362730027655 99.882307976901473
      vertex 7.8595640656054115 -139.32086517820588 102.65534886075318
      vertex 37.340591430664062 -116.13702406772869 104.91644287109165
    endloop
  endfacet
  facet normal -0.55821864026740398 0 0.8296938891290031
    outer loop
      vertex -30.402711607725237 -140.11827997269947 86.041085393345298
      vertex -70 -115.99999977740936 59.400001525876803
      vertex -70 -166.22312086441772 59.400001525876803
    endloop
  endfacet
  facet normal -0.56777943684657184 0.021496490039208581 0.82290000122140239
    outer loop
      vertex -45.613717359539159 49.377139318284144 77.025853783101866
      vertex -33.884605358279117 80 84.318677429063399
      vertex -70 80 59.400001525876803
    endloop
  endfacet
  facet normal -0.10792109306374631 0.037346134628706187 0.9934577514420132
    outer loop
      vertex 1.9483593215900239 80 101.07172137223279
      vertex 13.230573734859494 46.823994657292417 103.54448326881598
      vertex 37.340591430664062 80 104.91644287109165
    endloop
  endfacet
  facet normal -0.13157907427342444 -0 0.99130567798905933
    outer loop
      vertex -1.7025490679935391 0.16229104091414115 99.734125854647289
      vertex 37.340591430664062 -26.874695034872229 104.91644287109165
      vertex 37.340591430664062 12.072640740808918 104.91644287109165
    endloop
  endfacet
  facet normal -0.31959630656118593 0.024930554383333099 0.94722577471824942
    outer loop
      vertex 13.230573734859494 46.823994657292417 103.54448326881598
      vertex -18.343749379777279 44.031704354072758 92.96472079631593
      vertex -1.7025490679935391 0.16229104091414115 99.734125854647289
    endloop
  endfacet
  facet normal -0.10699859927331952 -0.038873956093899084 0.99349892566180309
    outer loop
      vertex 0.26180457854476469 -177.72894833071263 100.33423536854048
      vertex 37.340591430664062 -162.67928439632553 104.91644287109165
      vertex 7.8595640656054115 -139.32086517820588 102.65534886075318
    endloop
  endfacet
  facet normal -0.46038834398276945 -0.0090311635960310301 0.88767167962535831
    outer loop
      vertex -43.571282963111436 -279.8822948189794 78.236360138365598
      vertex -3.04219285299326 -273.17796662219632 99.324865036452479
      vertex -38.195654471668043 -240.76650238700549 81.422377992261062
    endloop
  endfacet
  facet normal -0.56717327665418515 0.0039701983329292487 0.82358892159532626
    outer loop
      vertex -38.195654471668043 -240.76650238700549 81.422377992261062
      vertex -35.80781841060957 -193.22262781321876 82.837596386690137
      vertex -70 -215.87847123998597 59.400001525876803
    endloop
  endfacet
  facet normal -0.56538933008083347 0 0.82482416637168565
    outer loop
      vertex -35.80781841060957 -193.22262781321876 82.837596386690137
      vertex -70 -166.22312086441772 59.400001525876803
      vertex -70 -215.87847123998597 59.400001525876803
    endloop
  endfacet
  facet normal -0.13109256050575976 -0 0.99137013298769694
    outer loop
      vertex -1.5900208778900904 -223.03662608346025 99.768503186642079
      vertex 37.340591430664062 -244.28377794903778 104.91644287109165
      vertex 37.340591430664062 -205.35678465252599 104.91644287109165
    endloop
  endfacet
  facet normal -0.11853361399261061 -0.043072926435961029 0.99201537556738151
    outer loop
      vertex 13.230573734859494 46.823994657292417 103.54448326881598
      vertex -1.7025490679935391 0.16229104091414115 99.734125854647289
      vertex 37.340591430664062 12.072640740808918 104.91644287109165
    endloop
  endfacet
  facet normal -0.31461704255875661 -0.036294349948112786 0.94852455777034361
    outer loop
      vertex -18.343749379777279 44.031704354072758 92.96472079631593
      vertex 13.230573734859494 46.823994657292417 103.54448326881598
      vertex 1.9483593215900239 80 101.07172137223279
    endloop
  endfacet
  facet normal -0.45011282091063559 0.0065764539502945604 0.89294747813368613
    outer loop
      vertex -36.026848891375238 -37.270713202310645 82.70778179414944
      vertex -1.7025490679935391 0.16229104091414115 99.734125854647289
      vertex -40.005057643925277 10.588921407499583 80.349984165030861
    endloop
  endfacet
  facet normal -0.58578618681023709 0 0.81046563365902324
    outer loop
      vertex -45.613717359539159 49.377139318284144 77.025853783101866
      vertex -70 80 59.400001525876803
      vertex -70 33.751336914912031 59.400001525876803
    endloop
  endfacet
  facet normal -0.45003954031391041 0.0051328634868885465 0.89299387784377837
    outer loop
      vertex -3.04219285299326 -273.17796662219632 99.324865036452479
      vertex -1.5900208778900904 -223.03662608346025 99.768503186642079
      vertex -38.195654471668043 -240.76650238700549 81.422377992261062
    endloop
  endfacet
  facet normal -0.56155211926494042 -0.0080037895199785419 0.82740265693456283
    outer loop
      vertex -30.402711607725237 -140.11827997269947 86.041085393345298
      vertex -36.475158336512166 -86.12291825035129 82.44207855618393
      vertex -70 -115.99999977740936 59.400001525876803
    endloop
  endfacet
  facet normal -0.13017635041448042 -0 0.99149085613169752
    outer loop
      vertex -1.3799161517948146 -52.966938744335295 99.832690124297585
      vertex 37.340591430664062 -69.574497709903198 104.91644287109165
      vertex 37.340591430664062 -26.874695034872229 104.91644287109165
    endloop
  endfacet
  facet normal -0.5685591211754023 -0.0067340160450462903 0.82261484229021753
    outer loop
      vertex -36.026848891375238 -37.270713202310645 82.70778179414944
      vertex -40.005057643925277 10.588921407499583 80.349984165030861
      vertex -70 -16.121528613796404 59.400001525876803
    endloop
  endfacet
  facet normal -0.12789445038789238 -0.0071562586774795277 0.99176196616008627
    outer loop
      vertex -1.5900208778900904 -223.03662608346025 99.768503186642079
      vertex 37.340591430664062 -205.35678465252599 104.91644287109165
      vertex 0.26180457854476469 -177.72894833071263 100.33423536854048
    endloop
  endfacet
  facet normal -0.46496666483561028 0.027345988469123221 0.88490575628498191
    outer loop
      vertex -43.571282963111436 -279.8822948189794 78.236360138365598
      vertex -33.884664188231284 -312 84.318640858767623
      vertex -3.04219285299326 -273.17796662219632 99.324865036452479
    endloop
  endfacet
  facet normal -0.43876496185547581 0.0067132621906155453 0.89857678601148105
    outer loop
      vertex -1.5900208778900904 -223.03662608346025 99.768503186642079
      vertex 0.26180457854476469 -177.72894833071263 100.33423536854048
      vertex -35.80781841060957 -193.22262781321876 82.837596386690137
    endloop
  endfacet
  facet normal -0.44642339208590248 -0.0042143900471810318 0.89481193214834065
    outer loop
      vertex -38.195654471668043 -240.76650238700549 81.422377992261062
      vertex -1.5900208778900904 -223.03662608346025 99.768503186642079
      vertex -35.80781841060957 -193.22262781321876 82.837596386690137
    endloop
  endfacet
  facet normal -0.56572488551268307 0 0.82459405401182806
    outer loop
      vertex -36.026848891375238 -37.270713202310645 82.70778179414944
      vertex -70 -16.121528613796404 59.400001525876803
      vertex -70 -65.776878730794209 59.400001525876803
    endloop
  endfacet
  facet normal -0.56613084697051375 0.00071191503007593277 0.8243150837425206
    outer loop
      vertex -36.026848891375238 -37.270713202310645 82.70778179414944
      vertex -70 -65.776878730794209 59.400001525876803
      vertex -36.475158336512166 -86.12291825035129 82.44207855618393
    endloop
  endfacet
  facet normal -0.018728800158226446 0 0.99982460063984879
    outer loop
      vertex 19.969924465133232 -295.4394404111186 104.59105404788772
      vertex 37.340591430664062 -312 104.91644287109165
      vertex 37.340591430664062 -279.74637016498929 104.91644287109165
    endloop
  endfacet
  facet normal -0.20701628207361975 0.017402802624633205 0.97818270349522307
    outer loop
      vertex 19.969924465133232 -295.4394404111186 104.59105404788772
      vertex -3.04219285299326 -273.17796662219632 99.324865036452479
      vertex 1.9482384566813564 -312 101.0716887268816
    endloop
  endfacet
  facet normal -0.39859397403743518 0.023441931084719869 0.91682785719461191
    outer loop
      vertex -30.402711607725237 -140.11827997269947 86.041085393345298
      vertex 0.26180457854476469 -177.72894833071263 100.33423536854048
      vertex 7.8595640656054115 -139.32086517820588 102.65534886075318
    endloop
  endfacet
  facet normal -0.43282541099548549 -0.010323395347070751 0.90141865473546612
    outer loop
      vertex -30.402711607725237 -140.11827997269947 86.041085393345298
      vertex -35.80781841060957 -193.22262781321876 82.837596386690137
      vertex 0.26180457854476469 -177.72894833071263 100.33423536854048
    endloop
  endfacet
  facet normal -0.1308681767593261 0.0010445127768613633 0.99139922801298808
    outer loop
      vertex -1.3799161517948146 -52.966938744335295 99.832690124297585
      vertex 37.340591430664062 -26.874695034872229 104.91644287109165
      vertex -1.7025490679935391 0.16229104091414115 99.734125854647289
    endloop
  endfacet
  facet normal -0.4434736312119345 -0.0010302677937678649 0.89628682739844734
    outer loop
      vertex -1.3799161517948146 -52.966938744335295 99.832690124297585
      vertex -1.7025490679935391 0.16229104091414115 99.734125854647289
      vertex -36.026848891375238 -37.270713202310645 82.70778179414944
    endloop
  endfacet
  facet normal -0.12992571410390127 0.0005943670837709194 0.99152355269169523
    outer loop
      vertex -1.2175007802011031 -100.2362730027655 99.882307976901473
      vertex 37.340591430664062 -69.574497709903198 104.91644287109165
      vertex -1.3799161517948146 -52.966938744335295 99.832690124297585
    endloop
  endfacet
  facet normal -0.4433921243073275 -0.00080610916533176071 0.89632738120078048
    outer loop
      vertex -1.3799161517948146 -52.966938744335295 99.832690124297585
      vertex -36.026848891375238 -37.270713202310645 82.70778179414944
      vertex -36.475158336512166 -86.12291825035129 82.44207855618393
    endloop
  endfacet
  facet normal -0.56927958539824575 0 0.82214399812247096
    outer loop
      vertex -38.195654471668043 -240.76650238700549 81.422377992261062
      vertex -70 -215.87847123998597 59.400001525876803
      vertex -70 -265.75133691491214 59.400001525876803
    endloop
  endfacet
  facet normal -0.57588652111083627 0.012562585693915961 0.81743311423231524
    outer loop
      vertex -38.195654471668043 -240.76650238700549 81.422377992261062
      vertex -70 -265.75133691491214 59.400001525876803
      vertex -43.571282963111436 -279.8822948189794 78.236360138365598
    endloop
  endfacet
  facet normal -0.44001320182712039 0.01036579382731442 0.89793147429866582
    outer loop
      vertex -1.2175007802011031 -100.2362730027655 99.882307976901473
      vertex -36.475158336512166 -86.12291825035129 82.44207855618393
      vertex -30.402711607725237 -140.11827997269947 86.041085393345298
    endloop
  endfacet
  facet normal -0.39766565302033968 -0.027284737766319282 0.91712462157164321
    outer loop
      vertex -1.2175007802011031 -100.2362730027655 99.882307976901473
      vertex -30.402711607725237 -140.11827997269947 86.041085393345298
      vertex 7.8595640656054115 -139.32086517820588 102.65534886075318
    endloop
  endfacet
  facet normal -0.13715583576309787 0 0.99054948221485961
    outer loop
      vertex -3.04219285299326 -273.17796662219632 99.324865036452479
      vertex 37.340591430664062 -279.74637016498929 104.91644287109165
      vertex 37.340591430664062 -244.28377794903778 104.91644287109165
    endloop
  endfacet
  facet normal -0.13371645686946024 -0.0048955504101143126 0.9910075391985973
    outer loop
      vertex -3.04219285299326 -273.17796662219632 99.324865036452479
      vertex 37.340591430664062 -244.28377794903778 104.91644287109165
      vertex -1.5900208778900904 -223.03662608346025 99.768503186642079
    endloop
  endfacet
  facet normal -0.57980995095009624 -0.014025314763086322 0.81463102772055229
    outer loop
      vertex -45.613717359539159 49.377139318284144 77.025853783101866
      vertex -70 33.751336914912031 59.400001525876803
      vertex -40.005057643925277 10.588921407499583 80.349984165030861
    endloop
  endfacet
  facet normal -0.504458097033747 0.0010528578929571231 0.86343553310443955
    outer loop
      vertex -45.613717359539159 49.377139318284144 77.025853783101866
      vertex -40.005057643925277 10.588921407499583 80.349984165030861
      vertex -18.343749379777279 44.031704354072758 92.96472079631593
    endloop
  endfacet
  facet normal -0.42348982471484448 -0.013681103768039722 0.90579754678552671
    outer loop
      vertex -33.884664188231284 -312 84.318640858767623
      vertex 1.9482384566813564 -312 101.0716887268816
      vertex -3.04219285299326 -273.17796662219632 99.324865036452479
    endloop
  endfacet
  facet normal -0.11860255374670299 0.11082164926423332 0.98673805860477259
    outer loop
      vertex 19.969924465133232 -295.4394404111186 104.59105404788772
      vertex 37.340591430664062 -279.74637016498929 104.91644287109165
      vertex -3.04219285299326 -273.17796662219632 99.324865036452479
    endloop
  endfacet
  facet normal -0.056812223945653384 -0 0.99838488130096859
    outer loop
      vertex 13.230573734859494 46.823994657292417 103.54448326881598
      vertex 37.340591430664062 12.072640740808918 104.91644287109165
      vertex 37.340591430664062 47.597276749216839 104.91644287109165
    endloop
  endfacet
  facet normal -0.056812223945653384 0 0.9983848813009687
    outer loop
      vertex 37.340591430664062 47.597276749216839 104.91644287109165
      vertex 37.340591430664062 80 104.91644287109165
      vertex 13.230573734859494 46.823994657292417 103.54448326881598
    endloop
  endfacet
  facet normal 0.28491062898037361 0 0.95855408480377768
    outer loop
      vertex 65.655721610869037 -0.78225110802932529 96.500348592014234
      vertex 37.340591430664062 12.072640740808918 104.91644287109165
      vertex 37.340591430664062 -26.874695034872229 104.91644287109165
    endloop
  endfacet
  facet normal 0.28491062898037289 -1.7287598467640844e-15 0.95855408480377791
    outer loop
      vertex 65.655721495206464 3.1575306502241878 96.500348626392579
      vertex 37.340591430664062 12.072640740808918 104.91644287109165
      vertex 65.655721610869037 -0.78225110802932529 96.500348592014234
    endloop
  endfacet
  facet normal 0.29330021071241613 0.035675586346095051 0.95535450955910317
    outer loop
      vertex 65.853176557370062 65.172936864585111 96.716572586198794
      vertex 37.340591430664062 80 104.91644287109165
      vertex 59.471512427317535 45.617221749987095 99.406050692453334
    endloop
  endfacet
  facet normal 0.29330021071241574 0.035675586346094107 0.9553545095591035
    outer loop
      vertex 65.458269806870192 80 96.284127945095065
      vertex 37.340591430664062 80 104.91644287109165
      vertex 65.853176557370062 65.172936864585111 96.716572586198794
    endloop
  endfacet
  facet normal 0.27748957994317569 -0.025307977106759732 0.9603952516113996
    outer loop
      vertex 65.755792549262097 8.413267987984689 96.609932056019318
      vertex 65.896747270820569 15.816197523244686 96.764284864903289
      vertex 37.340591430664062 12.072640740808918 104.91644287109165
    endloop
  endfacet
  facet normal 0.27748957994317586 -0.025307977106760426 0.9603952516113996
    outer loop
      vertex 59.471512427317535 45.617221749987095 99.406050692453334
      vertex 37.340591430664062 12.072640740808918 104.91644287109165
      vertex 65.896747270820569 15.816197523244686 96.764284864903289
    endloop
  endfacet
  facet normal 0.27748957994317586 -0.025307977106758736 0.9603952516113996
    outer loop
      vertex 65.755792549262097 8.413267987984689 96.609932056019318
      vertex 37.340591430664062 12.072640740808918 104.91644287109165
      vertex 65.655721495206464 3.1575306502241878 96.500348626392579
    endloop
  endfacet
  facet normal 0.29325151375886793 -0.036902665508090265 0.95532284750053498
    outer loop
      vertex 60.100680418183458 -279.71681013046003 99.176922659748925
      vertex 37.340591430664062 -312 104.91644287109165
      vertex 65.864221368411833 -297.2956840454861 96.728667163211682
    endloop
  endfacet
  facet normal 0.2932515137588676 -0.036902665508089467 0.9553228475005352
    outer loop
      vertex 65.459088093093726 -312 96.285023940355202
      vertex 65.864221368411833 -297.2956840454861 96.728667163211682
      vertex 37.340591430664062 -312 104.91644287109165
    endloop
  endfacet
  facet normal 0.31992617191556155 0 0.9474424755748786
    outer loop
      vertex 64.856425752243638 -98.106689385889069 95.62507609315152
      vertex 37.340591430664062 -69.574497709903198 104.91644287109165
      vertex 37.340591430664062 -116.13702406772869 104.91644287109165
    endloop
  endfacet
  facet normal 0.31992617191556044 -1.2622469410693058e-15 0.94744247557487904
    outer loop
      vertex 64.856425734271497 -85.806443684217925 95.625076099220252
      vertex 37.340591430664062 -69.574497709903198 104.91644287109165
      vertex 64.856425752243638 -98.106689385889069 95.62507609315152
    endloop
  endfacet
  facet normal 0.31773829530719078 -0.0041249584851780529 0.94816947873931046
    outer loop
      vertex 37.340591430664062 -69.574497709903198 104.91644287109165
      vertex 64.856425734271497 -85.806443684217925 95.625076099220252
      vertex 64.902119318297025 -70.785169432881901 95.675113072831309
    endloop
  endfacet
  facet normal 0.31773829530719144 -0.0041249584851795343 0.94816947873931035
    outer loop
      vertex 64.966342750170384 -49.672411268477859 95.745441224779654
      vertex 37.340591430664062 -69.574497709903198 104.91644287109165
      vertex 64.911130625279057 -67.822800763689173 95.68498093998906
    endloop
  endfacet
  facet normal 0.317738295307191 -0.0041249584851722745 0.94816947873931057
    outer loop
      vertex 64.902119318297025 -70.785169432881901 95.675113072831309
      vertex 64.911130625279057 -67.822800763689173 95.68498093998906
      vertex 37.340591430664062 -69.574497709903198 104.91644287109165
    endloop
  endfacet
  facet normal 0.31506552385891323 1.1943366209194612e-15 0.94906992138382962
    outer loop
      vertex 37.340591430664062 -26.874695034872229 104.91644287109165
      vertex 64.966342750170384 -49.672411268477859 95.745441224779654
      vertex 64.966342741619897 -41.203005820493289 95.745441227618173
    endloop
  endfacet
  facet normal 0.31506552385891234 0 0.94906992138382995
    outer loop
      vertex 64.966342750170384 -49.672411268477859 95.745441224779654
      vertex 37.340591430664062 -26.874695034872229 104.91644287109165
      vertex 37.340591430664062 -69.574497709903198 104.91644287109165
    endloop
  endfacet
  facet normal 0.31506552385891257 -2.3989103099327804e-16 0.94906992138382984
    outer loop
      vertex 64.966342741650891 -39.34975255622011 95.745441227607884
      vertex 37.340591430664062 -26.874695034872229 104.91644287109165
      vertex 64.966342741619897 -41.203005820493289 95.745441227618173
    endloop
  endfacet
  facet normal 0.31876091921339772 0.0041006210859265545 0.94782628223158039
    outer loop
      vertex 37.340591430664062 -162.67928439632553 104.91644287109165
      vertex 64.941194251019795 -182.03608607047411 95.717902188898179
      vertex 64.882873120733393 -162.74065543313421 95.654037371295388
    endloop
  endfacet
  facet normal 0.3187609192133975 0.0041006210859267844 0.94782628223158039
    outer loop
      vertex 64.876336414814105 -160.57800003149086 95.646879325479091
      vertex 64.833504466846449 -146.40714174028764 95.599976037353287
      vertex 37.340591430664062 -162.67928439632553 104.91644287109165
    endloop
  endfacet
  facet normal 0.31876091921339772 0.0041006210859229966 0.94782628223158039
    outer loop
      vertex 64.882873120733393 -162.74065543313421 95.654037371295388
      vertex 64.876336414814105 -160.57800003149086 95.646879325479091
      vertex 37.340591430664062 -162.67928439632553 104.91644287109165
    endloop
  endfacet
  facet normal 0.45705183245841852 0.019715776598914565 0.88922151941993821
    outer loop
      vertex 65.631763764823802 35.046392009390615 96.474113050771422
      vertex 59.471512427317535 45.617221749987095 99.406050692453334
      vertex 65.646418458405009 33.982883002666327 96.490160740936872
    endloop
  endfacet
  facet normal 0.45705183245838654 0.019715776598893387 0.88922151941995509
    outer loop
      vertex 65.658115644136529 33.134004476304405 96.502969786785854
      vertex 65.646418458405009 33.982883002666327 96.490160740936872
      vertex 59.471512427317535 45.617221749987095 99.406050692453334
    endloop
  endfacet
  facet normal 0.4570518324583987 0.019715776598900087 0.88922151941994876
    outer loop
      vertex 59.471512427317535 45.617221749987095 99.406050692453334
      vertex 65.631763764823802 35.046392009390615 96.474113050771422
      vertex 65.503366578697751 44.364318810519734 96.333511421993805
    endloop
  endfacet
  facet normal 0.45705183245839665 0.019715776598899604 0.88922151941994976
    outer loop
      vertex 59.471512427317535 45.617221749987095 99.406050692453334
      vertex 65.896747270820569 15.816197523244686 96.764284864903289
      vertex 65.658115644136529 33.134004476304405 96.502969786785854
    endloop
  endfacet
  facet normal 0.30515930080877141 -0.024088665000426078 0.95199660574415867
    outer loop
      vertex 65.446419062985171 -12.491759218254419 96.271150506957269
      vertex 37.340591430664062 -26.874695034872229 104.91644287109165
      vertex 65.421613209014453 -13.879529824540137 96.243986750256298
    endloop
  endfacet
  facet normal 0.30515930080877302 -0.024088665000429582 0.95199660574415801
    outer loop
      vertex 37.340591430664062 -26.874695034872229 104.91644287109165
      vertex 65.446419062985171 -12.491759218254419 96.271150506957269
      vertex 65.655721610869037 -0.78225110802932529 96.500348592014234
    endloop
  endfacet
  facet normal 0.3051593008087734 -0.02408866500043028 0.9519966057441579
    outer loop
      vertex 64.991753897485523 -37.928118443007207 95.773267815643266
      vertex 65.325604510949702 -19.250763313128719 96.138852029849943
      vertex 37.340591430664062 -26.874695034872229 104.91644287109165
    endloop
  endfacet
  facet normal 0.30515930080877374 -0.024088665000431733 0.9519966057441579
    outer loop
      vertex 65.421613209014453 -13.879529824540137 96.243986750256298
      vertex 37.340591430664062 -26.874695034872229 104.91644287109165
      vertex 65.325604510949702 -19.250763313128719 96.138852029849943
    endloop
  endfacet
  facet normal 0.3051593008087749 -0.024088665000426002 0.95199660574415745
    outer loop
      vertex 37.340591430664062 -26.874695034872229 104.91644287109165
      vertex 64.966342741650891 -39.34975255622011 95.745441227607884
      vertex 64.991753897485523 -37.928118443007207 95.773267815643266
    endloop
  endfacet
  facet normal 0.28787488167217679 0 0.95766802833875053
    outer loop
      vertex 37.340591430664062 -244.28377794903778 104.91644287109165
      vertex 65.587345288809814 -231.2987253061192 96.425472426309824
      vertex 37.340591430664062 -205.35678465252599 104.91644287109165
    endloop
  endfacet
  facet normal 0.28787488167217751 -1.551437325904919e-15 0.95766802833875053
    outer loop
      vertex 65.587345287954349 -235.77927885708726 96.425472426566969
      vertex 65.587345288809814 -231.2987253061192 96.425472426309824
      vertex 37.340591430664062 -244.28377794903778 104.91644287109165
    endloop
  endfacet
  facet normal 0.45149451125963486 0.02380529202366298 0.89195628501294344
    outer loop
      vertex 60.100680418183458 -279.71681013046003 99.176922659748925
      vertex 65.735251979972432 -289.55797579483971 96.58743890391662
      vertex 65.547011011329516 -278.26416152572614 96.381304605980574
    endloop
  endfacet
  facet normal 0.45149451125963957 0.023805292023666338 0.89195628501294111
    outer loop
      vertex 60.100680418183458 -279.71681013046003 99.176922659748925
      vertex 65.864221368411833 -297.2956840454861 96.728667163211682
      vertex 65.735251979972432 -289.55797579483971 96.58743890391662
    endloop
  endfacet
  facet normal 0.46030410608877581 -0.017634334351333821 0.88758614239396416
    outer loop
      vertex 65.769678494916349 -260.17915055428494 96.625137134332959
      vertex 60.100680418183458 -279.71681013046003 99.176922659748925
      vertex 65.547011011329516 -278.26416152572614 96.381304605980574
    endloop
  endfacet
  facet normal 0.46030410608882844 -0.017634334351352709 0.88758614239393652
    outer loop
      vertex 60.100680418183458 -279.71681013046003 99.176922659748925
      vertex 65.769678494916349 -260.17915055428494 96.625137134332959
      vertex 65.780026867635968 -259.33865638189263 96.636469168849658
    endloop
  endfacet
  facet normal 0.46030410608869932 -0.017634334351308165 0.88758614239400435
    outer loop
      vertex 65.785965331513751 -258.85633500151653 96.642972106315497
      vertex 60.100680418183458 -279.71681013046003 99.176922659748925
      vertex 65.780026867635968 -259.33865638189263 96.636469168849658
    endloop
  endfacet
  facet normal 0.46030410608877737 -0.017634334351334515 0.88758614239396327
    outer loop
      vertex 60.100680418183458 -279.71681013046003 99.176922659748925
      vertex 65.785965331513751 -258.85633500151653 96.642972106315497
      vertex 65.878938260465333 -251.3050831583322 96.744782482239799
    endloop
  endfacet
  facet normal 0.28087226364496953 0.025006924352947733 0.95941931669596714
    outer loop
      vertex 37.340591430664062 -244.28377794903778 104.91644287109165
      vertex 60.100680418183458 -279.71681013046003 99.176922659748925
      vertex 65.878938260465333 -251.3050831583322 96.744782482239799
    endloop
  endfacet
  facet normal 0.28087226364496959 0.025006924352947761 0.95941931669596725
    outer loop
      vertex 37.340591430664062 -244.28377794903778 104.91644287109165
      vertex 65.878938260465333 -251.3050831583322 96.744782482239799
      vertex 65.587345287954349 -235.77927885708726 96.425472426566969
    endloop
  endfacet
  facet normal 0.32094149537901123 0 0.94709902150930558
    outer loop
      vertex 37.340591430664062 -162.67928439632553 104.91644287109165
      vertex 64.833504461980581 -133.89468318557871 95.599976039002186
      vertex 37.340591430664062 -116.13702406772869 104.91644287109165
    endloop
  endfacet
  facet normal 0.32094149537901218 -9.9891658326560774e-16 0.94709902150930536
    outer loop
      vertex 64.833504466846449 -146.40714174028764 95.599976037353287
      vertex 64.833504461980581 -133.89468318557871 95.599976039002186
      vertex 37.340591430664062 -162.67928439632553 104.91644287109165
    endloop
  endfacet
  facet normal 0.32043750697802992 -0.00086960311222770113 0.94726925840129139
    outer loop
      vertex 37.340591430664062 -116.13702406772869 104.91644287109165
      vertex 64.833504461980581 -133.89468318557871 95.599976039002186
      vertex 64.834770202363956 -131.91842743668226 95.601362094176281
    endloop
  endfacet
  facet normal 0.3204375069780373 -0.00086960311221291554 0.94726925840128873
    outer loop
      vertex 64.834770202363956 -131.91842743668226 95.601362094176281
      vertex 64.836309634657567 -129.51484611773128 95.603047855574033
      vertex 37.340591430664062 -116.13702406772869 104.91644287109165
    endloop
  endfacet
  facet normal 0.32043750697803525 -0.00086960311223236136 0.94726925840128939
    outer loop
      vertex 64.856044469294801 -98.702004105611124 95.624658566485351
      vertex 37.340591430664062 -116.13702406772869 104.91644287109165
      vertex 64.854513242636727 -101.09277340779194 95.622981790891942
    endloop
  endfacet
  facet normal 0.32043750697803181 -0.00086960311222547115 0.9472692584012905
    outer loop
      vertex 64.836309634657567 -129.51484611773128 95.603047855574033
      vertex 64.854513242636727 -101.09277340779194 95.622981790891942
      vertex 37.340591430664062 -116.13702406772869 104.91644287109165
    endloop
  endfacet
  facet normal 0.32043750697801077 -0.00086960311218937567 0.94726925840129772
    outer loop
      vertex 64.856425752243638 -98.106689385889069 95.62507609315152
      vertex 37.340591430664062 -116.13702406772869 104.91644287109165
      vertex 64.856044469294801 -98.702004105611124 95.624658566485351
    endloop
  endfacet
  facet normal 0.31617640513000222 7.6148557368683169e-15 0.94870041680135708
    outer loop
      vertex 37.340591430664062 -205.35678465252599 104.91644287109165
      vertex 64.941194240303091 -192.57223877688494 95.717902192469779
      vertex 64.941194240250155 -191.78863598684836 95.717902192487415
    endloop
  endfacet
  facet normal 0.31617640513000572 0 0.94870041680135608
    outer loop
      vertex 37.340591430664062 -205.35678465252599 104.91644287109165
      vertex 64.941194251019795 -182.03608607047411 95.717902188898179
      vertex 37.340591430664062 -162.67928439632553 104.91644287109165
    endloop
  endfacet
  facet normal 0.31617640513000539 4.0068448734365967e-16 0.94870041680135597
    outer loop
      vertex 64.941194240250155 -191.78863598684836 95.717902192487415
      vertex 64.941194251019795 -182.03608607047411 95.717902188898179
      vertex 37.340591430664062 -205.35678465252599 104.91644287109165
    endloop
  endfacet
  facet normal 0.30669959717799333 0.022502838513542192 0.95154031935052019
    outer loop
      vertex 37.340591430664062 -205.35678465252599 104.91644287109165
      vertex 65.472209386681797 -224.39815727085821 96.299392394905908
      vertex 64.970981003427454 -194.35748195405552 95.750520306532437
    endloop
  endfacet
  facet normal 0.30669959717799361 0.022502838513541561 0.95154031935052019
    outer loop
      vertex 64.970981003427454 -194.35748195405552 95.750520306532437
      vertex 64.941194240303091 -192.57223877688494 95.717902192469779
      vertex 37.340591430664062 -205.35678465252599 104.91644287109165
    endloop
  endfacet
  facet normal 0.30669959717799455 0.022502838513543733 0.95154031935051986
    outer loop
      vertex 65.587345288809814 -231.2987253061192 96.425472426309824
      vertex 65.488913384261622 -225.39929649941521 96.317684173726875
      vertex 37.340591430664062 -205.35678465252599 104.91644287109165
    endloop
  endfacet
  facet normal 0.30669959717799045 0.022502838513537425 0.95154031935052119
    outer loop
      vertex 65.472209386681797 -224.39815727085821 96.299392394905908
      vertex 37.340591430664062 -205.35678465252599 104.91644287109165
      vertex 65.488913384261622 -225.39929649941521 96.317684173726875
    endloop
  endfacet
  facet normal 0.44979871801990612 -0.02399697878282717 0.89280751468440589
    outer loop
      vertex 59.471512427317535 45.617221749987095 99.406050692453334
      vertex 65.503366578697751 44.364318810519734 96.333511421993805
      vertex 65.785838538326061 61.16730799102443 96.642833918716832
    endloop
  endfacet
  facet normal 0.44979871801989912 -0.023996978782823707 0.89280751468440933
    outer loop
      vertex 59.471512427317535 45.617221749987095 99.406050692453334
      vertex 65.785838538326061 61.16730799102443 96.642833918716832
      vertex 65.853176557370062 65.172936864585111 96.716572586198794
    endloop
  endfacet
  facet normal 0.11959331754502533 0.049104487266977512 0.99160788002557831
    outer loop
      vertex 197.42891747879548 38.426979167739773 65.009471584468372
      vertex 245.77028934688062 36.898410608803886 59.25493334814869
      vertex 220.42553017632045 80 60.177255974424028
    endloop
  endfacet
  facet normal 0.11001893616649272 0.046706087935138127 0.99283149377655644
    outer loop
      vertex 221.54853832709034 -227.65848906691539 60.089657914115101
      vertex 198.79833513774309 -270.67338887779732 64.634246672464059
      vertex 246.91220749525544 -268.90032322012109 59.219178711942561
    endloop
  endfacet
  facet normal 0.44570679664968144 -0.045522941255755747 0.8940207566045123
    outer loop
      vertex 172.47767807672494 -1.5234333489151766 75.41446121751369
      vertex 197.42891747879548 38.426979167739773 65.009471584468372
      vertex 156.75110788127586 40.140069877083874 85.376293052147361
    endloop
  endfacet
  facet normal 0.0042262783713170439 -0.00040872523551831229 0.99999098571677625
    outer loop
      vertex 298.43028381451325 -175.57570109438063 59.05735581971858
      vertex 244.95921414729204 -182.94619006360244 59.280328950047462
      vertex 272.27272299909748 -223.70489092008333 59.148234157995446
    endloop
  endfacet
  facet normal 0.0063773022177178772 0.0022638207055152748 0.99997710230396641
    outer loop
      vertex 294.12502873597589 -57.220494428255591 59.093774313933153
      vertex 269.93752844078642 -8.3243451124138801 59.137334195386472
      vertex 240.54217299027209 -49.770810773278725 59.418631069075445
    endloop
  endfacet
  facet normal 0.28156066435355837 0.044120058758222044 0.95852856645170137
    outer loop
      vertex 198.79833513774309 -270.67338887779732 64.634246672464059
      vertex 176.64965668768795 -312 73.042477174947209
      vertex 220.45940583662798 -312 60.17368796274814
    endloop
  endfacet
  facet normal 0.43535303440247736 0.048512862841573828 0.89895174374126996
    outer loop
      vertex 175.21422775727314 -231.12005871452848 73.921249549702083
      vertex 157.97592106292012 -272.83634677183625 84.520845973504464
      vertex 198.79833513774309 -270.67338887779732 64.634246672464059
    endloop
  endfacet
  facet normal 0.021117040632594786 0.0091799131418745586 0.99973486474646311
    outer loop
      vertex 246.91220749525544 -268.90032322012109 59.219178711942561
      vertex 220.45940583662798 -312 60.17368796274814
      vertex 270.85445675746354 -312 59.109211394506367
    endloop
  endfacet
  facet normal -0.02238076472654655 0.014750509935687415 0.99964069736425409
    outer loop
      vertex 296.62121276791339 35.585930275854594 59.072658895202494
      vertex 348.33514664276572 35.474277863470149 60.232119809720601
      vertex 322.74122714403387 80 59.002089259001849
    endloop
  endfacet
  facet normal 0.1134476460376872 -0.047651227565455229 0.9924006207777244
    outer loop
      vertex 246.91220749525544 -268.90032322012109 59.219178711942561
      vertex 198.79833513774309 -270.67338887779732 64.634246672464059
      vertex 220.45940583662798 -312 60.17368796274814
    endloop
  endfacet
  facet normal 0.021208708417598622 -0.0089219179348888154 0.99973525999017376
    outer loop
      vertex 245.77028934688062 36.898410608803886 59.25493334814869
      vertex 270.79282636780738 80 59.108747798851056
      vertex 220.42553017632045 80 60.177255974424028
    endloop
  endfacet
  facet normal 0.60123555379981075 -0.0036301199257387389 0.7990635963903997
    outer loop
      vertex 146.24476189327052 -192.17890032529337 92.714247213111804
      vertex 106.85104776466899 -221.47164693081515 122.22199284652574
      vertex 141.17589833047461 -238.32695163810067 96.318538590817781
    endloop
  endfacet
  facet normal 0.55418786591136315 0.020353473874286234 0.83214274339073424
    outer loop
      vertex 157.97592106292012 -272.83634677183625 84.520845973504464
      vertex 137.73561543144851 -312 98.95833073380696
      vertex 176.64965668768795 -312 73.042477174947209
    endloop
  endfacet
  facet normal 0.43960341766917826 -0.053178269660698767 0.89661636545931511
    outer loop
      vertex 157.97592106292012 -272.83634677183625 84.520845973504464
      vertex 176.64965668768795 -312 73.042477174947209
      vertex 198.79833513774309 -270.67338887779732 64.634246672464059
    endloop
  endfacet
  facet normal 0.60462308387326402 0.0038141186847992373 0.79650259192688277
    outer loop
      vertex 121.01773980595944 37.951372452316718 111.84999386128771
      vertex 137.75668796468284 80 98.942147713982763
      vertex 103.76230898593842 80 124.74719400110358
    endloop
  endfacet
  facet normal 0.6046072935814456 -0.0036268329798858465 0.79651545285113934
    outer loop
      vertex 122.02609032982629 -270.23033167062761 111.0730800851932
      vertex 103.74911349547786 -312 124.75630725799635
      vertex 137.73561543144851 -312 98.95833073380696
    endloop
  endfacet
  facet normal 0.01787490648071682 0.0087382022861195174 0.99980204617669799
    outer loop
      vertex 244.95921414729204 -182.94619006360244 59.280328950047462
      vertex 221.54853832709034 -227.65848906691539 60.089657914115101
      vertex 272.27272299909748 -223.70489092008333 59.148234157995446
    endloop
  endfacet
  facet normal 0.28160705056440111 -0.044363185809303048 0.95850371768567899
    outer loop
      vertex 197.42891747879548 38.426979167739773 65.009471584468372
      vertex 220.42553017632045 80 60.177255974424028
      vertex 176.66834398170303 80 73.033056028090996
    endloop
  endfacet
  facet normal 0.59572962965560594 -0.012142193323604418 0.80309325454251368
    outer loop
      vertex 138.53451452453098 4.7165508680072321 98.353671630587527
      vertex 156.75110788127586 40.140069877083874 85.376293052147361
      vertex 121.01773980595944 37.951372452316718 111.84999386128771
    endloop
  endfacet
  facet normal 8.7978815696043537e-05 0.0014194316770633046 0.99999898873620963
    outer loop
      vertex 269.93752844078642 -8.3243451124138801 59.137334195386472
      vertex 321.66341663349908 -10.080241568354921 59.135275785972063
      vertex 296.62121276791339 35.585930275854594 59.072658895202494
    endloop
  endfacet
  facet normal 9.7162466093508277e-06 -0.00088605858007849479 0.99999960740281657
    outer loop
      vertex 294.12502873597589 -57.220494428255591 59.093774313933153
      vertex 321.66341663349908 -10.080241568354921 59.135275785972063
      vertex 269.93752844078642 -8.3243451124138801 59.137334195386472
    endloop
  endfacet
  facet normal 0.59360451815782267 -0.010136773238035022 0.80469306064544888
    outer loop
      vertex 122.02609032982629 -270.23033167062761 111.0730800851932
      vertex 137.73561543144851 -312 98.95833073380696
      vertex 157.97592106292012 -272.83634677183625 84.520845973504464
    endloop
  endfacet
  facet normal 0.55412410099390352 -0.019177569308147808 0.83221313467952984
    outer loop
      vertex 156.75110788127586 40.140069877083874 85.376293052147361
      vertex 176.66834398170303 80 73.033056028090996
      vertex 137.75668796468284 80 98.942147713982763
    endloop
  endfacet
  facet normal 0.59487163897566464 0.0099236959198745357 0.80375944996105431
    outer loop
      vertex 156.75110788127586 40.140069877083874 85.376293052147361
      vertex 137.75668796468284 80 98.942147713982763
      vertex 121.01773980595944 37.951372452316718 111.84999386128771
    endloop
  endfacet
  facet normal -0.024484475286749234 0.011350128423922709 0.99963577619785748
    outer loop
      vertex 323.84083930040111 -221.30037024222227 59.180225752818956
      vertex 297.6917385285243 -267.43790708902793 59.063603232876304
      vertex 349.12612851086158 -267.08581841278988 60.319408425738047
    endloop
  endfacet
  facet normal 0.44884855069515733 0.051970027536886579 0.89209533951067788
    outer loop
      vertex 197.42891747879548 38.426979167739773 65.009471584468372
      vertex 176.66834398170303 80 73.033056028090996
      vertex 156.75110788127586 40.140069877083874 85.376293052147361
    endloop
  endfacet
  facet normal -0.022437288098834326 -0.010933295677169125 0.99968846704781267
    outer loop
      vertex 321.66341663349908 -10.080241568354921 59.135275785972063
      vertex 348.33514664276572 35.474277863470149 60.232119809720601
      vertex 296.62121276791339 35.585930275854594 59.072658895202494
    endloop
  endfacet
  facet normal -0.024302583373796413 -0.015062215651726316 0.99959117348094895
    outer loop
      vertex 297.6917385285243 -267.43790708902793 59.063603232876304
      vertex 322.7925863757381 -312 59.002389801444778
      vertex 349.12612851086158 -267.08581841278988 60.319408425738047
    endloop
  endfacet
  facet normal 0.0020531586283488389 0.00038143204487711316 0.99999781952224365
    outer loop
      vertex 296.62121276791339 35.585930275854594 59.072658895202494
      vertex 322.74122714403387 80 59.002089259001849
      vertex 270.79282636780738 80 59.108747798851056
    endloop
  endfacet
  facet normal 0.0036177897163523665 0.0012913257821111665 0.99999262201042904
    outer loop
      vertex 296.62121276791339 35.585930275854594 59.072658895202494
      vertex 270.79282636780738 80 59.108747798851056
      vertex 245.77028934688062 36.898410608803886 59.25493334814869
    endloop
  endfacet
  facet normal 0.0020567041101465723 -0.00021516681522658197 0.99999786183343675
    outer loop
      vertex 297.6917385285243 -267.43790708902793 59.063603232876304
      vertex 270.85445675746354 -312 59.109211394506367
      vertex 322.7925863757381 -312 59.002389801444778
    endloop
  endfacet
  facet normal 0.0030878087055946925 -0.00083614708362954532 0.9999948831346348
    outer loop
      vertex 297.6917385285243 -267.43790708902793 59.063603232876304
      vertex 246.91220749525544 -268.90032322012109 59.219178711942561
      vertex 270.85445675746354 -312 59.109211394506367
    endloop
  endfacet
  facet normal 0.11663260588936707 -0.046354313720259527 0.99209279447185761
    outer loop
      vertex 218.96565982518644 -4.1061520004320471 60.490256735933329
      vertex 245.77028934688062 36.898410608803886 59.25493334814869
      vertex 197.42891747879548 38.426979167739773 65.009471584468372
    endloop
  endfacet
  facet normal -0.00051615216836964112 -0.0022351712958355017 0.99999736879464707
    outer loop
      vertex 272.27272299909748 -223.70489092008333 59.148234157995446
      vertex 297.6917385285243 -267.43790708902793 59.063603232876304
      vertex 323.84083930040111 -221.30037024222227 59.180225752818956
    endloop
  endfacet
  facet normal 0.59473733168783049 0.014743630180936045 0.80378487897317863
    outer loop
      vertex 141.17589833047461 -238.32695163810067 96.318538590817781
      vertex 122.02609032982629 -270.23033167062761 111.0730800851932
      vertex 157.97592106292012 -272.83634677183625 84.520845973504464
    endloop
  endfacet
  facet normal 0.3079753385175848 0.055025984585996453 0.94980173293446923
    outer loop
      vertex 172.47767807672494 -1.5234333489151766 75.41446121751369
      vertex 218.96565982518644 -4.1061520004320471 60.490256735933329
      vertex 197.42891747879548 38.426979167739773 65.009471584468372
    endloop
  endfacet
  facet normal 0.55200902942062424 -0.016277514030033531 0.83367923926118148
    outer loop
      vertex 175.21422775727314 -231.12005871452848 73.921249549702083
      vertex 141.17589833047461 -238.32695163810067 96.318538590817781
      vertex 157.97592106292012 -272.83634677183625 84.520845973504464
    endloop
  endfacet
  facet normal 0.56167152000222254 0.014217700864044175 0.82723815228780007
    outer loop
      vertex 138.53451452453098 4.7165508680072321 98.353671630587527
      vertex 172.47767807672494 -1.5234333489151766 75.41446121751369
      vertex 156.75110788127586 40.140069877083874 85.376293052147361
    endloop
  endfacet
  facet normal 0.54893503579085901 0.0049876566883481086 0.83585013594665858
    outer loop
      vertex 146.24476189327052 -192.17890032529337 92.714247213111804
      vertex 141.17589833047461 -238.32695163810067 96.318538590817781
      vertex 175.21422775727314 -231.12005871452848 73.921249549702083
    endloop
  endfacet
  facet normal 0.28922105408409254 -0.051979485536811004 0.95585004836418508
    outer loop
      vertex 175.21422775727314 -231.12005871452848 73.921249549702083
      vertex 198.79833513774309 -270.67338887779732 64.634246672464059
      vertex 221.54853832709034 -227.65848906691539 60.089657914115101
    endloop
  endfacet
  facet normal 0.60298800079057002 -0.0061372655361343446 0.79772664796553627
    outer loop
      vertex 138.53451452453098 4.7165508680072321 98.353671630587527
      vertex 121.01773980595944 37.951372452316718 111.84999386128771
      vertex 106.07504227610636 -9.4844135320170153 122.77998011369618
    endloop
  endfacet
  facet normal 0.6000831126517695 -0.0012007145301637541 0.7999367576219889
    outer loop
      vertex 146.24476189327052 -192.17890032529337 92.714247213111804
      vertex 109.47095655906828 -167.1669637580963 120.33814567022488
      vertex 106.85104776466899 -221.47164693081515 122.22199284652574
    endloop
  endfacet
  facet normal 0.025591519148158468 -0.01136611353390108 0.99960786592084383
    outer loop
      vertex 240.54217299027209 -49.770810773278725 59.418631069075445
      vertex 269.93752844078642 -8.3243451124138801 59.137334195386472
      vertex 218.96565982518644 -4.1061520004320471 60.490256735933329
    endloop
  endfacet
  facet normal -0.018293581543258056 0.0098065492940125065 0.99978456502651825
    outer loop
      vertex 346.53481352415173 -55.252937190953332 60.03344447640039
      vertex 321.66341663349908 -10.080241568354921 59.135275785972063
      vertex 294.12502873597589 -57.220494428255591 59.093774313933153
    endloop
  endfacet
  facet normal 0.0030681036178435588 -0.00015188415731663582 0.99999528182456587
    outer loop
      vertex 272.27272299909748 -223.70489092008333 59.148234157995446
      vertex 246.91220749525544 -268.90032322012109 59.219178711942561
      vertex 297.6917385285243 -267.43790708902793 59.063603232876304
    endloop
  endfacet
  facet normal 0.019276165178823787 -0.0092470660448301951 0.99977143449168493
    outer loop
      vertex 272.27272299909748 -223.70489092008333 59.148234157995446
      vertex 221.54853832709034 -227.65848906691539 60.089657914115101
      vertex 246.91220749525544 -268.90032322012109 59.219178711942561
    endloop
  endfacet
  facet normal 0.6041928667432116 0.0058453769014138873 0.79681667361162811
    outer loop
      vertex 106.85104776466899 -221.47164693081515 122.22199284652574
      vertex 122.02609032982629 -270.23033167062761 111.0730800851932
      vertex 141.17589833047461 -238.32695163810067 96.318538590817781
    endloop
  endfacet
  facet normal 0.00030428593937696598 -0.0018354186837409581 0.99999826932266356
    outer loop
      vertex 268.0040747878806 -141.96199489742898 59.128309434495407
      vertex 298.43028381451325 -175.57570109438063 59.05735581971858
      vertex 322.89658456651483 -115.19621626205921 59.160732881899413
    endloop
  endfacet
  facet normal 0.30231984100237025 -0.056694282499619345 0.95151903400202931
    outer loop
      vertex 190.26371024848038 -42.684246069258421 67.310941595758266
      vertex 218.96565982518644 -4.1061520004320471 60.490256735933329
      vertex 172.47767807672494 -1.5234333489151766 75.41446121751369
    endloop
  endfacet
  facet normal 0.60194536400599707 0.0030894908240297579 0.79853129794525657
    outer loop
      vertex 140.21527310888493 -140.30741289738549 97.058680982428626
      vertex 109.47095655906828 -167.1669637580963 120.33814567022488
      vertex 146.24476189327052 -192.17890032529337 92.714247213111804
    endloop
  endfacet
  facet normal 0.60156491821880054 -0.0009982139644144582 0.79882329256055706
    outer loop
      vertex 141.70880939425621 -39.524349875771748 95.90794134602497
      vertex 138.53451452453098 4.7165508680072321 98.353671630587527
      vertex 106.07504227610636 -9.4844135320170153 122.77998011369618
    endloop
  endfacet
  facet normal 0.60271455265333151 0.0011412796039626785 0.79795605486816146
    outer loop
      vertex 141.70880939425621 -39.524349875771748 95.90794134602497
      vertex 106.07504227610636 -9.4844135320170153 122.77998011369618
      vertex 108.26170761627576 -64.939904449368953 121.20765693382091
    endloop
  endfacet
  facet normal 0.16220872034311096 0.053521074709223113 0.98530392550046209
    outer loop
      vertex 190.26371024848038 -42.684246069258421 67.310941595758266
      vertex 240.54217299027209 -49.770810773278725 59.418631069075445
      vertex 218.96565982518644 -4.1061520004320471 60.490256735933329
    endloop
  endfacet
  facet normal 0.13733978342330511 -0.054006389773317863 0.98905060222058017
    outer loop
      vertex 193.48820188266237 -189.14285640109716 66.089240530875429
      vertex 221.54853832709034 -227.65848906691539 60.089657914115101
      vertex 244.95921414729204 -182.94619006360244 59.280328950047462
    endloop
  endfacet
  facet normal 0.0035665389045738487 -0.00069445078069878339 0.99999339874738935
    outer loop
      vertex 269.93752844078642 -8.3243451124138801 59.137334195386472
      vertex 296.62121276791339 35.585930275854594 59.072658895202494
      vertex 245.77028934688062 36.898410608803886 59.25493334814869
    endloop
  endfacet
  facet normal 0.027533064075683115 0.012114525016114069 0.99954748194682497
    outer loop
      vertex 269.93752844078642 -8.3243451124138801 59.137334195386472
      vertex 245.77028934688062 36.898410608803886 59.25493334814869
      vertex 218.96565982518644 -4.1061520004320471 60.490256735933329
    endloop
  endfacet
  facet normal 0.50381480497314735 -0.05814240858919164 0.86185271515109663
    outer loop
      vertex 170.57449728869986 -77.781861602782158 76.452941088291936
      vertex 190.26371024848038 -42.684246069258421 67.310941595758266
      vertex 141.70880939425621 -39.524349875771748 95.90794134602497
    endloop
  endfacet
  facet normal 0.49285097772143416 -0.05250530700843007 0.86852812648467348
    outer loop
      vertex 146.24476189327052 -192.17890032529337 92.714247213111804
      vertex 175.21422775727314 -231.12005871452848 73.921249549702083
      vertex 193.48820188266237 -189.14285640109716 66.089240530875429
    endloop
  endfacet
  facet normal 0.28174649326255197 0.056060423718005639 0.95784974940061052
    outer loop
      vertex 193.48820188266237 -189.14285640109716 66.089240530875429
      vertex 175.21422775727314 -231.12005871452848 73.921249549702083
      vertex 221.54853832709034 -227.65848906691539 60.089657914115101
    endloop
  endfacet
  facet normal 0.14740118562776741 -0.054090293855086555 0.98759664366896194
    outer loop
      vertex 209.17616693995052 -87.957993782025397 62.008585729392642
      vertex 240.54217299027209 -49.770810773278725 59.418631069075445
      vertex 190.26371024848038 -42.684246069258421 67.310941595758266
    endloop
  endfacet
  facet normal -0.017640671140258104 -0.0075997904988820168 0.99981550793438601
    outer loop
      vertex 322.89658456651483 -115.19621626205921 59.160732881899413
      vertex 346.53481352415173 -55.252937190953332 60.03344447640039
      vertex 294.12502873597589 -57.220494428255591 59.093774313933153
    endloop
  endfacet
  facet normal 0.55920572916673239 -0.0057062407892333727 0.8290092829897372
    outer loop
      vertex 141.70880939425621 -39.524349875771748 95.90794134602497
      vertex 172.47767807672494 -1.5234333489151766 75.41446121751369
      vertex 138.53451452453098 4.7165508680072321 98.353671630587527
    endloop
  endfacet
  facet normal 0.50928565632551459 0.050935031383991317 0.85908890275628735
    outer loop
      vertex 141.70880939425621 -39.524349875771748 95.90794134602497
      vertex 190.26371024848038 -42.684246069258421 67.310941595758266
      vertex 172.47767807672494 -1.5234333489151766 75.41446121751369
    endloop
  endfacet
  facet normal -0.02805603232969613 0.0096571837444282792 0.99955970199485411
    outer loop
      vertex 322.89658456651483 -115.19621626205921 59.160732881899413
      vertex 298.43028381451325 -175.57570109438063 59.05735581971858
      vertex 350.8173873682926 -173.32648930005695 60.506046894895107
    endloop
  endfacet
  facet normal -0.00087662776221199637 0.00071989755304904563 0.99999935663543282
    outer loop
      vertex 260.58684074246088 -97.940570964384307 59.093688090646609
      vertex 322.89658456651483 -115.19621626205921 59.160732881899413
      vertex 294.12502873597589 -57.220494428255591 59.093774313933153
    endloop
  endfacet
  facet normal 0.0039660553098083166 0.0014791302231003528 0.99999104124940164
    outer loop
      vertex 268.0040747878806 -141.96199489742898 59.128309434495407
      vertex 244.95921414729204 -182.94619006360244 59.280328950047462
      vertex 298.43028381451325 -175.57570109438063 59.05735581971858
    endloop
  endfacet
  facet normal 0.602809175210685 5.9211522422490385e-05 0.79788538949889876
    outer loop
      vertex 139.55629115499059 -92.961718256629979 97.566413309690063
      vertex 108.26170761627576 -64.939904449368953 121.20765693382091
      vertex 108.36607115613333 -116.21111996827653 121.13261426046918
    endloop
  endfacet
  facet normal 0.60304119872407613 0.00046638404450109451 0.79770990662480323
    outer loop
      vertex 139.55629115499059 -92.961718256629979 97.566413309690063
      vertex 141.70880939425621 -39.524349875771748 95.90794134602497
      vertex 108.26170761627576 -64.939904449368953 121.20765693382091
    endloop
  endfacet
  facet normal -0.00072683658787175563 0.0022832370550444694 0.99999712926444184
    outer loop
      vertex 298.43028381451325 -175.57570109438063 59.05735581971858
      vertex 272.27272299909748 -223.70489092008333 59.148234157995446
      vertex 323.84083930040111 -221.30037024222227 59.180225752818956
    endloop
  endfacet
  facet normal -0.027109781405200536 -0.012379734191555537 0.99955580231096075
    outer loop
      vertex 298.43028381451325 -175.57570109438063 59.05735581971858
      vertex 323.84083930040111 -221.30037024222227 59.180225752818956
      vertex 350.8173873682926 -173.32648930005695 60.506046894895107
    endloop
  endfacet
  facet normal 0.60330551306719715 0.00064736225266954508 0.79750989888830848
    outer loop
      vertex 140.21527310888493 -140.30741289738549 97.058680982428626
      vertex 108.36607115613333 -116.21111996827653 121.13261426046918
      vertex 109.47095655906828 -167.1669637580963 120.33814567022488
    endloop
  endfacet
  facet normal 0.602915050612022 -0.00016393129819339494 0.79780537405562313
    outer loop
      vertex 140.21527310888493 -140.30741289738549 97.058680982428626
      vertex 139.55629115499059 -92.961718256629979 97.566413309690063
      vertex 108.36607115613333 -116.21111996827653 121.13261426046918
    endloop
  endfacet
  facet normal 0.35963901369951673 0.041058366298513602 0.93218774417074157
    outer loop
      vertex 170.57449728869986 -77.781861602782158 76.452941088291936
      vertex 209.17616693995052 -87.957993782025397 62.008585729392642
      vertex 190.26371024848038 -42.684246069258421 67.310941595758266
    endloop
  endfacet
  facet normal 0.48688343677310797 0.063437568596285451 0.87116025729288105
    outer loop
      vertex 171.63818988601278 -155.79362449453845 75.872532039421941
      vertex 146.24476189327052 -192.17890032529337 92.714247213111804
      vertex 193.48820188266237 -189.14285640109716 66.089240530875429
    endloop
  endfacet
  facet normal 0.0054393905724455863 -0.004482150827289701 0.99997516136860209
    outer loop
      vertex 260.58684074246088 -97.940570964384307 59.093688090646609
      vertex 294.12502873597589 -57.220494428255591 59.093774313933153
      vertex 240.54217299027209 -49.770810773278725 59.418631069075445
    endloop
  endfacet
  facet normal 0.55729404071585198 -0.0051042254093378071 0.8302995237054932
    outer loop
      vertex 171.63818988601278 -155.79362449453845 75.872532039421941
      vertex 173.54817209430109 -116.7885035270406 74.83034094053518
      vertex 140.21527310888493 -140.30741289738549 97.058680982428626
    endloop
  endfacet
  facet normal 0.56167029145182301 0.0030529271728795462 0.82735552414672464
    outer loop
      vertex 170.57449728869986 -77.781861602782158 76.452941088291936
      vertex 141.70880939425621 -39.524349875771748 95.90794134602497
      vertex 139.55629115499059 -92.961718256629979 97.566413309690063
    endloop
  endfacet
  facet normal 0.060138096335789183 0.018292550604643274 0.99802244061017176
    outer loop
      vertex 209.17616693995052 -87.957993782025397 62.008585729392642
      vertex 260.58684074246088 -97.940570964384307 59.093688090646609
      vertex 240.54217299027209 -49.770810773278725 59.418631069075445
    endloop
  endfacet
  facet normal 0.12562863114382777 0.04545047730503806 0.99103567097742362
    outer loop
      vertex 216.95694668269624 -138.7211161443152 60.801803762887644
      vertex 193.48820188266237 -189.14285640109716 66.089240530875429
      vertex 244.95921414729204 -182.94619006360244 59.280328950047462
    endloop
  endfacet
  facet normal -0.00090019697383696129 0.00063478980702916005 0.99999939334347066
    outer loop
      vertex 268.0040747878806 -141.96199489742898 59.128309434495407
      vertex 322.89658456651483 -115.19621626205921 59.160732881899413
      vertex 260.58684074246088 -97.940570964384307 59.093688090646609
    endloop
  endfacet
  facet normal 0.55992263408392573 0.0082215985236169537 0.82850410328388502
    outer loop
      vertex 173.54817209430109 -116.7885035270406 74.83034094053518
      vertex 170.57449728869986 -77.781861602782158 76.452941088291936
      vertex 139.55629115499059 -92.961718256629979 97.566413309690063
    endloop
  endfacet
  facet normal 0.55741856426249992 -0.0047401478592466384 0.83021808894639582
    outer loop
      vertex 171.63818988601278 -155.79362449453845 75.872532039421941
      vertex 140.21527310888493 -140.30741289738549 97.058680982428626
      vertex 146.24476189327052 -192.17890032529337 92.714247213111804
    endloop
  endfacet
  facet normal 0.55539044096872126 -0.0011876956156548293 0.83158886924951925
    outer loop
      vertex 173.54817209430109 -116.7885035270406 74.83034094053518
      vertex 139.55629115499059 -92.961718256629979 97.566413309690063
      vertex 140.21527310888493 -140.30741289738549 97.058680982428626
    endloop
  endfacet
  facet normal 0.031861313613731707 -0.014208222156421193 0.99939130630497341
    outer loop
      vertex 216.95694668269624 -138.7211161443152 60.801803762887644
      vertex 244.95921414729204 -182.94619006360244 59.280328950047462
      vertex 268.0040747878806 -141.96199489742898 59.128309434495407
    endloop
  endfacet
  facet normal 0.053596251756469648 -0.015520740386686611 0.99844206062019758
    outer loop
      vertex 216.95694668269624 -138.7211161443152 60.801803762887644
      vertex 260.58684074246088 -97.940570964384307 59.093688090646609
      vertex 209.17616693995052 -87.957993782025397 62.008585729392642
    endloop
  endfacet
  facet normal 0.03316933524848039 0.0063747668080752599 0.99942941599060242
    outer loop
      vertex 216.95694668269624 -138.7211161443152 60.801803762887644
      vertex 268.0040747878806 -141.96199489742898 59.128309434495407
      vertex 260.58684074246088 -97.940570964384307 59.093688090646609
    endloop
  endfacet
  facet normal 0.34753694222560255 -0.012507107433075671 0.93758287423146536
    outer loop
      vertex 173.54817209430109 -116.7885035270406 74.83034094053518
      vertex 209.17616693995052 -87.957993782025397 62.008585729392642
      vertex 170.57449728869986 -77.781861602782158 76.452941088291936
    endloop
  endfacet
  facet normal 0.31948129342943593 0.026450727706106562 0.947223343331694
    outer loop
      vertex 173.54817209430109 -116.7885035270406 74.83034094053518
      vertex 216.95694668269624 -138.7211161443152 60.801803762887644
      vertex 209.17616693995052 -87.957993782025397 62.008585729392642
    endloop
  endfacet
  facet normal 0.33429787101076791 -0.056948049457702328 0.94074537102269651
    outer loop
      vertex 171.63818988601278 -155.79362449453845 75.872532039421941
      vertex 193.48820188266237 -189.14285640109716 66.089240530875429
      vertex 216.95694668269624 -138.7211161443152 60.801803762887644
    endloop
  endfacet
  facet normal 0.31211420631055453 0.01009968624306478 0.94999090446010293
    outer loop
      vertex 171.63818988601278 -155.79362449453845 75.872532039421941
      vertex 216.95694668269624 -138.7211161443152 60.801803762887644
      vertex 173.54817209430109 -116.7885035270406 74.83034094053518
    endloop
  endfacet
  facet normal -0.081701597786268079 0.018682461900307847 0.99648171811454445
    outer loop
      vertex 360.89524788025545 -287.91394384706479 61.674853781477339
      vertex 349.12612851086158 -267.08581841278988 60.319408425738047
      vertex 360.8882383485693 -288.6730658896779 61.688511411570204
    endloop
  endfacet
  facet normal -0.081701597786259669 0.018682461900312471 0.99648171811454522
    outer loop
      vertex 322.7925863757381 -312 59.002389801444778
      vertex 360.8882383485693 -288.6730658896779 61.688511411570204
      vertex 349.12612851086158 -267.08581841278988 60.319408425738047
    endloop
  endfacet
  facet normal -0.081701597786260044 0.018682461900312704 0.99648171811454511
    outer loop
      vertex 360.67284364929304 -312 62.10819444145352
      vertex 360.83419276540809 -294.52612294454724 61.793815807047672
      vertex 322.7925863757381 -312 59.002389801444778
    endloop
  endfacet
  facet normal -0.081701597786260738 0.018682461900314255 0.99648171811454489
    outer loop
      vertex 360.8882383485693 -288.6730658896779 61.688511411570204
      vertex 322.7925863757381 -312 59.002389801444778
      vertex 360.83419276540809 -294.52612294454724 61.793815807047672
    endloop
  endfacet
  facet normal -0.080815548594401321 -0.019836278638992795 0.99653166992080211
    outer loop
      vertex 323.84083930040111 -221.30037024222227 59.180225752818956
      vertex 360.88839192114386 -246.24105517213758 61.688212191028967
      vertex 360.72089083171124 -229.16274862752147 62.014577488475389
    endloop
  endfacet
  facet normal -0.080815548594401349 -0.01983627863898884 0.99653166992080211
    outer loop
      vertex 360.67318589911332 -224.29878337446115 62.1075275396854
      vertex 360.64917720783416 -221.85087200241134 62.154306962667988
      vertex 323.84083930040111 -221.30037024222227 59.180225752818956
    endloop
  endfacet
  facet normal -0.080815548594401848 -0.019836278638995369 0.99653166992080189
    outer loop
      vertex 360.67318589911332 -224.29878337446115 62.1075275396854
      vertex 323.84083930040111 -221.30037024222227 59.180225752818956
      vertex 360.72089083171124 -229.16274862752147 62.014577488475389
    endloop
  endfacet
  facet normal -0.080815548594401584 -0.019836278638993215 0.99653166992080189
    outer loop
      vertex 349.12612851086158 -267.08581841278988 60.319408425738047
      vertex 360.88839192114386 -246.24105517213758 61.688212191028967
      vertex 323.84083930040111 -221.30037024222227 59.180225752818956
    endloop
  endfacet
  facet normal -0.077534256578676033 0.02139595447224776 0.99676007754575202
    outer loop
      vertex 321.66341663349908 -10.080241568354921 59.135275785972063
      vertex 360.65551998168348 -8.8513918570568713 62.141948505492827
      vertex 360.83143993605017 7.7544674243515521 61.799179574458158
    endloop
  endfacet
  facet normal -0.077534256578676103 0.021395954472248024 0.99676007754575191
    outer loop
      vertex 321.66341663349908 -10.080241568354921 59.135275785972063
      vertex 360.89622815273998 13.870112691102598 61.672943818919535
      vertex 348.33514664276572 35.474277863470149 60.232119809720601
    endloop
  endfacet
  facet normal -0.077534256578676811 0.021395954472249453 0.99676007754575191
    outer loop
      vertex 360.83143993605017 7.7544674243515521 61.799179574458158
      vertex 360.86046892344791 10.494641418272908 61.742618423652758
      vertex 321.66341663349908 -10.080241568354921 59.135275785972063
    endloop
  endfacet
  facet normal -0.077534256578675798 0.021395954472247545 0.99676007754575202
    outer loop
      vertex 360.89622815273998 13.870112691102598 61.672943818919535
      vertex 321.66341663349908 -10.080241568354921 59.135275785972063
      vertex 360.86046892344791 10.494641418272908 61.742618423652758
    endloop
  endfacet
  facet normal -0.081564454259422381 -0.019356297409654086 0.99648009189945785
    outer loop
      vertex 322.74122714403387 80 59.002089259001849
      vertex 348.33514664276572 35.474277863470149 60.232119809720601
      vertex 360.89472155568808 56.876236874792433 61.675879267606874
    endloop
  endfacet
  facet normal -0.081564454259422561 -0.019356297409654385 0.99648009189945785
    outer loop
      vertex 360.80651181201688 66.096021887707295 61.847750359214622
      vertex 322.74122714403387 80 59.002089259001849
      vertex 360.89472155568808 56.876236874792433 61.675879267606874
    endloop
  endfacet
  facet normal -0.081564454259422381 -0.019356297409655516 0.99648009189945763
    outer loop
      vertex 322.74122714403387 80 59.002089259001849
      vertex 360.73685554347128 73.376576207316688 61.983471183230307
      vertex 360.67348637004733 80 62.106942078187821
    endloop
  endfacet
  facet normal -0.081564454259421867 -0.01935629740965249 0.99648009189945785
    outer loop
      vertex 322.74122714403387 80 59.002089259001849
      vertex 360.80651181201688 66.096021887707295 61.847750359214622
      vertex 360.73685554347128 73.376576207316688 61.983471183230307
    endloop
  endfacet
  facet normal -0.14370524263856888 -0.016809054981287562 0.98947777080075228
    outer loop
      vertex 349.12612851086158 -267.08581841278988 60.319408425738047
      vertex 360.89524788025545 -287.91394384706479 61.674853781477339
      vertex 360.72777124217293 -267.27320272323294 62.001171452294514
    endloop
  endfacet
  facet normal -0.1428810708460875 0.017091533544832369 0.98959227921147463
    outer loop
      vertex 348.33514664276572 35.474277863470149 60.232119809720601
      vertex 360.7193068179389 35.620634202301659 62.017663866805933
      vertex 360.73093128610486 37.02921056595234 61.99501432296745
    endloop
  endfacet
  facet normal -0.14288107084608795 0.017091533544836116 0.98959227921147441
    outer loop
      vertex 360.73093128610486 37.02921056595234 61.99501432296745
      vertex 360.75926377411236 40.462354175872676 61.939810261563011
      vertex 348.33514664276572 35.474277863470149 60.232119809720601
    endloop
  endfacet
  facet normal -0.14288107084608762 0.017091533544835284 0.98959227921147441
    outer loop
      vertex 360.89472155568808 56.876236874792433 61.675879267606874
      vertex 348.33514664276572 35.474277863470149 60.232119809720601
      vertex 360.75926377411236 40.462354175872676 61.939810261563011
    endloop
  endfacet
  facet normal -0.14319142495175463 0.015818363680022783 0.98956859044271028
    outer loop
      vertex 360.79181270386294 -258.88742417180526 61.876390706519246
      vertex 360.82844550315406 -254.09061698248303 61.805014009062042
      vertex 349.12612851086158 -267.08581841278988 60.319408425738047
    endloop
  endfacet
  facet normal -0.14319142495175285 0.015818363680021139 0.98956859044271051
    outer loop
      vertex 360.88839192114386 -246.24105517213758 61.688212191028967
      vertex 349.12612851086158 -267.08581841278988 60.319408425738047
      vertex 360.82844550315406 -254.09061698248303 61.805014009062042
    endloop
  endfacet
  facet normal -0.14319142495175391 0.015818363680021676 0.98956859044271051
    outer loop
      vertex 349.12612851086158 -267.08581841278988 60.319408425738047
      vertex 360.72777124217293 -267.27320272323294 62.001171452294514
      vertex 360.79181270386294 -258.88742417180526 61.876390706519246
    endloop
  endfacet
  facet normal -0.096694274187119802 0.023644090837219162 0.99503325286540423
    outer loop
      vertex 322.89658456651483 -115.19621626205921 59.160732881899413
      vertex 360.54447470594187 -95.798699420695613 62.358313216357857
      vertex 360.72053039795463 -80.642556099117797 62.015279804058636
    endloop
  endfacet
  facet normal -0.096694274187118956 0.023644090837219571 0.99503325286540423
    outer loop
      vertex 360.75524764590705 -77.653845104230626 61.94763543643279
      vertex 360.845584272221 -69.877016998232278 61.771620217699777
      vertex 346.53481352415173 -55.252937190953332 60.03344447640039
    endloop
  endfacet
  facet normal -0.096694274187119567 0.023644090837218912 0.99503325286540412
    outer loop
      vertex 322.89658456651483 -115.19621626205921 59.160732881899413
      vertex 360.72053039795463 -80.642556099117797 62.015279804058636
      vertex 346.53481352415173 -55.252937190953332 60.03344447640039
    endloop
  endfacet
  facet normal -0.096694274187122842 0.02364409083721708 0.99503325286540401
    outer loop
      vertex 360.75524764590705 -77.653845104230626 61.94763543643279
      vertex 346.53481352415173 -55.252937190953332 60.03344447640039
      vertex 360.72053039795463 -80.642556099117797 62.015279804058636
    endloop
  endfacet
  facet normal -0.14248878858481007 -0.016843852021218353 0.98965308556924159
    outer loop
      vertex 348.33514664276572 35.474277863470149 60.232119809720601
      vertex 360.89622815273998 13.870112691102598 61.672943818919535
      vertex 360.7193068179389 35.620634202301659 62.017663866805933
    endloop
  endfacet
  facet normal -0.076169809686315107 -0.022117576176509616 0.99684952370777935
    outer loop
      vertex 321.66341663349908 -10.080241568354921 59.135275785972063
      vertex 346.53481352415173 -55.252937190953332 60.03344447640039
      vertex 360.89442640802349 -30.654189378282673 61.676454399337651
    endloop
  endfacet
  facet normal -0.076169809686314607 -0.022117576176508676 0.99684952370777946
    outer loop
      vertex 360.79449354258907 -21.534233632780804 61.871167286257659
      vertex 321.66341663349908 -10.080241568354921 59.135275785972063
      vertex 360.89442640802349 -30.654189378282673 61.676454399337651
    endloop
  endfacet
  facet normal -0.076169809686314982 -0.022117576176509852 0.99684952370777935
    outer loop
      vertex 321.66341663349908 -10.080241568354921 59.135275785972063
      vertex 360.76307484816641 -18.666937701556549 61.932384630253274
      vertex 360.65551998168348 -8.8513918570568713 62.141948505492827
    endloop
  endfacet
  facet normal -0.076169809686315065 -0.022117576176510233 0.99684952370777935
    outer loop
      vertex 321.66341663349908 -10.080241568354921 59.135275785972063
      vertex 360.79449354258907 -21.534233632780804 61.871167286257659
      vertex 360.76307484816641 -18.666937701556549 61.932384630253274
    endloop
  endfacet
  facet normal -0.080262817073132001 0.01759031854117021 0.99661851321812467
    outer loop
      vertex 360.89122732011072 -194.02578171378579 61.682687610332479
      vertex 350.8173873682926 -173.32648930005695 60.506046894895107
      vertex 360.88354662273878 -194.90872327220615 61.697652964336925
    endloop
  endfacet
  facet normal -0.080262817073136525 0.017590318541168062 0.99661851321812422
    outer loop
      vertex 323.84083930040111 -221.30037024222227 59.180225752818956
      vertex 360.88354662273878 -194.90872327220615 61.697652964336925
      vertex 350.8173873682926 -173.32648930005695 60.506046894895107
    endloop
  endfacet
  facet normal -0.080262817073136747 0.017590318541167993 0.99661851321812422
    outer loop
      vertex 360.64917720783416 -221.85087200241134 62.154306962667988
      vertex 360.85038371286328 -198.72099593255558 61.762268803836484
      vertex 323.84083930040111 -221.30037024222227 59.180225752818956
    endloop
  endfacet
  facet normal -0.080262817073138287 0.017590318541170529 0.996618513218124
    outer loop
      vertex 360.88354662273878 -194.90872327220615 61.697652964336925
      vertex 323.84083930040111 -221.30037024222227 59.180225752818956
      vertex 360.85038371286328 -198.72099593255558 61.762268803836484
    endloop
  endfacet
  facet normal -0.14694383328874044 -0.015293261222001741 0.9890266053143395
    outer loop
      vertex 350.8173873682926 -173.32648930005695 60.506046894895107
      vertex 360.89122732011072 -194.02578171378579 61.682687610332479
      vertex 360.7477393696177 -174.56662373076716 61.96226483831861
    endloop
  endfacet
  facet normal -0.14343161458854956 0.017637447598879096 0.98950305324375754
    outer loop
      vertex 346.53481352415173 -55.252937190953332 60.03344447640039
      vertex 360.69705452654807 -53.834371613216732 62.061021056933413
      vertex 360.72084005982424 -51.040898707834096 62.014676445468503
    endloop
  endfacet
  facet normal -0.1434316145885505 0.017637447598882149 0.98950305324375754
    outer loop
      vertex 360.72084005982424 -51.040898707834096 62.014676445468503
      vertex 360.74697713242045 -47.971251154404285 61.963750008018543
      vertex 346.53481352415173 -55.252937190953332 60.03344447640039
    endloop
  endfacet
  facet normal -0.14343161458854964 0.017637447598880578 0.98950305324375742
    outer loop
      vertex 360.89442640802349 -30.654189378282673 61.676454399337651
      vertex 346.53481352415173 -55.252937190953332 60.03344447640039
      vertex 360.74697713242045 -47.971251154404285 61.963750008018543
    endloop
  endfacet
  facet normal -0.10448172733668561 -0.027176243818506439 0.99415543071727952
    outer loop
      vertex 360.31299714358454 -125.57499220438268 62.809332647261087
      vertex 322.89658456651483 -115.19621626205921 59.160732881899413
      vertex 360.46729941817307 -137.16647112436112 62.508684398576499
    endloop
  endfacet
  facet normal -0.1044817273366876 -0.027176243818509912 0.9941554307172793
    outer loop
      vertex 360.49588860108514 -139.31414465627992 62.452980179074089
      vertex 360.46729941817307 -137.16647112436112 62.508684398576499
      vertex 322.89658456651483 -115.19621626205921 59.160732881899413
    endloop
  endfacet
  facet normal -0.10448172733668634 -0.027176243818506276 0.99415543071727952
    outer loop
      vertex 360.49588860108514 -139.31414465627992 62.452980179074089
      vertex 350.8173873682926 -173.32648930005695 60.506046894895107
      vertex 360.79915159935069 -162.09583519003297 61.86209135374915
    endloop
  endfacet
  facet normal -0.10448172733668548 -0.027176243818506533 0.99415543071727974
    outer loop
      vertex 322.89658456651483 -115.19621626205921 59.160732881899413
      vertex 350.8173873682926 -173.32648930005695 60.506046894895107
      vertex 360.49588860108514 -139.31414465627992 62.452980179074089
    endloop
  endfacet
  facet normal -0.092698439880340877 0.015800439322456537 0.99556885515817939
    outer loop
      vertex 360.43518743157733 -109.85695133518321 62.571252578034233
      vertex 360.45151488705534 -107.75665666014604 62.539439561025837
      vertex 322.89658456651483 -115.19621626205921 59.160732881899413
    endloop
  endfacet
  facet normal -0.09269843988034028 0.015800439322453255 0.99556885515817972
    outer loop
      vertex 360.54447470594187 -95.798699420695613 62.358313216357857
      vertex 322.89658456651483 -115.19621626205921 59.160732881899413
      vertex 360.45151488705534 -107.75665666014604 62.539439561025837
    endloop
  endfacet
  facet normal -0.092698439880340419 0.015800439322452849 0.99556885515817983
    outer loop
      vertex 322.89658456651483 -115.19621626205921 59.160732881899413
      vertex 360.31299714358454 -125.57499220438268 62.809332647261087
      vertex 360.43518743157733 -109.85695133518321 62.571252578034233
    endloop
  endfacet
  facet normal -0.14404167317589453 0.0085424147286185283 0.98953475105187338
    outer loop
      vertex 360.7706401631641 -169.0117013317103 61.91764408876773
      vertex 360.78315622098921 -165.9757482732274 61.893257339150466
      vertex 350.8173873682926 -173.32648930005695 60.506046894895107
    endloop
  endfacet
  facet normal -0.14404167317589583 0.0085424147286202994 0.98953475105187327
    outer loop
      vertex 360.79915159935069 -162.09583519003297 61.86209135374915
      vertex 350.8173873682926 -173.32648930005695 60.506046894895107
      vertex 360.78315622098921 -165.9757482732274 61.893257339150466
    endloop
  endfacet
  facet normal -0.14404167317589611 0.0085424147286222787 0.98953475105187305
    outer loop
      vertex 350.8173873682926 -173.32648930005695 60.506046894895107
      vertex 360.7477393696177 -174.56662373076716 61.96226483831861
      vertex 360.7706401631641 -169.0117013317103 61.91764408876773
    endloop
  endfacet
  facet normal -0.13981647151405049 -0.019153416599106084 0.98999217215387192
    outer loop
      vertex 346.53481352415173 -55.252937190953332 60.03344447640039
      vertex 360.845584272221 -69.877016998232278 61.771620217699777
      vertex 360.69705452654807 -53.834371613216732 62.061021056933413
    endloop
  endfacet
  facet normal 0.53262237525994571 0.00027176618146429319 0.84635295918168596
    outer loop
      vertex 95.526074418346326 -106.8278237259694 129.21000020690764
      vertex 95.529553350419746 -125.51019899583487 129.21380982402835
      vertex 108.36607115613333 -116.21111996827653 121.13261426046918
    endloop
  endfacet
  facet normal 0.51606163246976411 -0.016961373485748377 0.85638350246961148
    outer loop
      vertex 103.74911349547786 -312 124.75630725799635
      vertex 96.085651213961938 -289.35951306536208 129.82276708312725
      vertex 96.067653936194375 -290.90215611971905 129.80305904297148
    endloop
  endfacet
  facet normal 0.51606163246976555 -0.016961373485748409 0.8563835024696107
    outer loop
      vertex 96.036012462644862 -293.61430741979996 129.76841000948212
      vertex 95.821515043280414 -312 129.53352375855707
      vertex 103.74911349547786 -312 124.75630725799635
    endloop
  endfacet
  facet normal 0.51606163246977554 -0.016961373485742639 0.85638350246960482
    outer loop
      vertex 96.067653936194375 -290.90215611971905 129.80305904297148
      vertex 96.036012462644862 -293.61430741979996 129.76841000948212
      vertex 103.74911349547786 -312 124.75630725799635
    endloop
  endfacet
  facet normal 0.57912689152170371 0.013618337986020605 0.81512366202123432
    outer loop
      vertex 96.085651213961938 -289.35951306536208 129.82276708312725
      vertex 103.74911349547786 -312 124.75630725799635
      vertex 122.02609032982629 -270.23033167062761 111.0730800851932
    endloop
  endfacet
  facet normal 0.57912689152170382 0.013618337986020482 0.81512366202123432
    outer loop
      vertex 95.919859661383498 -271.44245259007027 129.64121642317434
      vertex 96.074034469459249 -288.10409589374393 129.81004615904391
      vertex 122.02609032982629 -270.23033167062761 111.0730800851932
    endloop
  endfacet
  facet normal 0.57912689152170382 0.013618337986020497 0.81512366202123432
    outer loop
      vertex 122.02609032982629 -270.23033167062761 111.0730800851932
      vertex 96.074034469459249 -288.10409589374393 129.81004615904391
      vertex 96.085651213961938 -289.35951306536208 129.82276708312725
    endloop
  endfacet
  facet normal 0.51610032638251002 0.016224822510820334 0.85637445562228143
    outer loop
      vertex 96.04597454693743 59.846891446102411 129.77931902944985
      vertex 103.76230898593842 80 124.74719400110358
      vertex 96.027940680258837 61.462876202207475 129.75957091429041
    endloop
  endfacet
  facet normal 0.51610032638251879 0.016224822510815671 0.85637445562227621
    outer loop
      vertex 103.76230898593842 80 124.74719400110358
      vertex 96.04597454693743 59.846891446102411 129.77931902944985
      vertex 96.066116719858684 58.041988288596293 129.80137579589942
    endloop
  endfacet
  facet normal 0.51610032638251579 0.016224822510816132 0.85637445562227821
    outer loop
      vertex 95.821071955512934 80 129.53303855353758
      vertex 96.008391640318962 63.214626748998384 129.73816371830139
      vertex 103.76230898593842 80 124.74719400110358
    endloop
  endfacet
  facet normal 0.51610032638250047 0.016224822510825909 0.8563744556222872
    outer loop
      vertex 96.027940680258837 61.462876202207475 129.75957091429041
      vertex 103.76230898593842 80 124.74719400110358
      vertex 96.008391640318962 63.214626748998384 129.73816371830139
    endloop
  endfacet
  facet normal 0.5764941550112187 -0.014010312198038466 0.81698115057204002
    outer loop
      vertex 96.066116719858684 58.041988288596293 129.80137579589942
      vertex 121.01773980595944 37.951372452316718 111.84999386128771
      vertex 103.76230898593842 80 124.74719400110358
    endloop
  endfacet
  facet normal 0.57649415501121848 -0.014010312198039042 0.81698115057204024
    outer loop
      vertex 95.885603126098289 39.087418946959779 129.60370366816466
      vertex 121.01773980595944 37.951372452316718 111.84999386128771
      vertex 96.066116719858684 58.041988288596293 129.80137579589942
    endloop
  endfacet
  facet normal 0.53239881250119137 -0.00015525516322310252 0.84649363869030669
    outer loop
      vertex 95.526243090502547 -105.24235209031838 129.21018491213727
      vertex 108.36607115613333 -116.21111996827653 121.13261426046918
      vertex 95.527501233597235 -93.416294090679301 129.21156262204806
    endloop
  endfacet
  facet normal 0.53239881250119325 -0.00015525516322168915 0.84649363869030558
    outer loop
      vertex 108.26170761627576 -64.939904449368953 121.20765693382091
      vertex 95.527501233597235 -93.416294090679301 129.21156262204806
      vertex 108.36607115613333 -116.21111996827653 121.13261426046918
    endloop
  endfacet
  facet normal 0.53239881250118803 -0.00015525516322858996 0.84649363869030891
    outer loop
      vertex 108.36607115613333 -116.21111996827653 121.13261426046918
      vertex 95.526243090502547 -105.24235209031838 129.21018491213727
      vertex 95.526074418346326 -106.8278237259694 129.21000020690764
    endloop
  endfacet
  facet normal 0.53239881250097831 -0.00015525516284753475 0.84649363869044081
    outer loop
      vertex 95.529444577528551 -75.149262122989043 129.21369071486066
      vertex 108.26170761627576 -64.939904449368953 121.20765693382091
      vertex 95.529452245062558 -75.077185558209464 129.2136991119383
    endloop
  endfacet
  facet normal 0.53239881250119336 -0.00015525516322173962 0.84649363869030558
    outer loop
      vertex 95.527501233597235 -93.416294090679301 129.21156262204806
      vertex 108.26170761627576 -64.939904449368953 121.20765693382091
      vertex 95.529444577528551 -75.149262122989043 129.21369071486066
    endloop
  endfacet
  facet normal 0.52303001122155812 0.0055245172618421231 0.85229636105676321
    outer loop
      vertex 95.593239261033531 -20.466538054208982 129.28354945689685
      vertex 106.07504227610636 -9.4844135320170153 122.77998011369618
      vertex 95.581020495606182 -17.245499427918233 129.27016924903197
    endloop
  endfacet
  facet normal 0.52303001122155601 0.0055245172618459794 0.85229636105676454
    outer loop
      vertex 95.539085950260571 -6.1909629065481857 129.22424865861339
      vertex 95.581020495606182 -17.245499427918233 129.27016924903197
      vertex 106.07504227610636 -9.4844135320170153 122.77998011369618
    endloop
  endfacet
  facet normal 0.53377587987666963 -0.00130013325073493 0.84562498763661054
    outer loop
      vertex 95.478329492634174 -175.53302462504044 129.15771692143076
      vertex 109.47095655906828 -167.1669637580963 120.33814567022488
      vertex 95.48487905902698 -168.17922887746511 129.16488902951068
    endloop
  endfacet
  facet normal 0.53377587987666986 -0.0013001332507392785 0.84562498763661043
    outer loop
      vertex 95.4945854425265 -157.28094634607194 129.17551807457622
      vertex 95.48487905902698 -168.17922887746511 129.16488902951068
      vertex 109.47095655906828 -167.1669637580963 120.33814567022488
    endloop
  endfacet
  facet normal 0.53377587987666364 -0.001300133250752058 0.8456249876366142
    outer loop
      vertex 109.47095655906828 -167.1669637580963 120.33814567022488
      vertex 95.495421100686258 -156.34267530536135 129.17643316485862
      vertex 95.4945854425265 -157.28094634607194 129.17551807457622
    endloop
  endfacet
  facet normal 0.57715323645182015 0.0063522198345563104 0.8166111626449658
    outer loop
      vertex 95.901976966159566 35.294690044302925 129.62163390675045
      vertex 95.966471967678416 20.355490966871109 129.69225941429761
      vertex 121.01773980595944 37.951372452316718 111.84999386128771
    endloop
  endfacet
  facet normal 0.57715323645182026 0.0063522198345561985 0.8166111626449658
    outer loop
      vertex 106.07504227610636 -9.4844135320170153 122.77998011369618
      vertex 121.01773980595944 37.951372452316718 111.84999386128771
      vertex 95.966471967678416 20.355490966871109 129.69225941429761
    endloop
  endfacet
  facet normal 0.57715323645182015 0.0063522198345571197 0.81661116264496592
    outer loop
      vertex 95.901976966159566 35.294690044302925 129.62163390675045
      vertex 121.01773980595944 37.951372452316718 111.84999386128771
      vertex 95.885603126098289 39.087418946959779 129.60370366816466
    endloop
  endfacet
  facet normal 0.51630437715420552 -0.023404948589117975 0.85608527525763967
    outer loop
      vertex 95.756425232479145 7.3087469462827448 129.462246902743
      vertex 106.07504227610636 -9.4844135320170153 122.77998011369618
      vertex 95.790025967352207 9.3958050253281318 129.49904146218981
    endloop
  endfacet
  facet normal 0.51630437715420663 -0.023404948589117149 0.856085275257639
    outer loop
      vertex 95.81525572776718 10.962916633324802 129.52666947024619
      vertex 95.790025967352207 9.3958050253281318 129.49904146218981
      vertex 106.07504227610636 -9.4844135320170153 122.77998011369618
    endloop
  endfacet
  facet normal 0.51630437715420374 -0.023404948589119533 0.85608527525764078
    outer loop
      vertex 106.07504227610636 -9.4844135320170153 122.77998011369618
      vertex 95.756425232479145 7.3087469462827448 129.462246902743
      vertex 95.539085950260571 -6.1909629065481857 129.22424865861339
    endloop
  endfacet
  facet normal 0.5163043771542043 -0.023404948589118728 0.85608527525764033
    outer loop
      vertex 106.07504227610636 -9.4844135320170153 122.77998011369618
      vertex 95.966471967678416 20.355490966871109 129.69225941429761
      vertex 95.81525572776718 10.962916633324802 129.52666947024619
    endloop
  endfacet
  facet normal 0.52493921607524352 -0.0054642040177518628 0.85112217801016166
    outer loop
      vertex 95.50926503373006 -225.45487256336048 129.19159313592041
      vertex 106.85104776466899 -221.47164693081515 122.22199284652574
      vertex 95.562682607252398 -211.21172347601424 129.25008825517045
    endloop
  endfacet
  facet normal 0.52493921607525074 -0.005464204017740594 0.85112217801015733
    outer loop
      vertex 95.566817897095348 -210.10909834700647 129.25461662131008
      vertex 95.562682607252398 -211.21172347601424 129.25008825517045
      vertex 106.85104776466899 -221.47164693081515 122.22199284652574
    endloop
  endfacet
  facet normal 0.53160103919800994 0.0012418811045596095 0.84699397450921554
    outer loop
      vertex 95.529452245062558 -75.077185558209464 129.2136991119383
      vertex 108.26170761627576 -64.939904449368953 121.20765693382091
      vertex 95.520688620265219 -64.780737858414483 129.20410257165858
    endloop
  endfacet
  facet normal 0.53160103919800994 0.0012418811045618761 0.84699397450921554
    outer loop
      vertex 95.514024659111982 -56.951144189052499 129.19680516937927
      vertex 95.520688620265219 -64.780737858414483 129.20410257165858
      vertex 108.26170761627576 -64.939904449368953 121.20765693382091
    endloop
  endfacet
  facet normal 0.52961452992852398 -0.0031666103249149359 0.8482325284187342
    outer loop
      vertex 95.514024659111982 -56.951144189052499 129.19680516937927
      vertex 108.26170761627576 -64.939904449368953 121.20765693382091
      vertex 95.532041016275315 -48.653185817809799 129.21653404744436
    endloop
  endfacet
  facet normal 0.52961452992852343 -0.0031666103249154988 0.84823252841873453
    outer loop
      vertex 95.573735533740717 -29.449549459756881 129.26219182358682
      vertex 95.532041016275315 -48.653185817809799 129.21653404744436
      vertex 108.26170761627576 -64.939904449368953 121.20765693382091
    endloop
  endfacet
  facet normal 0.5296145299285222 -0.0031666103249160709 0.84823252841873542
    outer loop
      vertex 95.573735533740717 -29.449549459756881 129.26219182358682
      vertex 106.07504227610636 -9.4844135320170153 122.77998011369618
      vertex 95.593239261033531 -20.466538054208982 129.28354945689685
    endloop
  endfacet
  facet normal 0.52961452992852232 -0.0031666103249160999 0.84823252841873542
    outer loop
      vertex 108.26170761627576 -64.939904449368953 121.20765693382091
      vertex 106.07504227610636 -9.4844135320170153 122.77998011369618
      vertex 95.573735533740717 -29.449549459756881 129.26219182358682
    endloop
  endfacet
  facet normal 0.53360080313335401 -0.0016159500649467621 0.84573492986918031
    outer loop
      vertex 95.529374607511599 -125.67166173123211 129.21361409088246
      vertex 108.36607115613333 -116.21111996827653 121.13261426046918
      vertex 95.529553350419746 -125.51019899583487 129.21380982402835
    endloop
  endfacet
  facet normal 0.53360080313330815 -0.0016159500648596759 0.84573492986920928
    outer loop
      vertex 95.515891134653586 -137.85161104306832 129.19884894699001
      vertex 108.36607115613333 -116.21111996827653 121.13261426046918
      vertex 95.529374607511599 -125.67166173123211 129.21361409088246
    endloop
  endfacet
  facet normal 0.53360080313331026 -0.0016159500648602364 0.84573492986920784
    outer loop
      vertex 95.515891134653586 -137.85161104306832 129.19884894699001
      vertex 95.495421100686258 -156.34267530536135 129.17643316485862
      vertex 109.47095655906828 -167.1669637580963 120.33814567022488
    endloop
  endfacet
  facet normal 0.53360080313330949 -0.0016159500648608011 0.84573492986920851
    outer loop
      vertex 108.36607115613333 -116.21111996827653 121.13261426046918
      vertex 95.515891134653586 -137.85161104306832 129.19884894699001
      vertex 109.47095655906828 -167.1669637580963 120.33814567022488
    endloop
  endfacet
  facet normal 0.53161760806087932 0.0037341931811822461 0.84697625385893482
    outer loop
      vertex 95.566817897095348 -210.10909834700647 129.25461662131008
      vertex 106.85104776466899 -221.47164693081515 122.22199284652574
      vertex 95.528161187089751 -195.00433918970779 129.21228544522745
    endloop
  endfacet
  facet normal 0.5316176080608791 0.0037341931811821173 0.84697625385893494
    outer loop
      vertex 109.47095655906828 -167.1669637580963 120.33814567022488
      vertex 95.528161187089751 -195.00433918970779 129.21228544522745
      vertex 106.85104776466899 -221.47164693081515 122.22199284652574
    endloop
  endfacet
  facet normal 0.53161760806088043 0.0037341931811797984 0.84697625385893416
    outer loop
      vertex 95.478329492634174 -175.53302462504044 129.15771692143076
      vertex 95.506694657108241 -186.61646418498316 129.18877833952712
      vertex 109.47095655906828 -167.1669637580963 120.33814567022488
    endloop
  endfacet
  facet normal 0.53161760806087566 0.0037341931811845134 0.84697625385893716
    outer loop
      vertex 95.528161187089751 -195.00433918970779 129.21228544522745
      vertex 109.47095655906828 -167.1669637580963 120.33814567022488
      vertex 95.506694657108241 -186.61646418498316 129.18877833952712
    endloop
  endfacet
  facet normal 0.51717184548148876 0.024372872082711293 0.8555344793447609
    outer loop
      vertex 95.62842770214597 -232.56383746672611 129.32208269278615
      vertex 106.85104776466899 -221.47164693081515 122.22199284652574
      vertex 95.50926503373006 -225.45487256336048 129.19159313592041
    endloop
  endfacet
  facet normal 0.51717184548148643 0.024372872082714443 0.85553447934476212
    outer loop
      vertex 106.85104776466899 -221.47164693081515 122.22199284652574
      vertex 95.62842770214597 -232.56383746672611 129.32208269278615
      vertex 95.729025248669046 -238.56524651394682 129.43224231640517
    endloop
  endfacet
  facet normal 0.51717184548148987 0.024372872082711352 0.85553447934476023
    outer loop
      vertex 95.820787972549439 -244.03959938433081 129.53272757686562
      vertex 106.85104776466899 -221.47164693081515 122.22199284652574
      vertex 95.729025248669046 -238.56524651394682 129.43224231640517
    endloop
  endfacet
  facet normal 0.51717184548149131 0.024372872082710325 0.85553447934475924
    outer loop
      vertex 106.85104776466899 -221.47164693081515 122.22199284652574
      vertex 95.820787972549439 -244.03959938433081 129.53272757686562
      vertex 95.98897936962382 -254.07350290148057 129.71690623418328
    endloop
  endfacet
  facet normal 0.57977125787141137 -0.0058577241897791446 0.81475823138739611
    outer loop
      vertex 122.02609032982629 -270.23033167062761 111.0730800851932
      vertex 106.85104776466899 -221.47164693081515 122.22199284652574
      vertex 95.98897936962382 -254.07350290148057 129.71690623418328
    endloop
  endfacet
  facet normal 0.57977125787141148 -0.0058577241897789911 0.814758231387396
    outer loop
      vertex 95.946595484624737 -264.72406241478888 129.67049359259266
      vertex 122.02609032982629 -270.23033167062761 111.0730800851932
      vertex 95.98897936962382 -254.07350290148057 129.71690623418328
    endloop
  endfacet
  facet normal 0.57977125787141193 -0.0058577241897764159 0.81475823138739589
    outer loop
      vertex 122.02609032982629 -270.23033167062761 111.0730800851932
      vertex 95.946595484624737 -264.72406241478888 129.67049359259266
      vertex 95.919859661383498 -271.44245259007027 129.64121642317434
    endloop
  endfacet
  facet normal -0.20761038965286843 -0.0051577751381486799 0.97819799808822372
    outer loop
      vertex 451.8843355774257 -267.83962017603585 46.66814331315382
      vertex 400.5663853114541 -267.91665739592622 35.776138818782101
      vertex 425.54178274824608 -312 40.844417464605613
    endloop
  endfacet
  facet normal -0.24695088492525269 -0 0.96902799775581017
    outer loop
      vertex 530.51145942252992 -42.107595713828374 65.552680023219636
      vertex 577 -67 77.400001525877343
      vertex 577 -17.999999999999972 77.400001525877343
    endloop
  endfacet
  facet normal -0.22903319487858076 -0.002799383415249775 0.97341458746836362
    outer loop
      vertex 496.11134869883813 -275.26171414651913 57.052903268988302
      vertex 451.8843355774257 -267.83962017603585 46.66814331315382
      vertex 476.20927731925843 -312 52.264522654093184
    endloop
  endfacet
  facet normal -0.23700089668538063 -0.0015226385474511885 0.97150823802074837
    outer loop
      vertex 500.42386426645839 39.672236695901745 58.10860979977258
      vertex 526.65888121402315 80 64.571887106469191
      vertex 476.18929405762469 80 52.259755368115421
    endloop
  endfacet
  facet normal -0.24693237712921492 -0.0012537457011799324 0.96903190311105447
    outer loop
      vertex 543.1782036410458 46.813740317326619 68.738466567982073
      vertex 577 80 77.400001525877343
      vertex 526.65888121402315 80 64.571887106469191
    endloop
  endfacet
  facet normal -0.1872256567555417 0.010662764082244806 0.9822590589628496
    outer loop
      vertex 400.32678550712296 -49.864846436057775 35.734721597366544
      vertex 377.60836102895337 -87.006785156605446 31.807614814238391
      vertex 433.55586214668944 -96.303402947234758 42.572529819480138
    endloop
  endfacet
  facet normal -0.22959705961153565 0.0031836695910849411 0.97328056307812494
    outer loop
      vertex 451.70883723515954 35.94228926333642 46.628927096843228
      vertex 500.42386426645839 39.672236695901745 58.10860979977258
      vertex 476.18929405762469 80 52.259755368115421
    endloop
  endfacet
  facet normal -0.24711406041861791 0.00033513557079071414 0.96898634088802971
    outer loop
      vertex 535.15330892829206 5.0721530070789242 66.720141956859436
      vertex 530.51145942252992 -42.107595713828374 65.552680023219636
      vertex 577 -17.999999999999972 77.400001525877343
    endloop
  endfacet
  facet normal -0.21987651565091326 0.0025117901313612429 0.97552447881923998
    outer loop
      vertex 451.8843355774257 -267.83962017603585 46.66814331315382
      vertex 425.54178274824608 -312 40.844417464605613
      vertex 476.20927731925843 -312 52.264522654093184
    endloop
  endfacet
  facet normal -0.24153291369319871 0.0016046516262021833 0.97039130081428093
    outer loop
      vertex 543.1782036410458 46.813740317326619 68.738466567982073
      vertex 526.65888121402315 80 64.571887106469191
      vertex 500.42386426645839 39.672236695901745 58.10860979977258
    endloop
  endfacet
  facet normal -0.24708112297762896 -0 0.96899479806039912
    outer loop
      vertex 532.42407319304652 -142.64138334008604 66.033717542437273
      vertex 577 -165 77.400001525877343
      vertex 577 -115.99999999999997 77.400001525877343
    endloop
  endfacet
  facet normal -0.23700385360983148 0.0017671437988180366 0.97150710268987939
    outer loop
      vertex 496.11134869883813 -275.26171414651913 57.052903268988302
      vertex 476.20927731925843 -312 52.264522654093184
      vertex 526.66884653212935 -312 64.574378466603861
    endloop
  endfacet
  facet normal -0.24765373271672844 -0 0.96884860977939746
    outer loop
      vertex 539.253702493726 -258.91535805153916 67.751423430901909
      vertex 577 -263 77.400001525877343
      vertex 577 -214 77.400001525877343
    endloop
  endfacet
  facet normal -0.24808722052461216 -0 0.96873769979926583
    outer loop
      vertex 543.1782036410458 46.813740317326619 68.738466567982073
      vertex 577 30.999999999999989 77.400001525877343
      vertex 577 80 77.400001525877343
    endloop
  endfacet
  facet normal -0.23854659613613388 0.0001226925323849887 0.97113104492566105
    outer loop
      vertex 484.733057943066 -68.110103604048703 54.311054505240492
      vertex 531.59024466433129 -92.230262093858386 65.82400306004196
      vertex 530.51145942252992 -42.107595713828374 65.552680023219636
    endloop
  endfacet
  facet normal -0.24028817590178705 -0.0011296761251028374 0.97070094074006352
    outer loop
      vertex 496.11134869883813 -275.26171414651913 57.052903268988302
      vertex 526.66884653212935 -312 64.574378466603861
      vertex 539.253702493726 -258.91535805153916 67.751423430901909
    endloop
  endfacet
  facet normal -0.24733166344493177 -0.00028832653436407663 0.96893083608964192
    outer loop
      vertex 534.34910778943481 -197.03299317355419 66.517878997786724
      vertex 539.253702493726 -258.91535805153916 67.751423430901909
      vertex 577 -214 77.400001525877343
    endloop
  endfacet
  facet normal -0.2470501359897323 -5.521702852543656e-05 0.96900269724007193
    outer loop
      vertex 531.59024466433129 -92.230262093858386 65.82400306004196
      vertex 532.42407319304652 -142.64138334008604 66.033717542437273
      vertex 577 -115.99999999999997 77.400001525877343
    endloop
  endfacet
  facet normal -0.20726300729686126 -0.0047709601272456778 0.9782736241694987
    outer loop
      vertex 425.87414083334858 -6.5820493077661411 40.948043287552196
      vertex 451.70883723515954 35.94228926333642 46.628927096843228
      vertex 400.10137849224924 36.086052587103154 35.695757741491505
    endloop
  endfacet
  facet normal -0.23875296056484563 9.0666101407899807e-05 0.97108033426755136
    outer loop
      vertex 485.24649121926308 -117.84920669804382 54.432169471720158
      vertex 532.42407319304652 -142.64138334008604 66.033717542437273
      vertex 531.59024466433129 -92.230262093858386 65.82400306004196
    endloop
  endfacet
  facet normal -0.24693340297367863 0.00054558382892541299 0.9690322991697049
    outer loop
      vertex 539.253702493726 -258.91535805153916 67.751423430901909
      vertex 526.66884653212935 -312 64.574378466603861
      vertex 577 -312 77.400001525877343
    endloop
  endfacet
  facet normal -0.24765373271672844 0 0.96884860977939746
    outer loop
      vertex 539.253702493726 -258.91535805153916 67.751423430901909
      vertex 577 -312 77.400001525877343
      vertex 577 -263 77.400001525877343
    endloop
  endfacet
  facet normal -0.23865415472269771 -9.8869513673087008e-05 0.97110462086142579
    outer loop
      vertex 485.24649121926308 -117.84920669804382 54.432169471720158
      vertex 531.59024466433129 -92.230262093858386 65.82400306004196
      vertex 484.733057943066 -68.110103604048703 54.311054505240492
    endloop
  endfacet
  facet normal -0.23976194318228658 0.00015607650528475534 0.97083169820601678
    outer loop
      vertex 489.37198186591547 -167.55388210716313 55.405341029828691
      vertex 534.34910778943481 -197.03299317355419 66.517878997786724
      vertex 532.42407319304652 -142.64138334008604 66.033717542437273
    endloop
  endfacet
  facet normal -0.21986438459986732 -0.0025113797434127946 0.97552721405212794
    outer loop
      vertex 451.70883723515954 35.94228926333642 46.628927096843228
      vertex 476.18929405762469 80 52.259755368115421
      vertex 425.51163763483839 80 40.838021989630676
    endloop
  endfacet
  facet normal -0.20723538179769638 0.0053593187615048948 0.97827643037823198
    outer loop
      vertex 451.70883723515954 35.94228926333642 46.628927096843228
      vertex 425.51163763483839 80 40.838021989630676
      vertex 400.10137849224924 36.086052587103154 35.695757741491505
    endloop
  endfacet
  facet normal -0.24722398609698548 -0 0.96895835859871593
    outer loop
      vertex 534.34910778943481 -197.03299317355419 66.517878997786724
      vertex 577 -214 77.400001525877343
      vertex 577 -165 77.400001525877343
    endloop
  endfacet
  facet normal -0.24713832885464143 -0.00012147035924946212 0.96898020189056844
    outer loop
      vertex 534.34910778943481 -197.03299317355419 66.517878997786724
      vertex 577 -165 77.400001525877343
      vertex 532.42407319304652 -142.64138334008604 66.033717542437273
    endloop
  endfacet
  facet normal -0.23921618862259741 -0.00084434087575131734 0.97096596345565245
    outer loop
      vertex 489.37198186591547 -167.55388210716313 55.405341029828691
      vertex 532.42407319304652 -142.64138334008604 66.033717542437273
      vertex 485.24649121926308 -117.84920669804382 54.432169471720158
    endloop
  endfacet
  facet normal -0.22838646155093639 0.0012714542264994065 0.97356972404876718
    outer loop
      vertex 488.8513398796336 -223.74716661609833 55.282525584005839
      vertex 451.8843355774257 -267.83962017603585 46.66814331315382
      vertex 496.11134869883813 -275.26171414651913 57.052903268988302
    endloop
  endfacet
  facet normal -0.24119338323086828 -0.00055546371266516111 0.97047691541103198
    outer loop
      vertex 535.15330892829206 5.0721530070789242 66.720141956859436
      vertex 543.1782036410458 46.813740317326619 68.738466567982073
      vertex 500.42386426645839 39.672236695901745 58.10860979977258
    endloop
  endfacet
  facet normal -0.23814337216202586 -0.00060297382987976325 0.97122982384081447
    outer loop
      vertex 535.15330892829206 5.0721530070789242 66.720141956859436
      vertex 480.8592323094586 -11.208301937121519 53.397248790820186
      vertex 530.51145942252992 -42.107595713828374 65.552680023219636
    endloop
  endfacet
  facet normal -0.2470229968009964 -0 0.96900961762588023
    outer loop
      vertex 531.59024466433129 -92.230262093858386 65.82400306004196
      vertex 577 -115.99999999999997 77.400001525877343
      vertex 577 -67 77.400001525877343
    endloop
  endfacet
  facet normal -0.24698627452024163 -7.0386851149141958e-05 0.96901897568845541
    outer loop
      vertex 531.59024466433129 -92.230262093858386 65.82400306004196
      vertex 577 -67 77.400001525877343
      vertex 530.51145942252992 -42.107595713828374 65.552680023219636
    endloop
  endfacet
  facet normal -0.23979662035161672 9.9942758455795198e-05 0.97082314088580912
    outer loop
      vertex 489.37198186591547 -167.55388210716313 55.405341029828691
      vertex 488.8513398796336 -223.74716661609833 55.282525584005839
      vertex 534.34910778943481 -197.03299317355419 66.517878997786724
    endloop
  endfacet
  facet normal -0.2292224794852315 -0.0019900250778432543 0.97337202276356405
    outer loop
      vertex 480.8592323094586 -11.208301937121519 53.397248790820186
      vertex 500.42386426645839 39.672236695901745 58.10860979977258
      vertex 451.70883723515954 35.94228926333642 46.628927096843228
    endloop
  endfacet
  facet normal -0.22052590761599736 0.0036739520886196354 0.97537419801130221
    outer loop
      vertex 480.8592323094586 -11.208301937121519 53.397248790820186
      vertex 451.70883723515954 35.94228926333642 46.628927096843228
      vertex 425.87414083334858 -6.5820493077661411 40.948043287552196
    endloop
  endfacet
  facet normal -0.22359880240302316 6.5248929908533418e-05 0.97468126652075904
    outer loop
      vertex 433.55586214668944 -96.303402947234758 42.572529819480138
      vertex 485.24649121926308 -117.84920669804382 54.432169471720158
      vertex 484.733057943066 -68.110103604048703 54.311054505240492
    endloop
  endfacet
  facet normal -0.23885944201735898 0.0019303931076685892 0.97105223368344384
    outer loop
      vertex 535.15330892829206 5.0721530070789242 66.720141956859436
      vertex 500.42386426645839 39.672236695901745 58.10860979977258
      vertex 480.8592323094586 -11.208301937121519 53.397248790820186
    endloop
  endfacet
  facet normal -0.2381509138148114 -0.0006158231855074057 0.97122796655109489
    outer loop
      vertex 480.8592323094586 -11.208301937121519 53.397248790820186
      vertex 484.733057943066 -68.110103604048703 54.311054505240492
      vertex 530.51145942252992 -42.107595713828374 65.552680023219636
    endloop
  endfacet
  facet normal -0.24728755579170827 -0 0.96894213694655806
    outer loop
      vertex 535.15330892829206 5.0721530070789242 66.720141956859436
      vertex 577 -17.999999999999972 77.400001525877343
      vertex 577 30.999999999999989 77.400001525877343
    endloop
  endfacet
  facet normal -0.24774328793489997 0.0007836227995126065 0.96882539666263578
    outer loop
      vertex 535.15330892829206 5.0721530070789242 66.720141956859436
      vertex 577 30.999999999999989 77.400001525877343
      vertex 543.1782036410458 46.813740317326619 68.738466567982073
    endloop
  endfacet
  facet normal -0.20567636430566244 -0.0030761593414955378 0.97861523103296844
    outer loop
      vertex 400.32678550712296 -49.864846436057775 35.734721597366544
      vertex 433.55586214668944 -96.303402947234758 42.572529819480138
      vertex 445.32207123414679 -46.573440465040193 45.201763775602387
    endloop
  endfacet
  facet normal -0.239927028241044 0.00033561804359751935 0.97079086753015464
    outer loop
      vertex 488.8513398796336 -223.74716661609833 55.282525584005839
      vertex 539.253702493726 -258.91535805153916 67.751423430901909
      vertex 534.34910778943481 -197.03299317355419 66.517878997786724
    endloop
  endfacet
  facet normal -0.24050017558184725 -0.00053612351318678387 0.97064894689927916
    outer loop
      vertex 488.8513398796336 -223.74716661609833 55.282525584005839
      vertex 496.11134869883813 -275.26171414651913 57.052903268988302
      vertex 539.253702493726 -258.91535805153916 67.751423430901909
    endloop
  endfacet
  facet normal -0.22276340877185175 -0.0036960622518349339 0.97486553064316295
    outer loop
      vertex 428.61133934331133 -225.30312053800372 41.511376287560225
      vertex 451.8843355774257 -267.83962017603585 46.66814331315382
      vertex 488.8513398796336 -223.74716661609833 55.282525584005839
    endloop
  endfacet
  facet normal -0.20762514342462432 0.0049902632926712587 0.9781957355714519
    outer loop
      vertex 428.61133934331133 -225.30312053800372 41.511376287560225
      vertex 400.5663853114541 -267.91665739592622 35.776138818782101
      vertex 451.8843355774257 -267.83962017603585 46.66814331315382
    endloop
  endfacet
  facet normal -0.20819405608088273 -0.0041975081064524805 0.97807853260271826
    outer loop
      vertex 448.62313040785949 -186.08337409170713 45.939406359223156
      vertex 401.52977553894158 -179.65961612431977 35.942670450445235
      vertex 428.61133934331133 -225.30312053800372 41.511376287560225
    endloop
  endfacet
  facet normal -0.22502859412987825 0.00032770465232536989 0.9743521049567202
    outer loop
      vertex 445.32207123414679 -46.573440465040193 45.201763775602387
      vertex 484.733057943066 -68.110103604048703 54.311054505240492
      vertex 480.8592323094586 -11.208301937121519 53.397248790820186
    endloop
  endfacet
  facet normal -0.22112406507713325 -0.0038011776852299017 0.97523827800797958
    outer loop
      vertex 445.32207123414679 -46.573440465040193 45.201763775602387
      vertex 480.8592323094586 -11.208301937121519 53.397248790820186
      vertex 425.87414083334858 -6.5820493077661411 40.948043287552196
    endloop
  endfacet
  facet normal -0.22438489088350075 0.0015679237449522561 0.97449933933191002
    outer loop
      vertex 445.32207123414679 -46.573440465040193 45.201763775602387
      vertex 433.55586214668944 -96.303402947234758 42.572529819480138
      vertex 484.733057943066 -68.110103604048703 54.311054505240492
    endloop
  endfacet
  facet normal -0.20615920641805197 0.0038243816887710519 0.97851098906132772
    outer loop
      vertex 400.32678550712296 -49.864846436057775 35.734721597366544
      vertex 445.32207123414679 -46.573440465040193 45.201763775602387
      vertex 425.87414083334858 -6.5820493077661411 40.948043287552196
    endloop
  endfacet
  facet normal -0.22294486965481167 0.003696504252373287 0.97482404614930962
    outer loop
      vertex 448.62313040785949 -186.08337409170713 45.939406359223156
      vertex 428.61133934331133 -225.30312053800372 41.511376287560225
      vertex 488.8513398796336 -223.74716661609833 55.282525584005839
    endloop
  endfacet
  facet normal -0.20738984476287825 0.0019750369834959196 0.97825638332603959
    outer loop
      vertex 448.62313040785949 -186.08337409170713 45.939406359223156
      vertex 440.96227964351749 -142.61034933203899 44.227540726658091
      vertex 401.52977553894158 -179.65961612431977 35.942670450445235
    endloop
  endfacet
  facet normal -0.19541000471450654 0.0037965096126616345 0.98071428896097845
    outer loop
      vertex 440.96227964351749 -142.61034933203899 44.227540726658091
      vertex 433.55586214668944 -96.303402947234758 42.572529819480138
      vertex 386.74276521486627 -132.90623061358056 33.386587892798588
    endloop
  endfacet
  facet normal -0.22566774742720097 -0.0014055099101273087 0.97420331159005291
    outer loop
      vertex 448.62313040785949 -186.08337409170713 45.939406359223156
      vertex 489.37198186591547 -167.55388210716313 55.405341029828691
      vertex 440.96227964351749 -142.61034933203899 44.227540726658091
    endloop
  endfacet
  facet normal -0.22477412070012073 0.00042179832246689295 0.97441080492247345
    outer loop
      vertex 440.96227964351749 -142.61034933203899 44.227540726658091
      vertex 489.37198186591547 -167.55388210716313 55.405341029828691
      vertex 485.24649121926308 -117.84920669804382 54.432169471720158
    endloop
  endfacet
  facet normal -0.19758870277401944 -0.0089011750034216717 0.98024459887297444
    outer loop
      vertex 440.96227964351749 -142.61034933203899 44.227540726658091
      vertex 386.74276521486627 -132.90623061358056 33.386587892798588
      vertex 401.52977553894158 -179.65961612431977 35.942670450445235
    endloop
  endfacet
  facet normal -0.22626036214326875 -3.2562810785747993e-05 0.97406685985226937
    outer loop
      vertex 448.62313040785949 -186.08337409170713 45.939406359223156
      vertex 488.8513398796336 -223.74716661609833 55.282525584005839
      vertex 489.37198186591547 -167.55388210716313 55.405341029828691
    endloop
  endfacet
  facet normal -0.22401989521117871 -0.00099850295198034705 0.97458405976161322
    outer loop
      vertex 440.96227964351749 -142.61034933203899 44.227540726658091
      vertex 485.24649121926308 -117.84920669804382 54.432169471720158
      vertex 433.55586214668944 -96.303402947234758 42.572529819480138
    endloop
  endfacet
  facet normal -0.18957678335011344 -0.0039508907308478487 0.98185794984664498
    outer loop
      vertex 386.74276521486627 -132.90623061358056 33.386587892798588
      vertex 433.55586214668944 -96.303402947234758 42.572529819480138
      vertex 377.60836102895337 -87.006785156605446 31.807614814238391
    endloop
  endfacet
  facet normal -0.18489158735509009 0.0082339572871693092 0.98272442875544119
    outer loop
      vertex 376.34953074457388 -308.88039644271015 31.563158167403383
      vertex 425.54178274824608 -312 40.844417464605613
      vertex 400.5663853114541 -267.91665739592622 35.776138818782101
    endloop
  endfacet
  facet normal -0.18489158735509031 0.0082339572871660063 0.98272442875544119
    outer loop
      vertex 425.54178274824608 -312 40.844417464605613
      vertex 376.34953074457388 -308.88039644271015 31.563158167403383
      vertex 376.33729705814858 -312 31.586994734456979
    endloop
  endfacet
  facet normal -0.18485776903439305 -0.0081109277916478414 0.98273181391363607
    outer loop
      vertex 425.51163763483839 80 40.838021989630676
      vertex 376.34928153785455 76.771873558302516 31.563643730991423
      vertex 400.10137849224924 36.086052587103154 35.695757741491505
    endloop
  endfacet
  facet normal -0.1848577690343931 -0.0081109277916472117 0.98273181391363607
    outer loop
      vertex 376.34928153785455 76.771873558302516 31.563643730991423
      vertex 425.51163763483839 80 40.838021989630676
      vertex 376.33681130914732 80 31.587941185774795
    endloop
  endfacet
  facet normal -0.18524618853105923 0.0090665872407344073 0.98265031757513888
    outer loop
      vertex 400.10137849224924 36.086052587103154 35.695757741491505
      vertex 376.33687091987798 -4.2403750697836431 31.587825038022679
      vertex 425.87414083334858 -6.5820493077661411 40.948043287552196
    endloop
  endfacet
  facet normal -0.18524618853105909 0.0090665872407371517 0.98265031757513888
    outer loop
      vertex 376.3191370461268 -8.3476513337463309 31.622378373468106
      vertex 425.87414083334858 -6.5820493077661411 40.948043287552196
      vertex 376.33687091987798 -4.2403750697836431 31.587825038022679
    endloop
  endfacet
  facet normal -0.18650835499670415 -0.0094740591643508055 0.98240769323095889
    outer loop
      vertex 376.33687091987798 -225.23429868951987 31.587825038022686
      vertex 400.5663853114541 -267.91665739592622 35.776138818782101
      vertex 428.61133934331133 -225.30312053800372 41.511376287560225
    endloop
  endfacet
  facet normal -0.18650835499670415 -0.0094740591643502885 0.98240769323095889
    outer loop
      vertex 428.61133934331133 -225.30312053800372 41.511376287560225
      vertex 376.32303223128002 -222.16586861956722 31.61478885066504
      vertex 376.33687091987798 -225.23429868951987 31.587825038022686
    endloop
  endfacet
  facet normal -0.18538603433423362 0.0098887196073139533 0.98261601426923351
    outer loop
      vertex 376.33687091987798 -219.22710861203282 31.587825038022686
      vertex 428.61133934331133 -225.30312053800372 41.511376287560225
      vertex 401.52977553894158 -179.65961612431977 35.942670450445235
    endloop
  endfacet
  facet normal -0.18538603433423367 0.0098887196073132559 0.9826160142692334
    outer loop
      vertex 428.61133934331133 -225.30312053800372 41.511376287560225
      vertex 376.33687091987798 -219.22710861203282 31.587825038022686
      vertex 376.32303223128002 -222.16586861956722 31.61478885066504
    endloop
  endfacet
  facet normal -0.18460990114483722 -0.0094075481213215916 0.98276685049793899
    outer loop
      vertex 425.87414083334858 -6.5820493077661411 40.948043287552196
      vertex 376.33687091987798 -12.30529479725703 31.587825038022686
      vertex 400.32678550712296 -49.864846436057775 35.734721597366544
    endloop
  endfacet
  facet normal -0.18460990114483708 -0.0094075481213227365 0.98276685049793899
    outer loop
      vertex 425.87414083334858 -6.5820493077661411 40.948043287552196
      vertex 376.3191370461268 -8.3476513337463309 31.622378373468106
      vertex 376.33687091987798 -12.30529479725703 31.587825038022686
    endloop
  endfacet
  facet normal -0.14370524263856879 -0.01680905498128682 0.98947777080075228
    outer loop
      vertex 400.5663853114541 -267.91665739592622 35.776138818782101
      vertex 376.11715343513151 -280.24093960711963 32.015930710826915
      vertex 376.29782531721492 -302.5079353854378 31.663902934223927
    endloop
  endfacet
  facet normal -0.14370524263857215 -0.016809054981284412 0.98947777080075194
    outer loop
      vertex 400.5663853114541 -267.91665739592622 35.776138818782101
      vertex 376.29782531721492 -302.5079353854378 31.663902934223927
      vertex 376.34953074457388 -308.88039644271015 31.563158167403383
    endloop
  endfacet
  facet normal -0.14370524263856807 -0.016809054981288315 0.9894777708007525
    outer loop
      vertex 376.11715343513151 -280.24093960711963 32.015930710826915
      vertex 400.5663853114541 -267.91665739592622 35.776138818782101
      vertex 376.10883024716748 -279.21514417553016 32.032147918061654
    endloop
  endfacet
  facet normal -0.14370524263856826 -0.016809054981287791 0.98947777080075228
    outer loop
      vertex 376.01393796483774 -267.52009774292821 32.217039550229948
      vertex 376.10883024716748 -279.21514417553016 32.032147918061654
      vertex 400.5663853114541 -267.91665739592622 35.776138818782101
    endloop
  endfacet
  facet normal -0.14288107084608836 0.01709153354482636 0.98959227921147475
    outer loop
      vertex 376.01827749050966 36.662987076729088 32.208584257927761
      vertex 376.0111667446896 35.801353815189913 32.222439098050984
      vertex 400.10137849224924 36.086052587103154 35.695757741491505
    endloop
  endfacet
  facet normal -0.14288107084608817 0.01709153354483358 0.98959227921147452
    outer loop
      vertex 376.03560861447716 38.763058327785998 32.174815655055106
      vertex 376.01827749050966 36.662987076729088 32.208584257927761
      vertex 400.10137849224924 36.086052587103154 35.695757741491505
    endloop
  endfacet
  facet normal -0.14288107084608781 0.017091533544836852 0.98959227921147441
    outer loop
      vertex 376.03560861447716 38.763058327785998 32.174815655055106
      vertex 400.10137849224924 36.086052587103154 35.695757741491505
      vertex 376.09819085501789 46.346361316800163 32.052878103188654
    endloop
  endfacet
  facet normal -0.14288107084608961 0.017091533544832619 0.98959227921147441
    outer loop
      vertex 376.11846883472219 48.803513102590898 32.013367737618708
      vertex 376.09819085501789 46.346361316800163 32.052878103188654
      vertex 400.10137849224924 36.086052587103154 35.695757741491505
    endloop
  endfacet
  facet normal -0.14288107084608681 0.017091533544836168 0.98959227921147463
    outer loop
      vertex 400.10137849224924 36.086052587103154 35.695757741491505
      vertex 376.34928153785455 76.771873558302516 31.563643730991423
      vertex 376.3373523123816 75.326368724914147 31.586887075065881
    endloop
  endfacet
  facet normal -0.14288107084608775 0.017091533544836057 0.98959227921147441
    outer loop
      vertex 376.20672642270489 59.497985287837437 31.841403389278405
      vertex 376.11846883472219 48.803513102590898 32.013367737618708
      vertex 400.10137849224924 36.086052587103154 35.695757741491505
    endloop
  endfacet
  facet normal -0.14288107084608892 0.017091533544834905 0.98959227921147441
    outer loop
      vertex 376.3373523123816 75.326368724914147 31.586887075065881
      vertex 376.20672642270489 59.497985287837437 31.841403389278405
      vertex 400.10137849224924 36.086052587103154 35.695757741491505
    endloop
  endfacet
  facet normal -0.14319142495175244 0.015818363680022884 0.98956859044271073
    outer loop
      vertex 376.11292812155966 -254.55803298590155 32.024163468049494
      vertex 400.5663853114541 -267.91665739592622 35.776138818782101
      vertex 376.16194330206213 -248.13983985651322 31.92866047769428
    endloop
  endfacet
  facet normal -0.14319142495175408 0.015818363680020729 0.98956859044271028
    outer loop
      vertex 376.26097405805285 -235.17245891079116 31.735705290396936
      vertex 376.16194330206213 -248.13983985651322 31.92866047769428
      vertex 400.5663853114541 -267.91665739592622 35.776138818782101
    endloop
  endfacet
  facet normal -0.14319142495175133 0.015818363680022846 0.98956859044271073
    outer loop
      vertex 400.5663853114541 -267.91665739592622 35.776138818782101
      vertex 376.33687091987798 -225.23429868951987 31.587825038022686
      vertex 376.26097405805285 -235.17245891079116 31.735705290396936
    endloop
  endfacet
  facet normal -0.14319142495175363 0.015818363680020587 0.98956859044271051
    outer loop
      vertex 400.5663853114541 -267.91665739592622 35.776138818782101
      vertex 376.11292812155966 -254.55803298590155 32.024163468049494
      vertex 376.07598328024426 -259.39570009772592 32.096148163151099
    endloop
  endfacet
  facet normal -0.14319142495175333 0.015818363680018543 0.98956859044271051
    outer loop
      vertex 376.01393796483774 -267.52009774292821 32.217039550229948
      vertex 400.5663853114541 -267.91665739592622 35.776138818782101
      vertex 376.0192866433984 -266.81972590633342 32.206617987119124
    endloop
  endfacet
  facet normal -0.14319142495175316 0.015818363680022225 0.98956859044271051
    outer loop
      vertex 376.05340657026642 -262.35196147183075 32.14013745979689
      vertex 376.0192866433984 -266.81972590633342 32.206617987119124
      vertex 400.5663853114541 -267.91665739592622 35.776138818782101
    endloop
  endfacet
  facet normal -0.1431914249517533 0.015818363680021541 0.98956859044271051
    outer loop
      vertex 376.07598328024426 -259.39570009772592 32.096148163151099
      vertex 376.05340657026642 -262.35196147183075 32.14013745979689
      vertex 400.5663853114541 -267.91665739592622 35.776138818782101
    endloop
  endfacet
  facet normal -0.096694274187119608 0.023644090837219904 0.99503325286540423
    outer loop
      vertex 376.29557548635194 -86.512058031551391 31.668286587879752
      vertex 376.28188969292472 -87.690229832652662 31.694952493917125
      vertex 377.60836102895337 -87.006785156605446 31.807614814238391
    endloop
  endfacet
  facet normal -0.096694274187113086 0.023644090837237265 0.99503325286540445
    outer loop
      vertex 377.60836102895337 -87.006785156605446 31.807614814238391
      vertex 376.29827425215507 -86.279728807531711 31.663028212783981
      vertex 376.29557548635194 -86.512058031551391 31.668286587879752
    endloop
  endfacet
  facet normal -0.096694274187130447 0.023644090837205815 0.99503325286540356
    outer loop
      vertex 376.30529662326722 -85.675192456376493 31.649345565210005
      vertex 376.29827425215507 -86.279728807531711 31.663028212783981
      vertex 377.60836102895337 -87.006785156605446 31.807614814238391
    endloop
  endfacet
  facet normal -0.14248878858481046 -0.016843852021218599 0.98965308556924159
    outer loop
      vertex 376.1639585016776 17.017295841003993 31.924733988237946
      vertex 400.10137849224924 36.086052587103154 35.695757741491505
      vertex 376.11939041006121 22.496450169902992 32.011572106146716
    endloop
  endfacet
  facet normal -0.14248878858481032 -0.016843852021218783 0.98965308556924159
    outer loop
      vertex 376.30008564941932 0.28196740805944742 31.659498819365808
      vertex 400.10137849224924 36.086052587103154 35.695757741491505
      vertex 376.1639585016776 17.017295841003993 31.924733988237946
    endloop
  endfacet
  facet normal -0.14248878858480962 -0.016843852021219234 0.98965308556924159
    outer loop
      vertex 400.10137849224924 36.086052587103154 35.695757741491505
      vertex 376.30008564941932 0.28196740805944742 31.659498819365808
      vertex 376.33687091987798 -4.2403750697836431 31.587825038022679
    endloop
  endfacet
  facet normal -0.14248878858481101 -0.016843852021216802 0.98965308556924159
    outer loop
      vertex 376.06460204535028 29.232074128472895 32.11832378211583
      vertex 400.10137849224924 36.086052587103154 35.695757741491505
      vertex 376.0111667446896 35.801353815189913 32.222439098050984
    endloop
  endfacet
  facet normal -0.14248878858481051 -0.016843852021218481 0.98965308556924159
    outer loop
      vertex 376.11939041006121 22.496450169902992 32.011572106146716
      vertex 400.10137849224924 36.086052587103154 35.695757741491505
      vertex 376.06460204535028 29.232074128472895 32.11832378211583
    endloop
  endfacet
  facet normal -0.14694383328874105 -0.015293261222001005 0.9890266053143395
    outer loop
      vertex 376.23531851633129 -205.4550513407423 31.785693496672668
      vertex 401.52977553894158 -179.65961612431977 35.942670450445235
      vertex 376.11136674846148 -188.64529808663869 32.027205705136225
    endloop
  endfacet
  facet normal -0.14694383328874489 -0.015293261221998623 0.98902660531433906
    outer loop
      vertex 401.52977553894158 -179.65961612431977 35.942670450445235
      vertex 376.33158737975435 -218.51057985804636 31.59811968299379
      vertex 376.33687091987798 -219.22710861203282 31.587825038022686
    endloop
  endfacet
  facet normal -0.14694383328874061 -0.015293261222001444 0.9890266053143395
    outer loop
      vertex 376.33158737975435 -218.51057985804636 31.59811968299379
      vertex 401.52977553894158 -179.65961612431977 35.942670450445235
      vertex 376.23531851633129 -205.4550513407423 31.785693496672668
    endloop
  endfacet
  facet normal -0.14694383328873137 -0.015293261222028981 0.98902660531434061
    outer loop
      vertex 376.11136674846148 -188.64529808663869 32.027205705136225
      vertex 401.52977553894158 -179.65961612431977 35.942670450445235
      vertex 376.1110012631429 -188.59573269415475 32.02791783024724
    endloop
  endfacet
  facet normal -0.14694383328874056 -0.015293261222002294 0.9890266053143395
    outer loop
      vertex 376.02161857763201 -176.4740750974297 32.202074360219484
      vertex 376.1110012631429 -188.59573269415475 32.02791783024724
      vertex 401.52977553894158 -179.65961612431977 35.942670450445235
    endloop
  endfacet
  facet normal -0.14343161458855019 0.017637447598878267 0.98950305324375754
    outer loop
      vertex 376.01091542471369 -50.586877785838006 32.222928779186262
      vertex 375.99631241709687 -52.301916360917659 32.251381819270776
      vertex 400.32678550712296 -49.864846436057775 35.734721597366544
    endloop
  endfacet
  facet normal -0.14343161458855019 0.017637447598878669 0.98950305324375754
    outer loop
      vertex 376.02696214795867 -48.702283181018458 32.191662750180761
      vertex 376.01091542471369 -50.586877785838006 32.222928779186262
      vertex 400.32678550712296 -49.864846436057775 35.734721597366544
    endloop
  endfacet
  facet normal -0.14343161458855005 0.017637447598882 0.98950305324375754
    outer loop
      vertex 376.02696214795867 -48.702283181018458 32.191662750180761
      vertex 400.32678550712296 -49.864846436057775 35.734721597366544
      vertex 376.08838641632411 -41.488359004781998 32.071981434124297
    endloop
  endfacet
  facet normal -0.14343161458855103 0.017637447598879034 0.98950305324375731
    outer loop
      vertex 376.11748788192341 -38.070560602980677 32.015279062329107
      vertex 376.08838641632411 -41.488359004781998 32.071981434124297
      vertex 400.32678550712296 -49.864846436057775 35.734721597366544
    endloop
  endfacet
  facet normal -0.14343161458849593 0.017637447598916656 0.98950305324376475
    outer loop
      vertex 400.32678550712296 -49.864846436057775 35.734721597366544
      vertex 376.33687091987798 -12.30529479725703 31.587825038022686
      vertex 376.33585099424852 -12.425079148808299 31.589812298837511
    endloop
  endfacet
  facet normal -0.14343161458854997 0.017637447598881258 0.98950305324375742
    outer loop
      vertex 376.19335199053728 -29.160760913019459 31.867462627522837
      vertex 376.11748788192341 -38.070560602980677 32.015279062329107
      vertex 400.32678550712296 -49.864846436057775 35.734721597366544
    endloop
  endfacet
  facet normal -0.14343161458855011 0.017637447598881129 0.98950305324375754
    outer loop
      vertex 376.33585099424852 -12.425079148808299 31.589812298837511
      vertex 376.19335199053728 -29.160760913019459 31.867462627522837
      vertex 400.32678550712296 -49.864846436057775 35.734721597366544
    endloop
  endfacet
  facet normal -0.10448172733668544 -0.027176243818506467 0.99415543071727974
    outer loop
      vertex 375.95365084775142 -129.91348510646552 32.334505198680553
      vertex 376.01663985444401 -134.64533865214986 32.211775088600596
      vertex 386.74276521486627 -132.90623061358056 33.386587892798588
    endloop
  endfacet
  facet normal -0.10448172733668484 -0.02717624381850996 0.99415543071727952
    outer loop
      vertex 376.02831048106879 -135.52205823981012 32.189035608085412
      vertex 386.74276521486627 -132.90623061358056 33.386587892798588
      vertex 376.01663985444401 -134.64533865214986 32.211775088600596
    endloop
  endfacet
  facet normal -0.10448172733668563 -0.027176243818506723 0.99415543071727952
    outer loop
      vertex 376.02831048106879 -135.52205823981012 32.189035608085412
      vertex 376.15210797646569 -144.82196068785123 31.947823989813354
      vertex 386.74276521486627 -132.90623061358056 33.386587892798588
    endloop
  endfacet
  facet normal -0.092698439880342265 0.0158004393224533 0.9955688551581795
    outer loop
      vertex 376.18274154136839 -100.44422825377382 31.888136419075909
      vertex 377.60836102895337 -87.006785156605446 31.807614814238391
      vertex 376.27339418196095 -88.783056392885854 31.711505461657342
    endloop
  endfacet
  facet normal -0.092698439880339045 0.015800439322454049 0.99556885515817972
    outer loop
      vertex 376.04932697136604 -117.6061136591352 32.148086301164845
      vertex 376.00353115517487 -123.49709355364413 32.237316563038497
      vertex 386.74276521486627 -132.90623061358056 33.386587892798588
    endloop
  endfacet
  facet normal -0.092698439880340114 0.015800439322453296 0.99556885515817972
    outer loop
      vertex 386.74276521486627 -132.90623061358056 33.386587892798588
      vertex 376.18274154136839 -100.44422825377382 31.888136419075909
      vertex 376.04932697136604 -117.6061136591352 32.148086301164845
    endloop
  endfacet
  facet normal -0.092698439880340613 0.015800439322453126 0.9955688551581795
    outer loop
      vertex 376.18274154136839 -100.44422825377382 31.888136419075909
      vertex 386.74276521486627 -132.90623061358056 33.386587892798588
      vertex 377.60836102895337 -87.006785156605446 31.807614814238391
    endloop
  endfacet
  facet normal -0.092698439880333508 0.015800439322441164 0.99556885515818039
    outer loop
      vertex 376.28044339103417 -87.876275984189462 31.697770522007442
      vertex 377.60836102895337 -87.006785156605446 31.807614814238391
      vertex 376.28188969292472 -87.690229832652662 31.694952493917125
    endloop
  endfacet
  facet normal -0.092698439880337893 0.015800439322447912 0.99556885515817994
    outer loop
      vertex 376.27466340636693 -88.619788739219885 31.709032457886661
      vertex 377.60836102895337 -87.006785156605446 31.807614814238391
      vertex 376.28044339103417 -87.876275984189462 31.697770522007442
    endloop
  endfacet
  facet normal -0.092698439880338712 0.01580043932245841 0.99556885515817983
    outer loop
      vertex 386.74276521486627 -132.90623061358056 33.386587892798588
      vertex 375.95636725979773 -129.56405736216482 32.329212440991981
      vertex 375.95365084775142 -129.91348510646552 32.334505198680553
    endloop
  endfacet
  facet normal -0.092698439880340475 0.015800439322452384 0.9955688551581795
    outer loop
      vertex 376.00353115517487 -123.49709355364413 32.237316563038497
      vertex 375.95636725979773 -129.56405736216482 32.329212440991981
      vertex 386.74276521486627 -132.90623061358056 33.386587892798588
    endloop
  endfacet
  facet normal -0.092698439880365052 0.015800439322470553 0.99556885515817706
    outer loop
      vertex 376.27339418196095 -88.783056392885854 31.711505461657342
      vertex 377.60836102895337 -87.006785156605446 31.807614814238391
      vertex 376.27466340636693 -88.619788739219885 31.709032457886661
    endloop
  endfacet
  facet normal -0.14404167317589642 0.0085424147286210176 0.98953475105187327
    outer loop
      vertex 376.05377565673541 -168.67390469312187 32.139418318071286
      vertex 401.52977553894158 -179.65961612431977 35.942670450445235
      vertex 376.09315164013287 -159.12268334773159 32.062696695829153
    endloop
  endfacet
  facet normal -0.14404167317589611 0.0085424147286213975 0.98953475105187327
    outer loop
      vertex 386.74276521486627 -132.90623061358056 33.386587892798588
      vertex 376.09315164013287 -159.12268334773159 32.062696695829153
      vertex 401.52977553894158 -179.65961612431977 35.942670450445235
    endloop
  endfacet
  facet normal -0.14404167317589986 0.0085424147286242945 0.98953475105187261
    outer loop
      vertex 376.1437556174555 -146.84794766719205 31.964098034993082
      vertex 386.74276521486627 -132.90623061358056 33.386587892798588
      vertex 376.15210797646569 -144.82196068785123 31.947823989813354
    endloop
  endfacet
  facet normal -0.14404167317589608 0.0085424147286213906 0.98953475105187327
    outer loop
      vertex 376.09315164013287 -159.12268334773159 32.062696695829153
      vertex 386.74276521486627 -132.90623061358056 33.386587892798588
      vertex 376.1437556174555 -146.84794766719205 31.964098034993082
    endloop
  endfacet
  facet normal -0.14404167317589814 0.0085424147286169479 0.98953475105187305
    outer loop
      vertex 401.52977553894158 -179.65961612431977 35.942670450445235
      vertex 376.05377565673541 -168.67390469312187 32.139418318071286
      vertex 376.04377094279721 -171.10069455527758 32.15891187269979
    endloop
  endfacet
  facet normal -0.14404167317589023 0.0085424147286700183 0.98953475105187372
    outer loop
      vertex 376.02161857763201 -176.4740750974297 32.202074360219484
      vertex 401.52977553894158 -179.65961612431977 35.942670450445235
      vertex 376.02213771595109 -176.34815049653901 32.201062851920057
    endloop
  endfacet
  facet normal -0.14404167317589625 0.0085424147286228772 0.98953475105187305
    outer loop
      vertex 376.03594245766698 -172.99960825409045 32.174165182638106
      vertex 376.02213771595109 -176.34815049653901 32.201062851920057
      vertex 401.52977553894158 -179.65961612431977 35.942670450445235
    endloop
  endfacet
  facet normal -0.14404167317589658 0.0085424147286216577 0.98953475105187327
    outer loop
      vertex 376.04377094279721 -171.10069455527758 32.15891187269979
      vertex 376.03594245766698 -172.99960825409045 32.174165182638106
      vertex 401.52977553894158 -179.65961612431977 35.942670450445235
    endloop
  endfacet
  facet normal -0.13981647151405052 -0.019153416599107364 0.98999217215387192
    outer loop
      vertex 376.16944241683564 -71.001627110865599 31.914048925139632
      vertex 400.32678550712296 -49.864846436057775 35.734721597366544
      vertex 376.08750150098683 -62.151217434490484 32.073705635893106
    endloop
  endfacet
  facet normal -0.13981647151405197 -0.019153416599105681 0.9899921721538717
    outer loop
      vertex 377.60836102895337 -87.006785156605446 31.807614814238391
      vertex 400.32678550712296 -49.864846436057775 35.734721597366544
      vertex 376.16944241683564 -71.001627110865599 31.914048925139632
    endloop
  endfacet
  facet normal -0.13981647151404825 -0.019153416599105327 0.98999217215387236
    outer loop
      vertex 376.16944241683564 -71.001627110865599 31.914048925139632
      vertex 376.30529662326722 -85.675192456376493 31.649345565210005
      vertex 377.60836102895337 -87.006785156605446 31.807614814238391
    endloop
  endfacet
  facet normal -0.13981647151405124 -0.019153416599105869 0.98999217215387192
    outer loop
      vertex 376.05555100309459 -58.700255326231797 32.135959167569737
      vertex 400.32678550712296 -49.864846436057775 35.734721597366544
      vertex 375.99631241709687 -52.301916360917659 32.251381819270776
    endloop
  endfacet
  facet normal -0.1398164715140511 -0.019153416599106216 0.98999217215387192
    outer loop
      vertex 376.08750150098683 -62.151217434490484 32.073705635893106
      vertex 400.32678550712296 -49.864846436057775 35.734721597366544
      vertex 376.05555100309459 -58.700255326231797 32.135959167569737
    endloop
  endfacet
endsolid OBJECT
