solid OBJECT
  facet normal -0.24695589444083468 -0 0.9690267210974769
    outer loop
      vertex 530.59076947885876 -44.323970636662864 230.57262857813848
      vertex 577 -68.874999999999972 242.39999389648497
      vertex 577 -20.249999999999979 242.39999389648497
    endloop
  endfacet
  facet normal -0.23700100599983673 -0.0015255684326390784 0.97150820675690785
    outer loop
      vertex 500.42679065288411 36.752208788032021 223.10932900681604
      vertex 526.65900401144745 77 229.57192157337508
      vertex 476.1895439062294 77 217.25981475429364
    endloop
  endfacet
  facet normal -0.24693217981687798 -0.0012602298835043574 0.96903194497989897
    outer loop
      vertex 543.18290026320187 43.968840460782701 233.73964265532487
      vertex 577 77 242.39999389648497
      vertex 526.65900401144745 77 229.57192157337508
    endloop
  endfacet
  facet normal -0.2471211162879155 0.00033923401672756237 0.96898454002367673
    outer loop
      vertex 535.23334211551639 2.4027478771440371 231.74026995245904
      vertex 530.59076947885876 -44.323970636662864 230.57262857813848
      vertex 577 -20.249999999999979 242.39999389648497
    endloop
  endfacet
  facet normal -0.24153679845327533 0.0016102133848946126 0.97039032466621222
    outer loop
      vertex 543.18290026320187 43.968840460782701 233.73964265532487
      vertex 526.65900401144745 77 229.57192157337508
      vertex 500.42679065288411 36.752208788032021 223.10932900681604
    endloop
  endfacet
  facet normal -0.24709882295354973 -0 0.96899028462362324
    outer loop
      vertex 532.67422342494172 -143.80064335897416 231.09663266365976
      vertex 577 -166.125 242.39999389648497
      vertex 577 -117.49999999999999 242.39999389648497
    endloop
  endfacet
  facet normal -0.23700396153707484 0.0017714762776203867 0.97150706847018398
    outer loop
      vertex 496.23457786801407 -275.40920706454665 222.08307157658999
      vertex 476.20952347994864 -312 217.2645811607932
      vertex 526.66896749163993 -312 229.57441246913442
    endloop
  endfacet
  facet normal -0.24773941484901074 -0 0.96882670397252657
    outer loop
      vertex 540.10086863106631 -259.32530052651566 232.96448889203617
      vertex 577 -263.375 242.39999389648497
      vertex 577 -214.75 242.39999389648497
    endloop
  endfacet
  facet normal -0.24808773283014326 -0 0.9687375686011146
    outer loop
      vertex 543.18290026320187 43.968840460782701 233.73964265532487
      vertex 577 28.375000000000011 242.39999389648497
      vertex 577 77 242.39999389648497
    endloop
  endfacet
  facet normal -0.23862058450102422 0.00014084113861283408 0.97111286512751105
    outer loop
      vertex 485.0133644840181 -70.308115284762096 219.37717666538566
      vertex 531.83225494165276 -93.876219008258488 230.88487135933477
      vertex 530.59076947885876 -44.323970636662864 230.57262857813848
    endloop
  endfacet
  facet normal -0.24035323197819339 -0.001182630512456206 0.97068477131492481
    outer loop
      vertex 496.23457786801407 -275.40920706454665 222.08307157658999
      vertex 526.66896749163993 -312 229.57441246913442
      vertex 540.10086863106631 -259.32530052651566 232.96448889203617
    endloop
  endfacet
  facet normal -0.24731288614727417 -0.00037612797475974566 0.96893559892969761
    outer loop
      vertex 533.64329302593774 -197.20236677281588 231.34036083966822
      vertex 540.10086863106631 -259.32530052651566 232.96448889203617
      vertex 577 -214.75 242.39999389648497
    endloop
  endfacet
  facet normal -0.24706728059142147 -5.6615858047425523e-05 0.96899832593034152
    outer loop
      vertex 531.83225494165276 -93.876219008258488 230.88487135933477
      vertex 532.67422342494172 -143.80064335897416 231.09663266365976
      vertex 577 -117.49999999999999 242.39999389648497
    endloop
  endfacet
  facet normal -0.23889864387336687 8.982621362650615e-05 0.97104450458602443
    outer loop
      vertex 485.8426047971609 -119.80132471217964 219.57278808635505
      vertex 532.67422342494172 -143.80064335897416 231.09663266365976
      vertex 531.83225494165276 -93.876219008258488 230.88487135933477
    endloop
  endfacet
  facet normal -0.2469331996326794 0.00060159264520700097 0.96903231783334054
    outer loop
      vertex 540.10086863106631 -259.32530052651566 232.96448889203617
      vertex 526.66896749163993 -312 229.57441246913442
      vertex 577 -312 242.39999389648497
    endloop
  endfacet
  facet normal -0.24773941484901074 0 0.96882670397252657
    outer loop
      vertex 540.10086863106631 -259.32530052651566 232.96448889203617
      vertex 577 -312 242.39999389648497
      vertex 577 -263.375 242.39999389648497
    endloop
  endfacet
  facet normal -0.23876455090655246 -0.00016243331678059215 0.97107747520257626
    outer loop
      vertex 485.8426047971609 -119.80132471217964 219.57278808635505
      vertex 531.83225494165276 -93.876219008258488 230.88487135933477
      vertex 485.0133644840181 -70.308115284762096 219.37717666538566
    endloop
  endfacet
  facet normal -0.23984066645321314 7.8499395088758823e-05 0.97081226225935324
    outer loop
      vertex 490.41806788026349 -168.54068591275615 220.65918474182425
      vertex 533.64329302593774 -197.20236677281588 231.34036083966822
      vertex 532.67422342494172 -143.80064335897416 231.09663266365976
    endloop
  endfacet
  facet normal -0.24716997728140652 -0 0.96897213702495555
    outer loop
      vertex 533.64329302593774 -197.20236677281588 231.34036083966822
      vertex 577 -214.75 242.39999389648497
      vertex 577 -166.125 242.39999389648497
    endloop
  endfacet
  facet normal -0.2471281867724803 -6.2095455458567353e-05 0.96898279419538746
    outer loop
      vertex 533.64329302593774 -197.20236677281588 231.34036083966822
      vertex 577 -166.125 242.39999389648497
      vertex 532.67422342494172 -143.80064335897416 231.09663266365976
    endloop
  endfacet
  facet normal -0.2393412467286985 -0.00082636143108516698 0.97093515990571566
    outer loop
      vertex 490.41806788026349 -168.54068591275615 220.65918474182425
      vertex 532.67422342494172 -143.80064335897416 231.09663266365976
      vertex 485.8426047971609 -119.80132471217964 219.57278808635505
    endloop
  endfacet
  facet normal -0.24119329849311921 -0.00055249233934660249 0.970476938167118
    outer loop
      vertex 535.23334211551639 2.4027478771440371 231.74026995245904
      vertex 543.18290026320187 43.968840460782701 233.73964265532487
      vertex 500.42679065288411 36.752208788032021 223.10932900681604
    endloop
  endfacet
  facet normal -0.23812765163778493 -0.0006105222631312947 0.97123367362753643
    outer loop
      vertex 535.23334211551639 2.4027478771440371 231.74026995245904
      vertex 480.72107745696195 -13.921104149510967 218.36465912220353
      vertex 530.59076947885876 -44.323970636662864 230.57262857813848
    endloop
  endfacet
  facet normal -0.24703947681878996 -0 0.96900541633837045
    outer loop
      vertex 531.83225494165276 -93.876219008258488 230.88487135933477
      vertex 577 -117.49999999999999 242.39999389648497
      vertex 577 -68.874999999999972 242.39999389648497
    endloop
  endfacet
  facet normal -0.24699673936847025 -8.2226630972153332e-05 0.96901630738606515
    outer loop
      vertex 531.83225494165276 -93.876219008258488 230.88487135933477
      vertex 577 -68.874999999999972 242.39999389648497
      vertex 530.59076947885876 -44.323970636662864 230.57262857813848
    endloop
  endfacet
  facet normal -0.23968649277753937 0.00032518203053283833 0.97085028682935948
    outer loop
      vertex 490.41806788026349 -168.54068591275615 220.65918474182425
      vertex 488.06095039318512 -224.74807775825857 220.09607877466576
      vertex 533.64329302593774 -197.20236677281588 231.34036083966822
    endloop
  endfacet
  facet normal -0.23885402590907409 0.0019627812346561576 0.97105350099613585
    outer loop
      vertex 535.23334211551639 2.4027478771440371 231.74026995245904
      vertex 500.42679065288411 36.752208788032021 223.10932900681604
      vertex 480.72107745696195 -13.921104149510967 218.36465912220353
    endloop
  endfacet
  facet normal -0.23817357988794746 -0.00069040174829942253 0.971222358262404
    outer loop
      vertex 480.72107745696195 -13.921104149510967 218.36465912220353
      vertex 485.0133644840181 -70.308115284762096 219.37717666538566
      vertex 530.59076947885876 -44.323970636662864 230.57262857813848
    endloop
  endfacet
  facet normal -0.24729387121973215 -0 0.96894052513926698
    outer loop
      vertex 535.23334211551639 2.4027478771440371 231.74026995245904
      vertex 577 -20.249999999999979 242.39999389648497
      vertex 577 28.375000000000011 242.39999389648497
    endloop
  endfacet
  facet normal -0.24774969451565096 0.00078094475300167154 0.96882376054300734
    outer loop
      vertex 535.23334211551639 2.4027478771440371 231.74026995245904
      vertex 577 28.375000000000011 242.39999389648497
      vertex 543.18290026320187 43.968840460782701 233.73964265532487
    endloop
  endfacet
  facet normal -0.23976231035253312 0.00045830814015214297 0.97083151189486228
    outer loop
      vertex 488.06095039318512 -224.74807775825857 220.09607877466576
      vertex 540.10086863106631 -259.32530052651566 232.96448889203617
      vertex 533.64329302593774 -197.20236677281588 231.34036083966822
    endloop
  endfacet
  facet normal -0.24050848872113456 -0.00073347496274802227 0.97064675802660305
    outer loop
      vertex 488.06095039318512 -224.74807775825857 220.09607877466576
      vertex 496.23457786801407 -275.40920706454665 222.08307157658999
      vertex 540.10086863106631 -259.32530052651566 232.96448889203617
    endloop
  endfacet
  facet normal -0.22902106291218804 -0.0028488773607658162 0.97341729830548784
    outer loop
      vertex 476.20952347994864 -312 217.2645811607932
      vertex 476.0376617768456 -311.62568824688509 217.22524183355307
      vertex 476.03757001944882 -311.69143823420131 217.22502781637129
    endloop
  endfacet
  facet normal -0.22902106291270449 -0.0028488773610241152 0.97341729830536561
    outer loop
      vertex 476.06056262086992 -295.21578280935915 217.27865631861317
      vertex 496.23457786801407 -275.40920706454665 222.08307157658999
      vertex 476.07100254179454 -287.73566640709373 217.30300445389327
    endloop
  endfacet
  facet normal -0.22902106291270377 -0.0028488773610248308 0.97341729830536561
    outer loop
      vertex 476.20952347994864 -312 217.2645811607932
      vertex 496.23457786801407 -275.40920706454665 222.08307157658999
      vertex 476.06056262086992 -295.21578280935915 217.27865631861317
    endloop
  endfacet
  facet normal -0.22902106291272345 -0.0028488773610249908 0.97341729830536095
    outer loop
      vertex 476.06056262086992 -295.21578280935915 217.27865631861317
      vertex 476.0376617768456 -311.62568824688509 217.22524183355307
      vertex 476.20952347994864 -312 217.2645811607932
    endloop
  endfacet
  facet normal -0.22902106291270535 -0.0028488773610225392 0.97341729830536539
    outer loop
      vertex 476.07100254179454 -287.73566640709373 217.30300445389327
      vertex 496.23457786801407 -275.40920706454665 222.08307157658999
      vertex 476.08210721015166 -279.7792640052852 217.32890292279455
    endloop
  endfacet
  facet normal -0.22902106291270244 -0.0028488773610365558 0.97341729830536572
    outer loop
      vertex 476.09284990419809 -272.08221318274519 217.35395718994863
      vertex 476.08210721015166 -279.7792640052852 217.32890292279455
      vertex 496.23457786801407 -275.40920706454665 222.08307157658999
    endloop
  endfacet
  facet normal -0.22958700856427294 0.0031970738584567674 0.97328289012868818
    outer loop
      vertex 476.07159965282756 54.958479530417392 217.30439572968953
      vertex 476.1895439062294 77 217.25981475429364
      vertex 476.03748870351876 76.727517635740355 217.22484162034817
    endloop
  endfacet
  facet normal -0.22958700856430903 0.0031970738584569695 0.97328289012867963
    outer loop
      vertex 476.1895439062294 77 217.25981475429364
      vertex 476.07159965282756 54.958479530417392 217.30439572968953
      vertex 500.42679065288411 36.752208788032021 223.10932900681604
    endloop
  endfacet
  facet normal -0.22958700856430697 0.0031970738584598903 0.97328289012868008
    outer loop
      vertex 476.07159965282756 54.958479530417392 217.30439572968953
      vertex 476.10301369327033 34.910563617847323 217.37766006442311
      vertex 500.42679065288411 36.752208788032021 223.10932900681604
    endloop
  endfacet
  facet normal -0.21987670030634657 0.0025171427440141645 0.97552442340251
    outer loop
      vertex 476.03757001944882 -311.69143823420131 217.22502781637129
      vertex 476.03770474068619 -311.80143626108639 217.22534200921876
      vertex 476.20952347994864 -312 217.2645811607932
    endloop
  endfacet
  facet normal -0.21987670030598644 0.0025171427443416217 0.97552442340259016
    outer loop
      vertex 476.03770474068619 -311.80143626108639 217.22534200921876
      vertex 476.03794793370844 -312 217.22590917672446
      vertex 476.20952347994864 -312 217.2645811607932
    endloop
  endfacet
  facet normal -0.21986457142147256 -0.0025164565048014348 0.97552715886350982
    outer loop
      vertex 476.03763576171184 76.847636648367612 217.22518462172363
      vertex 476.1895439062294 77 217.25981475429364
      vertex 476.03776278188082 76.951375343641814 217.22548085248144
    endloop
  endfacet
  facet normal -0.2198645714211086 -0.0025164565051826859 0.97552715886359076
    outer loop
      vertex 476.03750471675471 76.740597451645101 217.22487896992959
      vertex 476.1895439062294 77 217.25981475429364
      vertex 476.03763576171184 76.847636648367612 217.22518462172363
    endloop
  endfacet
  facet normal -0.21986457142521992 -0.0025164565026490806 0.97552715886267083
    outer loop
      vertex 476.03750471675471 76.740597451645101 217.22487896992959
      vertex 476.03748870351876 76.727517635740355 217.22484162034817
      vertex 476.1895439062294 77 217.25981475429364
    endloop
  endfacet
  facet normal -0.21986457142139917 -0.0025164565050417175 0.9755271588635257
    outer loop
      vertex 476.03776278188082 76.951375343641814 217.22548085248144
      vertex 476.1895439062294 77 217.25981475429364
      vertex 476.03782231908673 77 217.22561970249072
    endloop
  endfacet
  facet normal -0.22836597387384325 0.0013404162503672015 0.97357443745248717
    outer loop
      vertex 476.08299730966894 -257.06905828556773 217.33097602561475
      vertex 496.23457786801407 -275.40920706454665 222.08307157658999
      vertex 476.0761093846159 -246.57339793581599 217.31490994910109
    endloop
  endfacet
  facet normal -0.22836597387383953 0.0013404162503699525 0.97357443745248817
    outer loop
      vertex 488.06095039318512 -224.74807775825857 220.09607877466576
      vertex 476.0761093846159 -246.57339793581599 217.31490994910109
      vertex 496.23457786801407 -275.40920706454665 222.08307157658999
    endloop
  endfacet
  facet normal -0.22836597387383128 0.0013404162503614769 0.97357443745249006
    outer loop
      vertex 476.07281212812973 -241.54849109024741 217.30721824347188
      vertex 488.06095039318512 -224.74807775825857 220.09607877466576
      vertex 476.0711636339804 -239.03697161051451 217.30337370796275
    endloop
  endfacet
  facet normal -0.22836597387385091 0.0013404162503762246 0.97357443745248551
    outer loop
      vertex 488.06095039318512 -224.74807775825857 220.09607877466576
      vertex 476.07281212812973 -241.54849109024741 217.30721824347188
      vertex 476.07379869804595 -243.05142637610518 217.30951889742701
    endloop
  endfacet
  facet normal -0.22836597387385357 0.0013404162503780884 0.97357443745248484
    outer loop
      vertex 476.0761093846159 -246.57339793581599 217.31490994910109
      vertex 488.06095039318512 -224.74807775825857 220.09607877466576
      vertex 476.07379869804595 -243.05142637610518 217.30951889742701
    endloop
  endfacet
  facet normal -0.22836597387383895 0.0013404162503722085 0.97357443745248817
    outer loop
      vertex 476.08299730966894 -257.06905828556773 217.33097602561475
      vertex 476.09284990419809 -272.08221318274519 217.35395718994863
      vertex 496.23457786801407 -275.40920706454665 222.08307157658999
    endloop
  endfacet
  facet normal -0.22921471994679904 -0.0020029859747781494 0.97337382346501145
    outer loop
      vertex 476.09225953160649 23.950970801936712 217.3525752282944
      vertex 500.42679065288411 36.752208788032021 223.10932900681604
      vertex 476.09574541712414 27.503878167955534 217.36070719127275
    endloop
  endfacet
  facet normal -0.22921471994679915 -0.0020029859747778822 0.97337382346501145
    outer loop
      vertex 476.09696102064618 28.742630347746193 217.36354252277303
      vertex 476.09574541712414 27.503878167955534 217.36070719127275
      vertex 500.42679065288411 36.752208788032021 223.10932900681604
    endloop
  endfacet
  facet normal -0.22921471994679576 -0.0020029859747813222 0.97337382346501211
    outer loop
      vertex 476.0908195663701 22.483840416828642 217.34921711167559
      vertex 476.08358415526493 15.111564423405987 217.33234278471994
      vertex 500.42679065288411 36.752208788032021 223.10932900681604
    endloop
  endfacet
  facet normal -0.2292147199468122 -0.0020029859747518414 0.97337382346500845
    outer loop
      vertex 476.09225953160649 23.950970801936712 217.3525752282944
      vertex 476.0908195663701 22.483840416828642 217.34921711167559
      vertex 500.42679065288411 36.752208788032021 223.10932900681604
    endloop
  endfacet
  facet normal -0.22921471994679116 -0.0020029859747723133 0.97337382346501344
    outer loop
      vertex 476.07842370750916 9.8535017434767269 217.32030765894694
      vertex 476.06248396268984 -6.3872371123727678 217.2831342776409
      vertex 480.72107745696195 -13.921104149510967 218.36465912220353
    endloop
  endfacet
  facet normal -0.22921471994679807 -0.0020029859747786451 0.97337382346501178
    outer loop
      vertex 476.08358415526493 15.111564423405987 217.33234278471994
      vertex 476.07842370750916 9.8535017434767269 217.32030765894694
      vertex 500.42679065288411 36.752208788032021 223.10932900681604
    endloop
  endfacet
  facet normal -0.22921471994680229 -0.0020029859747745884 0.97337382346501078
    outer loop
      vertex 480.72107745696195 -13.921104149510967 218.36465912220353
      vertex 500.42679065288411 36.752208788032021 223.10932900681604
      vertex 476.07842370750916 9.8535017434767269 217.32030765894694
    endloop
  endfacet
  facet normal -0.22921471994679854 -0.0020029859747798806 0.97337382346501167
    outer loop
      vertex 476.10301369327033 34.910563617847323 217.37766006442311
      vertex 476.09696102064618 28.742630347746193 217.36354252277303
      vertex 500.42679065288411 36.752208788032021 223.10932900681604
    endloop
  endfacet
  facet normal -0.22055518711977143 0.003637899895021278 0.9753677127724274
    outer loop
      vertex 480.72107745696195 -13.921104149510967 218.36465912220353
      vertex 476.0634949356791 -6.9581540692085664 217.28549227457273
      vertex 476.07515674925583 -13.543816781418153 217.3126923292983
    endloop
  endfacet
  facet normal -0.22055518711984817 0.0036378998949673116 0.97536771277241019
    outer loop
      vertex 480.72107745696195 -13.921104149510967 218.36465912220353
      vertex 476.06248396268984 -6.3872371123727678 217.2831342776409
      vertex 476.0634949356791 -6.9581540692085664 217.28549227457273
    endloop
  endfacet
  facet normal -0.22370880889836328 0.00010396348132842852 0.97465602035429399
    outer loop
      vertex 476.0818630236671 -81.323522389304742 217.32834065391529
      vertex 485.0133644840181 -70.308115284762096 219.37717666538566
      vertex 476.08155434685858 -75.233654853719514 217.32762021764205
    endloop
  endfacet
  facet normal -0.22370880889836614 0.00010396348133086315 0.97465602035429333
    outer loop
      vertex 476.08221810970554 -88.255667459872882 217.32916158539535
      vertex 485.0133644840181 -70.308115284762096 219.37717666538566
      vertex 476.0818630236671 -81.323522389304742 217.32834065391529
    endloop
  endfacet
  facet normal -0.2237088088983179 0.00010396348130558413 0.97465602035430454
    outer loop
      vertex 476.08228284173845 -89.519394541202104 217.329311240853
      vertex 485.0133644840181 -70.308115284762096 219.37717666538566
      vertex 476.08221810970554 -88.255667459872882 217.32916158539535
    endloop
  endfacet
  facet normal -0.22370880889836436 0.00010396348132831776 0.97465602035429377
    outer loop
      vertex 485.8426047971609 -119.80132471217964 219.57278808635505
      vertex 485.0133644840181 -70.308115284762096 219.37717666538566
      vertex 476.08228284173845 -89.519394541202104 217.329311240853
    endloop
  endfacet
  facet normal -0.22370880889836431 0.00010396348132833382 0.97465602035429377
    outer loop
      vertex 476.08228284173845 -89.519394541202104 217.329311240853
      vertex 476.08343126072714 -112.1592316112292 217.33198975272597
      vertex 485.8426047971609 -119.80132471217964 219.57278808635505
    endloop
  endfacet
  facet normal -0.22370880889836819 0.00010396348132315417 0.974656020354293
    outer loop
      vertex 485.8426047971609 -119.80132471217964 219.57278808635505
      vertex 476.08343126072714 -112.1592316112292 217.33198975272597
      vertex 476.0836141959029 -115.76560055437396 217.33241642108061
    endloop
  endfacet
  facet normal -0.22298220359417609 -0.0034198555848299972 0.97481651682153192
    outer loop
      vertex 476.09254148765513 -226.21818896391957 217.35323464641249
      vertex 488.06095039318512 -224.74807775825857 220.09607877466576
      vertex 476.09446199284923 -225.06657824050455 217.3577140338345
    endloop
  endfacet
  facet normal -0.22298220359417761 -0.0034198555848172136 0.97481651682153159
    outer loop
      vertex 476.07475118001207 -236.88577469827828 217.31174117153486
      vertex 488.06095039318512 -224.74807775825857 220.09607877466576
      vertex 476.09254148765513 -226.21818896391957 217.35323464641249
    endloop
  endfacet
  facet normal -0.22298220359417328 -0.0034198555848217213 0.97481651682153281
    outer loop
      vertex 476.0711636339804 -239.03697161051451 217.30337370796275
      vertex 488.06095039318512 -224.74807775825857 220.09607877466576
      vertex 476.07475118001207 -236.88577469827828 217.31174117153486
    endloop
  endfacet
  facet normal -0.22509334523414928 0.00036122145129430884 0.97433713644218811
    outer loop
      vertex 476.065822306558 -18.587174803529834 217.29092249575245
      vertex 476.06734065642428 -27.197152472039484 217.29446529315857
      vertex 480.72107745696195 -13.921104149510967 218.36465912220353
    endloop
  endfacet
  facet normal -0.22509334523416075 0.00036122145128104314 0.97433713644218545
    outer loop
      vertex 476.0732619381115 -60.766539441849588 217.30827860610734
      vertex 476.07409833895076 -65.508216830072925 217.31022974168397
      vertex 485.0133644840181 -70.308115284762096 219.37717666538566
    endloop
  endfacet
  facet normal -0.22509334523411667 0.00036122145128227067 0.97433713644219577
    outer loop
      vertex 476.06817535853418 -31.930426854452193 217.29641292099799
      vertex 480.72107745696195 -13.921104149510967 218.36465912220353
      vertex 476.06734065642428 -27.197152472039484 217.29446529315857
    endloop
  endfacet
  facet normal -0.22509334523421232 0.00036122145130829835 0.97433713644217357
    outer loop
      vertex 476.0689910982241 -36.554530112036261 217.29831569447958
      vertex 480.72107745696195 -13.921104149510967 218.36465912220353
      vertex 476.06817535853418 -31.930426854452193 217.29641292099799
    endloop
  endfacet
  facet normal -0.22509334523415017 0.00036122145129146243 0.97433713644218789
    outer loop
      vertex 476.0689910982241 -36.554530112036261 217.29831569447958
      vertex 476.0732619381115 -60.766539441849588 217.30827860610734
      vertex 485.0133644840181 -70.308115284762096 219.37717666538566
    endloop
  endfacet
  facet normal -0.22509334523414332 0.0003612214512933723 0.97433713644218944
    outer loop
      vertex 480.72107745696195 -13.921104149510967 218.36465912220353
      vertex 476.0689910982241 -36.554530112036261 217.29831569447958
      vertex 485.0133644840181 -70.308115284762096 219.37717666538566
    endloop
  endfacet
  facet normal -0.22112964310124145 -0.0038003698028497928 0.97523701638692883
    outer loop
      vertex 480.72107745696195 -13.921104149510967 218.36465912220353
      vertex 476.07515674925583 -13.543816781418153 217.3126923292983
      vertex 476.06699605033219 -17.953006244023321 217.29365990680276
    endloop
  endfacet
  facet normal -0.22112964310126787 -0.0038003698028178071 0.97523701638692317
    outer loop
      vertex 476.06699605033219 -17.953006244023321 217.29365990680276
      vertex 476.065822306558 -18.587174803529834 217.29092249575245
      vertex 480.72107745696195 -13.921104149510967 218.36465912220353
    endloop
  endfacet
  facet normal -0.22447669139737877 0.0015704114884611401 0.97447819309979578
    outer loop
      vertex 476.07409833895076 -65.508216830072925 217.31022974168397
      vertex 476.07870663794358 -71.519171593539184 217.32097818962484
      vertex 485.0133644840181 -70.308115284762096 219.37717666538566
    endloop
  endfacet
  facet normal -0.22447669139737686 0.0015704114884462026 0.97447819309979611
    outer loop
      vertex 476.08155434685858 -75.233654853719514 217.32762021764205
      vertex 485.0133644840181 -70.308115284762096 219.37717666538566
      vertex 476.07870663794358 -71.519171593539184 217.32097818962484
    endloop
  endfacet
  facet normal -0.22316352633379016 0.0037602112567501748 0.97477376930525395
    outer loop
      vertex 476.0727381381995 -213.22187423750529 217.3070493946235
      vertex 476.09394820035135 -224.78643826741495 217.35651576069387
      vertex 488.06095039318512 -224.74807775825857 220.09607877466576
    endloop
  endfacet
  facet normal -0.22316352633379047 0.0037602112568960737 0.97477376930525328
    outer loop
      vertex 476.09446199284923 -225.06657824050455 217.3577140338345
      vertex 488.06095039318512 -224.74807775825857 220.09607877466576
      vertex 476.09394820035135 -224.78643826741495 217.35651576069387
    endloop
  endfacet
  facet normal -0.22613034267912605 -0.0016752473658040389 0.97409561217884799
    outer loop
      vertex 476.0886171097959 -161.91205141094466 217.34409023747844
      vertex 476.08430903220119 -167.17325238852263 217.33404194240447
      vertex 490.41806788026349 -168.54068591275615 220.65918474182425
    endloop
  endfacet
  facet normal -0.22613034267912602 -0.0016752473658041347 0.97409561217884788
    outer loop
      vertex 476.08430903220119 -167.17325238852263 217.33404194240447
      vertex 476.07722215937002 -175.8280320316797 217.31751229831272
      vertex 490.41806788026349 -168.54068591275615 220.65918474182425
    endloop
  endfacet
  facet normal -0.22513935173540453 0.0005824481239825915 0.97432639964969858
    outer loop
      vertex 476.079160642001 -128.6637134032066 217.32202940125848
      vertex 485.8426047971609 -119.80132471217964 219.57278808635505
      vertex 476.07832275327854 -125.71854980574221 217.32007518269614
    endloop
  endfacet
  facet normal -0.22513935173541155 0.00058244812399067195 0.97432639964969714
    outer loop
      vertex 476.08064455042518 -133.88793064989773 217.3254953052066
      vertex 485.8426047971609 -119.80132471217964 219.57278808635505
      vertex 476.079160642001 -128.6637134032066 217.32202940125848
    endloop
  endfacet
  facet normal -0.22513935173540867 0.00058244812398856307 0.97432639964969792
    outer loop
      vertex 476.0815753277501 -137.16480601136163 217.32766928356861
      vertex 485.8426047971609 -119.80132471217964 219.57278808635505
      vertex 476.08064455042518 -133.88793064989773 217.3254953052066
    endloop
  endfacet
  facet normal -0.22513935173541202 0.00058244812398986542 0.97432639964969714
    outer loop
      vertex 490.41806788026349 -168.54068591275615 220.65918474182425
      vertex 476.0815753277501 -137.16480601136163 217.32766928356861
      vertex 476.08653280511771 -154.58708749929716 217.33922978158355
    endloop
  endfacet
  facet normal -0.22513935173541141 0.00058244812399017853 0.97432639964969736
    outer loop
      vertex 485.8426047971609 -119.80132471217964 219.57278808635505
      vertex 476.0815753277501 -137.16480601136163 217.32766928356861
      vertex 490.41806788026349 -168.54068591275615 220.65918474182425
    endloop
  endfacet
  facet normal -0.22513935173540958 0.00058244812399260736 0.97432639964969781
    outer loop
      vertex 490.41806788026349 -168.54068591275615 220.65918474182425
      vertex 476.08653280511771 -154.58708749929716 217.33922978158355
      vertex 476.0886171097959 -161.91205141094466 217.34409023747844
    endloop
  endfacet
  facet normal -0.22681993509990775 -0.0002453115206001504 0.97393668010991952
    outer loop
      vertex 476.07649244584763 -181.91281326119051 217.31580974357422
      vertex 490.41806788026349 -168.54068591275615 220.65918474182425
      vertex 476.07722215937002 -175.8280320316797 217.31751229831272
    endloop
  endfacet
  facet normal -0.22681993509991616 -0.00024531152059059853 0.97393668010991741
    outer loop
      vertex 476.07623997276664 -184.01661505245835 217.31522104745466
      vertex 490.41806788026349 -168.54068591275615 220.65918474182425
      vertex 476.07649244584763 -181.91281326119051 217.31580974357422
    endloop
  endfacet
  facet normal -0.22681993509990522 -0.00024531152060130388 0.97393668010991996
    outer loop
      vertex 476.07599048944292 -186.0955038649526 217.31463932260681
      vertex 490.41806788026349 -168.54068591275615 220.65918474182425
      vertex 476.07623997276664 -184.01661505245835 217.31522104745466
    endloop
  endfacet
  facet normal -0.22681993509991025 -0.00024531152059693146 0.97393668010991874
    outer loop
      vertex 476.07355672344556 -206.39443005786467 217.30895970584177
      vertex 490.41806788026349 -168.54068591275615 220.65918474182425
      vertex 476.07599048944292 -186.0955038649526 217.31463932260681
    endloop
  endfacet
  facet normal -0.2268199350999083 -0.00024531152059772531 0.97393668010991929
    outer loop
      vertex 490.41806788026349 -168.54068591275615 220.65918474182425
      vertex 476.07355672344556 -206.39443005786467 217.30895970584177
      vertex 488.06095039318512 -224.74807775825857 220.09607877466576
    endloop
  endfacet
  facet normal -0.22681993509990966 -0.00024531152059868147 0.97393668010991885
    outer loop
      vertex 488.06095039318512 -224.74807775825857 220.09607877466576
      vertex 476.07355672344556 -206.39443005786467 217.30895970584177
      vertex 476.0727381381995 -213.22187423750529 217.3070493946235
    endloop
  endfacet
  facet normal -0.22417737924359352 -0.0010892152748257643 0.97454774959750379
    outer loop
      vertex 485.8426047971609 -119.80132471217964 219.57278808635505
      vertex 476.0836141959029 -115.76560055437396 217.33241642108061
      vertex 476.08334520756 -116.27155469880424 217.33178905922534
    endloop
  endfacet
  facet normal -0.22417737924361988 -0.0010892152749025293 0.97454774959749768
    outer loop
      vertex 476.08334520756 -116.27155469880424 217.33178905922534
      vertex 476.07832275327854 -125.71854980574221 217.32007518269614
      vertex 485.8426047971609 -119.80132471217964 219.57278808635505
    endloop
  endfacet
  facet normal -0.081703175702350944 0.018708489611251398 0.99648110042118543
    outer loop
      vertex 348.9378448253488 -266.86411012836737 175.29862956899052
      vertex 322.79322194436918 -312 174.00239385552601
      vertex 374.50579223918032 -312 178.24239521132824
    endloop
  endfacet
  facet normal 0.12114451064118002 0.047129019340971308 0.99151543763950911
    outer loop
      vertex 197.24560895937668 33.865356664444903 180.05969906893893
      vertex 245.40537880708516 31.953356017381964 174.2663641219892
      vertex 220.42604059640306 77 175.17719769440535
    endloop
  endfacet
  facet normal 0.11390957662306851 0.04561175452209975 0.99244353804282948
    outer loop
      vertex 219.83644513189961 -226.18830161346321 175.35519542021112
      vertex 197.84518889749037 -270.05624037681883 179.89541173339467
      vertex 246.26058600307795 -267.90527521425037 174.23958702785495
    endloop
  endfacet
  facet normal 0.0059590714020405014 0.0020028318627511353 0.99998023887102649
    outer loop
      vertex 295.60777285227709 -63.945581015656899 174.08122955174116
      vertex 269.75444786879075 -14.609492124845161 174.13648056230622
      vertex 241.23756412008066 -59.76618303564976 174.39686111351469
    endloop
  endfacet
  facet normal -6.221008744796421e-05 -0.0011524892355968821 0.99999933394901164
    outer loop
      vertex 295.60777285227709 -63.945581015656899 174.08122955174116
      vertex 321.91005443424916 -14.052330812287266 174.14036729215553
      vertex 269.75444786879075 -14.609492124845161 174.13648056230622
    endloop
  endfacet
  facet normal -0.20784883185304273 -0.00499384480966596 0.97814821198596635
    outer loop
      vertex 451.72094165821653 -268.05648163836747 193.6316307776851
      vertex 400.90887006559757 -267.88397764590496 182.83534434891317
      vertex 425.54215545197741 -312 187.84449425377019
    endloop
  endfacet
  facet normal 0.021115725357318274 0.008821886315601114 0.99973811594060413
    outer loop
      vertex 246.26058600307795 -267.90527521425037 174.23958702785495
      vertex 220.45991093657128 -312 175.17363025680277
      vertex 270.85521971554476 -312 174.10921800472727
    endloop
  endfacet
  facet normal -0.20586298419537463 -0.0029912683867405502 0.97857625357026379
    outer loop
      vertex 400.49918533248558 -52.835859483640775 182.76452614161403
      vertex 434.08039878643325 -98.395628796058958 189.68973742908935
      vertex 445.58602597819504 -49.137784510906471 192.26074420752437
    endloop
  endfacet
  facet normal -0.022636059443384003 0.014645417410086629 0.99963649421265111
    outer loop
      vertex 296.4706682503242 31.491743318188924 174.07393036074552
      vertex 348.40593329597897 32.176823742639044 175.23993066661055
      vertex 322.74187219084132 77 174.00209336691884
    endloop
  endfacet
  facet normal 0.11800081287591312 -0.048034518624530238 0.99185104384737777
    outer loop
      vertex 246.26058600307795 -267.90527521425037 174.23958702785495
      vertex 197.84518889749037 -270.05624037681883 179.89541173339467
      vertex 220.45991093657128 -312 175.17363025680277
    endloop
  endfacet
  facet normal 0.021207393843988256 -0.0084545587883332416 0.99973934947167142
    outer loop
      vertex 245.40537880708516 31.953356017381964 174.2663641219892
      vertex 270.79360069937059 77 174.10875452006309
      vertex 220.42604059640306 77 175.17719769440535
    endloop
  endfacet
  facet normal -0.083679603112891895 -0.020983728293809904 0.99627175367454857
    outer loop
      vertex 375.77045419900003 -222.35143770666383 178.48991138027571
      vertex 323.69802995527766 -219.45182810151425 174.17727764567343
      vertex 348.9378448253488 -266.86411012836737 175.29862956899052
    endloop
  endfacet
  facet normal -0.07893458146584309 0.021535422959654278 0.99664715792840186
    outer loop
      vertex 374.27119393650599 -11.431650554473748 178.23074886948814
      vertex 348.40593329597897 32.176823742639044 175.23993066661055
      vertex 321.91005443424916 -14.052330812287266 174.14036729215553
    endloop
  endfacet
  facet normal 0.022574692290230298 0.0098662083970986105 0.99969647453607968
    outer loop
      vertex 242.59418950425109 -176.85240041437049 174.35438428943388
      vertex 219.83644513189961 -226.18830161346321 175.35519542021112
      vertex 271.16113999029335 -220.80200947895474 174.14304602799959
    endloop
  endfacet
  facet normal -8.9570483723687839e-05 0.0014087068037214514 0.99999900376063855
    outer loop
      vertex 269.75444786879075 -14.609492124845161 174.13648056230622
      vertex 321.91005443424916 -14.052330812287266 174.14036729215553
      vertex 296.4706682503242 31.491743318188924 174.07393036074552
    endloop
  endfacet
  facet normal -0.076780474631319637 -0.021758649665433991 0.99681057372006554
    outer loop
      vertex 348.15237037454926 -57.563012183705354 175.21194882310772
      vertex 374.27119393650599 -11.431650554473748 178.23074886948814
      vertex 321.91005443424916 -14.052330812287266 174.14036729215553
    endloop
  endfacet
  facet normal -0.081566368807046097 -0.019182935326514893 0.99648328760290383
    outer loop
      vertex 348.40593329597897 32.176823742639044 175.23993066661055
      vertex 374.46523342000899 77 178.23586909647184
      vertex 322.74187219084132 77 174.00209336691884
    endloop
  endfacet
  facet normal -0.18489185524447385 0.0083442525123247555 0.98272344803320288
    outer loop
      vertex 400.90887006559757 -267.88397764590496 182.83534434891317
      vertex 374.50579223918032 -312 178.24239521132824
      vertex 425.54215545197741 -312 187.84449425377019
    endloop
  endfacet
  facet normal -0.14382132996427555 -0.016937333668811762 0.98945871655946238
    outer loop
      vertex 400.90887006559757 -267.88397764590496 182.83534434891317
      vertex 348.9378448253488 -266.86411012836737 175.29862956899052
      vertex 374.50579223918032 -312 178.24239521132824
    endloop
  endfacet
  facet normal -0.023694842856258291 0.011029113091732075 0.9996583981973175
    outer loop
      vertex 323.69802995527766 -219.45182810151425 174.17727764567343
      vertex 297.1056695917307 -266.72854048950649 174.06855891470016
      vertex 348.9378448253488 -266.86411012836737 175.29862956899052
    endloop
  endfacet
  facet normal -0.022299027117850024 -0.010997197305238684 0.99969085973666216
    outer loop
      vertex 321.91005443424916 -14.052330812287266 174.14036729215553
      vertex 348.40593329597897 32.176823742639044 175.23993066661055
      vertex 296.4706682503242 31.491743318188924 174.07393036074552
    endloop
  endfacet
  facet normal -0.023761531166946896 -0.014943511228316931 0.99960596292177628
    outer loop
      vertex 297.1056695917307 -266.72854048950649 174.06855891470016
      vertex 322.79322194436918 -312 174.00239385552601
      vertex 348.9378448253488 -266.86411012836737 175.29862956899052
    endloop
  endfacet
  facet normal -0.2073031928133178 -0.0047491318762272619 0.9782652155708218
    outer loop
      vertex 425.98406887646917 -9.4760041997091093 187.97066469303965
      vertex 451.6697554368393 33.0606292045141 193.62019288560589
      vertex 400.18352111045596 33.094271639596286 182.70996034380457
    endloop
  endfacet
  facet normal 0.0020532140340572208 0.00039325681828218098 0.99999781482821504
    outer loop
      vertex 296.4706682503242 31.491743318188924 174.07393036074552
      vertex 322.74187219084132 77 174.00209336691884
      vertex 270.79360069937059 77 174.10875452006309
    endloop
  endfacet
  facet normal 0.0037807223037600872 0.001367971191991596 0.99999191736417536
    outer loop
      vertex 296.4706682503242 31.491743318188924 174.07393036074552
      vertex 270.79360069937059 77 174.10875452006309
      vertex 245.40537880708516 31.953356017381964 174.2663641219892
    endloop
  endfacet
  facet normal 0.0020567583279709682 -0.00029448639993389931 0.99999784150914073
    outer loop
      vertex 297.1056695917307 -266.72854048950649 174.06855891470016
      vertex 270.85521971554476 -312 174.10921800472727
      vertex 322.79322194436918 -312 174.00239385552601
    endloop
  endfacet
  facet normal 0.0033883741050891123 -0.0010666214793357391 0.99999369059986754
    outer loop
      vertex 297.1056695917307 -266.72854048950649 174.06855891470016
      vertex 246.26058600307795 -267.90527521425037 174.23958702785495
      vertex 270.85521971554476 -312 174.10921800472727
    endloop
  endfacet
  facet normal -0.18485816834033572 -0.008140285645047143 0.98273149605956611
    outer loop
      vertex 400.18352111045596 33.094271639596286 182.70996034380457
      vertex 425.51201590005456 77 187.83809996702573
      vertex 374.46523342000899 77 178.23586909647184
    endloop
  endfacet
  facet normal -0.14306804178657942 0.017035239056415241 0.98956623631247864
    outer loop
      vertex 400.18352111045596 33.094271639596286 182.70996034380457
      vertex 374.46523342000899 77 178.23586909647184
      vertex 348.40593329597897 32.176823742639044 175.23993066661055
    endloop
  endfacet
  facet normal -0.20729629041000541 0.0053257315532202355 0.97826370911205418
    outer loop
      vertex 451.6697554368393 33.0606292045141 193.62019288560589
      vertex 425.51201590005456 77 187.83809996702573
      vertex 400.18352111045596 33.094271639596286 182.70996034380457
    endloop
  endfacet
  facet normal 0.11768997315116031 -0.041860757743814557 0.99216770113766184
    outer loop
      vertex 217.75544675984102 -12.326460608958826 175.67795319299995
      vertex 245.40537880708516 31.953356017381964 174.2663641219892
      vertex 197.24560895937668 33.865356664444903 180.05969906893893
    endloop
  endfacet
  facet normal -0.0006011622709042949 -0.0019614768827431639 0.99999789560396701
    outer loop
      vertex 271.16113999029335 -220.80200947895474 174.14304602799959
      vertex 297.1056695917307 -266.72854048950649 174.06855891470016
      vertex 323.69802995527766 -219.45182810151425 174.17727764567343
    endloop
  endfacet
  facet normal -0.10730954540758335 0.01620997800760951 0.99409350570125476
    outer loop
      vertex 379.37405532903728 -90.102020537708967 179.11283078933403
      vertex 348.15237037454926 -57.563012183705354 175.21194882310772
      vertex 331.35623993869115 -114.99584187745242 174.33537110639355
    endloop
  endfacet
  facet normal -0.14320385638985803 0.015378193608388425 0.98957372978288771
    outer loop
      vertex 375.77045419900003 -222.35143770666383 178.48991138027571
      vertex 348.9378448253488 -266.86411012836737 175.29862956899052
      vertex 400.90887006559757 -267.88397764590496 182.83534434891317
    endloop
  endfacet
  facet normal 0.029076238424432601 -0.012598662838883046 0.99949779692291352
    outer loop
      vertex 241.23756412008066 -59.76618303564976 174.39686111351469
      vertex 269.75444786879075 -14.609492124845161 174.13648056230622
      vertex 217.75544675984102 -12.326460608958826 175.67795319299995
    endloop
  endfacet
  facet normal 0.0054174096495033901 -0.0012872949970097077 0.99998449715197091
    outer loop
      vertex 297.01939806807457 -169.27646651069182 174.06928868140199
      vertex 242.59418950425109 -176.85240041437049 174.35438428943388
      vertex 271.16113999029335 -220.80200947895474 174.14304602799959
    endloop
  endfacet
  facet normal -0.18827941803323925 0.010498679627246835 0.98205938642790291
    outer loop
      vertex 400.49918533248558 -52.835859483640775 182.76452614161403
      vertex 379.37405532903728 -90.102020537708967 179.11283078933403
      vertex 434.08039878643325 -98.395628796058958 189.68973742908935
    endloop
  endfacet
  facet normal -0.14248452586246993 -0.016637010297690748 0.98965719811362041
    outer loop
      vertex 374.27119393650599 -11.431650554473748 178.23074886948814
      vertex 400.18352111045596 33.094271639596286 182.70996034380457
      vertex 348.40593329597897 32.176823742639044 175.23993066661055
    endloop
  endfacet
  facet normal -0.18541476713442723 0.0090547581890297584 0.98261863176037123
    outer loop
      vertex 374.27119393650599 -11.431650554473748 178.23074886948814
      vertex 425.98406887646917 -9.4760041997091093 187.97066469303965
      vertex 400.18352111045596 33.094271639596286 182.70996034380457
    endloop
  endfacet
  facet normal 0.0033573324715062631 0.0002747370794540861 0.99999432640301167
    outer loop
      vertex 271.16113999029335 -220.80200947895474 174.14304602799959
      vertex 246.26058600307795 -267.90527521425037 174.23958702785495
      vertex 297.1056695917307 -266.72854048950649 174.06855891470016
    endloop
  endfacet
  facet normal 0.02476763671660388 -0.011044295389484112 0.99963222622663783
    outer loop
      vertex 271.16113999029335 -220.80200947895474 174.14304602799959
      vertex 219.83644513189961 -226.18830161346321 175.35519542021112
      vertex 246.26058600307795 -267.90527521425037 174.23958702785495
    endloop
  endfacet
  facet normal -0.20781609236972062 0.0050629091641719946 0.97815481325962672
    outer loop
      vertex 429.45860488023277 -226.30783987745295 188.68574557464589
      vertex 400.90887006559757 -267.88397764590496 182.83534434891317
      vertex 451.72094165821653 -268.05648163836747 193.6316307776851
    endloop
  endfacet
  facet normal -0.1872506227253535 -0.0096374541739206055 0.98226489490667079
    outer loop
      vertex 429.45860488023277 -226.30783987745295 188.68574557464589
      vertex 375.77045419900003 -222.35143770666383 178.48991138027571
      vertex 400.90887006559757 -267.88397764590496 182.83534434891317
    endloop
  endfacet
  facet normal -0.10607085532632242 0.01378813937795368 0.99426297369601191
    outer loop
      vertex 379.37405532903728 -90.102020537708967 179.11283078933403
      vertex 331.35623993869115 -114.99584187745242 174.33537110639355
      vertex 388.34161579449852 -132.89567070535628 180.66296557513982
    endloop
  endfacet
  facet normal -0.20925060915478841 -0.0044697728888802076 0.97785183115780472
    outer loop
      vertex 450.6296293258805 -188.75930683096828 193.38776998182738
      vertex 403.96801043902019 -180.66944474291046 183.43962444481886
      vertex 429.45860488023277 -226.30783987745295 188.68574557464589
    endloop
  endfacet
  facet normal 0.17998129484427669 0.062578837440408347 0.98167745344934165
    outer loop
      vertex 184.74672112107856 -56.414882444038426 184.54028912021954
      vertex 241.23756412008066 -59.76618303564976 174.39686111351469
      vertex 217.75544675984102 -12.326460608958826 175.67795319299995
    endloop
  endfacet
  facet normal 0.16179284086667914 -0.05464439054256099 0.98531064503867072
    outer loop
      vertex 190.64174270259082 -189.96195608219901 182.15818740166108
      vertex 219.83644513189961 -226.18830161346321 175.35519542021112
      vertex 242.59418950425109 -176.85240041437049 174.35438428943388
    endloop
  endfacet
  facet normal 0.0037609218427760768 -0.00082270851108630057 0.99999258928133961
    outer loop
      vertex 269.75444786879075 -14.609492124845161 174.13648056230622
      vertex 296.4706682503242 31.491743318188924 174.07393036074552
      vertex 245.40537880708516 31.953356017381964 174.2663641219892
    endloop
  endfacet
  facet normal 0.030199195181727142 0.013004121977396125 0.99945930453519372
    outer loop
      vertex 269.75444786879075 -14.609492124845161 174.13648056230622
      vertex 245.40537880708516 31.953356017381964 174.2663641219892
      vertex 217.75544675984102 -12.326460608958826 175.67795319299995
    endloop
  endfacet
  facet normal -0.022830372120181609 0.010850606643092444 0.99968046817187084
    outer loop
      vertex 348.15237037454926 -57.563012183705354 175.21194882310772
      vertex 321.91005443424916 -14.052330812287266 174.14036729215553
      vertex 295.60777285227709 -63.945581015656899 174.08122955174116
    endloop
  endfacet
  facet normal 0.17177643632963768 -0.077057673259687431 0.98211759525715303
    outer loop
      vertex 214.50624546309717 -96.604773968855085 176.1818963906307
      vertex 241.23756412008066 -59.76618303564976 174.39686111351469
      vertex 184.74672112107856 -56.414882444038426 184.54028912021954
    endloop
  endfacet
  facet normal -0.081540815910813483 0.017781899895663793 0.99651136439917209
    outer loop
      vertex 352.7873139840454 -172.70770863450144 175.72343633080064
      vertex 323.69802995527766 -219.45182810151425 174.17727764567343
      vertex 375.77045419900003 -222.35143770666383 178.48991138027571
    endloop
  endfacet
  facet normal -0.020384474176989291 -0.0092974244422766132 0.99974898405113066
    outer loop
      vertex 331.35623993869115 -114.99584187745242 174.33537110639355
      vertex 348.15237037454926 -57.563012183705354 175.21194882310772
      vertex 295.60777285227709 -63.945581015656899 174.08122955174116
    endloop
  endfacet
  facet normal -0.20639804271727946 0.0038290839135481291 0.97846062060711414
    outer loop
      vertex 400.49918533248558 -52.835859483640775 182.76452614161403
      vertex 445.58602597819504 -49.137784510906471 192.26074420752437
      vertex 425.98406887646917 -9.4760041997091093 187.97066469303965
    endloop
  endfacet
  facet normal -0.18591892075381827 0.0090987129505621326 0.98252296071307088
    outer loop
      vertex 403.96801043902019 -180.66944474291046 183.43962444481886
      vertex 375.77045419900003 -222.35143770666383 178.48991138027571
      vertex 429.45860488023277 -226.30783987745295 188.68574557464589
    endloop
  endfacet
  facet normal -0.15134132521186366 -0.014986860342467158 0.98836794631361458
    outer loop
      vertex 403.96801043902019 -180.66944474291046 183.43962444481886
      vertex 352.7873139840454 -172.70770863450144 175.72343633080064
      vertex 375.77045419900003 -222.35143770666383 178.48991138027571
    endloop
  endfacet
  facet normal -0.18473960786145516 -0.0094148316563215321 0.98274240685546832
    outer loop
      vertex 400.49918533248558 -52.835859483640775 182.76452614161403
      vertex 425.98406887646917 -9.4760041997091093 187.97066469303965
      vertex 374.27119393650599 -11.431650554473748 178.23074886948814
    endloop
  endfacet
  facet normal -0.14427914298843836 0.016943462341109772 0.98939195872132357
    outer loop
      vertex 400.49918533248558 -52.835859483640775 182.76452614161403
      vertex 374.27119393650599 -11.431650554473748 178.23074886948814
      vertex 348.15237037454926 -57.563012183705354 175.21194882310772
    endloop
  endfacet
  facet normal -0.028825839713943879 0.013335147114090248 0.9994954951455417
    outer loop
      vertex 331.35623993869115 -114.99584187745242 174.33537110639355
      vertex 297.01939806807457 -169.27646651069182 174.06928868140199
      vertex 352.7873139840454 -172.70770863450144 175.72343633080064
    endloop
  endfacet
  facet normal -0.0033186836285165615 -0.0028025985475629927 0.99999056584567581
    outer loop
      vertex 262.29533526240959 -116.60542777568838 174.10166658476874
      vertex 297.01939806807457 -169.27646651069182 174.06928868140199
      vertex 331.35623993869115 -114.99584187745242 174.33537110639355
    endloop
  endfacet
  facet normal -0.0034438239565872178 0.0025666427735735074 0.99999077616817489
    outer loop
      vertex 262.29533526240959 -116.60542777568838 174.10166658476874
      vertex 331.35623993869115 -114.99584187745242 174.33537110639355
      vertex 295.60777285227709 -63.945581015656899 174.08122955174116
    endloop
  endfacet
  facet normal 0.0048762961958435051 0.0026000513693367239 0.99998473061756654
    outer loop
      vertex 262.29533526240959 -116.60542777568838 174.10166658476874
      vertex 242.59418950425109 -176.85240041437049 174.35438428943388
      vertex 297.01939806807457 -169.27646651069182 174.06928868140199
    endloop
  endfacet
  facet normal -0.1163313586316967 -0.019315365312668094 0.99302262394254714
    outer loop
      vertex 331.35623993869115 -114.99584187745242 174.33537110639355
      vertex 352.7873139840454 -172.70770863450144 175.72343633080064
      vertex 388.34161579449852 -132.89567070535628 180.66296557513982
    endloop
  endfacet
  facet normal -0.14767653797493829 0.0091775183375451125 0.98899313106254727
    outer loop
      vertex 388.34161579449852 -132.89567070535628 180.66296557513982
      vertex 352.7873139840454 -172.70770863450144 175.72343633080064
      vertex 403.96801043902019 -180.66944474291046 183.43962444481886
    endloop
  endfacet
  facet normal -0.20816993137679121 0.0020569885954161977 0.97809051138864456
    outer loop
      vertex 450.6296293258805 -188.75930683096828 193.38776998182738
      vertex 442.21261380701401 -146.24141281681989 191.50693344918764
      vertex 403.96801043902019 -180.66944474291046 183.43962444481886
    endloop
  endfacet
  facet normal -0.00069735418072464203 0.0017814383064592451 0.99999817008567926
    outer loop
      vertex 297.01939806807457 -169.27646651069182 174.06928868140199
      vertex 271.16113999029335 -220.80200947895474 174.14304602799959
      vertex 323.69802995527766 -219.45182810151425 174.17727764567343
    endloop
  endfacet
  facet normal -0.030510314078364714 -0.014071556683131365 0.99943539662519099
    outer loop
      vertex 297.01939806807457 -169.27646651069182 174.06928868140199
      vertex 323.69802995527766 -219.45182810151425 174.17727764567343
      vertex 352.7873139840454 -172.70770863450144 175.72343633080064
    endloop
  endfacet
  facet normal 0.047949507933010456 0.01068691205242202 0.99879258837847118
    outer loop
      vertex 209.9952576131887 -141.75334519565803 176.88153960566771
      vertex 262.29533526240959 -116.60542777568838 174.10166658476874
      vertex 214.50624546309717 -96.604773968855085 176.1818963906307
    endloop
  endfacet
  facet normal -0.19641724518465534 0.0038556528060695186 0.98051282487049085
    outer loop
      vertex 442.21261380701401 -146.24141281681989 191.50693344918764
      vertex 434.08039878643325 -98.395628796058958 189.68973742908935
      vertex 388.34161579449852 -132.89567070535628 180.66296557513982
    endloop
  endfacet
  facet normal 0.0055643639302765955 -0.0031319101725094259 0.99997961428857263
    outer loop
      vertex 262.29533526240959 -116.60542777568838 174.10166658476874
      vertex 295.60777285227709 -63.945581015656899 174.08122955174116
      vertex 241.23756412008066 -59.76618303564976 174.39686111351469
    endloop
  endfacet
  facet normal 0.048882238609535403 0.012923008367107851 0.99872094330862216
    outer loop
      vertex 214.50624546309717 -96.604773968855085 176.1818963906307
      vertex 262.29533526240959 -116.60542777568838 174.10166658476874
      vertex 241.23756412008066 -59.76618303564976 174.39686111351469
    endloop
  endfacet
  facet normal 0.13495985884368822 0.054111126822289905 0.98937243869784142
    outer loop
      vertex 209.9952576131887 -141.75334519565803 176.88153960566771
      vertex 190.64174270259082 -189.96195608219901 182.15818740166108
      vertex 242.59418950425109 -176.85240041437049 174.35438428943388
    endloop
  endfacet
  facet normal 0.060557152993436447 -0.01561609205413776 0.9980425686764498
    outer loop
      vertex 209.9952576131887 -141.75334519565803 176.88153960566771
      vertex 242.59418950425109 -176.85240041437049 174.35438428943388
      vertex 262.29533526240959 -116.60542777568838 174.10166658476874
    endloop
  endfacet
  facet normal -0.1992898575320538 -0.0082329118800567175 0.97990600153628449
    outer loop
      vertex 442.21261380701401 -146.24141281681989 191.50693344918764
      vertex 388.34161579449852 -132.89567070535628 180.66296557513982
      vertex 403.96801043902019 -180.66944474291046 183.43962444481886
    endloop
  endfacet
  facet normal -0.14128517879153574 -0.016901936208845107 0.98982464245250834
    outer loop
      vertex 379.37405532903728 -90.102020537708967 179.11283078933403
      vertex 400.49918533248558 -52.835859483640775 182.76452614161403
      vertex 348.15237037454926 -57.563012183705354 175.21194882310772
    endloop
  endfacet
  facet normal -0.19045842552058531 -0.0043511693631604646 0.9816856194695901
    outer loop
      vertex 388.34161579449852 -132.89567070535628 180.66296557513982
      vertex 434.08039878643325 -98.395628796058958 189.68973742908935
      vertex 379.37405532903728 -90.102020537708967 179.11283078933403
    endloop
  endfacet
  facet normal 0.28156137464277181 0.043902205370158945 0.95853836056409814
    outer loop
      vertex 181.68400802214967 -302.03762939015041 186.10738827661143
      vertex 220.45991093657128 -312 175.17363025680277
      vertex 197.84518889749037 -270.05624037681883 179.89541173339467
    endloop
  endfacet
  facet normal 0.28156137464277159 0.043902205370157869 0.95853836056409847
    outer loop
      vertex 220.45991093657128 -312 175.17363025680277
      vertex 181.68400802214967 -302.03762939015041 186.10738827661143
      vertex 181.48542315521908 -312 186.62200917119219
    endloop
  endfacet
  facet normal 0.28162376863320032 -0.042841453243525784 0.95856802722854084
    outer loop
      vertex 220.42604059640306 77 175.17719769440535
      vertex 181.69209407581923 66.469160870560628 186.0864323485375
      vertex 197.24560895937668 33.865356664444903 180.05969906893893
    endloop
  endfacet
  facet normal 0.28162376863320032 -0.04284145324352568 0.95856802722854084
    outer loop
      vertex 220.42604059640306 77 175.17719769440535
      vertex 181.48725248849485 77 186.61727074239178
      vertex 181.69209407581923 66.469160870560628 186.0864323485375
    endloop
  endfacet
  facet normal 0.31765728060830184 0.051229239111444939 0.94682068900959337
    outer loop
      vertex 181.44870338175352 8.7737184102744212 186.71716618684513
      vertex 217.75544675984102 -12.326460608958826 175.67795319299995
      vertex 197.24560895937668 33.865356664444903 180.05969906893893
    endloop
  endfacet
  facet normal 0.31765728060830112 0.051229239111443711 0.94682068900959349
    outer loop
      vertex 181.05343241540618 -7.706979226719973 187.74149350826943
      vertex 217.75544675984102 -12.326460608958826 175.67795319299995
      vertex 181.44870338175352 8.7737184102744212 186.71716618684513
    endloop
  endfacet
  facet normal 0.30560644776381807 -0.054819938699513848 0.95057849407934858
    outer loop
      vertex 219.83644513189961 -226.18830161346321 175.35519542021112
      vertex 181.1098932099691 -229.83702748775934 187.59517466517684
      vertex 181.46113540462147 -243.66231660437407 186.68494643397079
    endloop
  endfacet
  facet normal 0.3056064477638184 -0.054819938699514702 0.95057849407934858
    outer loop
      vertex 219.83644513189961 -226.18830161346321 175.35519542021112
      vertex 181.47475473334183 -244.19838923533024 186.64965253278575
      vertex 197.84518889749037 -270.05624037681883 179.89541173339467
    endloop
  endfacet
  facet normal 0.30560644776382118 -0.054819938699521821 0.95057849407934714
    outer loop
      vertex 181.46113540462147 -243.66231660437407 186.68494643397079
      vertex 181.47475473334183 -244.19838923533024 186.64965253278575
      vertex 219.83644513189961 -226.18830161346321 175.35519542021112
    endloop
  endfacet
  facet normal 0.30756233708928149 -0.039162799737046831 0.95072166480044784
    outer loop
      vertex 181.61849104004509 -38.817454359510798 186.27717002635063
      vertex 181.72672337124678 -44.776416588276028 185.9966906357871
      vertex 217.75544675984102 -12.326460608958826 175.67795319299995
    endloop
  endfacet
  facet normal 0.30756233708927999 -0.039162799737044965 0.95072166480044851
    outer loop
      vertex 184.74672112107856 -56.414882444038426 184.54028912021954
      vertex 217.75544675984102 -12.326460608958826 175.67795319299995
      vertex 181.72672337124678 -44.776416588276028 185.9966906357871
    endloop
  endfacet
  facet normal 0.30756233708928149 -0.039162799737040073 0.95072166480044806
    outer loop
      vertex 181.05343241540618 -7.706979226719973 187.74149350826943
      vertex 181.11348829588616 -11.013459773202774 187.58586229893567
      vertex 217.75544675984102 -12.326460608958826 175.67795319299995
    endloop
  endfacet
  facet normal 0.30756233708928121 -0.039162799737046429 0.95072166480044784
    outer loop
      vertex 181.61849104004509 -38.817454359510798 186.27717002635063
      vertex 217.75544675984102 -12.326460608958826 175.67795319299995
      vertex 181.11348829588616 -11.013459773202774 187.58586229893567
    endloop
  endfacet
  facet normal 0.29933758310729974 0.023273997070361686 0.95386337197727078
    outer loop
      vertex 214.50624546309717 -96.604773968855085 176.1818963906307
      vertex 181.6741171096869 -82.17324427671663 186.13301816410518
      vertex 181.38672409396409 -109.00050539719183 186.87778428923644
    endloop
  endfacet
  facet normal 0.29933758310729808 0.023273997070361575 0.95386337197727122
    outer loop
      vertex 184.74672112107856 -56.414882444038426 184.54028912021954
      vertex 181.76174914252647 -73.993024623539952 185.90592277967193
      vertex 214.50624546309717 -96.604773968855085 176.1818963906307
    endloop
  endfacet
  facet normal 0.29933758310730235 0.023273997070368414 0.95386337197726978
    outer loop
      vertex 181.6741171096869 -82.17324427671663 186.13301816410518
      vertex 214.50624546309717 -96.604773968855085 176.1818963906307
      vertex 181.76174914252647 -73.993024623539952 185.90592277967193
    endloop
  endfacet
  facet normal 0.29575286748058527 0.059301999455054905 0.9534220021782821
    outer loop
      vertex 181.63527479139054 -210.56789315651329 186.23367755280472
      vertex 219.83644513189961 -226.18830161346321 175.35519542021112
      vertex 190.64174270259082 -189.96195608219901 182.15818740166108
    endloop
  endfacet
  facet normal 0.2957528674805846 0.059301999455053288 0.95342200217828221
    outer loop
      vertex 219.83644513189961 -226.18830161346321 175.35519542021112
      vertex 181.63527479139054 -210.56789315651329 186.23367755280472
      vertex 181.1098932099691 -229.83702748775934 187.59517466517684
    endloop
  endfacet
  facet normal 0.31287960004630677 -0.016544949186292481 0.9496486826881223
    outer loop
      vertex 181.41778410687044 -113.03311843610661 186.79729407888192
      vertex 181.44473243616204 -116.53193228499123 186.72745848489674
      vertex 214.50624546309717 -96.604773968855085 176.1818963906307
    endloop
  endfacet
  facet normal 0.31287960004631155 -0.016544949186301141 0.94964868268812075
    outer loop
      vertex 209.9952576131887 -141.75334519565803 176.88153960566771
      vertex 214.50624546309717 -96.604773968855085 176.1818963906307
      vertex 181.44473243616204 -116.53193228499123 186.72745848489674
    endloop
  endfacet
  facet normal 0.31287960004631415 -0.016544949186309239 0.94964868268811953
    outer loop
      vertex 214.50624546309717 -96.604773968855085 176.1818963906307
      vertex 181.38672409396409 -109.00050539719183 186.87778428923644
      vertex 181.41778410687044 -113.03311843610661 186.79729407888192
    endloop
  endfacet
  facet normal 0.35839296097671502 -0.041797069515974949 0.93263470367675017
    outer loop
      vertex 209.9952576131887 -141.75334519565803 176.88153960566771
      vertex 181.1341678949469 -151.5715756185285 187.53226716541502
      vertex 181.26816531622592 -158.17089019727817 187.18501894324993
    endloop
  endfacet
  facet normal 0.35839296097670859 -0.041797069515961509 0.93263470367675316
    outer loop
      vertex 181.26816531622592 -158.17089019727817 187.18501894324993
      vertex 181.28787617150488 -159.14164284249648 187.1339390859446
      vertex 209.9952576131887 -141.75334519565803 176.88153960566771
    endloop
  endfacet
  facet normal 0.3583929609767158 -0.041797069515975012 0.93263470367674983
    outer loop
      vertex 209.9952576131887 -141.75334519565803 176.88153960566771
      vertex 181.59247575541133 -174.1429646686222 186.34458647544841
      vertex 190.64174270259082 -189.96195608219901 182.15818740166108
    endloop
  endfacet
  facet normal 0.3583929609767082 -0.041797069515960891 0.9326347036767535
    outer loop
      vertex 181.28787617150488 -159.14164284249648 187.1339390859446
      vertex 181.30119744142411 -159.79770510566942 187.09941782133367
      vertex 209.9952576131887 -141.75334519565803 176.88153960566771
    endloop
  endfacet
  facet normal 0.35839296097671569 -0.04179706951597488 0.93263470367674983
    outer loop
      vertex 181.59247575541133 -174.1429646686222 186.34458647544841
      vertex 209.9952576131887 -141.75334519565803 176.88153960566771
      vertex 181.30119744142411 -159.79770510566942 187.09941782133367
    endloop
  endfacet
  facet normal 0.34058511874252351 0.018572415978663936 0.94003023475623182
    outer loop
      vertex 181.1341678949469 -151.5715756185285 187.53226716541502
      vertex 209.9952576131887 -141.75334519565803 176.88153960566771
      vertex 181.44473243616204 -116.53193228499123 186.72745848489674
    endloop
  endfacet
  facet normal 0.44535524159477152 -0.043096195601067366 0.89431617826626453
    outer loop
      vertex 181.20253199321752 19.46805720585883 187.35510503737535
      vertex 181.44870338175352 8.7737184102744212 186.71716618684513
      vertex 197.24560895937668 33.865356664444903 180.05969906893893
    endloop
  endfacet
  facet normal 0.44535524159477219 -0.043096195601061378 0.89431617826626453
    outer loop
      vertex 197.24560895937668 33.865356664444903 180.05969906893893
      vertex 180.84464672129732 35.015546441265229 188.28254405624867
      vertex 180.8938843481441 32.876532716829701 188.15494758440272
    endloop
  endfacet
  facet normal 0.44535524159477247 -0.043096195601069302 0.89431617826626397
    outer loop
      vertex 180.8938843481441 32.876532716829701 188.15494758440272
      vertex 181.12796135852432 22.70760358999949 187.54835050453704
      vertex 197.24560895937668 33.865356664444903 180.05969906893893
    endloop
  endfacet
  facet normal 0.44535524159477086 -0.043096195601066416 0.89431617826626486
    outer loop
      vertex 181.20253199321752 19.46805720585883 187.35510503737535
      vertex 197.24560895937668 33.865356664444903 180.05969906893893
      vertex 181.12796135852432 22.70760358999949 187.54835050453704
    endloop
  endfacet
  facet normal 0.44535524159470741 -0.043096195601956669 0.89431617826625376
    outer loop
      vertex 180.8437496125872 35.054519234353407 188.28486886176034
      vertex 180.84464672129732 35.015546441265229 188.28254405624867
      vertex 197.24560895937668 33.865356664444903 180.05969906893893
    endloop
  endfacet
  facet normal 0.44323483463037916 0.046781084421530998 0.89518400986083657
    outer loop
      vertex 181.17405759551326 -256.26064529639319 187.428894406615
      vertex 181.16184149859822 -256.75068665987772 187.46055188237307
      vertex 197.84518889749037 -270.05624037681883 179.89541173339467
    endloop
  endfacet
  facet normal 0.44323483463037816 0.046781084421529617 0.8951840098608369
    outer loop
      vertex 197.84518889749037 -270.05624037681883 179.89541173339467
      vertex 181.35599825551225 -248.96220044770331 186.95740296093419
      vertex 181.17405759551326 -256.26064529639319 187.428894406615
    endloop
  endfacet
  facet normal 0.44323483463037305 0.046781084421524698 0.89518400986083979
    outer loop
      vertex 181.35599825551225 -248.96220044770331 186.95740296093419
      vertex 197.84518889749037 -270.05624037681883 179.89541173339467
      vertex 181.47475473334183 -244.19838923533024 186.64965253278575
    endloop
  endfacet
  facet normal 0.44323483463036212 0.046781084421504075 0.89518400986084634
    outer loop
      vertex 197.84518889749037 -270.05624037681883 179.89541173339467
      vertex 181.16184149859822 -256.75068665987772 187.46055188237307
      vertex 181.12085773293023 -258.39472571329975 187.56675950147871
    endloop
  endfacet
  facet normal 0.44323483463037533 0.04678108442152349 0.8951840098608389
    outer loop
      vertex 197.84518889749037 -270.05624037681883 179.89541173339467
      vertex 180.98462074886748 -263.85979020088206 187.919811630184
      vertex 180.80521383314968 -271.05659047256449 188.384736730621
    endloop
  endfacet
  facet normal 0.44323483463037783 0.046781084421532886 0.8951840098608369
    outer loop
      vertex 181.12085773293023 -258.39472571329975 187.56675950147871
      vertex 180.98462074886748 -263.85979020088206 187.919811630184
      vertex 197.84518889749037 -270.05624037681883 179.89541173339467
    endloop
  endfacet
  facet normal 0.44778675969049048 -0.05290941613395167 0.89257358885990745
    outer loop
      vertex 181.12926127550872 -282.48055091453818 187.54498610335952
      vertex 181.43098037565423 -293.11734853761743 186.76309811263997
      vertex 197.84518889749037 -270.05624037681883 179.89541173339467
    endloop
  endfacet
  facet normal 0.44778675969049497 -0.052909416133955639 0.89257358885990501
    outer loop
      vertex 181.68400802214967 -302.03762939015041 186.10738827661143
      vertex 197.84518889749037 -270.05624037681883 179.89541173339467
      vertex 181.43098037565423 -293.11734853761743 186.76309811263997
    endloop
  endfacet
  facet normal 0.44778675969049053 -0.052909416133951816 0.89257358885990745
    outer loop
      vertex 180.80521383314968 -271.05659047256449 188.384736730621
      vertex 181.12926127550872 -282.48055091453818 187.54498610335952
      vertex 197.84518889749037 -270.05624037681883 179.89541173339467
    endloop
  endfacet
  facet normal 0.45061103077639525 0.050206192708456297 0.89130748743425026
    outer loop
      vertex 197.24560895937668 33.865356664444903 180.05969906893893
      vertex 180.8851723625487 36.588434070881036 188.17752367136569
      vertex 180.8437496125872 35.054519234353407 188.28486886176034
    endloop
  endfacet
  facet normal 0.45061103077639192 0.050206192708426037 0.89130748743425359
    outer loop
      vertex 180.90464278207779 37.309433616379629 188.12706720311914
      vertex 180.8851723625487 36.588434070881036 188.17752367136569
      vertex 197.24560895937668 33.865356664444903 180.05969906893893
    endloop
  endfacet
  facet normal 0.45061103077639364 0.050206192708438416 0.89130748743425181
    outer loop
      vertex 181.15313307622921 46.511155689002941 187.48311895035025
      vertex 180.90464278207779 37.309433616379629 188.12706720311914
      vertex 197.24560895937668 33.865356664444903 180.05969906893893
    endloop
  endfacet
  facet normal 0.45061103077640086 0.050206192708450025 0.89130748743424759
    outer loop
      vertex 181.15313307622921 46.511155689002941 187.48311895035025
      vertex 197.24560895937668 33.865356664444903 180.05969906893893
      vertex 181.19195765885212 47.948849745029023 187.38250728569795
    endloop
  endfacet
  facet normal 0.45061103077639125 0.050206192708436119 0.89130748743425325
    outer loop
      vertex 181.69209407581923 66.469160870560628 186.0864323485375
      vertex 181.19195765885212 47.948849745029023 187.38250728569795
      vertex 197.24560895937668 33.865356664444903 180.05969906893893
    endloop
  endfacet
  facet normal 0.50678511928970882 -0.05130579283291576 0.86054433847902434
    outer loop
      vertex 181.0365295145042 -190.45709777521995 187.7852948703607
      vertex 181.17743867094282 -195.18998101800125 187.42013647379665
      vertex 190.64174270259082 -189.96195608219901 182.15818740166108
    endloop
  endfacet
  facet normal 0.50678511928971048 -0.051305792832920118 0.86054433847902301
    outer loop
      vertex 181.44806373331699 -204.27978650090745 186.71882637909277
      vertex 190.64174270259082 -189.96195608219901 182.15818740166108
      vertex 181.17743867094282 -195.18998101800125 187.42013647379665
    endloop
  endfacet
  facet normal 0.50678511928970138 -0.051305792832912436 0.86054433847902878
    outer loop
      vertex 181.63527479139054 -210.56789315651329 186.23367755280472
      vertex 190.64174270259082 -189.96195608219901 182.15818740166108
      vertex 181.44806373331699 -204.27978650090745 186.71882637909277
    endloop
  endfacet
  facet normal 0.53290023058812142 0.032469059991852102 0.84555490914687059
    outer loop
      vertex 184.74672112107856 -56.414882444038426 184.54028912021954
      vertex 181.72672337124678 -44.776416588276028 185.9966906357871
      vertex 181.65250049853267 -48.567233510924311 186.1890349132604
    endloop
  endfacet
  facet normal 0.53290023058812486 0.032469059991853941 0.84555490914686848
    outer loop
      vertex 184.74672112107856 -56.414882444038426 184.54028912021954
      vertex 181.65250049853267 -48.567233510924311 186.1890349132604
      vertex 181.52298287163046 -55.182143361333139 186.52467234489851
    endloop
  endfacet
  facet normal 0.50233225384136837 0.059063189610538434 0.86265511439026454
    outer loop
      vertex 190.64174270259082 -189.96195608219901 182.15818740166108
      vertex 181.59247575541133 -174.1429646686222 186.34458647544841
      vertex 181.28924512353348 -183.0412079275049 187.13039431943733
    endloop
  endfacet
  facet normal 0.50233225384136948 0.059063189610540467 0.86265511439026388
    outer loop
      vertex 181.28924512353348 -183.0412079275049 187.13039431943733
      vertex 181.0365295145042 -190.45709777521995 187.7852948703607
      vertex 190.64174270259082 -189.96195608219901 182.15818740166108
    endloop
  endfacet
  facet normal 0.52298019652445393 -0.0043846625571948503 0.85233355488183316
    outer loop
      vertex 181.52298287163046 -55.182143361333139 186.52467234489851
      vertex 181.52702354396678 -56.73572737977279 186.51420093586324
      vertex 184.74672112107856 -56.414882444038426 184.54028912021954
    endloop
  endfacet
  facet normal 0.52298019652445094 -0.0043846625571508698 0.85233355488183538
    outer loop
      vertex 181.52727558376532 -56.832633283154841 186.51354777430893
      vertex 184.74672112107856 -56.414882444038426 184.54028912021954
      vertex 181.52702354396678 -56.73572737977279 186.51420093586324
    endloop
  endfacet
  facet normal 0.52298019652443961 -0.0043846625570265543 0.85233355488184304
    outer loop
      vertex 181.52759447201493 -56.955241514414922 186.51272137488326
      vertex 184.74672112107856 -56.414882444038426 184.54028912021954
      vertex 181.52727558376532 -56.832633283154841 186.51354777430893
    endloop
  endfacet
  facet normal 0.52298019652446193 -0.0043846625572137553 0.85233355488182827
    outer loop
      vertex 181.53238100392457 -58.795598479708481 186.50031706953138
      vertex 184.74672112107856 -56.414882444038426 184.54028912021954
      vertex 181.52759447201493 -56.955241514414922 186.51272137488326
    endloop
  endfacet
  facet normal 0.53388902500776081 -0.024998704619060435 0.8451849346407162
    outer loop
      vertex 181.53238100392457 -58.795598479708481 186.50031706953138
      vertex 181.58451008662976 -62.249584315237087 186.36522673353366
      vertex 184.74672112107856 -56.414882444038426 184.54028912021954
    endloop
  endfacet
  facet normal 0.53388902500776425 -0.024998704619063099 0.84518493464071387
    outer loop
      vertex 181.76174914252647 -73.993024623539952 185.90592277967193
      vertex 184.74672112107856 -56.414882444038426 184.54028912021954
      vertex 181.58451008662976 -62.249584315237087 186.36522673353366
    endloop
  endfacet
  facet normal -0.22902106291270491 -0.0028488773610308663 0.97341729830536539
    outer loop
      vertex 467.49594083227186 -281.64117149102321 197.30334071044831
      vertex 467.51125692483515 -270.664712788055 197.3390687507885
      vertex 451.72094165821653 -268.05648163836747 193.6316307776851
    endloop
  endfacet
  facet normal -0.22902106291269966 -0.0028488773610244283 0.97341729830536661
    outer loop
      vertex 451.72094165821653 -268.05648163836747 193.6316307776851
      vertex 467.48010490630838 -292.98748056735849 197.26640793380903
      vertex 467.49594083227186 -281.64117149102321 197.30334071044831
    endloop
  endfacet
  facet normal -0.22902106291269453 -0.0028488773610210278 0.97341729830536794
    outer loop
      vertex 467.48010490630838 -292.98748056735849 197.26640793380903
      vertex 451.72094165821653 -268.05648163836747 193.6316307776851
      vertex 467.47544424771411 -296.32713768777546 197.25553730045633
    endloop
  endfacet
  facet normal -0.22958700856430908 0.0031970738584575719 0.97328289012867975
    outer loop
      vertex 467.47544835107544 61.384372800638261 197.25554771422406
      vertex 451.6697554368393 33.0606292045141 193.62019288560589
      vertex 467.51794167009842 34.2605553377429 197.3546687023038
    endloop
  endfacet
  facet normal -0.21987670030602419 0.0025171427442467111 0.97552442340258194
    outer loop
      vertex 467.48228718043498 -301.91429760541342 197.27149618384379
      vertex 467.47544424771411 -296.32713768777546 197.25553730045633
      vertex 425.54215545197741 -312 187.84449425377019
    endloop
  endfacet
  facet normal -0.21987670030602366 0.0025171427442452375 0.97552442340258194
    outer loop
      vertex 451.72094165821653 -268.05648163836747 193.6316307776851
      vertex 425.54215545197741 -312 187.84449425377019
      vertex 467.47544424771411 -296.32713768777546 197.25553730045633
    endloop
  endfacet
  facet normal -0.21987670030602316 0.002517142744242252 0.97552442340258216
    outer loop
      vertex 425.54215545197741 -312 187.84449425377019
      vertex 467.49463530616356 -312 197.30030347668969
      vertex 467.48228718043498 -301.91429760541342 197.27149618384379
    endloop
  endfacet
  facet normal -0.21986457142139312 -0.0025164565049151139 0.97552715886352748
    outer loop
      vertex 425.51201590005456 77 187.83809996702573
      vertex 451.6697554368393 33.0606292045141 193.62019288560589
      vertex 467.47544835107544 61.384372800638261 197.25554771422406
    endloop
  endfacet
  facet normal -0.21986457142138444 -0.0025164565048906738 0.97552715886352936
    outer loop
      vertex 467.47636628137263 62.133961263762416 197.2576882257377
      vertex 425.51201590005456 77 187.83809996702573
      vertex 467.47544835107544 61.384372800638261 197.25554771422406
    endloop
  endfacet
  facet normal -0.21986457142139279 -0.0025164565049121354 0.9755271588635277
    outer loop
      vertex 425.51201590005456 77 187.83809996702573
      vertex 467.49115476142373 74.21338088084957 197.29218116280634
      vertex 467.49456676530946 77 197.30013848568618
    endloop
  endfacet
  facet normal -0.21986457142139301 -0.002516456504916012 0.97552715886352759
    outer loop
      vertex 425.51201590005456 77 187.83809996702573
      vertex 467.47636628137263 62.133961263762416 197.2576882257377
      vertex 467.49115476142373 74.21338088084957 197.29218116280634
    endloop
  endfacet
  facet normal -0.2283659738738425 0.0013404162503706176 0.97357443745248728
    outer loop
      vertex 451.72094165821653 -268.05648163836747 193.6316307776851
      vertex 467.51125692483515 -270.664712788055 197.3390687507885
      vertex 467.49719936196044 -249.25504035822374 197.30629453173677
    endloop
  endfacet
  facet normal -0.22921471994680176 -0.0020029859747767872 0.973373823465011
    outer loop
      vertex 451.6697554368393 33.0606292045141 193.62019288560589
      vertex 467.49164880285906 7.4734984445687633 197.29335535071706
      vertex 467.50975012527601 25.915650451487146 197.33556776733698
    endloop
  endfacet
  facet normal -0.22921471994680109 -0.0020029859747753751 0.973373823465011
    outer loop
      vertex 467.50975012527601 25.915650451487146 197.33556776733698
      vertex 467.51794167009842 34.2605553377429 197.3546687023038
      vertex 451.6697554368393 33.0606292045141 193.62019288560589
    endloop
  endfacet
  facet normal -0.22055518711977457 0.0036378998950199657 0.97536771277242662
    outer loop
      vertex 425.98406887646917 -9.4760041997091093 187.97066469303965
      vertex 467.5276367744471 -12.849687131364657 197.37729400011943
      vertex 467.49451966906474 5.8522141310627624 197.30005154783487
    endloop
  endfacet
  facet normal -0.22055518711977434 0.0036378998950177817 0.97536771277242684
    outer loop
      vertex 425.98406887646917 -9.4760041997091093 187.97066469303965
      vertex 467.49164880285906 7.4734984445687633 197.29335535071706
      vertex 451.6697554368393 33.0606292045141 193.62019288560589
    endloop
  endfacet
  facet normal -0.22055518711976921 0.0036378998950046372 0.97536771277242795
    outer loop
      vertex 467.49451966906474 5.8522141310627624 197.30005154783487
      vertex 467.49164880285906 7.4734984445687633 197.29335535071706
      vertex 425.98406887646917 -9.4760041997091093 187.97066469303965
    endloop
  endfacet
  facet normal -0.22370880889836389 0.00010396348132855178 0.97465602035429399
    outer loop
      vertex 467.52168575640547 -79.954083389469943 197.36341211290301
      vertex 434.08039878643325 -98.395628796058958 189.68973742908935
      vertex 467.52299203513712 -105.4558285717447 197.36643212838209
    endloop
  endfacet
  facet normal -0.22370880889836411 0.00010396348132718576 0.97465602035429377
    outer loop
      vertex 467.52333543527936 -112.22559060833036 197.36723305676048
      vertex 467.52299203513712 -105.4558285717447 197.36643212838209
      vertex 434.08039878643325 -98.395628796058958 189.68973742908935
    endloop
  endfacet
  facet normal -0.22298220359417681 -0.0034198555848185433 0.97481651682153192
    outer loop
      vertex 429.45860488023277 -226.30783987745295 188.68574557464589
      vertex 467.50335155807602 -245.56551121129417 197.32064542430359
      vertex 467.53715629235717 -225.29433979436666 197.39949342451345
    endloop
  endfacet
  facet normal -0.22298220359417822 -0.003419855584818146 0.9748165168215317
    outer loop
      vertex 467.49719936196044 -249.25504035822374 197.30629453173677
      vertex 467.50335155807602 -245.56551121129417 197.32064542430359
      vertex 451.72094165821653 -268.05648163836747 193.6316307776851
    endloop
  endfacet
  facet normal -0.22298220359417703 -0.0034198555848189991 0.97481651682153192
    outer loop
      vertex 429.45860488023277 -226.30783987745295 188.68574557464589
      vertex 451.72094165821653 -268.05648163836747 193.6316307776851
      vertex 467.50335155807602 -245.56551121129417 197.32064542430359
    endloop
  endfacet
  facet normal -0.225093345234152 0.00036122145129349411 0.97433713644218756
    outer loop
      vertex 467.50544235339737 -51.622293058079464 197.32553341721956
      vertex 467.50112902733804 -27.171766341412145 197.31547226346629
      vertex 445.58602597819504 -49.137784510906471 192.26074420752437
    endloop
  endfacet
  facet normal -0.22509334523415253 0.00036122145128872818 0.97433713644218756
    outer loop
      vertex 445.58602597819504 -49.137784510906471 192.26074420752437
      vertex 467.50708032574596 -60.908195323210684 197.32935443935742
      vertex 467.50544235339737 -51.622293058079464 197.32553341721956
    endloop
  endfacet
  facet normal -0.221129643101244 -0.0038003698028458432 0.97523701638692839
    outer loop
      vertex 467.50446210058783 -25.370860714108165 197.32324591083051
      vertex 425.98406887646917 -9.4760041997091093 187.97066469303965
      vertex 445.58602597819504 -49.137784510906471 192.26074420752437
    endloop
  endfacet
  facet normal -0.22112964310125213 -0.003800369802837932 0.9752370163869265
    outer loop
      vertex 467.50112902733804 -27.171766341412145 197.31547226346629
      vertex 467.50446210058783 -25.370860714108165 197.32324591083051
      vertex 445.58602597819504 -49.137784510906471 192.26074420752437
    endloop
  endfacet
  facet normal -0.22112964310124431 -0.0038003698028465606 0.9752370163869285
    outer loop
      vertex 425.98406887646917 -9.4760041997091093 187.97066469303965
      vertex 467.50446210058783 -25.370860714108165 197.32324591083051
      vertex 467.5276367744471 -12.849687131364657 197.37729400011943
    endloop
  endfacet
  facet normal -0.22447669139737922 0.0015704114884517709 0.97447819309979578
    outer loop
      vertex 445.58602597819504 -49.137784510906471 192.26074420752437
      vertex 467.51610502535186 -72.679797202390034 197.35040374931856
      vertex 467.50708032574596 -60.908195323210684 197.32935443935742
    endloop
  endfacet
  facet normal -0.22447669139737941 0.001570411488450034 0.97447819309979578
    outer loop
      vertex 467.52168575640547 -79.954083389469943 197.36341211290301
      vertex 467.51610502535186 -72.679797202390034 197.35040374931856
      vertex 434.08039878643325 -98.395628796058958 189.68973742908935
    endloop
  endfacet
  facet normal -0.22447669139738002 0.0015704114884509408 0.97447819309979544
    outer loop
      vertex 445.58602597819504 -49.137784510906471 192.26074420752437
      vertex 434.08039878643325 -98.395628796058958 189.68973742908935
      vertex 467.51610502535186 -72.679797202390034 197.35040374931856
    endloop
  endfacet
  facet normal -0.22316352633378789 0.0037602112567536117 0.97477376930525439
    outer loop
      vertex 450.6296293258805 -188.75930683096828 193.38776998182738
      vertex 429.45860488023277 -226.30783987745295 188.68574557464589
      vertex 467.49989756208299 -204.97941880465319 197.31259820134733
    endloop
  endfacet
  facet normal -0.22316352633378819 0.0037602112567883652 0.97477376930525406
    outer loop
      vertex 467.53715629235717 -225.29433979436666 197.39949342451345
      vertex 467.53627506351347 -224.81387009147863 197.39743825460152
      vertex 429.45860488023277 -226.30783987745295 188.68574557464589
    endloop
  endfacet
  facet normal -0.22316352633378686 0.0037602112567517018 0.9747737693052545
    outer loop
      vertex 467.49989756208299 -204.97941880465319 197.31259820134733
      vertex 429.45860488023277 -226.30783987745295 188.68574557464589
      vertex 467.53627506351347 -224.81387009147863 197.39743825460152
    endloop
  endfacet
  facet normal -0.22613034267912563 -0.0016752473658044548 0.97409561217884799
    outer loop
      vertex 467.51419702054704 -166.35566792966617 197.34594889941167
      vertex 442.21261380701401 -146.24141281681989 191.50693344918764
      vertex 450.6296293258805 -188.75930683096828 193.38776998182738
    endloop
  endfacet
  facet normal -0.22613034267912741 -0.0016752473658030091 0.97409561217884744
    outer loop
      vertex 467.50287176901003 -180.18511530665319 197.31953596008813
      vertex 467.51419702054704 -166.35566792966617 197.34594889941167
      vertex 450.6296293258805 -188.75930683096828 193.38776998182738
    endloop
  endfacet
  facet normal -0.22613034267912516 -0.0016752473658038902 0.97409561217884799
    outer loop
      vertex 442.21261380701401 -146.24141281681989 191.50693344918764
      vertex 467.51419702054704 -166.35566792966617 197.34594889941167
      vertex 467.52108088499097 -157.94881045182109 197.36200504038445
    endloop
  endfacet
  facet normal -0.22513935173540975 0.00058244812398877222 0.97432639964969747
    outer loop
      vertex 467.5133944741454 -130.90895789822491 197.34406462026033
      vertex 442.21261380701401 -146.24141281681989 191.50693344918764
      vertex 467.51775038071173 -146.24427228686258 197.35423853228875
    endloop
  endfacet
  facet normal -0.22513935173540975 0.00058244812399038952 0.97432639964969747
    outer loop
      vertex 467.52108088499097 -157.94881045182109 197.36200504038445
      vertex 467.51775038071173 -146.24427228686258 197.35423853228875
      vertex 442.21261380701401 -146.24141281681989 191.50693344918764
    endloop
  endfacet
  facet normal -0.22681993509990961 -0.00024531152059807063 0.97393668010991885
    outer loop
      vertex 467.50287176901003 -180.18511530665319 197.31953596008813
      vertex 450.6296293258805 -188.75930683096828 193.38776998182738
      vertex 467.5013015224178 -193.26962943046095 197.31587458727103
    endloop
  endfacet
  facet normal -0.2268199350999095 -0.0002453115205975636 0.97393668010991885
    outer loop
      vertex 467.49989756208299 -204.97941880465319 197.31259820134733
      vertex 467.5013015224178 -193.26962943046095 197.31587458727103
      vertex 450.6296293258805 -188.75930683096828 193.38776998182738
    endloop
  endfacet
  facet normal -0.22417737924362163 -0.0010892152749022901 0.97454774959749724
    outer loop
      vertex 467.52283049884591 -113.17535177065626 197.36605539287248
      vertex 434.08039878643325 -98.395628796058958 189.68973742908935
      vertex 442.21261380701401 -146.24141281681989 191.50693344918764
    endloop
  endfacet
  facet normal -0.22417737924362155 -0.001089215274902405 0.97454774959749724
    outer loop
      vertex 467.5133944741454 -130.90895789822491 197.34406462026033
      vertex 467.52283049884591 -113.17535177065626 197.36605539287248
      vertex 442.21261380701401 -146.24141281681989 191.50693344918764
    endloop
  endfacet
  facet normal -0.22417737924361333 -0.0010892152748823965 0.97454774959749935
    outer loop
      vertex 434.08039878643325 -98.395628796058958 189.68973742908935
      vertex 467.52283049884591 -113.17535177065626 197.36605539287248
      vertex 467.52333543527936 -112.22559060833036 197.36723305676048
    endloop
  endfacet
  facet normal 0.2845237220358045 0 0.95866900001976285
    outer loop
      vertex 68.788544059389253 -0.31723001865151446 290.58299354484444
      vertex 37.340591430664062 9.5439146502930363 299.91644287109375
      vertex 37.340591430664062 -29.099887850828619 299.91644287109375
    endloop
  endfacet
  facet normal 0.24126846031192453 0 0.97045841232827357
    outer loop
      vertex 37.340591430664062 44.81226461375951 299.91644287109375
      vertex 59.39920279143594 42.826150088901613 294.43238798319373
      vertex 37.340591430664062 77 299.91644287109375
    endloop
  endfacet
  facet normal 0.29329658830581351 0.036008859451327306 0.95534311811473505
    outer loop
      vertex 70.691738100743393 77 289.67742261863793
      vertex 37.340591430664062 77 299.91644287109375
      vertex 59.39920279143594 42.826150088901613 294.43238798319373
    endloop
  endfacet
  facet normal 0.27710595297055296 -0.025392436878450268 0.96050378186535823
    outer loop
      vertex 59.39920279143594 42.826150088901613 294.43238798319373
      vertex 37.340591430664062 9.5439146502930363 299.91644287109375
      vertex 68.788544059389253 -0.31723001865151446 290.58299354484444
    endloop
  endfacet
  facet normal 0.53313228638728749 -0.00022060996047960332 0.8460318649688725
    outer loop
      vertex 108.76174698492713 -116.45754464241818 265.84810821004623
      vertex 74.828109678620322 -93.047745557515128 287.2377069080398
      vertex 74.662019453266353 -141.62224896659836 287.32970349296158
    endloop
  endfacet
  facet normal 0.29324596363598071 -0.037401481051122454 0.95530515230809243
    outer loop
      vertex 70.685299336850193 -312 289.68075956248293
      vertex 59.958348894638675 -279.93993637330851 294.22876055571112
      vertex 37.340591430664062 -312 299.91644287109375
    endloop
  endfacet
  facet normal 0.60090102129805933 0.00092049526432434064 0.79932291052578852
    outer loop
      vertex 142.21759467746034 -192.45818538671864 240.52693671329385
      vertex 104.59938616889595 -222.12017432229658 268.84105524351099
      vertex 138.87713340187955 -237.19154909302699 243.08968502761979
    endloop
  endfacet
  facet normal 0.32038424636805346 0 0.94728767261016034
    outer loop
      vertex 74.828109678620322 -93.047745557515128 287.2377069080398
      vertex 37.340591430664062 -71.442199242234807 299.91644287109375
      vertex 37.340591430664062 -117.63598217220643 299.91644287109375
    endloop
  endfacet
  facet normal 0.51606792258078249 -0.016237237435953979 0.85639374787746081
    outer loop
      vertex 89.273009713119293 -272.07123805597195 279.23674556381303
      vertex 70.685299336850193 -312 289.68075956248293
      vertex 103.74912189635727 -312 269.75630511246521
    endloop
  endfacet
  facet normal 0.31814835857758139 -0.0043157345735516297 0.94803111571798182
    outer loop
      vertex 74.828109678620322 -93.047745557515128 287.2377069080398
      vertex 73.829921726953586 -45.179524253862951 287.79059846121663
      vertex 37.340591430664062 -71.442199242234807 299.91644287109375
    endloop
  endfacet
  facet normal 0.60462311277494407 0.0038596162494075113 0.79650235081934606
    outer loop
      vertex 120.93632364827678 35.254587941774957 256.91272881964761
      vertex 137.75667873337656 77 243.94214975026554
      vertex 103.76231501552672 77 269.74719349777831
    endloop
  endfacet
  facet normal 0.31535538447483258 0 0.94897364635838588
    outer loop
      vertex 73.829921726953586 -45.179524253862951 287.79059846121663
      vertex 37.340591430664062 -29.099887850828619 299.91644287109375
      vertex 37.340591430664062 -71.442199242234807 299.91644287109375
    endloop
  endfacet
  facet normal 0.31649463782269971 0.005744780966570758 0.948576903430146
    outer loop
      vertex 73.346427180201303 -189.46573879026511 288.05840378831965
      vertex 74.662019453266353 -141.62224896659836 287.32970349296158
      vertex 37.340591430664062 -163.80906849777145 299.91644287109375
    endloop
  endfacet
  facet normal 0.60460697368045357 -0.0038295919283178556 0.79651474663224298
    outer loop
      vertex 120.86477706515535 -269.68357782022849 256.96785406567835
      vertex 103.74912189635727 -312 269.75630511246521
      vertex 137.73561001833053 -312 243.95832985044495
    endloop
  endfacet
  facet normal 0.5956055631169942 -0.012798695615827058 0.80317507840733071
    outer loop
      vertex 138.84059354905054 2.7645941207724434 243.11783827113257
      vertex 156.79932535511489 36.797780698644829 230.34261596876993
      vertex 120.93632364827678 35.254587941774957 256.91272881964761
    endloop
  endfacet
  facet normal 0.45679575777718678 0.020062643878156886 0.88934533562468532
    outer loop
      vertex 59.39920279143594 42.826150088901613 294.43238798319373
      vertex 68.788544059389253 -0.31723001865151446 290.58299354484444
      vertex 89.559263972053785 36.754953293483709 279.07819069289769
    endloop
  endfacet
  facet normal 0.30534372669456011 -0.024937899769625165 0.95191560010505027
    outer loop
      vertex 68.788544059389253 -0.31723001865151446 290.58299354484444
      vertex 37.340591430664062 -29.099887850828619 299.91644287109375
      vertex 73.829921726953586 -45.179524253862951 287.79059846121663
    endloop
  endfacet
  facet normal 0.28291658153302163 0 0.95914451877371909
    outer loop
      vertex 68.567164031387406 -235.37707815979846 290.70561488816952
      vertex 37.340591430664062 -206.12943219965283 299.91644287109375
      vertex 37.340591430664062 -244.75320409308705 299.91644287109375
    endloop
  endfacet
  facet normal 0.57535605301449488 0.014426790238324282 0.81777581278917821
    outer loop
      vertex 120.86477706515535 -269.68357782022849 256.96785406567835
      vertex 89.273009713119293 -272.07123805597195 279.23674556381303
      vertex 103.74912189635727 -312 269.75630511246521
    endloop
  endfacet
  facet normal 0.59480633903101632 -0.0099788551004165657 0.80380709221765689
    outer loop
      vertex 120.86477706515535 -269.68357782022849 256.96785406567835
      vertex 137.73561001833053 -312 243.95832985044495
      vertex 156.78999770076194 -272.46642961063111 230.34913068405473
    endloop
  endfacet
  facet normal 0.45008999986168818 0.023963372188832713 0.89266160935588856
    outer loop
      vertex 89.273009713119293 -272.07123805597195 279.23674556381303
      vertex 59.958348894638675 -279.93993637330851 294.22876055571112
      vertex 70.685299336850193 -312 289.68075956248293
    endloop
  endfacet
  facet normal 0.45917849491964674 -0.018488384713463028 0.88815161399054754
    outer loop
      vertex 59.958348894638675 -279.93993637330851 294.22876055571112
      vertex 89.273009713119293 -272.07123805597195 279.23674556381303
      vertex 68.567164031387406 -235.37707815979846 290.70561488816952
    endloop
  endfacet
  facet normal 0.27661937005039994 0.022515982073565321 0.96071575123143627
    outer loop
      vertex 59.958348894638675 -279.93993637330851 294.22876055571112
      vertex 68.567164031387406 -235.37707815979846 290.70561488816952
      vertex 37.340591430664062 -244.75320409308705 299.91644287109375
    endloop
  endfacet
  facet normal 0.59499231741759673 0.0099670314550115539 0.80366958415633272
    outer loop
      vertex 156.79932535511489 36.797780698644829 230.34261596876993
      vertex 137.75667873337656 77 243.94214975026554
      vertex 120.93632364827678 35.254587941774957 256.91272881964761
    endloop
  endfacet
  facet normal 0.51609880295156352 0.016415057125057454 0.85637174841977604
    outer loop
      vertex 89.559263972053785 36.754953293483709 279.07819069289769
      vertex 103.76231501552672 77 269.74719349777831
      vertex 70.691738100743393 77 289.67742261863793
    endloop
  endfacet
  facet normal 0.57647354979927601 -0.014021615489788234 0.81699549612031408
    outer loop
      vertex 89.559263972053785 36.754953293483709 279.07819069289769
      vertex 120.93632364827678 35.254587941774957 256.91272881964761
      vertex 103.76231501552672 77 269.74719349777831
    endloop
  endfacet
  facet normal 0.31956797020105815 0 0.94756335536025027
    outer loop
      vertex 74.662019453266353 -141.62224896659836 287.32970349296158
      vertex 37.340591430664062 -117.63598217220643 299.91644287109375
      vertex 37.340591430664062 -163.80906849777145 299.91644287109375
    endloop
  endfacet
  facet normal 0.31997196698232794 0.00070028115853294727 0.94742675176066193
    outer loop
      vertex 74.662019453266353 -141.62224896659836 287.32970349296158
      vertex 74.828109678620322 -93.047745557515128 287.2377069080398
      vertex 37.340591430664062 -117.63598217220643 299.91644287109375
    endloop
  endfacet
  facet normal 0.31280915964529366 0 0.94981599778167825
    outer loop
      vertex 73.346427180201303 -189.46573879026511 288.05840378831965
      vertex 37.340591430664062 -163.80906849777145 299.91644287109375
      vertex 37.340591430664062 -206.12943219965283 299.91644287109375
    endloop
  endfacet
  facet normal 0.30293777976229436 0.023398134466202765 0.9527230599162555
    outer loop
      vertex 73.346427180201303 -189.46573879026511 288.05840378831965
      vertex 37.340591430664062 -206.12943219965283 299.91644287109375
      vertex 68.567164031387406 -235.37707815979846 290.70561488816952
    endloop
  endfacet
  facet normal 0.53312507974474188 -0.00023520211552310771 0.84603640230614618
    outer loop
      vertex 108.76174698492713 -116.45754464241818 265.84810821004623
      vertex 108.60186311059682 -65.326639907268799 265.96307276706699
      vertex 74.828109678620322 -93.047745557515128 287.2377069080398
    endloop
  endfacet
  facet normal 0.595917955362119 0.012604301152997915 0.80294640049599586
    outer loop
      vertex 138.87713340187955 -237.19154909302699 243.08968502761979
      vertex 120.86477706515535 -269.68357782022849 256.96785406567835
      vertex 156.78999770076194 -272.46642961063111 230.34913068405473
    endloop
  endfacet
  facet normal 0.52258326383090681 0.0056579533628378304 0.8525694809970511
    outer loop
      vertex 105.87213270776056 -11.364458251620817 267.92588638953367
      vertex 68.788544059389253 -0.31723001865151446 290.58299354484444
      vertex 73.829921726953586 -45.179524253862951 287.79059846121663
    endloop
  endfacet
  facet normal 0.53098900147699224 -0.0016947163648573236 0.84737701659114484
    outer loop
      vertex 108.09143373514277 -167.54542305948812 266.33009719204591
      vertex 74.662019453266353 -141.62224896659836 287.32970349296158
      vertex 73.346427180201303 -189.46573879026511 288.05840378831965
    endloop
  endfacet
  facet normal 0.57717016915028607 0.0064078784765007526 0.81659876006301935
    outer loop
      vertex 105.87213270776056 -11.364458251620817 267.92588638953367
      vertex 120.93632364827678 35.254587941774957 256.91272881964761
      vertex 89.559263972053785 36.754953293483709 279.07819069289769
    endloop
  endfacet
  facet normal 0.51612191035216648 -0.02346461110332268 0.85619366131746155
    outer loop
      vertex 105.87213270776056 -11.364458251620817 267.92588638953367
      vertex 89.559263972053785 36.754953293483709 279.07819069289769
      vertex 68.788544059389253 -0.31723001865151446 290.58299354484444
    endloop
  endfacet
  facet normal 0.52007610625313128 -0.0048916435750769134 0.85410591587209839
    outer loop
      vertex 104.59938616889595 -222.12017432229658 268.84105524351099
      vertex 73.346427180201303 -189.46573879026511 288.05840378831965
      vertex 68.567164031387406 -235.37707815979846 290.70561488816952
    endloop
  endfacet
  facet normal 0.53221083095186694 0.0013195072447621922 0.84661082577424807
    outer loop
      vertex 108.60186311059682 -65.326639907268799 265.96307276706699
      vertex 73.829921726953586 -45.179524253862951 287.79059846121663
      vertex 74.828109678620322 -93.047745557515128 287.2377069080398
    endloop
  endfacet
  facet normal 0.52998034810580996 -0.0040354764655031738 0.84800032166936168
    outer loop
      vertex 108.60186311059682 -65.326639907268799 265.96307276706699
      vertex 105.87213270776056 -11.364458251620817 267.92588638953367
      vertex 73.829921726953586 -45.179524253862951 287.79059846121663
    endloop
  endfacet
  facet normal 0.60300452775451341 -0.0064018159879389884 0.79771207603972816
    outer loop
      vertex 138.84059354905054 2.7645941207724434 243.11783827113257
      vertex 120.93632364827678 35.254587941774957 256.91272881964761
      vertex 105.87213270776056 -11.364458251620817 267.92588638953367
    endloop
  endfacet
  facet normal 0.53248756850848711 0.00099906180980646199 0.8464372340932429
    outer loop
      vertex 108.76174698492713 -116.45754464241818 265.84810821004623
      vertex 74.662019453266353 -141.62224896659836 287.32970349296158
      vertex 108.09143373514277 -167.54542305948812 266.33009719204591
    endloop
  endfacet
  facet normal 0.52780551607070858 0.0053056943320797271 0.84934868388253093
    outer loop
      vertex 104.59938616889595 -222.12017432229658 268.84105524351099
      vertex 108.09143373514277 -167.54542305948812 266.33009719204591
      vertex 73.346427180201303 -189.46573879026511 288.05840378831965
    endloop
  endfacet
  facet normal 0.51293389250326804 0.021216939804981193 0.85816587172105474
    outer loop
      vertex 104.59938616889595 -222.12017432229658 268.84105524351099
      vertex 68.567164031387406 -235.37707815979846 290.70561488816952
      vertex 89.273009713119293 -272.07123805597195 279.23674556381303
    endloop
  endfacet
  facet normal 0.57647598186505189 -0.0068290739630460021 0.81708555615769596
    outer loop
      vertex 104.59938616889595 -222.12017432229658 268.84105524351099
      vertex 89.273009713119293 -272.07123805597195 279.23674556381303
      vertex 120.86477706515535 -269.68357782022849 256.96785406567835
    endloop
  endfacet
  facet normal 0.60254876061851481 0.0068382405258141455 0.79805277365823557
    outer loop
      vertex 104.59938616889595 -222.12017432229658 268.84105524351099
      vertex 120.86477706515535 -269.68357782022849 256.96785406567835
      vertex 138.87713340187955 -237.19154909302699 243.08968502761979
    endloop
  endfacet
  facet normal 0.60227366532768922 -0.0018085561551936067 0.79828764313208789
    outer loop
      vertex 142.21759467746034 -192.45818538671864 240.52693671329385
      vertex 108.09143373514277 -167.54542305948812 266.33009719204591
      vertex 104.59938616889595 -222.12017432229658 268.84105524351099
    endloop
  endfacet
  facet normal 0.60298195872894522 -0.00028640028947109826 0.79775477148198803
    outer loop
      vertex 140.13782536719134 -138.36831182776854 242.11834647132844
      vertex 108.09143373514277 -167.54542305948812 266.33009719204591
      vertex 142.21759467746034 -192.45818538671864 240.52693671329385
    endloop
  endfacet
  facet normal 0.60145407060421363 -0.00068579014728852451 0.79890708511409225
    outer loop
      vertex 140.90526632499703 -39.650160686917133 241.52704819030109
      vertex 138.84059354905054 2.7645941207724434 243.11783827113257
      vertex 105.87213270776056 -11.364458251620817 267.92588638953367
    endloop
  endfacet
  facet normal 0.60255411735332409 0.0014516548655047617 0.79807670581135748
    outer loop
      vertex 140.90526632499703 -39.650160686917133 241.52704819030109
      vertex 105.87213270776056 -11.364458251620817 267.92588638953367
      vertex 108.60186311059682 -65.326639907268799 265.96307276706699
    endloop
  endfacet
  facet normal 0.60291787761527171 9.1485747472996702e-05 0.79780324923019341
    outer loop
      vertex 142.81994187072257 -87.468147514723825 240.10623925622539
      vertex 108.60186311059682 -65.326639907268799 265.96307276706699
      vertex 108.76174698492713 -116.45754464241818 265.84810821004623
    endloop
  endfacet
  facet normal 0.60306360831220018 0.00044547744699777056 0.7976929772032052
    outer loop
      vertex 142.81994187072257 -87.468147514723825 240.10623925622539
      vertex 140.90526632499703 -39.650160686917133 241.52704819030109
      vertex 108.60186311059682 -65.326639907268799 265.96307276706699
    endloop
  endfacet
  facet normal 0.60303985897203094 -0.00038634826154910134 0.79771096220749893
    outer loop
      vertex 140.13782536719134 -138.36831182776854 242.11834647132844
      vertex 108.76174698492713 -116.45754464241818 265.84810821004623
      vertex 108.09143373514277 -167.54542305948812 266.33009719204591
    endloop
  endfacet
  facet normal 0.60310153499563224 -0.00024758875573000416 0.79766438881632429
    outer loop
      vertex 140.13782536719134 -138.36831182776854 242.11834647132844
      vertex 142.81994187072257 -87.468147514723825 240.10623925622539
      vertex 108.76174698492713 -116.45754464241818 265.84810821004623
    endloop
  endfacet
  facet normal 0.2412684603119245 0 0.97045841232827346
    outer loop
      vertex 59.39920279143594 42.826150088901613 294.43238798319373
      vertex 37.340591430664062 44.81226461375951 299.91644287109375
      vertex 37.340591430664062 9.5439146502930363 299.91644287109375
    endloop
  endfacet
  facet normal 0.44965112639890742 -0.02434973917591465 0.89287230594876132
    outer loop
      vertex 89.559263972053785 36.754953293483709 279.07819069289769
      vertex 70.691738100743393 77 289.67742261863793
      vertex 59.39920279143594 42.826150088901613 294.43238798319373
    endloop
  endfacet
  facet normal 0.24387694052810113 0 0.96980618572921728
    outer loop
      vertex 59.958348894638675 -279.93993637330851 294.22876055571112
      vertex 37.340591430664062 -244.75320409308705 299.91644287109375
      vertex 37.340591430664062 -279.96023094096574 299.91644287109375
    endloop
  endfacet
  facet normal 0.24387694052810113 2.6917528920511948e-17 0.96980618572921728
    outer loop
      vertex 37.340591430664062 -279.96023094096574 299.91644287109375
      vertex 37.340591430664062 -312 299.91644287109375
      vertex 59.958348894638675 -279.93993637330851 294.22876055571112
    endloop
  endfacet
  facet normal -0.1224599461474328 -0 0.99247345636524109
    outer loop
      vertex 0.30078592193662423 -179.04179710322956 295.34615178792257
      vertex 37.340591430664062 -206.12943219965283 299.91644287109375
      vertex 37.340591430664062 -163.80906849777145 299.91644287109375
    endloop
  endfacet
  facet normal -0.12945908045349819 -0 0.99158476515532179
    outer loop
      vertex -1.2171045154652553 -101.83070698611539 294.88243666506901
      vertex 37.340591430664062 -117.63598217220643 299.91644287109375
      vertex 37.340591430664062 -71.442199242234807 299.91644287109375
    endloop
  endfacet
  facet normal -0.50604880453090417 -0.011542546008589739 0.8624276068543274
    outer loop
      vertex -45.255263023540728 46.487105718372504 272.23830160990394
      vertex -18.313634061864477 41.343384476431595 287.97806617819407
      vertex -33.884615678065074 77 279.31866282919964
    endloop
  endfacet
  facet normal -0.57209090539416652 0 0.82019021937918934
    outer loop
      vertex -39.735925750576584 7.7866176831724623 275.50948926619742
      vertex -70 31.083895422116122 254.39999389648438
      vertex -70 -18.398983997741006 254.39999389648438
    endloop
  endfacet
  facet normal -0.45890826600267065 -0.036884067914700454 0.88771773043489788
    outer loop
      vertex -39.735925750576584 7.7866176831724623 275.50948926619742
      vertex -1.7818157403023847 -2.3232814081042363 294.70991753684365
      vertex -18.313634061864477 41.343384476431595 287.97806617819407
    endloop
  endfacet
  facet normal -0.44285990058129465 -0.0015853177050431982 0.89658942399790786
    outer loop
      vertex -1.2171045154652553 -101.83070698611539 294.88243666506901
      vertex -1.656609985172766 -54.991288496832766 294.74816786156492
      vertex -35.992048420229324 -89.024603103474561 277.7284015565732
    endloop
  endfacet
  facet normal -0.42326940958779991 0.035024862611267311 0.90532660731155878
    outer loop
      vertex -18.313634061864477 41.343384476431595 287.97806617819407
      vertex 1.9483404152270465 77 296.07172636108118
      vertex -33.884615678065074 77 279.31866282919964
    endloop
  endfacet
  facet normal -0.10780775637111763 -0.059139271248353956 0.99241122235817114
    outer loop
      vertex 13.703102257734955 -290.70148169898158 298.61786240973436
      vertex 1.9482195741305721 -312 296.07169372220909
      vertex 37.340591430664062 -312 299.91644287109375
    endloop
  endfacet
  facet normal -0.58595242905038514 0 0.810345451576026
    outer loop
      vertex -46.126430894479419 -284.09755772725214 271.662725217152
      vertex -70 -266.08389542211614 254.39999389648438
      vertex -70 -312 254.39999389648438
    endloop
  endfacet
  facet normal -0.56775635311233952 -0.023315205495397562 0.82286640756157003
    outer loop
      vertex -46.126430894479419 -284.09755772725214 271.662725217152
      vertex -70 -312 254.39999389648438
      vertex -33.884674496424694 -312 279.31862626615094
    endloop
  endfacet
  facet normal -0.56153737912076851 0.0073595598749222743 0.82741864175798319
    outer loop
      vertex -30.486881119416523 -142.07208838536113 280.99119098755466
      vertex -70 -167.35091489670288 254.39999389648438
      vertex -35.996083303980328 -195.32955029079477 277.72601017129119
    endloop
  endfacet
  facet normal -0.075928741997695989 -0 0.99711324639613885
    outer loop
      vertex 7.9299734637177925 -141.3558982239505 297.67686654245085
      vertex 37.340591430664062 -163.80906849777145 299.91644287109375
      vertex 37.340591430664062 -117.63598217220643 299.91644287109375
    endloop
  endfacet
  facet normal -0.56567133261609226 0 0.82463079220723656
    outer loop
      vertex -35.992048420229324 -89.024603103474561 277.7284015565732
      vertex -70 -67.649084701657628 254.39999389648438
      vertex -70 -117.4999997814482 254.39999389648438
    endloop
  endfacet
  facet normal -0.11141275047241324 0.044406045585274952 0.99278159841309011
    outer loop
      vertex -1.2171045154652553 -101.83070698611539 294.88243666506901
      vertex 7.9299734637177925 -141.3558982239505 297.67686654245085
      vertex 37.340591430664062 -117.63598217220643 299.91644287109375
    endloop
  endfacet
  facet normal -0.55831609071436472 0 0.82962831608463627
    outer loop
      vertex -30.486881119416523 -142.07208838536113 280.99119098755466
      vertex -70 -117.4999997814482 254.39999389648438
      vertex -70 -167.35091489670288 254.39999389648438
    endloop
  endfacet
  facet normal -0.56778975999105408 0.020633964336487159 0.82291495791792602
    outer loop
      vertex -45.255263023540728 46.487105718372504 272.23830160990394
      vertex -33.884615678065074 77 279.31866282919964
      vertex -70 77 254.39999389648438
    endloop
  endfacet
  facet normal -0.10791981524711944 0.037613368308625987 0.99344780839332847
    outer loop
      vertex 1.9483404152270465 77 296.07172636108118
      vertex 13.243838326840571 44.04381835231726 298.54654287920511
      vertex 37.340591430664062 77 299.91644287109375
    endloop
  endfacet
  facet normal -0.13191985572049514 -0 0.99126038540167827
    outer loop
      vertex -1.7818157403023847 -2.3232814081042363 294.70991753684365
      vertex 37.340591430664062 -29.099887850828619 299.91644287109375
      vertex 37.340591430664062 9.5439146502930363 299.91644287109375
    endloop
  endfacet
  facet normal -0.31939305819355968 0.025119002228357178 0.94728934867062509
    outer loop
      vertex 13.243838326840571 44.04381835231726 298.54654287920511
      vertex -18.313634061864477 41.343384476431595 287.97806617819407
      vertex -1.7818157403023847 -2.3232814081042363 294.70991753684365
    endloop
  endfacet
  facet normal -0.10616051821208669 -0.039955359921820199 0.99354592927879237
    outer loop
      vertex 0.30078592193662423 -179.04179710322956 295.34615178792257
      vertex 37.340591430664062 -163.80906849777145 299.91644287109375
      vertex 7.9299734637177925 -141.3558982239505 297.67686654245085
    endloop
  endfacet
  facet normal -0.42313501923571073 -0.043175125936605815 0.90503738265154154
    outer loop
      vertex -16.856075013582466 -283.81598396341235 288.62459016659614
      vertex -33.884674496424694 -312 279.31862626615094
      vertex 1.9482195741305721 -312 296.07169372220909
    endloop
  endfacet
  facet normal -0.56517693308269323 -0.0011756669017975029 0.82496887948490327
    outer loop
      vertex -35.215521180417966 -245.94525001345045 278.1886318697467
      vertex -35.996083303980328 -195.32955029079477 277.72601017129119
      vertex -70 -216.6010158564066 254.39999389648438
    endloop
  endfacet
  facet normal -0.56567754016104876 0 0.82462653398817143
    outer loop
      vertex -35.996083303980328 -195.32955029079477 277.72601017129119
      vertex -70 -167.35091489670288 254.39999389648438
      vertex -70 -216.6010158564066 254.39999389648438
    endloop
  endfacet
  facet normal -0.12349416026171957 -0 0.99234529896667156
    outer loop
      vertex 0.084314379791946337 -221.77986738654533 295.28001978966597
      vertex 37.340591430664062 -244.75320409308705 299.91644287109375
      vertex 37.340591430664062 -206.12943219965283 299.91644287109375
    endloop
  endfacet
  facet normal -0.11879279022936418 -0.043583649531396464 0.99196206504233142
    outer loop
      vertex 13.243838326840571 44.04381835231726 298.54654287920511
      vertex -1.7818157403023847 -2.3232814081042363 294.70991753684365
      vertex 37.340591430664062 9.5439146502930363 299.91644287109375
    endloop
  endfacet
  facet normal -0.31453323541409756 -0.036574111714937907 0.9485416059257511
    outer loop
      vertex -18.313634061864477 41.343384476431595 287.97806617819407
      vertex 13.243838326840571 44.04381835231726 298.54654287920511
      vertex 1.9483404152270465 77 296.07172636108118
    endloop
  endfacet
  facet normal -0.45017637907747127 0.0057785910478582126 0.89292095708757935
    outer loop
      vertex -36.323760481384035 -38.88398485085591 277.5318032430024
      vertex -1.7818157403023847 -2.3232814081042363 294.70991753684365
      vertex -39.735925750576584 7.7866176831724623 275.50948926619742
    endloop
  endfacet
  facet normal -0.58478170247381711 0 0.81119070535344773
    outer loop
      vertex -45.255263023540728 46.487105718372504 272.23830160990394
      vertex -70 77 254.39999389648438
      vertex -70 31.083895422116122 254.39999389648438
    endloop
  endfacet
  facet normal -0.42429863598829787 -0.020483880853176192 0.90529060423913765
    outer loop
      vertex 5.3740292825621943 -259.93002716297786 296.89602627838002
      vertex 0.084314379791946337 -221.77986738654533 295.28001978966597
      vertex -35.215521180417966 -245.94525001345045 278.1886318697467
    endloop
  endfacet
  facet normal -0.56145177727058371 -0.0073708293883704354 0.82747662968438596
    outer loop
      vertex -30.486881119416523 -142.07208838536113 280.99119098755466
      vertex -35.992048420229324 -89.024603103474561 277.7284015565732
      vertex -70 -117.4999997814482 254.39999389648438
    endloop
  endfacet
  facet normal -0.13138061741611409 -0 0.99133199956793516
    outer loop
      vertex -1.656609985172766 -54.991288496832766 294.74816786156492
      vertex 37.340591430664062 -71.442199242234807 299.91644287109375
      vertex 37.340591430664062 -29.099887850828619 299.91644287109375
    endloop
  endfacet
  facet normal -0.5686244768879245 -0.0059295148970525489 0.82257585980687509
    outer loop
      vertex -36.323760481384035 -38.88398485085591 277.5318032430024
      vertex -39.735925750576584 7.7866176831724623 275.50948926619742
      vertex -70 -18.398983997741006 254.39999389648438
    endloop
  endfacet
  facet normal -0.12311682991770521 -0.00091201030255133239 0.99239176459109257
    outer loop
      vertex 0.084314379791946337 -221.77986738654533 295.28001978966597
      vertex 37.340591430664062 -206.12943219965283 299.91644287109375
      vertex 0.30078592193662423 -179.04179710322956 295.34615178792257
    endloop
  endfacet
  facet normal -0.5014370379839802 0.017347551207406203 0.86502020751249442
    outer loop
      vertex -16.856075013582466 -283.81598396341235 288.62459016659614
      vertex -46.126430894479419 -284.09755772725214 271.662725217152
      vertex -33.884674496424694 -312 279.31862626615094
    endloop
  endfacet
  facet normal -0.43700632570999959 0.00082166729496065734 0.89945805691666469
    outer loop
      vertex 0.084314379791946337 -221.77986738654533 295.28001978966597
      vertex 0.30078592193662423 -179.04179710322956 295.34615178792257
      vertex -35.996083303980328 -195.32955029079477 277.72601017129119
    endloop
  endfacet
  facet normal -0.43660991451855419 0.0014895833843187657 0.8996496894266357
    outer loop
      vertex -35.215521180417966 -245.94525001345045 278.1886318697467
      vertex 0.084314379791946337 -221.77986738654533 295.28001978966597
      vertex -35.996083303980328 -195.32955029079477 277.72601017129119
    endloop
  endfacet
  facet normal -0.56618629981971058 0 0.8242773040042195
    outer loop
      vertex -36.323760481384035 -38.88398485085591 277.5318032430024
      vertex -70 -18.398983997741006 254.39999389648438
      vertex -70 -67.649084701657628 254.39999389648438
    endloop
  endfacet
  facet normal -0.56588964242680007 -0.00051098048516156974 0.8244808375535555
    outer loop
      vertex -36.323760481384035 -38.88398485085591 277.5318032430024
      vertex -70 -67.649084701657628 254.39999389648438
      vertex -35.992048420229324 -89.024603103474561 277.7284015565732
    endloop
  endfacet
  facet normal -0.054854610288317562 -0 0.99849435237767714
    outer loop
      vertex 13.703102257734955 -290.70148169898158 298.61786240973436
      vertex 37.340591430664062 -312 299.91644287109375
      vertex 37.340591430664062 -279.96023094096574 299.91644287109375
    endloop
  endfacet
  facet normal -0.29987474810452941 0.051626196536457496 0.95258063767873424
    outer loop
      vertex 1.9482195741305721 -312 296.07169372220909
      vertex 13.703102257734955 -290.70148169898158 298.61786240973436
      vertex -16.856075013582466 -283.81598396341235 288.62459016659614
    endloop
  endfacet
  facet normal -0.39864024965119632 0.024001488019507914 0.91679325909982634
    outer loop
      vertex -30.486881119416523 -142.07208838536113 280.99119098755466
      vertex 0.30078592193662423 -179.04179710322956 295.34615178792257
      vertex 7.9299734637177925 -141.3558982239505 297.67686654245085
    endloop
  endfacet
  facet normal -0.43287228078782919 -0.010485561351623471 0.90139427640111203
    outer loop
      vertex -30.486881119416523 -142.07208838536113 280.99119098755466
      vertex -35.996083303980328 -195.32955029079477 277.72601017129119
      vertex 0.30078592193662423 -179.04179710322956 295.34615178792257
    endloop
  endfacet
  facet normal -0.13164614072743788 0.00040697506931509811 0.99129669020070088
    outer loop
      vertex -1.656609985172766 -54.991288496832766 294.74816786156492
      vertex 37.340591430664062 -29.099887850828619 299.91644287109375
      vertex -1.7818157403023847 -2.3232814081042363 294.70991753684365
    endloop
  endfacet
  facet normal -0.44494119530704235 -0.00040733930145702731 0.89555969471243735
    outer loop
      vertex -1.656609985172766 -54.991288496832766 294.74816786156492
      vertex -1.7818157403023847 -2.3232814081042363 294.70991753684365
      vertex -36.323760481384035 -38.88398485085591 277.5318032430024
    endloop
  endfacet
  facet normal -0.13071068710459616 0.0016154900174516964 0.99141923850036728
    outer loop
      vertex -1.2171045154652553 -101.83070698611539 294.88243666506901
      vertex 37.340591430664062 -71.442199242234807 299.91644287109375
      vertex -1.656609985172766 -54.991288496832766 294.74816786156492
    endloop
  endfacet
  facet normal -0.44457652440456369 0.00057098845722355375 0.89574069234379439
    outer loop
      vertex -1.656609985172766 -54.991288496832766 294.74816786156492
      vertex -36.323760481384035 -38.88398485085591 277.5318032430024
      vertex -35.992048420229324 -89.024603103474561 277.7284015565732
    endloop
  endfacet
  facet normal -0.56450176552772802 0 0.82543186073477803
    outer loop
      vertex -35.215521180417966 -245.94525001345045 278.1886318697467
      vertex -70 -216.6010158564066 254.39999389648438
      vertex -70 -266.08389542211614 254.39999389648438
    endloop
  endfacet
  facet normal -0.5737945050958112 0.024067094173517257 0.81864561374253775
    outer loop
      vertex -35.215521180417966 -245.94525001345045 278.1886318697467
      vertex -70 -266.08389542211614 254.39999389648438
      vertex -46.126430894479419 -284.09755772725214 271.662725217152
    endloop
  endfacet
  facet normal -0.43951520844667147 0.0096324805843587512 0.8981834984355207
    outer loop
      vertex -1.2171045154652553 -101.83070698611539 294.88243666506901
      vertex -35.992048420229324 -89.024603103474561 277.7284015565732
      vertex -30.486881119416523 -142.07208838536113 280.99119098755466
    endloop
  endfacet
  facet normal -0.39780391037842444 -0.027224802459466197 0.91706644198699006
    outer loop
      vertex -1.2171045154652553 -101.83070698611539 294.88243666506901
      vertex -30.486881119416523 -142.07208838536113 280.99119098755466
      vertex 7.9299734637177925 -141.3558982239505 297.67686654245085
    endloop
  endfacet
  facet normal -0.094067777263735164 -0 0.99556579555580371
    outer loop
      vertex 5.3740292825621943 -259.93002716297786 296.89602627838002
      vertex 37.340591430664062 -279.96023094096574 299.91644287109375
      vertex 37.340591430664062 -244.75320409308705 299.91644287109375
    endloop
  endfacet
  facet normal -0.10686373799184681 0.02728347571006861 0.99389926725779798
    outer loop
      vertex 5.3740292825621943 -259.93002716297786 296.89602627838002
      vertex 37.340591430664062 -244.75320409308705 299.91644287109375
      vertex 0.084314379791946337 -221.77986738654533 295.28001978966597
    endloop
  endfacet
  facet normal -0.57910532536244885 -0.013689981125503195 0.81513778378482471
    outer loop
      vertex -45.255263023540728 46.487105718372504 272.23830160990394
      vertex -70 31.083895422116122 254.39999389648438
      vertex -39.735925750576584 7.7866176831724623 275.50948926619742
    endloop
  endfacet
  facet normal -0.50428760952572327 0.0010710961240113749 0.86353509461510869
    outer loop
      vertex -45.255263023540728 46.487105718372504 272.23830160990394
      vertex -39.735925750576584 7.7866176831724623 275.50948926619742
      vertex -18.313634061864477 41.343384476431595 287.97806617819407
    endloop
  endfacet
  facet normal -0.50134894443811751 -0.0046197933291583218 0.86523285502827574
    outer loop
      vertex -16.856075013582466 -283.81598396341235 288.62459016659614
      vertex -35.215521180417966 -245.94525001345045 278.1886318697467
      vertex -46.126430894479419 -284.09755772725214 271.662725217152
    endloop
  endfacet
  facet normal -0.40156514875172367 0.057204909296037956 0.91404213779258447
    outer loop
      vertex -16.856075013582466 -283.81598396341235 288.62459016659614
      vertex 5.3740292825621943 -259.93002716297786 296.89602627838002
      vertex -35.215521180417966 -245.94525001345045 278.1886318697467
    endloop
  endfacet
  facet normal -0.056758337255312381 0 0.99838794621730698
    outer loop
      vertex 13.243838326840571 44.04381835231726 298.54654287920511
      vertex 37.340591430664062 9.5439146502930363 299.91644287109375
      vertex 37.340591430664062 44.81226461375951 299.91644287109375
    endloop
  endfacet
  facet normal -0.056758337255312381 0 0.99838794621730709
    outer loop
      vertex 37.340591430664062 44.81226461375951 299.91644287109375
      vertex 37.340591430664062 77 299.91644287109375
      vertex 13.243838326840571 44.04381835231726 298.54654287920511
    endloop
  endfacet
  facet normal -0.071332325025175586 0.036467874630978871 0.99678573100060075
    outer loop
      vertex 13.703102257734955 -290.70148169898158 298.61786240973436
      vertex 37.340591430664062 -279.96023094096574 299.91644287109375
      vertex 5.3740292825621943 -259.93002716297786 296.89602627838002
    endloop
  endfacet
  facet normal -0.31733017136273173 -0.03286174155313485 0.94774557149321159
    outer loop
      vertex 5.3740292825621943 -259.93002716297786 296.89602627838002
      vertex -16.856075013582466 -283.81598396341235 288.62459016659614
      vertex 13.703102257734955 -290.70148169898158 298.61786240973436
    endloop
  endfacet
  facet normal 0.44535524159477341 -0.043096195601067998 0.89431617826626364
    outer loop
      vertex 156.79932535511489 36.797780698644829 230.34261596876993
      vertex 167.16225781164269 6.8681032008272167 223.73975932026593
      vertex 166.58349589938399 32.011152756352047 225.23959177942191
    endloop
  endfacet
  facet normal 0.44535524159474138 -0.04309619560146729 0.89431617826626042
    outer loop
      vertex 156.79932535511489 36.797780698644829 230.34261596876993
      vertex 166.49116743146541 36.022147450481398 225.47885568208753
      vertex 166.48948522036883 36.095227703612274 225.48321506024439
    endloop
  endfacet
  facet normal 0.44535524159477502 -0.043096195601064057 0.89431617826626308
    outer loop
      vertex 156.79932535511489 36.797780698644829 230.34261596876993
      vertex 166.58349589938399 32.011152756352047 225.23959177942191
      vertex 166.49116743146541 36.022147450481398 225.47885568208753
    endloop
  endfacet
  facet normal 0.44323483463037416 0.046781084421528833 0.8951840098608389
    outer loop
      vertex 156.78999770076194 -272.46642961063111 230.34913068405473
      vertex 167.05454487522334 -248.58658976826442 224.01889063212693
      vertex 167.12999932404256 -245.55980120162803 223.82335486553782
    endloop
  endfacet
  facet normal 0.44323483463037805 0.046781084421525357 0.89518400986083724
    outer loop
      vertex 166.4734216184689 -271.89795377620953 225.52484353498721
      vertex 166.80372338544419 -258.64814945497386 224.66888380476041
      vertex 156.78999770076194 -272.46642961063111 230.34913068405473
    endloop
  endfacet
  facet normal 0.44323483463037439 0.046781084421528701 0.8951840098608389
    outer loop
      vertex 167.05454487522334 -248.58658976826442 224.01889063212693
      vertex 156.78999770076194 -272.46642961063111 230.34913068405473
      vertex 166.80372338544419 -258.64814945497386 224.66888380476041
    endloop
  endfacet
  facet normal 0.55419860793896181 0.019353388763952845 0.83215944944575859
    outer loop
      vertex 167.07001389769749 -292.93025249848392 223.97880544227917
      vertex 156.78999770076194 -272.46642961063111 230.34913068405473
      vertex 167.06805854343364 -293.09213947211208 223.98387263961774
    endloop
  endfacet
  facet normal 0.5541986079388842 0.019353388763897857 0.83215944944581155
    outer loop
      vertex 137.73561001833053 -312 243.95832985044495
      vertex 167.06805854343364 -293.09213947211208 223.98387263961774
      vertex 156.78999770076194 -272.46642961063111 230.34913068405473
    endloop
  endfacet
  facet normal 0.55419860793888487 0.019353388763896452 0.83215944944581122
    outer loop
      vertex 137.73561001833053 -312 243.95832985044495
      vertex 166.83968005236423 -312.00000000000006 224.57570419023173
      vertex 167.06805854343364 -293.09213947211208 223.98387263961774
    endloop
  endfacet
  facet normal 0.44778675969049353 -0.052909416133952274 0.89257358885990612
    outer loop
      vertex 167.07001389769749 -292.93025249848392 223.97880544227917
      vertex 166.4734216184689 -271.89795377620953 225.52484353498721
      vertex 156.78999770076194 -272.46642961063111 230.34913068405473
    endloop
  endfacet
  facet normal 0.55412523257504287 -0.019046963277423903 0.83221538066390177
    outer loop
      vertex 167.06962800165667 57.57826407105722 223.97980549688788
      vertex 137.75667873337656 77 243.94214975026554
      vertex 156.79932535511489 36.797780698644829 230.34261596876993
    endloop
  endfacet
  facet normal 0.55412523257504287 -0.01904696327742415 0.83221538066390188
    outer loop
      vertex 137.75667873337656 77 243.94214975026554
      vertex 167.06962800165667 57.57826407105722 223.97980549688788
      vertex 166.83878786648143 77 224.57801534277763
    endloop
  endfacet
  facet normal 0.45061103077639336 0.050206192708437847 0.89130748743425203
    outer loop
      vertex 156.79932535511489 36.797780698644829 230.34261596876993
      vertex 166.48948522036883 36.095227703612274 225.48321506024439
      vertex 166.60367017430491 40.323554667379923 225.18731134363958
    endloop
  endfacet
  facet normal 0.45061103077639336 0.050206192708438215 0.89130748743425214
    outer loop
      vertex 166.60367017430491 40.323554667379923 225.18731134363958
      vertex 167.06962800165667 57.57826407105722 223.97980549688788
      vertex 156.79932535511489 36.797780698644829 230.34261596876993
    endloop
  endfacet
  facet normal 0.56039935124151385 -0.01451559663775533 0.82809532336702651
    outer loop
      vertex 138.87713340187955 -237.19154909302699 243.08968502761979
      vertex 167.03940805514497 -235.66422635784167 224.05811945816836
      vertex 167.00356431954629 -231.74894603962858 224.15100663411056
    endloop
  endfacet
  facet normal 0.56039935124151408 -0.014515596637759849 0.82809532336702651
    outer loop
      vertex 156.78999770076194 -272.46642961063111 230.34913068405473
      vertex 167.12999932404256 -245.55980120162803 223.82335486553782
      vertex 138.87713340187955 -237.19154909302699 243.08968502761979
    endloop
  endfacet
  facet normal 0.56039935124151408 -0.014515596637759663 0.82809532336702651
    outer loop
      vertex 167.03940805514497 -235.66422635784167 224.05811945816836
      vertex 138.87713340187955 -237.19154909302699 243.08968502761979
      vertex 167.12999932404256 -245.55980120162803 223.82335486553782
    endloop
  endfacet
  facet normal 0.56337406061797146 0.012815728338900606 0.82610255109759922
    outer loop
      vertex 167.16225781164269 6.8681032008272167 223.73975932026593
      vertex 156.79932535511489 36.797780698644829 230.34261596876993
      vertex 138.84059354905054 2.7645941207724434 243.11783827113257
    endloop
  endfacet
  facet normal 0.56337406061797124 0.012815728338902165 0.82610255109759934
    outer loop
      vertex 138.84059354905054 2.7645941207724434 243.11783827113257
      vertex 167.06417636357276 -5.2042524926142839 223.99393184929301
      vertex 167.16225781164269 6.8681032008272167 223.73975932026593
    endloop
  endfacet
  facet normal 0.55773136517108057 0.0059016901975658519 0.83000053876923152
    outer loop
      vertex 138.87713340187955 -237.19154909302699 243.08968502761979
      vertex 167.03469377678516 -223.34549325558203 224.07033626526544
      vertex 142.21759467746034 -192.45818538671864 240.52693671329385
    endloop
  endfacet
  facet normal 0.55773136517108168 0.0059016901975626982 0.83000053876923086
    outer loop
      vertex 167.03469377678516 -223.34549325558203 224.07033626526544
      vertex 138.87713340187955 -237.19154909302699 243.08968502761979
      vertex 167.00356431954629 -231.74894603962858 224.15100663411056
    endloop
  endfacet
  facet normal 0.50678511928970671 -0.051305792832917689 0.86054433847902545
    outer loop
      vertex 166.07848621616171 -191.22817393334293 226.54829840948295
      vertex 142.21759467746034 -192.45818538671864 240.52693671329385
      vertex 166.43883048391601 -203.33150002068038 225.61448498742766
    endloop
  endfacet
  facet normal 0.50678511928970693 -0.051305792832917106 0.86054433847902534
    outer loop
      vertex 167.03469377678516 -223.34549325558203 224.07033626526544
      vertex 166.43883048391601 -203.33150002068038 225.61448498742766
      vertex 142.21759467746034 -192.45818538671864 240.52693671329385
    endloop
  endfacet
  facet normal 0.56020355904687003 -0.0037979235802792985 0.82834627312960041
    outer loop
      vertex 138.84059354905054 2.7645941207724434 243.11783827113257
      vertex 140.90526632499703 -39.650160686917133 241.52704819030109
      vertex 167.07950413798693 -11.606792323309213 223.95421050105605
    endloop
  endfacet
  facet normal 0.56020355904689134 -0.003797923580218431 0.82834627312958609
    outer loop
      vertex 167.07861365711136 -11.23483694460085 223.95651812133679
      vertex 138.84059354905054 2.7645941207724434 243.11783827113257
      vertex 167.07950413798693 -11.606792323309213 223.95421050105605
    endloop
  endfacet
  facet normal 0.56020355904686925 -0.0037979235802831279 0.82834627312960074
    outer loop
      vertex 138.84059354905054 2.7645941207724434 243.11783827113257
      vertex 167.07861365711136 -11.23483694460085 223.95651812133679
      vertex 167.06417636357276 -5.2042524926142839 223.99393184929301
    endloop
  endfacet
  facet normal 0.53290023058812352 0.032469059991851172 0.84555490914686926
    outer loop
      vertex 166.33999428708418 -49.376255298416545 225.87061345932398
      vertex 167.07950413798693 -11.606792323309213 223.95421050105605
      vertex 140.90526632499703 -39.650160686917133 241.52704819030109
    endloop
  endfacet
  facet normal 0.50233225384136726 0.059063189610540183 0.86265511439026532
    outer loop
      vertex 166.07848621616171 -191.22817393334293 226.54829840948295
      vertex 166.72475324750445 -172.26363975140652 224.87353102144954
      vertex 142.21759467746034 -192.45818538671864 240.52693671329385
    endloop
  endfacet
  facet normal 0.50233225384136904 0.059063189610537331 0.86265511439026443
    outer loop
      vertex 167.15007862841117 -159.78253850823859 223.77131961550151
      vertex 142.21759467746034 -192.45818538671864 240.52693671329385
      vertex 166.72475324750445 -172.26363975140652 224.87353102144954
    endloop
  endfacet
  facet normal 0.54897912978399555 0.0041128632903388012 0.83582593846874709
    outer loop
      vertex 142.81994187072257 -87.468147514723825 240.10623925622539
      vertex 166.88962414879805 -117.79988670060999 224.44627665857649
      vertex 166.91681522854054 -107.10939569192908 224.37581239010916
    endloop
  endfacet
  facet normal 0.5489791297839961 0.0041128632903394361 0.83582593846874687
    outer loop
      vertex 166.88962414879805 -117.79988670060999 224.44627665857649
      vertex 142.81994187072257 -87.468147514723825 240.10623925622539
      vertex 140.13782536719134 -138.36831182776854 242.11834647132844
    endloop
  endfacet
  facet normal 0.54897912978399388 0.0041128632903358036 0.83582593846874842
    outer loop
      vertex 166.92212151751875 -105.02316612149605 224.36206141829541
      vertex 142.81994187072257 -87.468147514723825 240.10623925622539
      vertex 166.91681522854054 -107.10939569192908 224.37581239010916
    endloop
  endfacet
  facet normal 0.52298019652445216 -0.004384662557199227 0.85233355488183427
    outer loop
      vertex 166.33999428708418 -49.376255298416545 225.87061345932398
      vertex 140.90526632499703 -39.650160686917133 241.52704819030109
      vertex 166.3630663016603 -58.246825478387009 225.81082388122456
    endloop
  endfacet
  facet normal 0.5229801965244697 -0.0043846625571663904 0.85233355488182383
    outer loop
      vertex 166.36450538484937 -58.800133556264804 225.80709449476257
      vertex 166.3630663016603 -58.246825478387009 225.81082388122456
      vertex 140.90526632499703 -39.650160686917133 241.52704819030109
    endloop
  endfacet
  facet normal 0.52298019652445105 -0.0043846625571968322 0.85233355488183504
    outer loop
      vertex 166.36632626571435 -59.500195375136208 225.80237589668025
      vertex 142.81994187072257 -87.468147514723825 240.10623925622539
      vertex 166.39365688648297 -70.00816527487676 225.73155001490369
    endloop
  endfacet
  facet normal 0.52298019652443928 -0.0043846625572218729 0.85233355488184204
    outer loop
      vertex 166.36632626571435 -59.500195375136208 225.80237589668025
      vertex 166.36450538484937 -58.800133556264804 225.80709449476257
      vertex 140.90526632499703 -39.650160686917133 241.52704819030109
    endloop
  endfacet
  facet normal 0.52298019652445249 -0.0043846625571985539 0.85233355488183415
    outer loop
      vertex 142.81994187072257 -87.468147514723825 240.10623925622539
      vertex 166.36632626571435 -59.500195375136208 225.80237589668025
      vertex 140.90526632499703 -39.650160686917133 241.52704819030109
    endloop
  endfacet
  facet normal 0.53388902500775914 -0.024998704619060827 0.84518493464071731
    outer loop
      vertex 166.92212151751875 -105.02316612149605 224.36206141829541
      vertex 166.39365688648297 -70.00816527487676 225.73155001490369
      vertex 142.81994187072257 -87.468147514723825 240.10623925622539
    endloop
  endfacet
  facet normal 0.56032851668756389 -0.0028241141286900738 0.82826564444392037
    outer loop
      vertex 140.13782536719134 -138.36831182776854 242.11834647132844
      vertex 167.15007862841117 -159.78253850823859 223.77131961550151
      vertex 167.14450859058397 -156.65446902885051 223.78575348261415
    endloop
  endfacet
  facet normal 0.56032851668755734 -0.0028241141287019666 0.82826564444392459
    outer loop
      vertex 167.15007862841117 -159.78253850823859 223.77131961550151
      vertex 140.13782536719134 -138.36831182776854 242.11834647132844
      vertex 142.21759467746034 -192.45818538671864 240.52693671329385
    endloop
  endfacet
  facet normal 0.56032851668755523 -0.0028241141287087858 0.82826564444392614
    outer loop
      vertex 167.13828955775031 -153.16154071113371 223.80187044912736
      vertex 140.13782536719134 -138.36831182776854 242.11834647132844
      vertex 167.14450859058397 -156.65446902885051 223.78575348261415
    endloop
  endfacet
  facet normal 0.55714074394670077 -0.011213732963920042 0.8303423653093529
    outer loop
      vertex 140.13782536719134 -138.36831182776854 242.11834647132844
      vertex 167.13828955775031 -153.16154071113371 223.80187044912736
      vertex 167.03975804133458 -139.14966884150931 224.05721248716694
    endloop
  endfacet
  facet normal 0.55714074394670077 -0.01121373296392033 0.8303423653093529
    outer loop
      vertex 140.13782536719134 -138.36831182776854 242.11834647132844
      vertex 167.03975804133458 -139.14966884150931 224.05721248716694
      vertex 166.88962414879805 -117.79988670060999 224.44627665857649
    endloop
  endfacet
endsolid OBJECT
