solid OBJECT
  facet normal -0.081702508685916123 0.018682286669300437 0.99648164671469697
    outer loop
      vertex 349.12628233608717 -267.08583616790412 323.31942803953672
      vertex 322.79276798764982 -312 322.00237929620295
      vertex 374.50543171875461 -312 326.24235137355333
    endloop
  endfacet
  facet normal 0.11959186222597949 0.049103813722692631 0.99160808889762986
    outer loop
      vertex 197.42926373472531 38.427010638460217 328.00938172674836
      vertex 245.77056406061698 36.898483534065349 322.25492118726447
      vertex 220.42585780508554 80 323.17723292836507
    endloop
  endfacet
  facet normal 0.11001764898945873 0.046705688973703731 0.99283165518043592
    outer loop
      vertex 221.54879520339435 -227.65849041352305 323.089629358644
      vertex 198.7986622259003 -270.67338193043418 327.63416242753362
      vertex 246.91247016789376 -268.90032958474893 322.21916620229433
    endloop
  endfacet
  facet normal 0.445704149096389 -0.045523080197112806 0.89402206944103513
    outer loop
      vertex 172.47795721194106 -1.5234848752238577 338.41430521729808
      vertex 197.42926373472531 38.427010638460217 328.00938172674836
      vertex 156.75144272767449 40.140027279322055 348.37605500624358
    endloop
  endfacet
  facet normal 0.004226157137759359 -0.00040844177896631154 0.99999098634495687
    outer loop
      vertex 298.43041531614324 -175.57568670132946 322.05735172308886
      vertex 244.95939486570137 -182.94618580486028 322.28032024782442
      vertex 272.27292386733075 -223.70489727827839 322.1482402311305
    endloop
  endfacet
  facet normal 0.0063669025899163725 0.0022585692269662823 0.99997718044786277
    outer loop
      vertex 294.12517809424344 -57.220383653802912 322.09377389486883
      vertex 269.93771555876361 -8.3242133176976836 322.13733872122168
      vertex 240.5607629908238 -49.794461623140364 322.41804874894478
    endloop
  endfacet
  facet normal 0.28155731805324241 0.04411961648945497 0.95852956975332215
    outer loop
      vertex 198.7986622259003 -270.67338193043418 327.63416242753362
      vertex 176.65010293775171 -312 336.04225305537295
      vertex 220.45973443978281 -312 323.17366481371118
    endloop
  endfacet
  facet normal -0.20761059318738992 -0.0051579524427485986 0.97819795395562881
    outer loop
      vertex 451.88441408177243 -267.83964588545746 341.66817057477675
      vertex 400.56650450352663 -267.91668487964682 330.77616352338191
      vertex 425.54188940767284 -312 335.844437089152
    endloop
  endfacet
  facet normal -0.24695058756107047 -0 0.96902807353721288
    outer loop
      vertex 530.51147933421078 -42.107582615581663 360.55269266056212
      vertex 577 -67 372.39999389648523
      vertex 577 -17.999999999999972 372.39999389648523
    endloop
  endfacet
  facet normal -0.22903304425757384 -0.0027993173809726397 0.97341462309763394
    outer loop
      vertex 496.11139191728142 -275.26172672972643 352.05291554593856
      vertex 451.88441408177243 -267.83964588545746 341.66817057477675
      vertex 476.20934533688552 -312 347.26454654923714
    endloop
  endfacet
  facet normal -0.23700091991026448 -0.0015227611895908763 0.97150823216277882
    outer loop
      vertex 500.42391534107236 39.672256511718615 353.10862512791925
      vertex 526.65891307913796 80 359.5719034744489
      vertex 476.18936205545845 80 347.25977926996154
    endloop
  endfacet
  facet normal -0.2469320901770706 -0.0012536137746540187 0.9690319764039198
    outer loop
      vertex 543.17822191142477 46.813747768216444 363.73847879252412
      vertex 577 80 372.39999389648523
      vertex 526.65891307913796 80 359.5719034744489
    endloop
  endfacet
  facet normal 0.43535052583015504 0.048513133381043183 0.89895294401262227
    outer loop
      vertex 175.21449138694481 -231.12003808301785 336.92110518229731
      vertex 157.97620663560983 -272.83632762352664 347.52064135714159
      vertex 198.7986622259003 -270.67338193043418 327.63416242753362
    endloop
  endfacet
  facet normal 0.021116503843494741 0.0091800296962991027 0.99973487501447245
    outer loop
      vertex 246.91247016789376 -268.90032958474893 322.21916620229433
      vertex 220.45973443978281 -312 323.17366481371118
      vertex 270.854675510731 -312 322.10921763535106
    endloop
  endfacet
  facet normal -0.18722549885707745 0.010662820273656287 0.98225908844944287
    outer loop
      vertex 400.32687323967718 -49.864829613532123 330.73474092566164
      vertex 377.60844537870548 -87.006770472425785 326.8076394155957
      vertex 433.55592614212429 -96.303402468618998 337.57254191046104
    endloop
  endfacet
  facet normal -0.022381204302345543 0.014750944456198978 0.9996406811107813
    outer loop
      vertex 296.62141055754552 35.585978352451832 322.07265584657205
      vertex 348.3352984277571 35.474301800997239 323.23213889503245
      vertex 322.74140871180703 80 322.00207873555092
    endloop
  endfacet
  facet normal 0.11344629878486501 -0.047650474941038148 0.99240081092767585
    outer loop
      vertex 246.91247016789376 -268.90032958474893 322.21916620229433
      vertex 198.7986622259003 -270.67338193043418 327.63416242753362
      vertex 220.45973443978281 -312 323.17366481371118
    endloop
  endfacet
  facet normal -0.22959695568518568 0.0031836266136269185 0.97328058773494486
    outer loop
      vertex 451.70891620395878 35.942304517320508 341.62895434803357
      vertex 500.42391534107236 39.672256511718615 353.10862512791925
      vertex 476.18936205545845 80 347.25977926996154
    endloop
  endfacet
  facet normal -0.24711374704187683 0.00033510266621459254 0.96898642081771535
    outer loop
      vertex 535.15332812160386 5.0721721344917157 361.72015441352636
      vertex 530.51147933421078 -42.107582615581663 360.55269266056212
      vertex 577 -17.999999999999972 372.39999389648523
    endloop
  endfacet
  facet normal 0.021208173938313025 -0.0089220210966556319 0.99973527040799814
    outer loop
      vertex 245.77056406061698 36.898483534065349 322.25492118726447
      vertex 270.79304506826293 80 322.10875400211381
      vertex 220.42585780508554 80 323.17723292836507
    endloop
  endfacet
  facet normal 0.60123557214795853 -0.0036303572366907758 0.79906358150666024
    outer loop
      vertex 146.24498560453765 -192.17887646235582 355.71409523473693
      vertex 106.85120043855346 -221.47155386021558 385.22188738753744
      vertex 141.17615701251029 -238.32689846312053 359.31834691091478
    endloop
  endfacet
  facet normal -0.21987675356989833 0.0025116316428356708 0.97552442560196972
    outer loop
      vertex 451.88441408177243 -267.83964588545746 341.66817057477675
      vertex 425.54188940767284 -312 335.844437089152
      vertex 476.20934533688552 -312 347.26454654923714
    endloop
  endfacet
  facet normal 0.55418640613159198 0.020354348485921502 0.83214369417587009
    outer loop
      vertex 157.97620663560983 -272.83632762352664 347.52064135714159
      vertex 137.73593943084489 -312 361.95809015471895
      vertex 176.65010293775171 -312 336.04225305537295
    endloop
  endfacet
  facet normal 0.43960091313434846 -0.053178437779153417 0.89661758343611331
    outer loop
      vertex 157.97620663560983 -272.83632762352664 347.52064135714159
      vertex 176.65010293775171 -312 336.04225305537295
      vertex 198.7986622259003 -270.67338193043418 327.63416242753362
    endloop
  endfacet
  facet normal -0.24153301001798591 0.0016045788298926658 0.97039127695916072
    outer loop
      vertex 543.17822191142477 46.813747768216444 363.73847879252412
      vertex 526.65891307913796 80 359.5719034744489
      vertex 500.42391534107236 39.672256511718615 353.10862512791925
    endloop
  endfacet
  facet normal -0.24708081254668013 -0 0.96899487721621735
    outer loop
      vertex 532.42408750179925 -142.64138981975549 361.03372877059894
      vertex 577 -165 372.39999389648523
      vertex 577 -115.99999999999997 372.39999389648523
    endloop
  endfacet
  facet normal -0.23700387704637241 0.001767305132192512 0.97150709667894741
    outer loop
      vertex 496.11139191728142 -275.26172672972643 352.05291554593856
      vertex 476.20934533688552 -312 347.26454654923714
      vertex 526.66887840559878 -312 359.5743948376504
    endloop
  endfacet
  facet normal -0.24765336632992274 0 0.96884870343385243
    outer loop
      vertex 539.25371507595105 -258.91536304428229 362.75143422482813
      vertex 577 -263 372.39999389648523
      vertex 577 -214 372.39999389648523
    endloop
  endfacet
  facet normal -0.24808681262686774 -0 0.96873780425904799
    outer loop
      vertex 543.17822191142477 46.813747768216444 363.73847879252412
      vertex 577 30.999999999999989 372.39999389648523
      vertex 577 80 372.39999389648523
    endloop
  endfacet
  facet normal -0.23854670754301008 0.0001226895123654768 0.9711310175602843
    outer loop
      vertex 484.73310474635633 -68.110089834268962 349.31106809882306
      vertex 531.59026064156001 -92.230259871266895 360.8240147078385
      vertex 530.51147933421078 -42.107582615581663 360.55269266056212
    endloop
  endfacet
  facet normal -0.080816399229571748 -0.019836182127412984 0.9965316028577188
    outer loop
      vertex 374.53422365948006 -222.05859693221345 326.2762302516461
      vertex 323.8409968816884 -221.30038439667601 322.18021964861276
      vertex 349.12628233608717 -267.08583616790412 323.31942803953672
    endloop
  endfacet
  facet normal -0.24028832352346424 -0.0011296243903995236 0.97070090425785616
    outer loop
      vertex 496.11139191728142 -275.26172672972643 352.05291554593856
      vertex 526.66887840559878 -312 359.5743948376504
      vertex 539.25371507595105 -258.91536304428229 362.75143422482813
    endloop
  endfacet
  facet normal -0.24733132825879894 -0.00028829842078128686 0.96893092165838046
    outer loop
      vertex 534.34911817248985 -197.03300430716951 361.51788923860431
      vertex 539.25371507595105 -258.91536304428229 362.75143422482813
      vertex 577 -214 372.39999389648523
    endloop
  endfacet
  facet normal -0.077535021741032689 0.021395838799571285 0.99676002050929013
    outer loop
      vertex 373.86502324244316 -8.4350671009699738 326.16055244223236
      vertex 348.3352984277571 35.474301800997239 323.23213889503245
      vertex 321.66357228292452 -10.080179748326401 322.13526853487849
    endloop
  endfacet
  facet normal 0.017874250277306936 0.0087381315030780008 0.99980205852701631
    outer loop
      vertex 244.95939486570137 -182.94618580486028 322.28032024782442
      vertex 221.54879520339435 -227.65849041352305 323.089629358644
      vertex 272.27292386733075 -223.70489727827839 322.1482402311305
    endloop
  endfacet
  facet normal 0.2816037074799973 -0.044362667401918132 0.95850472386655816
    outer loop
      vertex 197.42926373472531 38.427010638460217 328.00938172674836
      vertex 220.42585780508554 80 323.17723292836507
      vertex 176.66878981783319 80 336.03283214122825
    endloop
  endfacet
  facet normal 0.59572949762312855 -0.012142299366915474 0.80309335088006994
    outer loop
      vertex 138.53476984851918 4.7164549071492274 361.35348253799253
      vertex 156.75144272767449 40.140027279322055 348.37605500624358
      vertex 121.01797767464862 37.951316911012327 374.84981821764916
    endloop
  endfacet
  facet normal 8.8209653891178111e-05 0.0014194665830998001 0.99999898866632686
    outer loop
      vertex 269.93771555876361 -8.3242133176976836 322.13733872122168
      vertex 321.66357228292452 -10.080179748326401 322.13526853487849
      vertex 296.62141055754552 35.585978352451832 322.07265584657205
    endloop
  endfacet
  facet normal -0.24704982863950087 -5.5211498784124941e-05 0.96900277560019588
    outer loop
      vertex 531.59026064156001 -92.230259871266895 360.8240147078385
      vertex 532.42408750179925 -142.64138981975549 361.03372877059894
      vertex 577 -115.99999999999997 372.39999389648523
    endloop
  endfacet
  facet normal 9.9431229328467885e-06 -0.00088604710836324735 0.99999960741075089
    outer loop
      vertex 294.12517809424344 -57.220383653802912 322.09377389486883
      vertex 321.66357228292452 -10.080179748326401 322.13526853487849
      vertex 269.93771555876361 -8.3242133176976836 322.13733872122168
    endloop
  endfacet
  facet normal -0.081565365262784489 -0.019356116235565612 0.99648002085030485
    outer loop
      vertex 348.3352984277571 35.474301800997239 323.23213889503245
      vertex 374.4648653754063 80 326.23582406626042
      vertex 322.74140871180703 80 322.00207873555092
    endloop
  endfacet
  facet normal -0.18489144584938755 0.0082339849417657276 0.98272445514686446
    outer loop
      vertex 400.56650450352663 -267.91668487964682 330.77616352338191
      vertex 374.50543171875461 -312 326.24235137355333
      vertex 425.54188940767284 -312 335.844437089152
    endloop
  endfacet
  facet normal -0.14370543325418794 -0.016808819260894066 0.98947774712131897
    outer loop
      vertex 400.56650450352663 -267.91668487964682 330.77616352338191
      vertex 349.12628233608717 -267.08583616790412 323.31942803953672
      vertex 374.50543171875461 -312 326.24235137355333
    endloop
  endfacet
  facet normal 0.5936044230787958 -0.01013685013422325 0.80469312981449392
    outer loop
      vertex 122.02632053096363 -270.23028751358044 374.07291034924896
      vertex 137.73593943084489 -312 361.95809015471895
      vertex 157.97620663560983 -272.83632762352664 347.52064135714159
    endloop
  endfacet
  facet normal 0.55412264291441427 -0.019178363839296848 0.83221408722154666
    outer loop
      vertex 156.75144272767449 40.140027279322055 348.37605500624358
      vertex 176.66878981783319 80 336.03283214122825
      vertex 137.75701207358082 80 361.94190704781937
    endloop
  endfacet
  facet normal 0.59487149601194267 0.0099237946756337014 0.80375955455083015
    outer loop
      vertex 156.75144272767449 40.140027279322055 348.37605500624358
      vertex 137.75701207358082 80 361.94190704781937
      vertex 121.01797767464862 37.951316911012327 374.84981821764916
    endloop
  endfacet
  facet normal -0.024484953341216528 0.011350426658270086 0.99963576110228958
    outer loop
      vertex 323.8409968816884 -221.30038439667601 322.18021964861276
      vertex 297.69193424180537 -267.43791501947834 322.06359924980097
      vertex 349.12628233608717 -267.08583616790412 323.31942803953672
    endloop
  endfacet
  facet normal 0.44884578057807251 0.051970217638806403 0.89209672218646552
    outer loop
      vertex 197.42926373472531 38.427010638460217 328.00938172674836
      vertex 176.66878981783319 80 336.03283214122825
      vertex 156.75144272767449 40.140027279322055 348.37605500624358
    endloop
  endfacet
  facet normal -0.022437741427412148 -0.010933618872496262 0.99968845333833256
    outer loop
      vertex 321.66357228292452 -10.080179748326401 322.13526853487849
      vertex 348.3352984277571 35.474301800997239 323.23213889503245
      vertex 296.62141055754552 35.585978352451832 322.07265584657205
    endloop
  endfacet
  facet normal -0.024303061386984126 -0.015062626173134487 0.9995911556731526
    outer loop
      vertex 297.69193424180537 -267.43791501947834 322.06359924980097
      vertex 322.79276798764982 -312 322.00237929620295
      vertex 349.12628233608717 -267.08583616790412 323.31942803953672
    endloop
  endfacet
  facet normal -0.20726320202708709 -0.004771147021523898 0.97827358200126091
    outer loop
      vertex 425.87422579166468 -6.5820311262200164 335.94805831053702
      vertex 451.70891620395878 35.942304517320508 341.62895434803357
      vertex 400.101492008668 36.086065640656557 330.69578158489855
    endloop
  endfacet
  facet normal -0.23875307433190662 9.0663906207691429e-05 0.97108030629661068
    outer loop
      vertex 485.24652933125208 -117.84921364847335 349.43218074704708
      vertex 532.42408750179925 -142.64138981975549 361.03372877059894
      vertex 531.59026064156001 -92.230259871266895 360.8240147078385
    endloop
  endfacet
  facet normal 0.0020534820812030622 0.00038141128147735202 0.99999781886600947
    outer loop
      vertex 296.62141055754552 35.585978352451832 322.07265584657205
      vertex 322.74140871180703 80 322.00207873555092
      vertex 270.79304506826293 80 322.10875400211381
    endloop
  endfacet
  facet normal 0.0036176085253459417 0.0012910117979531809 0.99999262307133796
    outer loop
      vertex 296.62141055754552 35.585978352451832 322.07265584657205
      vertex 270.79304506826293 80 322.10875400211381
      vertex 245.77056406061698 36.898483534065349 322.25492118726447
    endloop
  endfacet
  facet normal 0.0020570280028490355 -0.00021513142289864356 0.9999978611748459
    outer loop
      vertex 297.69193424180537 -267.43791501947834 322.06359924980097
      vertex 270.854675510731 -312 322.10921763535106
      vertex 322.79276798764982 -312 322.00237929620295
    endloop
  endfacet
  facet normal 0.0030876351822798705 -0.00083581170194600392 0.99999488395080294
    outer loop
      vertex 297.69193424180537 -267.43791501947834 322.06359924980097
      vertex 246.91247016789376 -268.90032958474893 322.21916620229433
      vertex 270.854675510731 -312 322.10921763535106
    endloop
  endfacet
  facet normal -0.24693311591560266 0.00054552351760578269 0.96903237235311346
    outer loop
      vertex 539.25371507595105 -258.91536304428229 362.75143422482813
      vertex 526.66887840559878 -312 359.5743948376504
      vertex 577 -312 372.39999389648523
    endloop
  endfacet
  facet normal -0.24765336632992274 0 0.96884870343385243
    outer loop
      vertex 539.25371507595105 -258.91536304428229 362.75143422482813
      vertex 577 -312 372.39999389648523
      vertex 577 -263 372.39999389648523
    endloop
  endfacet
  facet normal -0.23865426708323736 -9.887425919342508e-05 0.97110459324773224
    outer loop
      vertex 485.24652933125208 -117.84921364847335 349.43218074704708
      vertex 531.59026064156001 -92.230259871266895 360.8240147078385
      vertex 484.73310474635633 -68.110089834268962 349.31106809882306
    endloop
  endfacet
  facet normal -0.2397621086140328 0.00015606995501203953 0.97083165735111965
    outer loop
      vertex 489.37201673379371 -167.55390243451905 350.40534938609488
      vertex 534.34911817248985 -197.03300430716951 361.51788923860431
      vertex 532.42408750179925 -142.64138981975549 361.03372877059894
    endloop
  endfacet
  facet normal -0.18485762745905476 -0.00811094975752924 0.98273184036350425
    outer loop
      vertex 400.101492008668 36.086065640656557 330.69578158489855
      vertex 425.51174426740198 80 335.8380416128839
      vertex 374.4648653754063 80 326.23582406626042
    endloop
  endfacet
  facet normal -0.14288125771349058 0.017091294101178458 0.98959225636630677
    outer loop
      vertex 400.101492008668 36.086065640656557 330.69578158489855
      vertex 374.4648653754063 80 326.23582406626042
      vertex 348.3352984277571 35.474301800997239 323.23213889503245
    endloop
  endfacet
  facet normal -0.21986462258066808 -0.0025112221647878782 0.97552716082162449
    outer loop
      vertex 451.70891620395878 35.942304517320508 341.62895434803357
      vertex 476.18936205545845 80 347.25977926996154
      vertex 425.51174426740198 80 335.8380416128839
    endloop
  endfacet
  facet normal -0.2072355759301919 0.005359499145413409 0.97827638826550034
    outer loop
      vertex 451.70891620395878 35.942304517320508 341.62895434803357
      vertex 425.51174426740198 80 335.8380416128839
      vertex 400.101492008668 36.086065640656557 330.69578158489855
    endloop
  endfacet
  facet normal -0.2472236614349124 -0 0.96895844143426291
    outer loop
      vertex 534.34911817248985 -197.03300430716951 361.51788923860431
      vertex 577 -214 372.39999389648523
      vertex 577 -165 372.39999389648523
    endloop
  endfacet
  facet normal -0.24713801270599409 -0.0001214581942306335 0.96898028252572754
    outer loop
      vertex 534.34911817248985 -197.03300430716951 361.51788923860431
      vertex 577 -165 372.39999389648523
      vertex 532.42408750179925 -142.64138981975549 361.03372877059894
    endloop
  endfacet
  facet normal 0.11663125342648029 -0.046354023321386342 0.9920929670379125
    outer loop
      vertex 218.96596462061731 -4.1059977794670885 323.49022008354848
      vertex 245.77056406061698 36.898483534065349 322.25492118726447
      vertex 197.42926373472531 38.427010638460217 328.00938172674836
    endloop
  endfacet
  facet normal -0.00051591257708285534 -0.0022352618413560266 0.99999736871589484
    outer loop
      vertex 272.27292386733075 -223.70489727827839 322.1482402311305
      vertex 297.69193424180537 -267.43791501947834 322.06359924980097
      vertex 323.8409968816884 -221.30038439667601 322.18021964861276
    endloop
  endfacet
  facet normal -0.23921632795874367 -0.00084439429630371924 0.97096592908103996
    outer loop
      vertex 489.37201673379371 -167.55390243451905 350.40534938609488
      vertex 532.42408750179925 -142.64138981975549 361.03372877059894
      vertex 485.24652933125208 -117.84921364847335 349.43218074704708
    endloop
  endfacet
  facet normal -0.22838631329005563 0.0012715087208569056 0.97356975875760909
    outer loop
      vertex 488.85137517896931 -223.74719862590393 350.28253431386173
      vertex 451.88441408177243 -267.83964588545746 341.66817057477675
      vertex 496.11139191728142 -275.26172672972643 352.05291554593856
    endloop
  endfacet
  facet normal 0.59473725371983943 0.014743720653873792 0.80378493500380077
    outer loop
      vertex 141.17615701251029 -238.32689846312053 359.31834691091478
      vertex 122.02632053096363 -270.23028751358044 374.07291034924896
      vertex 157.97620663560983 -272.83632762352664 347.52064135714159
    endloop
  endfacet
  facet normal -0.241193494902017 -0.0005554409938404543 0.97047688767031082
    outer loop
      vertex 535.15332812160386 5.0721721344917157 361.72015441352636
      vertex 543.17822191142477 46.813747768216444 363.73847879252412
      vertex 500.42391534107236 39.672256511718615 353.10862512791925
    endloop
  endfacet
  facet normal -0.23814343696379692 -0.00060296689081919741 0.97122980795587133
    outer loop
      vertex 535.15332812160386 5.0721721344917157 361.72015441352636
      vertex 480.85929004408979 -11.208263713551787 348.3972669854308
      vertex 530.51147933421078 -42.107582615581663 360.55269266056212
    endloop
  endfacet
  facet normal 0.30797274344834913 0.055025625671827297 0.94980259518087284
    outer loop
      vertex 172.47795721194106 -1.5234848752238577 338.41430521729808
      vertex 218.96596462061731 -4.1059977794670885 323.49022008354848
      vertex 197.42926373472531 38.427010638460217 328.00938172674836
    endloop
  endfacet
  facet normal -0.24702269215215164 0 0.96900969528787662
    outer loop
      vertex 531.59026064156001 -92.230259871266895 360.8240147078385
      vertex 577 -115.99999999999997 372.39999389648523
      vertex 577 -67 372.39999389648523
    endloop
  endfacet
  facet normal -0.24698597359349966 -7.0379687179345692e-05 0.96901905238997788
    outer loop
      vertex 531.59026064156001 -92.230259871266895 360.8240147078385
      vertex 577 -67 372.39999389648523
      vertex 530.51147933421078 -42.107582615581663 360.55269266056212
    endloop
  endfacet
  facet normal 0.55200821690259549 -0.016277956881881519 0.8336797686112869
    outer loop
      vertex 175.21449138694481 -231.12003808301785 336.92110518229731
      vertex 141.17615701251029 -238.32689846312053 359.31834691091478
      vertex 157.97620663560983 -272.83632762352664 347.52064135714159
    endloop
  endfacet
  facet normal 0.56167073800287659 0.014218155541919478 0.82723867542825258
    outer loop
      vertex 138.53476984851918 4.7164549071492274 361.35348253799253
      vertex 172.47795721194106 -1.5234848752238577 338.41430521729808
      vertex 156.75144272767449 40.140027279322055 348.37605500624358
    endloop
  endfacet
  facet normal 0.54893419696184909 0.0049874919862184317 0.83585068782022143
    outer loop
      vertex 146.24498560453765 -192.17887646235582 355.71409523473693
      vertex 141.17615701251029 -238.32689846312053 359.31834691091478
      vertex 175.21449138694481 -231.12003808301785 336.92110518229731
    endloop
  endfacet
  facet normal -0.23979677795050075 9.9948896081044123e-05 0.97082310195770294
    outer loop
      vertex 489.37201673379371 -167.55390243451905 350.40534938609488
      vertex 488.85137517896931 -223.74719862590393 350.28253431386173
      vertex 534.34911817248985 -197.03300430716951 361.51788923860431
    endloop
  endfacet
  facet normal -0.22922237666289166 -0.0019900427410425841 0.97337204694140689
    outer loop
      vertex 480.85929004408979 -11.208263713551787 348.3972669854308
      vertex 500.42391534107236 39.672256511718615 353.10862512791925
      vertex 451.70891620395878 35.942304517320508 341.62895434803357
    endloop
  endfacet
  facet normal -0.22052608244049063 0.0036737521946682964 0.97537415923750115
    outer loop
      vertex 480.85929004408979 -11.208263713551787 348.3972669854308
      vertex 451.70891620395878 35.942304517320508 341.62895434803357
      vertex 425.87422579166468 -6.5820311262200164 335.94805831053702
    endloop
  endfacet
  facet normal -0.22359889708516328 6.5241515413615061e-05 0.97468124480049545
    outer loop
      vertex 433.55592614212429 -96.303402468618998 337.57254191046104
      vertex 485.24652933125208 -117.84921364847335 349.43218074704708
      vertex 484.73310474635633 -68.110089834268962 349.31106809882306
    endloop
  endfacet
  facet normal -0.23885952032349228 0.0019304491510513122 0.97105221431028421
    outer loop
      vertex 535.15332812160386 5.0721721344917157 361.72015441352636
      vertex 500.42391534107236 39.672256511718615 353.10862512791925
      vertex 480.85929004408979 -11.208263713551787 348.3972669854308
    endloop
  endfacet
  facet normal -0.2381510056688694 -0.00061586231797854465 0.97122794400311141
    outer loop
      vertex 480.85929004408979 -11.208263713551787 348.3972669854308
      vertex 484.73310474635633 -68.110089834268962 349.31106809882306
      vertex 530.51147933421078 -42.107582615581663 360.55269266056212
    endloop
  endfacet
  facet normal 0.28921885419361076 -0.051979024496026496 0.95585073907560303
    outer loop
      vertex 175.21449138694481 -231.12003808301785 336.92110518229731
      vertex 198.7986622259003 -270.67338193043418 327.63416242753362
      vertex 221.54879520339435 -227.65849041352305 323.089629358644
    endloop
  endfacet
  facet normal 0.60298807173634905 -0.0061372052063270958 0.79772659480296559
    outer loop
      vertex 138.53476984851918 4.7164549071492274 361.35348253799253
      vertex 121.01797767464862 37.951316911012327 374.84981821764916
      vertex 106.0751897451522 -9.48450705596278 385.77987815417328
    endloop
  endfacet
  facet normal 0.60008300835643202 -0.001200683131207401 0.79993683590763121
    outer loop
      vertex 146.24498560453765 -192.17887646235582 355.71409523473693
      vertex 109.47102811935477 -167.16693556981906 383.33809935665749
      vertex 106.85120043855346 -221.47155386021558 385.22188738753744
    endloop
  endfacet
  facet normal -0.14319161701653033 0.015818106728801847 0.98956856675811378
    outer loop
      vertex 374.53422365948006 -222.05859693221345 326.2762302516461
      vertex 349.12628233608717 -267.08583616790412 323.31942803953672
      vertex 400.56650450352663 -267.91668487964682 330.77616352338191
    endloop
  endfacet
  facet normal 0.025591100391190402 -0.011362087134596056 0.99960792241594099
    outer loop
      vertex 240.5607629908238 -49.794461623140364 322.41804874894478
      vertex 269.93771555876361 -8.3242133176976836 322.13733872122168
      vertex 218.96596462061731 -4.1059977794670885 323.49022008354848
    endloop
  endfacet
  facet normal -0.096694819109124308 0.023643951422708614 0.9950332032241811
    outer loop
      vertex 377.60844537870548 -87.006770472425785 326.8076394155957
      vertex 346.53492073870001 -55.252897653731651 323.03345795271821
      vertex 322.89669758659676 -115.19617011019082 322.16072537770344
    endloop
  endfacet
  facet normal -0.24728722563245745 -0 0.96894222120774665
    outer loop
      vertex 535.15332812160386 5.0721721344917157 361.72015441352636
      vertex 577 -17.999999999999972 372.39999389648523
      vertex 577 30.999999999999989 372.39999389648523
    endloop
  endfacet
  facet normal -0.24774291322071879 0.00078354625294718998 0.96882549254454542
    outer loop
      vertex 535.15332812160386 5.0721721344917157 361.72015441352636
      vertex 577 30.999999999999989 372.39999389648523
      vertex 543.17822191142477 46.813747768216444 363.73847879252412
    endloop
  endfacet
  facet normal -0.018293859866646198 0.0098068694165133093 0.99978455679382594
    outer loop
      vertex 346.53492073870001 -55.252897653731651 323.03345795271821
      vertex 321.66357228292452 -10.080179748326401 322.13526853487849
      vertex 294.12517809424344 -57.220383653802912 322.09377389486883
    endloop
  endfacet
  facet normal -0.20567646860885616 -0.0030762835607773967 0.97861520872099872
    outer loop
      vertex 400.32687323967718 -49.864829613532123 330.73474092566164
      vertex 433.55592614212429 -96.303402468618998 337.57254191046104
      vertex 445.32213706231232 -46.57342229935719 340.20178393379575
    endloop
  endfacet
  facet normal -0.23992717583368781 0.00033560580263438717 0.97079083105745079
    outer loop
      vertex 488.85137517896931 -223.74719862590393 350.28253431386173
      vertex 539.25371507595105 -258.91536304428229 362.75143422482813
      vertex 534.34911817248985 -197.03300430716951 361.51788923860431
    endloop
  endfacet
  facet normal -0.2405003084571409 -0.00053611370880106142 0.97064891398183273
    outer loop
      vertex 488.85137517896931 -223.74719862590393 350.28253431386173
      vertex 496.11139191728142 -275.26172672972643 352.05291554593856
      vertex 539.25371507595105 -258.91536304428229 362.75143422482813
    endloop
  endfacet
  facet normal -0.14248898808425067 -0.016843585809728653 0.9896530613764587
    outer loop
      vertex 373.86502324244316 -8.4350671009699738 326.16055244223236
      vertex 400.101492008668 36.086065640656557 330.69578158489855
      vertex 348.3352984277571 35.474301800997239 323.23213889503245
    endloop
  endfacet
  facet normal -0.18524600264347743 0.0090666257332717298 0.98265035226291231
    outer loop
      vertex 373.86502324244316 -8.4350671009699738 326.16055244223236
      vertex 425.87422579166468 -6.5820311262200164 335.94805831053702
      vertex 400.101492008668 36.086065640656557 330.69578158489855
    endloop
  endfacet
  facet normal 0.0030679489683664439 -0.00015220434589475465 0.99999528225035372
    outer loop
      vertex 272.27292386733075 -223.70489727827839 322.1482402311305
      vertex 246.91247016789376 -268.90032958474893 322.21916620229433
      vertex 297.69193424180537 -267.43791501947834 322.06359924980097
    endloop
  endfacet
  facet normal 0.01927550433562604 -0.009247079916731878 0.99977144710459742
    outer loop
      vertex 272.27292386733075 -223.70489727827839 322.1482402311305
      vertex 221.54879520339435 -227.65849041352305 323.089629358644
      vertex 246.91247016789376 -268.90032958474893 322.21916620229433
    endloop
  endfacet
  facet normal 0.60419293846085709 0.0058453159517334484 0.79681661967824136
    outer loop
      vertex 106.85120043855346 -221.47155386021558 385.22188738753744
      vertex 122.02632053096363 -270.23028751358044 374.07291034924896
      vertex 141.17615701251029 -238.32689846312053 359.31834691091478
    endloop
  endfacet
  facet normal -0.22276350291408889 -0.0036957884017370349 0.97486551016924083
    outer loop
      vertex 428.6114198102195 -225.3031506688267 336.51138967616259
      vertex 451.88441408177243 -267.83964588545746 341.66817057477675
      vertex 488.85137517896931 -223.74719862590393 350.28253431386173
    endloop
  endfacet
  facet normal 0.00030448229704704616 -0.0018354407550846843 0.99999826922238477
    outer loop
      vertex 268.00413056956597 -141.96195762581181 322.12831211925135
      vertex 298.43041531614324 -175.57568670132946 322.05735172308886
      vertex 322.89669758659676 -115.19617011019082 322.16072537770344
    endloop
  endfacet
  facet normal 0.30231770175839984 -0.056694264709735091 0.95151971474717278
    outer loop
      vertex 190.26397887064812 -42.68427454090795 330.31083686372619
      vertex 218.96596462061731 -4.1059977794670885 323.49022008354848
      vertex 172.47795721194106 -1.5234848752238577 338.41430521729808
    endloop
  endfacet
  facet normal 0.60194530719747485 0.0030896484039420382 0.79853134015871763
    outer loop
      vertex 140.21538037583008 -140.3074091928743 360.05860596480426
      vertex 109.47102811935477 -167.16693556981906 383.33809935665749
      vertex 146.24498560453765 -192.17887646235582 355.71409523473693
    endloop
  endfacet
  facet normal -0.20762534783473952 0.0049904751936441149 0.97819569110369986
    outer loop
      vertex 428.6114198102195 -225.3031506688267 336.51138967616259
      vertex 400.56650450352663 -267.91668487964682 330.77616352338191
      vertex 451.88441408177243 -267.83964588545746 341.66817057477675
    endloop
  endfacet
  facet normal -0.18650817056580049 -0.0094740944098353052 0.98240772790492226
    outer loop
      vertex 428.6114198102195 -225.3031506688267 336.51138967616259
      vertex 374.53422365948006 -222.05859693221345 326.2762302516461
      vertex 400.56650450352663 -267.91668487964682 330.77616352338191
    endloop
  endfacet
  facet normal -0.20819423282307706 -0.0041977099149059678 0.97807849411521197
    outer loop
      vertex 448.6231823284873 -186.08340331226123 340.93942555807308
      vertex 401.52985717059596 -179.65964109467973 330.94268841395649
      vertex 428.6114198102195 -225.3031506688267 336.51138967616259
    endloop
  endfacet
  facet normal 0.60156500521186052 -0.00099819309128218198 0.79882322707530651
    outer loop
      vertex 141.70903407296817 -39.524506748526051 358.90777586499831
      vertex 138.53476984851918 4.7164549071492274 361.35348253799253
      vertex 106.0751897451522 -9.48450705596278 385.77987815417328
    endloop
  endfacet
  facet normal 0.6027146278509905 0.0011412789906488485 0.79795599807051243
    outer loop
      vertex 141.70903407296817 -39.524506748526051 358.90777586499831
      vertex 106.0751897451522 -9.48450705596278 385.77987815417328
      vertex 108.26182563228073 -64.93998204114277 384.20757683746785
    endloop
  endfacet
  facet normal 0.16218665786834724 0.053535844955180281 0.98530675493189945
    outer loop
      vertex 190.26397887064812 -42.68427454090795 330.31083686372619
      vertex 240.5607629908238 -49.794461623140364 322.41804874894478
      vertex 218.96596462061731 -4.1059977794670885 323.49022008354848
    endloop
  endfacet
  facet normal 0.13733889350052966 -0.054006119782009018 0.98905074053768427
    outer loop
      vertex 193.4884584709265 -189.14287991035707 329.08917420421454
      vertex 221.54879520339435 -227.65849041352305 323.089629358644
      vertex 244.95939486570137 -182.94618580486028 322.28032024782442
    endloop
  endfacet
  facet normal 0.0035663717858093686 -0.00069417891639764477 0.99999339953217559
    outer loop
      vertex 269.93771555876361 -8.3242133176976836 322.13733872122168
      vertex 296.62141055754552 35.585978352451832 322.07265584657205
      vertex 245.77056406061698 36.898483534065349 322.25492118726447
    endloop
  endfacet
  facet normal 0.027532320565203692 0.012114458888511597 0.99954750322840258
    outer loop
      vertex 269.93771555876361 -8.3242133176976836 322.13733872122168
      vertex 245.77056406061698 36.898483534065349 322.25492118726447
      vertex 218.96596462061731 -4.1059977794670885 323.49022008354848
    endloop
  endfacet
  facet normal -0.2250285604117514 0.00032767137700123993 0.9743521127551803
    outer loop
      vertex 445.32213706231232 -46.57342229935719 340.20178393379575
      vertex 484.73310474635633 -68.110089834268962 349.31106809882306
      vertex 480.85929004408979 -11.208263713551787 348.3972669854308
    endloop
  endfacet
  facet normal -0.22112420891642587 -0.0038010200323441668 0.97523824600853237
    outer loop
      vertex 445.32213706231232 -46.57342229935719 340.20178393379575
      vertex 480.85929004408979 -11.208263713551787 348.3972669854308
      vertex 425.87422579166468 -6.5820311262200164 335.94805831053702
    endloop
  endfacet
  facet normal 0.50381378329552384 -0.058142341056129344 0.86185331695014311
    outer loop
      vertex 170.57480499636625 -77.782175316471807 339.4527672912842
      vertex 190.26397887064812 -42.68427454090795 330.31083686372619
      vertex 141.70903407296817 -39.524506748526051 358.90777586499831
    endloop
  endfacet
  facet normal 0.49284950313738413 -0.052506105200158602 0.86852891499013629
    outer loop
      vertex 146.24498560453765 -192.17887646235582 355.71409523473693
      vertex 175.21449138694481 -231.12003808301785 336.92110518229731
      vertex 193.4884584709265 -189.14287991035707 329.08917420421454
    endloop
  endfacet
  facet normal -0.076170610383987064 -0.022117468213227628 0.99684946492114224
    outer loop
      vertex 346.53492073870001 -55.252897653731651 323.03345795271821
      vertex 373.86502324244316 -8.4350671009699738 326.16055244223236
      vertex 321.66357228292452 -10.080179748326401 322.13526853487849
    endloop
  endfacet
  facet normal -0.22438491447583575 0.0015677792300296564 0.9744993341321263
    outer loop
      vertex 445.32213706231232 -46.57342229935719 340.20178393379575
      vertex 433.55592614212429 -96.303402468618998 337.57254191046104
      vertex 484.73310474635633 -68.110089834268962 349.31106809882306
    endloop
  endfacet
  facet normal 0.28174440931205114 0.056059777797129146 0.9578504001850916
    outer loop
      vertex 193.4884584709265 -189.14287991035707 329.08917420421454
      vertex 175.21449138694481 -231.12003808301785 336.92110518229731
      vertex 221.54879520339435 -227.65849041352305 323.089629358644
    endloop
  endfacet
  facet normal 0.14735491406052081 -0.053941145345535145 0.9876117061583608
    outer loop
      vertex 209.3266788326402 -88.115820220063142 324.9852498029253
      vertex 240.5607629908238 -49.794461623140364 322.41804874894478
      vertex 190.26397887064812 -42.68427454090795 330.31083686372619
    endloop
  endfacet
  facet normal -0.080263633738577214 0.017590247238139459 0.99661844870601357
    outer loop
      vertex 350.81750262942552 -173.32649753174752 323.50606290153468
      vertex 323.8409968816884 -221.30038439667601 322.18021964861276
      vertex 374.53422365948006 -222.05859693221345 326.2762302516461
    endloop
  endfacet
  facet normal -0.017640951536623001 -0.0076000323163897422 0.99981550114892315
    outer loop
      vertex 322.89669758659676 -115.19617011019082 322.16072537770344
      vertex 346.53492073870001 -55.252897653731651 323.03345795271821
      vertex 294.12517809424344 -57.220383653802912 322.09377389486883
    endloop
  endfacet
  facet normal -0.20615933104696182 0.0038245424862729995 0.97851096217520228
    outer loop
      vertex 400.32687323967718 -49.864829613532123 330.73474092566164
      vertex 445.32213706231232 -46.57342229935719 340.20178393379575
      vertex 425.87422579166468 -6.5820311262200164 335.94805831053702
    endloop
  endfacet
  facet normal -0.18538585734530352 0.0098887338001011019 0.98261604751814302
    outer loop
      vertex 401.52985717059596 -179.65964109467973 330.94268841395649
      vertex 374.53422365948006 -222.05859693221345 326.2762302516461
      vertex 428.6114198102195 -225.3031506688267 336.51138967616259
    endloop
  endfacet
  facet normal -0.14694393762996102 -0.01529298359017825 0.98902659410488691
    outer loop
      vertex 401.52985717059596 -179.65964109467973 330.94268841395649
      vertex 350.81750262942552 -173.32649753174752 323.50606290153468
      vertex 374.53422365948006 -222.05859693221345 326.2762302516461
    endloop
  endfacet
  facet normal 0.55920490622617991 -0.005706267566377753 0.82900983791691552
    outer loop
      vertex 141.70903407296817 -39.524506748526051 358.90777586499831
      vertex 172.47795721194106 -1.5234848752238577 338.41430521729808
      vertex 138.53476984851918 4.7164549071492274 361.35348253799253
    endloop
  endfacet
  facet normal 0.50928442478976965 0.050935327443039052 0.85908961528167938
    outer loop
      vertex 141.70903407296817 -39.524506748526051 358.90777586499831
      vertex 190.26397887064812 -42.68427454090795 330.31083686372619
      vertex 172.47795721194106 -1.5234848752238577 338.41430521729808
    endloop
  endfacet
  facet normal -0.18460971536818332 -0.0094075757282868697 0.98276688513125776
    outer loop
      vertex 400.32687323967718 -49.864829613532123 330.73474092566164
      vertex 425.87422579166468 -6.5820311262200164 335.94805831053702
      vertex 373.86502324244316 -8.4350671009699738 326.16055244223236
    endloop
  endfacet
  facet normal -0.14343173825647718 0.01763718214181928 0.98950304004930778
    outer loop
      vertex 400.32687323967718 -49.864829613532123 330.73474092566164
      vertex 373.86502324244316 -8.4350671009699738 326.16055244223236
      vertex 346.53492073870001 -55.252897653731651 323.03345795271821
    endloop
  endfacet
  facet normal -0.1044821865034318 -0.027176041868551666 0.99415538798108471
    outer loop
      vertex 322.89669758659676 -115.19617011019082 322.16072537770344
      vertex 350.81750262942552 -173.32649753174752 323.50606290153468
      vertex 386.74284105549543 -132.90622714359102 328.3866086680186
    endloop
  endfacet
  facet normal -0.02805642880398607 0.0096573871652636933 0.99955968890102143
    outer loop
      vertex 322.89669758659676 -115.19617011019082 322.16072537770344
      vertex 298.43041531614324 -175.57568670132946 322.05735172308886
      vertex 350.81750262942552 -173.32649753174752 323.50606290153468
    endloop
  endfacet
  facet normal -0.00087655644028204901 0.00071981048661497356 0.99999935676062834
    outer loop
      vertex 260.58698558624388 -97.940413123501031 322.09368648040186
      vertex 322.89669758659676 -115.19617011019082 322.16072537770344
      vertex 294.12517809424344 -57.220383653802912 322.09377389486883
    endloop
  endfacet
  facet normal 0.0039660054832610456 0.0014788913049012787 0.99999104180038278
    outer loop
      vertex 268.00413056956597 -141.96195762581181 322.12831211925135
      vertex 244.95939486570137 -182.94618580486028 322.28032024782442
      vertex 298.43041531614324 -175.57568670132946 322.05735172308886
    endloop
  endfacet
  facet normal 0.60280921930764009 5.919181718844307e-05 0.79788535618473544
    outer loop
      vertex 139.55642276887454 -92.961821829592253 360.56631953323955
      vertex 108.26182563228073 -64.93998204114277 384.20757683746785
      vertex 108.36615319699492 -116.2111468624384 384.13256006474666
    endloop
  endfacet
  facet normal 0.60304126354133902 0.00046640054183238696 0.7977098576155367
    outer loop
      vertex 139.55642276887454 -92.961821829592253 360.56631953323955
      vertex 141.70903407296817 -39.524506748526051 358.90777586499831
      vertex 108.26182563228073 -64.93998204114277 384.20757683746785
    endloop
  endfacet
  facet normal -0.092698968697448189 0.015800262820621924 0.99556880872053666
    outer loop
      vertex 377.60844537870548 -87.006770472425785 326.8076394155957
      vertex 322.89669758659676 -115.19617011019082 322.16072537770344
      vertex 386.74284105549543 -132.90622714359102 328.3866086680186
    endloop
  endfacet
  facet normal -0.14404181728400639 0.0085422855171222046 0.98953473119020174
    outer loop
      vertex 386.74284105549543 -132.90622714359102 328.3866086680186
      vertex 350.81750262942552 -173.32649753174752 323.50606290153468
      vertex 401.52985717059596 -179.65964109467973 330.94268841395649
    endloop
  endfacet
  facet normal -0.22294495050697694 0.0036962407082998948 0.97482402865751516
    outer loop
      vertex 448.6231823284873 -186.08340331226123 340.93942555807308
      vertex 428.6114198102195 -225.3031506688267 336.51138967616259
      vertex 488.85137517896931 -223.74719862590393 350.28253431386173
    endloop
  endfacet
  facet normal -0.20738998297478459 0.0019751238988144951 0.97825635384969667
    outer loop
      vertex 448.6231823284873 -186.08340331226123 340.93942555807308
      vertex 440.96232926044996 -142.61037071122962 339.22755442490165
      vertex 401.52985717059596 -179.65964109467973 330.94268841395649
    endloop
  endfacet
  facet normal -0.00072660459096883176 0.0022833202369290776 0.99999712924311135
    outer loop
      vertex 298.43041531614324 -175.57568670132946 322.05735172308886
      vertex 272.27292386733075 -223.70489727827839 322.1482402311305
      vertex 323.8409968816884 -221.30038439667601 322.18021964861276
    endloop
  endfacet
  facet normal -0.027110166933630733 -0.012380000097720481 0.99955578856130445
    outer loop
      vertex 298.43041531614324 -175.57568670132946 322.05735172308886
      vertex 323.8409968816884 -221.30038439667601 322.18021964861276
      vertex 350.81750262942552 -173.32649753174752 323.50606290153468
    endloop
  endfacet
  facet normal 0.60330554080552667 0.00064736315708062886 0.79750987790390004
    outer loop
      vertex 140.21538037583008 -140.3074091928743 360.05860596480426
      vertex 108.36615319699492 -116.2111468624384 384.13256006474666
      vertex 109.47102811935477 -167.16693556981906 383.33809935665749
    endloop
  endfacet
  facet normal 0.60291508181031372 -0.00016392492593273814 0.79780535047985313
    outer loop
      vertex 140.21538037583008 -140.3074091928743 360.05860596480426
      vertex 139.55642276887454 -92.961821829592253 360.56631953323955
      vertex 108.36615319699492 -116.2111468624384 384.13256006474666
    endloop
  endfacet
  facet normal 0.35912630558744169 0.041391855942800329 0.93237064030176642
    outer loop
      vertex 170.57480499636625 -77.782175316471807 339.4527672912842
      vertex 209.3266788326402 -88.115820220063142 324.9852498029253
      vertex 190.26397887064812 -42.68427454090795 330.31083686372619
    endloop
  endfacet
  facet normal 0.48688195968823123 0.06343840154341171 0.87116102216511304
    outer loop
      vertex 171.63838085032145 -155.79362481135252 338.87242317687173
      vertex 146.24498560453765 -192.17887646235582 355.71409523473693
      vertex 193.4884584709265 -189.14287991035707 329.08917420421454
    endloop
  endfacet
  facet normal -0.19540995328270996 0.0037966111140173538 0.98071429881596917
    outer loop
      vertex 440.96232926044996 -142.61037071122962 339.22755442490165
      vertex 433.55592614212429 -96.303402468618998 337.57254191046104
      vertex 386.74284105549543 -132.90622714359102 328.3866086680186
    endloop
  endfacet
  facet normal -0.22566764698581421 -0.001405379726480857 0.97420333504444057
    outer loop
      vertex 448.6231823284873 -186.08340331226123 340.93942555807308
      vertex 489.37201673379371 -167.55390243451905 350.40534938609488
      vertex 440.96232926044996 -142.61037071122962 339.22755442490165
    endloop
  endfacet
  facet normal 0.0054331017772760786 -0.0044770062300230869 0.99997521860308825
    outer loop
      vertex 260.58698558624388 -97.940413123501031 322.09368648040186
      vertex 294.12517809424344 -57.220383653802912 322.09377389486883
      vertex 240.5607629908238 -49.794461623140364 322.41804874894478
    endloop
  endfacet
  facet normal 0.5572936287301834 -0.0051042408516292093 0.83029980013370663
    outer loop
      vertex 171.63838085032145 -155.79362481135252 338.87242317687173
      vertex 173.54835911047795 -116.7885529312158 337.83023644631044
      vertex 140.21538037583008 -140.3074091928743 360.05860596480426
    endloop
  endfacet
  facet normal 0.56166952326181718 0.0030531093224701799 0.82735604497840465
    outer loop
      vertex 170.57480499636625 -77.782175316471807 339.4527672912842
      vertex 141.70903407296817 -39.524506748526051 358.90777586499831
      vertex 139.55642276887454 -92.961821829592253 360.56631953323955
    endloop
  endfacet
  facet normal 0.05977592095003071 0.018139783032125174 0.99804698664247438
    outer loop
      vertex 209.3266788326402 -88.115820220063142 324.9852498029253
      vertex 260.58698558624388 -97.940413123501031 322.09368648040186
      vertex 240.5607629908238 -49.794461623140364 322.41804874894478
    endloop
  endfacet
  facet normal 0.12562774584288591 0.045450092124187165 0.99103580086712229
    outer loop
      vertex 216.95714183099531 -138.72107685340245 323.80178359950855
      vertex 193.4884584709265 -189.14287991035707 329.08917420421454
      vertex 244.95939486570137 -182.94618580486028 322.28032024782442
    endloop
  endfacet
  facet normal -0.00090006867587733388 0.00063490907229758558 0.9999993933832404
    outer loop
      vertex 268.00413056956597 -141.96195762581181 322.12831211925135
      vertex 322.89669758659676 -115.19617011019082 322.16072537770344
      vertex 260.58698558624388 -97.940413123501031 322.09368648040186
    endloop
  endfacet
  facet normal 0.55992204933017531 0.0082213326313016564 0.82850450111249374
    outer loop
      vertex 173.54835911047795 -116.7885529312158 337.83023644631044
      vertex 170.57480499636625 -77.782175316471807 339.4527672912842
      vertex 139.55642276887454 -92.961821829592253 360.56631953323955
    endloop
  endfacet
  facet normal 0.55741813828761777 -0.0047402035962882854 0.83021837463274206
    outer loop
      vertex 171.63838085032145 -155.79362481135252 338.87242317687173
      vertex 140.21538037583008 -140.3074091928743 360.05860596480426
      vertex 146.24498560453765 -192.17887646235582 355.71409523473693
    endloop
  endfacet
  facet normal 0.55539001342650784 -0.0011876634387937269 0.8315891548364851
    outer loop
      vertex 173.54835911047795 -116.7885529312158 337.83023644631044
      vertex 139.55642276887454 -92.961821829592253 360.56631953323955
      vertex 140.21538037583008 -140.3074091928743 360.05860596480426
    endloop
  endfacet
  facet normal 0.031860955173041161 -0.0142081896650727 0.99939131819418103
    outer loop
      vertex 216.95714183099531 -138.72107685340245 323.80178359950855
      vertex 244.95939486570137 -182.94618580486028 322.28032024782442
      vertex 268.00413056956597 -141.96195762581181 322.12831211925135
    endloop
  endfacet
  facet normal 0.053389967948967394 -0.015299781622604178 0.99845652284148512
    outer loop
      vertex 216.95714183099531 -138.72107685340245 323.80178359950855
      vertex 260.58698558624388 -97.940413123501031 322.09368648040186
      vertex 209.3266788326402 -88.115820220063142 324.9852498029253
    endloop
  endfacet
  facet normal 0.033168976104797555 0.0063747192500200377 0.99942942821323943
    outer loop
      vertex 216.95714183099531 -138.72107685340245 323.80178359950855
      vertex 268.00413056956597 -141.96195762581181 322.12831211925135
      vertex 260.58698558624388 -97.940413123501031 322.09368648040186
    endloop
  endfacet
  facet normal 0.34678481304237263 -0.012575482977890538 0.937860411079943
    outer loop
      vertex 173.54835911047795 -116.7885529312158 337.83023644631044
      vertex 209.3266788326402 -88.115820220063142 324.9852498029253
      vertex 170.57480499636625 -77.782175316471807 339.4527672912842
    endloop
  endfacet
  facet normal 0.31927207555035259 0.025987187254221663 0.94730671267144739
    outer loop
      vertex 173.54835911047795 -116.7885529312158 337.83023644631044
      vertex 216.95714183099531 -138.72107685340245 323.80178359950855
      vertex 209.3266788326402 -88.115820220063142 324.9852498029253
    endloop
  endfacet
  facet normal 0.3342960742980563 -0.056947525922664374 0.94074604118231375
    outer loop
      vertex 171.63838085032145 -155.79362481135252 338.87242317687173
      vertex 193.4884584709265 -189.14287991035707 329.08917420421454
      vertex 216.95714183099531 -138.72107685340245 323.80178359950855
    endloop
  endfacet
  facet normal 0.31211248334462882 0.010099723636365222 0.94999147013166274
    outer loop
      vertex 171.63838085032145 -155.79362481135252 338.87242317687173
      vertex 216.95714183099531 -138.72107685340245 323.80178359950855
      vertex 173.54835911047795 -116.7885529312158 337.83023644631044
    endloop
  endfacet
  facet normal -0.22477410379325816 0.00042175713414419205 0.97441080884032538
    outer loop
      vertex 440.96232926044996 -142.61037071122962 339.22755442490165
      vertex 489.37201673379371 -167.55390243451905 350.40534938609488
      vertex 485.24652933125208 -117.84921364847335 349.43218074704708
    endloop
  endfacet
  facet normal -0.19758868803932697 -0.0089012482275211222 0.98024460117813939
    outer loop
      vertex 440.96232926044996 -142.61037071122962 339.22755442490165
      vertex 386.74284105549543 -132.90622714359102 328.3866086680186
      vertex 401.52985717059596 -179.65964109467973 330.94268841395649
    endloop
  endfacet
  facet normal -0.22626020745691852 -3.2559577108376412e-05 0.97406689578356287
    outer loop
      vertex 448.6231823284873 -186.08340331226123 340.93942555807308
      vertex 488.85137517896931 -223.74719862590393 350.28253431386173
      vertex 489.37201673379371 -167.55390243451905 350.40534938609488
    endloop
  endfacet
  facet normal -0.22401994983007836 -0.00099840827593087223 0.97458404730379389
    outer loop
      vertex 440.96232926044996 -142.61037071122962 339.22755442490165
      vertex 485.24652933125208 -117.84921364847335 349.43218074704708
      vertex 433.55592614212429 -96.303402468618998 337.57254191046104
    endloop
  endfacet
  facet normal -0.13981666221847655 -0.019153143276658641 0.9899921505086331
    outer loop
      vertex 377.60844537870548 -87.006770472425785 326.8076394155957
      vertex 400.32687323967718 -49.864829613532123 330.73474092566164
      vertex 346.53492073870001 -55.252897653731651 323.03345795271821
    endloop
  endfacet
  facet normal -0.18957664177992259 -0.0039509073557195901 0.98185797711405998
    outer loop
      vertex 386.74284105549543 -132.90622714359102 328.3866086680186
      vertex 433.55592614212429 -96.303402468618998 337.57254191046104
      vertex 377.60844537870548 -87.006770472425785 326.8076394155957
    endloop
  endfacet
  facet normal 0.60462326519118736 0.0038139910263862878 0.79650245490017013
    outer loop
      vertex 137.75701207358082 80 361.94190704781937
      vertex 103.91967618919058 79.617044439254556 387.6295881980646
      vertex 121.01797767464862 37.951316911012327 374.84981821764916
    endloop
  endfacet
  facet normal 0.60462326519118714 0.0038139910264166875 0.79650245490017035
    outer loop
      vertex 137.75701207358082 80 361.94190704781937
      vertex 103.92067692703385 80 387.62699478678019
      vertex 103.91967618919058 79.617044439254556 387.6295881980646
    endloop
  endfacet
  facet normal 0.60460747478072507 -0.0036267144745025957 0.79651531584860025
    outer loop
      vertex 103.92019704215063 -311.60950020222225 387.62823916239893
      vertex 137.73593943084489 -312 361.95809015471895
      vertex 122.02632053096363 -270.23028751358044 374.07291034924896
    endloop
  endfacet
  facet normal 0.6046074747807243 -0.0036267144745926404 0.79651531584860058
    outer loop
      vertex 137.73593943084489 -312 361.95809015471895
      vertex 103.92019704215063 -311.60950020222225 387.62823916239893
      vertex 103.92116738607652 -312 387.6257245736399
    endloop
  endfacet
  facet normal 0.57912738914191408 0.013618250067000209 0.81512330994198823
    outer loop
      vertex 104.14179578151472 -286.66061412020179 387.0539774976744
      vertex 122.02632053096363 -270.23028751358044 374.07291034924896
      vertex 104.2804134892761 -271.0542327510729 386.69475710520237
    endloop
  endfacet
  facet normal 0.57912738914191664 0.013618250066995973 0.81512330994198645
    outer loop
      vertex 122.02632053096363 -270.23028751358044 374.07291034924896
      vertex 104.14179578151472 -286.66061412020179 387.0539774976744
      vertex 104.09603920533331 -291.81211160194459 387.17255252337543
    endloop
  endfacet
  facet normal 0.57912738914191308 0.01361825006700045 0.815123309941989
    outer loop
      vertex 104.05403050266005 -296.54174453480249 387.28141668321831
      vertex 122.02632053096363 -270.23028751358044 374.07291034924896
      vertex 104.09603920533331 -291.81211160194459 387.17255252337543
    endloop
  endfacet
  facet normal 0.57912738914191597 0.013618250066997474 0.8151233099419869
    outer loop
      vertex 122.02632053096363 -270.23028751358044 374.07291034924896
      vertex 104.05403050266005 -296.54174453480249 387.28141668321831
      vertex 103.92019704215063 -311.60950020222225 387.62823916239893
    endloop
  endfacet
  facet normal 0.57649468265371151 -0.014010233052643083 0.81698077960366211
    outer loop
      vertex 121.01797767464862 37.951316911012327 374.84981821764916
      vertex 103.94568108729075 76.757377748991416 387.56219826229653
      vertex 104.2916928769761 38.707397712143788 386.66552717389084
    endloop
  endfacet
  facet normal 0.57649468265367543 -0.014010233052667033 0.81698077960368676
    outer loop
      vertex 103.91967618919058 79.617044439254556 387.6295881980646
      vertex 103.94568108729075 76.757377748991416 387.56219826229653
      vertex 121.01797767464862 37.951316911012327 374.84981821764916
    endloop
  endfacet
  facet normal 0.57715376111395955 0.0063521327700236645 0.81661079250845214
    outer loop
      vertex 104.11665200563044 -3.7030147496809107 387.1191362511068
      vertex 106.0751897451522 -9.48450705596278 385.77987815417328
      vertex 104.12391717788701 -1.9427461356227536 387.10030894490234
    endloop
  endfacet
  facet normal 0.57715376111393535 0.0063521327700143924 0.81661079250846935
    outer loop
      vertex 121.01797767464862 37.951316911012327 374.84981821764916
      vertex 104.12391717788701 -1.9427461356227536 387.10030894490234
      vertex 106.0751897451522 -9.48450705596278 385.77987815417328
    endloop
  endfacet
  facet normal 0.57715376111393746 0.0063521327700180093 0.81661079250846802
    outer loop
      vertex 104.2916928769761 38.707397712143788 386.66552717389084
      vertex 104.26985250487724 33.415723933830165 386.72212533269607
      vertex 121.01797767464862 37.951316911012327 374.84981821764916
    endloop
  endfacet
  facet normal 0.57715376111393846 0.0063521327700124548 0.81661079250846735
    outer loop
      vertex 104.12391717788701 -1.9427461356227536 387.10030894490234
      vertex 121.01797767464862 37.951316911012327 374.84981821764916
      vertex 104.26985250487724 33.415723933830165 386.72212533269607
    endloop
  endfacet
  facet normal 0.5797717470117153 -0.0058576388528794173 0.81475788393488591
    outer loop
      vertex 104.1876328911851 -246.79436707895294 386.93519307401391
      vertex 106.85120043855346 -221.47155386021558 385.22188738753744
      vertex 104.12211390150179 -229.66274773832862 387.10498203942461
    endloop
  endfacet
  facet normal 0.57977174701172096 -0.0058576388528803133 0.81475788393488158
    outer loop
      vertex 122.02632053096363 -270.23028751358044 374.07291034924896
      vertex 106.85120043855346 -221.47155386021558 385.22188738753744
      vertex 104.1876328911851 -246.79436707895294 386.93519307401391
    endloop
  endfacet
  facet normal 0.57977174701171941 -0.0058576388528822354 0.81475788393488291
    outer loop
      vertex 122.02632053096363 -270.23028751358044 374.07291034924896
      vertex 104.1876328911851 -246.79436707895294 386.93519307401391
      vertex 104.2804134892761 -271.0542327510729 386.69475710520237
    endloop
  endfacet
  facet normal 0.53262257152067161 0.00027177048830993595 0.84635283567050734
    outer loop
      vertex 104.27540397804007 -118.73023613454392 386.70773898624316
      vertex 104.27533125238826 -119.17462678352888 386.70792745088892
      vertex 108.36615319699492 -116.2111468624384 384.13256006474666
    endloop
  endfacet
  facet normal 0.53262257152066173 0.00027177048832391419 0.84635283567051356
    outer loop
      vertex 104.27578148901108 -116.42345247290409 386.70676068670724
      vertex 108.36615319699492 -116.2111468624384 384.13256006474666
      vertex 104.27630535822341 -113.22234566377634 386.70540310759924
    endloop
  endfacet
  facet normal 0.53262257152066139 0.00027177048833325991 0.84635283567051378
    outer loop
      vertex 108.36615319699492 -116.2111468624384 384.13256006474666
      vertex 104.27578148901108 -116.42345247290409 386.70676068670724
      vertex 104.27540397804007 -118.73023613454392 386.70773898624316
    endloop
  endfacet
  facet normal 0.53239903547425793 -0.0001552006002656434 0.84649349846224664
    outer loop
      vertex 104.27599261397215 -109.87477861686578 386.70621356763712
      vertex 104.27630535822341 -113.22234566377634 386.70540310759924
      vertex 108.36615319699492 -116.2111468624384 384.13256006474666
    endloop
  endfacet
  facet normal 0.53239903547427059 -0.00015520060028622343 0.84649349846223843
    outer loop
      vertex 104.27220553123658 -69.338419219033085 386.71602759045265
      vertex 108.26182563228073 -64.93998204114277 384.20757683746785
      vertex 104.27209137903684 -68.116551380919176 386.7163234097867
    endloop
  endfacet
  facet normal 0.53239903547424372 -0.00015520060027854376 0.84649349846225563
    outer loop
      vertex 104.27599261397215 -109.87477861686578 386.70621356763712
      vertex 108.36615319699492 -116.2111468624384 384.13256006474666
      vertex 104.27526242102999 -102.05890407704399 386.7081058236808
    endloop
  endfacet
  facet normal 0.53239903547426015 -0.00015520060027191595 0.84649349846224531
    outer loop
      vertex 108.26182563228073 -64.93998204114277 384.20757683746785
      vertex 104.27526242102999 -102.05890407704399 386.7081058236808
      vertex 108.36615319699492 -116.2111468624384 384.13256006474666
    endloop
  endfacet
  facet normal 0.53239903547425926 -0.00015520060027180682 0.84649349846224564
    outer loop
      vertex 104.27526242102999 -102.05890407704399 386.7081058236808
      vertex 108.26182563228073 -64.93998204114277 384.20757683746785
      vertex 104.27220553123658 -69.338419219033085 386.71602759045265
    endloop
  endfacet
  facet normal 0.52303038940041446 0.0055245555078708422 0.85229612873114191
    outer loop
      vertex 104.18099836715328 -11.041975292374639 386.9523860889978
      vertex 104.17959366240834 -11.470578084515179 386.95602630638371
      vertex 106.0751897451522 -9.48450705596278 385.77987815417328
    endloop
  endfacet
  facet normal 0.52303038940041868 0.0055245555078639423 0.85229612873113936
    outer loop
      vertex 104.18803618843839 -8.8945988673890746 386.93414795070362
      vertex 104.18099836715328 -11.041975292374639 386.9523860889978
      vertex 106.0751897451522 -9.48450705596278 385.77987815417328
    endloop
  endfacet
  facet normal 0.53377603610024338 -0.0013001547322737503 0.84562488899203037
    outer loop
      vertex 109.47102811935477 -167.16693556981906 383.33809935665749
      vertex 104.31821404675257 -163.1759991603773 386.59679897769013
      vertex 104.32375818785046 -170.24443133119436 386.58243163189223
    endloop
  endfacet
  facet normal 0.51630470518809912 -0.023405136141336255 0.85608507229295583
    outer loop
      vertex 106.0751897451522 -9.48450705596278 385.77987815417328
      vertex 104.16272166165143 -7.0535398253887323 386.99974919598822
      vertex 104.18803618843839 -8.8945988673890746 386.93414795070362
    endloop
  endfacet
  facet normal 0.51630470518809357 -0.023405136141342275 0.85608507229295916
    outer loop
      vertex 104.14732436412835 -5.9337348191234822 387.03965047085831
      vertex 104.16272166165143 -7.0535398253887323 386.99974919598822
      vertex 106.0751897451522 -9.48450705596278 385.77987815417328
    endloop
  endfacet
  facet normal 0.51630470518804594 -0.023405136141378007 0.8560850722929868
    outer loop
      vertex 104.11665200563044 -3.7030147496809107 387.1191362511068
      vertex 104.14732436412835 -5.9337348191234822 387.03965047085831
      vertex 106.0751897451522 -9.48450705596278 385.77987815417328
    endloop
  endfacet
  facet normal 0.52493957848434225 -0.0054641854305086468 0.85112195460948037
    outer loop
      vertex 104.21471324622999 -218.81678069986131 386.86501577903033
      vertex 104.22634134776308 -222.39340195089329 386.83488217442903
      vertex 106.85120043855346 -221.47155386021558 385.22188738753744
    endloop
  endfacet
  facet normal 0.53160131727243964 0.0012418453981424889 0.84699380003292468
    outer loop
      vertex 104.27285984330381 -67.087264035908817 386.71433197564716
      vertex 104.27209137903684 -68.116551380919176 386.7163234097867
      vertex 108.26182563228073 -64.93998204114277 384.20757683746785
    endloop
  endfacet
  facet normal 0.53160131727244953 0.001241845398205681 0.84699380003291824
    outer loop
      vertex 108.26182563228073 -64.93998204114277 384.20757683746785
      vertex 104.27632773661443 -62.442339278942995 386.7053451151931
      vertex 104.27615774599136 -62.67002611441545 386.70578563682147
    endloop
  endfacet
  facet normal 0.53160131727243198 0.0012418453981624296 0.84699380003292946
    outer loop
      vertex 104.27615774599136 -62.67002611441545 386.70578563682147
      vertex 104.27285984330381 -67.087264035908817 386.71433197564716
      vertex 108.26182563228073 -64.93998204114277 384.20757683746785
    endloop
  endfacet
  facet normal 0.52961485881992854 -0.0031665393226338215 0.84823232333239074
    outer loop
      vertex 108.26182563228073 -64.93998204114277 384.20757683746785
      vertex 104.26814710480299 -58.131746403215367 386.7265447859815
      vertex 104.27632773661443 -62.442339278942995 386.7053451151931
    endloop
  endfacet
  facet normal 0.52961485881991111 -0.003166539322607965 0.84823232333240173
    outer loop
      vertex 104.18056680354344 -11.983352078109762 386.95350446306276
      vertex 106.0751897451522 -9.48450705596278 385.77987815417328
      vertex 104.17959366240834 -11.470578084515179 386.95602630638371
    endloop
  endfacet
  facet normal 0.52961485881994075 -0.0031665393226238715 0.8482323233323833
    outer loop
      vertex 104.26814710480299 -58.131746403215367 386.7265447859815
      vertex 108.26182563228073 -64.93998204114277 384.20757683746785
      vertex 104.24556950066324 -46.23500519803116 386.78505344227898
    endloop
  endfacet
  facet normal 0.52961485881993664 -0.0031665393226250776 0.84823232333238552
    outer loop
      vertex 106.0751897451522 -9.48450705596278 385.77987815417328
      vertex 104.24556950066324 -46.23500519803116 386.78505344227898
      vertex 108.26182563228073 -64.93998204114277 384.20757683746785
    endloop
  endfacet
  facet normal 0.52961485881992676 -0.0031665393226244106 0.84823232333239207
    outer loop
      vertex 104.24556950066324 -46.23500519803116 386.78505344227898
      vertex 106.0751897451522 -9.48450705596278 385.77987815417328
      vertex 104.18056680354344 -11.983352078109762 386.95350446306276
    endloop
  endfacet
  facet normal 0.53360098543550272 -0.0016159249936723767 0.84573481489688918
    outer loop
      vertex 104.27719753355052 -121.08958903349208 386.70309108284914
      vertex 104.30972421144612 -154.46471039586268 386.61879993283537
      vertex 108.36615319699492 -116.2111468624384 384.13256006474666
    endloop
  endfacet
  facet normal 0.53360098543549828 -0.0016159249936670938 0.84573481489689206
    outer loop
      vertex 109.47102811935477 -167.16693556981906 383.33809935665749
      vertex 104.30972421144612 -154.46471039586268 386.61879993283537
      vertex 104.31527199697703 -160.15720736653191 386.60442314268391
    endloop
  endfacet
  facet normal 0.53360098543549173 -0.0016159249936707662 0.84573481489689606
    outer loop
      vertex 108.36615319699492 -116.2111468624384 384.13256006474666
      vertex 104.30972421144612 -154.46471039586268 386.61879993283537
      vertex 109.47102811935477 -167.16693556981906 383.33809935665749
    endloop
  endfacet
  facet normal 0.53360098543548218 -0.0016159249936484746 0.84573481489690205
    outer loop
      vertex 104.27719753355052 -121.08958903349208 386.70309108284914
      vertex 108.36615319699492 -116.2111468624384 384.13256006474666
      vertex 104.27533125238826 -119.17462678352888 386.70792745088892
    endloop
  endfacet
  facet normal 0.53360098543550405 -0.0016159249936610303 0.84573481489688829
    outer loop
      vertex 104.31527199697703 -160.15720736653191 386.60442314268391
      vertex 104.31821404675257 -163.1759991603773 386.59679897769013
      vertex 109.47102811935477 -167.16693556981906 383.33809935665749
    endloop
  endfacet
  facet normal 0.53161782151949077 0.0037340543065871273 0.84697612049059934
    outer loop
      vertex 106.85120043855346 -221.47155386021558 385.22188738753744
      vertex 104.21938777105487 -216.73458734406393 386.85290199739802
      vertex 104.21471324622999 -218.81678069986131 386.86501577903033
    endloop
  endfacet
  facet normal 0.53161782151954995 0.0037340543065990726 0.84697612049056203
    outer loop
      vertex 104.32110662646497 -171.42552752947046 386.58930301172495
      vertex 109.47102811935477 -167.16693556981906 383.33809935665749
      vertex 104.32315133344592 -170.51474505428664 386.58400426269753
    endloop
  endfacet
  facet normal 0.53161782151950865 0.0037340543066686498 0.84697612049058768
    outer loop
      vertex 104.31812941325633 -172.75168019611962 386.59701830087926
      vertex 109.47102811935477 -167.16693556981906 383.33809935665749
      vertex 104.32110662646497 -171.42552752947046 386.58930301172495
    endloop
  endfacet
  facet normal 0.53161782151956694 0.0037340543066459444 0.84697612049055127
    outer loop
      vertex 104.21938777105487 -216.73458734406393 386.85290199739802
      vertex 106.85120043855346 -221.47155386021558 385.22188738753744
      vertex 104.22891225974428 -212.4920540792865 386.82821979322387
    endloop
  endfacet
  facet normal 0.53161782151950743 0.0037340543066218851 0.84697612049058868
    outer loop
      vertex 104.24010321637738 -207.507218952828 386.79921902630315
      vertex 104.22891225974428 -212.4920540792865 386.82821979322387
      vertex 106.85120043855346 -221.47155386021558 385.22188738753744
    endloop
  endfacet
  facet normal 0.53161782151954018 0.0037340543066280351 0.84697612049056814
    outer loop
      vertex 104.31812941325633 -172.75168019611962 386.59701830087926
      vertex 104.24010321637738 -207.507218952828 386.79921902630315
      vertex 109.47102811935477 -167.16693556981906 383.33809935665749
    endloop
  endfacet
  facet normal 0.53161782151953496 0.0037340543066289871 0.84697612049057147
    outer loop
      vertex 106.85120043855346 -221.47155386021558 385.22188738753744
      vertex 109.47102811935477 -167.16693556981906 383.33809935665749
      vertex 104.24010321637738 -207.507218952828 386.79921902630315
    endloop
  endfacet
  facet normal 0.53161782151942705 0.0037340543068618698 0.8469761204906382
    outer loop
      vertex 104.32315133344592 -170.51474505428664 386.58400426269753
      vertex 109.47102811935477 -167.16693556981906 383.33809935665749
      vertex 104.32375818785046 -170.24443133119436 386.58243163189223
    endloop
  endfacet
  facet normal 0.51717217141660599 0.024373054086182361 0.85553427713139851
    outer loop
      vertex 104.22634134776308 -222.39340195089329 386.83488217442903
      vertex 104.21198513847364 -223.39467611873587 386.87208552469826
      vertex 106.85120043855346 -221.47155386021558 385.22188738753744
    endloop
  endfacet
  facet normal 0.51717217141662175 0.024373054086153371 0.85553427713138985
    outer loop
      vertex 104.21198513847364 -223.39467611873587 386.87208552469826
      vertex 104.19059228052507 -224.88672151932889 386.92752397446412
      vertex 106.85120043855346 -221.47155386021558 385.22188738753744
    endloop
  endfacet
  facet normal 0.5171721714166253 0.024373054086149697 0.85553427713138797
    outer loop
      vertex 104.12211390150179 -229.66274773832862 387.10498203942461
      vertex 106.85120043855346 -221.47155386021558 385.22188738753744
      vertex 104.19059228052507 -224.88672151932889 386.92752397446412
    endloop
  endfacet
  facet normal 0.28491086739116767 0 0.95855401394100503
    outer loop
      vertex 68.84239226005657 2.154149502654036 438.55316728291348
      vertex 37.340591430664062 12.072592137275906 447.91644287109375
      vertex 37.340591430664062 -26.874754293412941 447.91644287109375
    endloop
  endfacet
  facet normal 0.24161374213533596 0 0.97037250559326926
    outer loop
      vertex 37.340591430664062 47.597248493846656 447.91644287109375
      vertex 59.471560174239571 45.617184409670017 442.40603718215033
      vertex 37.340591430664062 80 447.91644287109375
    endloop
  endfacet
  facet normal 0.29330066641900859 0.035675897112490994 0.95535435804908753
    outer loop
      vertex 70.691841776571295 80 437.67736888776329
      vertex 37.340591430664062 80 447.91644287109375
      vertex 59.471560174239571 45.617184409670017 442.40603718215033
    endloop
  endfacet
  facet normal 0.27748977833955202 -0.02530811769526627 0.96039519058343314
    outer loop
      vertex 59.471560174239571 45.617184409670017 442.40603718215033
      vertex 37.340591430664062 12.072592137275906 447.91644287109375
      vertex 68.84239226005657 2.154149502654036 438.55316728291348
    endloop
  endfacet
  facet normal 0.29325196876052306 -0.036903026038312567 0.955322693903632
    outer loop
      vertex 70.685401832228933 -312 437.68070644338604
      vertex 60.100725770287035 -279.71677912315204 442.17691035635312
      vertex 37.340591430664062 -312 447.91644287109375
    endloop
  endfacet
  facet normal 0.31992624305261502 0 0.94744245155378115
    outer loop
      vertex 74.734718917400443 -91.633784806404122 435.28943560596383
      vertex 37.340591430664062 -69.574555873608773 447.91644287109375
      vertex 37.340591430664062 -116.13702044557326 447.91644287109375
    endloop
  endfacet
  facet normal 0.31773843799911899 -0.0041248332844391004 0.94816943146689558
    outer loop
      vertex 74.734718917400443 -91.633784806404122 435.28943560596383
      vertex 73.774205550480602 -43.327185613256688 435.82145938605123
      vertex 37.340591430664062 -69.574555873608773 447.91644287109375
    endloop
  endfacet
  facet normal 0.31506575394112246 0 0.94906984500273339
    outer loop
      vertex 73.774205550480602 -43.327185613256688 435.82145938605123
      vertex 37.340591430664062 -26.874754293412941 447.91644287109375
      vertex 37.340591430664062 -69.574555873608773 447.91644287109375
    endloop
  endfacet
  facet normal 0.31876097269814824 0.0041006950170801174 0.94782626392441116
    outer loop
      vertex 73.988886420528473 -188.38131564619928 435.70254867441633
      vertex 74.942448420933502 -140.42400171985952 435.17437522313992
      vertex 37.340591430664062 -162.67922030527413 447.91644287109375
    endloop
  endfacet
  facet normal 0.30515952848054551 -0.024088708527973714 0.95199653166331732
    outer loop
      vertex 68.84239226005657 2.154149502654036 438.55316728291348
      vertex 37.340591430664062 -26.874754293412941 447.91644287109375
      vertex 73.774205550480602 -43.327185613256688 435.82145938605123
    endloop
  endfacet
  facet normal 0.28787514394655173 0 0.9576679494990693
    outer loop
      vertex 69.261551417088114 -234.67300391186373 438.32099702181938
      vertex 37.340591430664062 -205.35672005679621 447.91644287109375
      vertex 37.340591430664062 -244.28372454052285 447.91644287109375
    endloop
  endfacet
  facet normal 0.28087248363208756 0.025007087330680244 0.95941924804622225
    outer loop
      vertex 60.100725770287035 -279.71677912315204 442.17691035635312
      vertex 69.261551417088114 -234.67300391186373 438.32099702181938
      vertex 37.340591430664062 -244.28372454052285 447.91644287109375
    endloop
  endfacet
  facet normal 0.32094158101642234 0 0.94709899248952822
    outer loop
      vertex 74.942448420933502 -140.42400171985952 435.17437522313992
      vertex 37.340591430664062 -116.13702044557326 447.91644287109375
      vertex 37.340591430664062 -162.67922030527413 447.91644287109375
    endloop
  endfacet
  facet normal 0.32043758520807886 -0.00086961736713018676 0.94726923192493162
    outer loop
      vertex 74.942448420933502 -140.42400171985952 435.17437522313992
      vertex 74.734718917400443 -91.633784806404122 435.28943560596383
      vertex 37.340591430664062 -116.13702044557326 447.91644287109375
    endloop
  endfacet
  facet normal 0.31617641375294386 0 0.94870041392756188
    outer loop
      vertex 73.988886420528473 -188.38131564619928 435.70254867441633
      vertex 37.340591430664062 -162.67922030527413 447.91644287109375
      vertex 37.340591430664062 -205.35672005679621 447.91644287109375
    endloop
  endfacet
  facet normal 0.30669968230317812 0.022502678344571671 0.95154029570084442
    outer loop
      vertex 73.988886420528473 -188.38131564619928 435.70254867441633
      vertex 37.340591430664062 -205.35672005679621 447.91644287109375
      vertex 69.261551417088114 -234.67300391186373 438.32099702181938
    endloop
  endfacet
  facet normal 0.24161374213533598 0 0.97037250559326926
    outer loop
      vertex 59.471560174239571 45.617184409670017 442.40603718215033
      vertex 37.340591430664062 47.597248493846656 447.91644287109375
      vertex 37.340591430664062 12.072592137275906 447.91644287109375
    endloop
  endfacet
  facet normal 0.24451986145147694 0 0.969644283928777
    outer loop
      vertex 60.100725770287035 -279.71677912315204 442.17691035635312
      vertex 37.340591430664062 -244.28372454052285 447.91644287109375
      vertex 37.340591430664062 -279.7463387679997 447.91644287109375
    endloop
  endfacet
  facet normal 0.24451986145147694 0 0.969644283928777
    outer loop
      vertex 37.340591430664062 -279.7463387679997 447.91644287109375
      vertex 37.340591430664062 -312 447.91644287109375
      vertex 60.100725770287035 -279.71677912315204 442.17691035635312
    endloop
  endfacet
  facet normal -0.12264712136690026 -0 0.99245034315093694
    outer loop
      vertex 0.26180106316285379 -177.7289038496987 443.33424192398888
      vertex 37.340591430664062 -205.35672005679621 447.91644287109375
      vertex 37.340591430664062 -162.67922030527413 447.91644287109375
    endloop
  endfacet
  facet normal -0.12946087975170847 -0 0.99158453024132731
    outer loop
      vertex -1.2175112727958055 -100.23628195017579 442.88231240081325
      vertex 37.340591430664062 -116.13702044557326 447.91644287109375
      vertex 37.340591430664062 -69.574555873608773 447.91644287109375
    endloop
  endfacet
  facet normal -0.50625150247855288 -0.011455005688110928 0.86230980458469397
    outer loop
      vertex -45.613712420258068 49.377118927175729 420.02585667603637
      vertex -18.343749220176523 44.031684940947457 435.96470811061789
      vertex -33.884619824083813 80 427.31866025192471
    endloop
  endfacet
  facet normal -0.57260954424570898 0 0.81982821971357001
    outer loop
      vertex -40.005055243967789 10.588884995389837 423.34998223968574
      vertex -70 33.751306948039364 402.39999389648438
      vertex -70 -16.121579253501057 402.39999389648438
    endloop
  endfacet
  facet normal -0.45929476253738383 -0.037277450123571781 0.88750138750202101
    outer loop
      vertex -40.005055243967789 10.588884995389837 423.34998223968574
      vertex -1.702554375625752 0.16225029334603391 442.73413186256369
      vertex -18.343749220176523 44.031684940947457 435.96470811061789
    endloop
  endfacet
  facet normal -0.44356155691946336 -0.00058326393445599814 0.896243719657976
    outer loop
      vertex -1.2175112727958055 -100.23628195017579 442.88231240081325
      vertex -1.3799204799982192 -52.966978602474825 442.83269643142921
      vertex -36.475159446411595 -86.122935927530847 425.44207246536001
    endloop
  endfacet
  facet normal -0.42327365249717142 0.034739851012756104 0.90533560509532351
    outer loop
      vertex -18.343749220176523 44.031684940947457 435.96470811061789
      vertex 1.948336403116615 80 444.07172527742034
      vertex -33.884619824083813 80 427.31866025192471
    endloop
  endfacet
  facet normal -0.10752535204726124 -0.09333627006885778 0.98981141605699086
    outer loop
      vertex 19.969912097480215 -295.43942647835979 447.59104124138457
      vertex 1.9482155432262105 -312 444.07169263347208
      vertex 37.340591430664062 -312 447.91644287109375
    endloop
  endfacet
  facet normal -0.5803954713572218 0 0.81433475722704396
    outer loop
      vertex -43.571292803550989 -279.88227371231983 421.23635306513563
      vertex -70 -265.75130694803931 402.39999389648438
      vertex -70 -312 402.39999389648438
    endloop
  endfacet
  facet normal -0.567843334020116 -0.015406333532156287 0.82299246223523503
    outer loop
      vertex -43.571292803550989 -279.88227371231983 421.23635306513563
      vertex -70 -312 402.39999389648438
      vertex -33.884678651583641 -312 427.31862368319423
    endloop
  endfacet
  facet normal -0.56148236426813714 0.0072334052240257633 0.82745708798990192
    outer loop
      vertex -30.402711637183465 -140.11825789208706 429.04107635561616
      vertex -70 -166.22305503551209 402.39999389648438
      vertex -35.807818375775561 -193.22258256099951 425.83759058009736
    endloop
  endfacet
  facet normal -0.076471742503713122 -0 0.99707174897218209
    outer loop
      vertex 7.8595632722943334 -139.32083746746474 445.65535624779352
      vertex 37.340591430664062 -162.67922030527413 447.91644287109375
      vertex 37.340591430664062 -116.13702044557326 447.91644287109375
    endloop
  endfacet
  facet normal -0.56642450228623431 0 0.82411363488889788
    outer loop
      vertex -36.475159446411595 -86.122935927530847 425.44207246536001
      vertex -70 -65.77694455969808 402.39999389648438
      vertex -70 -115.99999977740494 402.39999389648438
    endloop
  endfacet
  facet normal -0.11122318888022563 0.044607890542675437 0.99279380455190513
    outer loop
      vertex -1.2175112727958055 -100.23628195017579 442.88231240081325
      vertex 7.8595632722943334 -139.32083746746474 445.65535624779352
      vertex 37.340591430664062 -116.13702044557326 447.91644287109375
    endloop
  endfacet
  facet normal -0.55821862023931557 0 0.82969390260391507
    outer loop
      vertex -30.402711637183465 -140.11825789208706 429.04107635561616
      vertex -70 -115.99999977740494 402.39999389648438
      vertex -70 -166.22305503551209 402.39999389648438
    endloop
  endfacet
  facet normal -0.56777944147366632 0.021496658842081646 0.82289999361919941
    outer loop
      vertex -45.613712420258068 49.377118927175729 420.02585667603637
      vertex -33.884619824083813 80 427.31866025192471
      vertex -70 80 402.39999389648438
    endloop
  endfacet
  facet normal -0.10792091637780205 0.037345955323176826 0.99345777737615737
    outer loop
      vertex 1.948336403116615 80 444.07172527742034
      vertex 13.230563268360441 46.823970316160967 446.54448138280867
      vertex 37.340591430664062 80 447.91644287109375
    endloop
  endfacet
  facet normal -0.13157890679585565 0 0.99130570021886155
    outer loop
      vertex -1.702554375625752 0.16225029334603391 442.73413186256369
      vertex 37.340591430664062 -26.874754293412941 447.91644287109375
      vertex 37.340591430664062 12.072592137275906 447.91644287109375
    endloop
  endfacet
  facet normal -0.3195967091356583 0.024930811007787386 0.9472256321342617
    outer loop
      vertex 13.230563268360441 46.823970316160967 446.54448138280867
      vertex -18.343749220176523 44.031684940947457 435.96470811061789
      vertex -1.702554375625752 0.16225029334603391 442.73413186256369
    endloop
  endfacet
  facet normal -0.10699836366980282 -0.038874034948401401 0.99349894795053262
    outer loop
      vertex 0.26180106316285379 -177.7289038496987 443.33424192398888
      vertex 37.340591430664062 -162.67922030527413 447.91644287109375
      vertex 7.8595632722943334 -139.32083746746474 445.65535624779352
    endloop
  endfacet
  facet normal -0.46038858156858259 -0.0090310595345152404 0.88767155746083959
    outer loop
      vertex -43.571292803550989 -279.88227371231983 421.23635306513563
      vertex -3.0422086829246755 -273.17794462518697 442.32486782980931
      vertex -38.19565603589551 -240.76646699423816 424.42237264853901
    endloop
  endfacet
  facet normal -0.5671733187647866 0.0039702275861177973 0.82358889245439215
    outer loop
      vertex -38.19565603589551 -240.76646699423816 424.42237264853901
      vertex -35.807818375775561 -193.22258256099951 425.83759058009736
      vertex -70 -215.87842060028191 402.39999389648438
    endloop
  endfacet
  facet normal -0.56538935960445713 0 0.82482414613423027
    outer loop
      vertex -35.807818375775561 -193.22258256099951 425.83759058009736
      vertex -70 -166.22305503551209 402.39999389648438
      vertex -70 -215.87842060028191 402.39999389648438
    endloop
  endfacet
  facet normal -0.13109239798660499 -0 0.99137015447819565
    outer loop
      vertex -1.5900274328531907 -223.03658263705435 442.76850881349924
      vertex 37.340591430664062 -244.28372454052285 447.91644287109375
      vertex 37.340591430664062 -205.35672005679621 447.91644287109375
    endloop
  endfacet
  facet normal -0.1185334963554121 -0.043072795831879916 0.99201539529434057
    outer loop
      vertex 13.230563268360441 46.823970316160967 446.54448138280867
      vertex -1.702554375625752 0.16225029334603391 442.73413186256369
      vertex 37.340591430664062 12.072592137275906 447.91644287109375
    endloop
  endfacet
  facet normal -0.31461739953949297 -0.036294738310577335 0.94852442450259211
    outer loop
      vertex -18.343749220176523 44.031684940947457 435.96470811061789
      vertex 13.230563268360441 46.823970316160967 446.54448138280867
      vertex 1.948336403116615 80 444.07172527742034
    endloop
  endfacet
  facet normal -0.45011305592429213 0.0065763807968165578 0.89294736020781795
    outer loop
      vertex -36.026847870105193 -37.27076185916269 425.70777670158611
      vertex -1.702554375625752 0.16225029334603391 442.73413186256369
      vertex -40.005055243967789 10.588884995389837 423.34998223968574
    endloop
  endfacet
  facet normal -0.58578633858102713 0 0.81046552396251526
    outer loop
      vertex -45.613712420258068 49.377118927175729 420.02585667603637
      vertex -70 80 402.39999389648438
      vertex -70 33.751306948039364 402.39999389648438
    endloop
  endfacet
  facet normal -0.45003981920181785 0.0051329033972259972 0.89299373706398977
    outer loop
      vertex -3.0422086829246755 -273.17794462518697 442.32486782980931
      vertex -1.5900274328531907 -223.03658263705435 442.76850881349924
      vertex -38.19565603589551 -240.76646699423816 424.42237264853901
    endloop
  endfacet
  facet normal -0.56155212226451312 -0.0080038523206449642 0.82740265429127713
    outer loop
      vertex -30.402711637183465 -140.11825789208706 429.04107635561616
      vertex -36.475159446411595 -86.122935927530847 425.44207246536001
      vertex -70 -115.99999977740494 402.39999389648438
    endloop
  endfacet
  facet normal -0.13017617734411943 -0 0.99149087885470355
    outer loop
      vertex -1.3799204799982192 -52.966978602474825 442.83269643142921
      vertex 37.340591430664062 -69.574555873608773 447.91644287109375
      vertex 37.340591430664062 -26.874754293412941 447.91644287109375
    endloop
  endfacet
  facet normal -0.56855916851737709 -0.0067340579461752205 0.8226148092262906
    outer loop
      vertex -36.026847870105193 -37.27076185916269 425.70777670158611
      vertex -40.005055243967789 10.588884995389837 423.34998223968574
      vertex -70 -16.121579253501057 402.39999389648438
    endloop
  endfacet
  facet normal -0.12789427595276112 -0.0071562776690581318 0.99176198851762931
    outer loop
      vertex -1.5900274328531907 -223.03658263705435 442.76850881349924
      vertex 37.340591430664062 -205.35672005679621 447.91644287109375
      vertex 0.26180106316285379 -177.7289038496987 443.33424192398888
    endloop
  endfacet
  facet normal -0.46496685290119433 0.027345685424679626 0.88490566683224126
    outer loop
      vertex -43.571292803550989 -279.88227371231983 421.23635306513563
      vertex -33.884678651583641 -312 427.31862368319423
      vertex -3.0422086829246755 -273.17794462518697 442.32486782980931
    endloop
  endfacet
  facet normal -0.43876525411608003 0.0067132867860157739 0.89857664312009589
    outer loop
      vertex -1.5900274328531907 -223.03658263705435 442.76850881349924
      vertex 0.26180106316285379 -177.7289038496987 443.33424192398888
      vertex -35.807818375775561 -193.22258256099951 425.83759058009736
    endloop
  endfacet
  facet normal -0.44642367121271337 -0.0042143472888798491 0.89481179309276648
    outer loop
      vertex -38.19565603589551 -240.76646699423816 424.42237264853901
      vertex -1.5900274328531907 -223.03658263705435 442.76850881349924
      vertex -35.807818375775561 -193.22258256099951 425.83759058009736
    endloop
  endfacet
  facet normal -0.56572491581654927 0 0.82459403322141389
    outer loop
      vertex -36.026847870105193 -37.27076185916269 425.70777670158611
      vertex -70 -16.121579253501057 402.39999389648438
      vertex -70 -65.77694455969808 402.39999389648438
    endloop
  endfacet
  facet normal -0.56613088248072618 0.00071192379316736679 0.82431505934691396
    outer loop
      vertex -36.026847870105193 -37.27076185916269 425.70777670158611
      vertex -70 -65.77694455969808 402.39999389648438
      vertex -36.475159446411595 -86.122935927530847 425.44207246536001
    endloop
  endfacet
  facet normal -0.018729523688787768 -0 0.99982458708635036
    outer loop
      vertex 19.969912097480215 -295.43942647835979 447.59104124138457
      vertex 37.340591430664062 -312 447.91644287109375
      vertex 37.340591430664062 -279.7463387679997 447.91644287109375
    endloop
  endfacet
  facet normal -0.20701545676294486 0.017402972399800841 0.97818287513781454
    outer loop
      vertex 19.969912097480215 -295.43942647835979 447.59104124138457
      vertex -3.0422086829246755 -273.17794462518697 442.32486782980931
      vertex 1.9482155432262105 -312 444.07169263347208
    endloop
  endfacet
  facet normal -0.39859431547987034 0.023442026380062445 0.91682770631473065
    outer loop
      vertex -30.402711637183465 -140.11825789208706 429.04107635561616
      vertex 0.26180106316285379 -177.7289038496987 443.33424192398888
      vertex 7.8595632722943334 -139.32083746746474 445.65535624779352
    endloop
  endfacet
  facet normal -0.43282572851521689 -0.010323304076651347 0.9014185033203016
    outer loop
      vertex -30.402711637183465 -140.11825789208706 429.04107635561616
      vertex -35.807818375775561 -193.22258256099951 425.83759058009736
      vertex 0.26180106316285379 -177.7289038496987 443.33424192398888
    endloop
  endfacet
  facet normal -0.13086800595511933 0.0010445170442637591 0.99139925055523204
    outer loop
      vertex -1.3799204799982192 -52.966978602474825 442.83269643142921
      vertex 37.340591430664062 -26.874754293412941 447.91644287109375
      vertex -1.702554375625752 0.16225029334603391 442.73413186256369
    endloop
  endfacet
  facet normal -0.44347392486021098 -0.0010302729914128746 0.89628668209822415
    outer loop
      vertex -1.3799204799982192 -52.966978602474825 442.83269643142921
      vertex -1.702554375625752 0.16225029334603391 442.73413186256369
      vertex -36.026847870105193 -37.27076185916269 425.70777670158611
    endloop
  endfacet
  facet normal -0.12992554987626601 0.00059434550039529619 0.9915235742244235
    outer loop
      vertex -1.2175112727958055 -100.23628195017579 442.88231240081325
      vertex 37.340591430664062 -69.574555873608773 447.91644287109375
      vertex -1.3799204799982192 -52.966978602474825 442.83269643142921
    endloop
  endfacet
  facet normal -0.44339241468463336 -0.00080610520342926041 0.89632723756144517
    outer loop
      vertex -1.3799204799982192 -52.966978602474825 442.83269643142921
      vertex -36.026847870105193 -37.27076185916269 425.70777670158611
      vertex -36.475159446411595 -86.122935927530847 425.44207246536001
    endloop
  endfacet
  facet normal -0.56927964425977273 0 0.82214395736480761
    outer loop
      vertex -38.19565603589551 -240.76646699423816 424.42237264853901
      vertex -70 -215.87842060028191 402.39999389648438
      vertex -70 -265.75130694803931 402.39999389648438
    endloop
  endfacet
  facet normal -0.57588663494020575 0.012562689114990398 0.8174330324494149
    outer loop
      vertex -38.19565603589551 -240.76646699423816 424.42237264853901
      vertex -70 -265.75130694803931 402.39999389648438
      vertex -43.571292803550989 -279.88227371231983 421.23635306513563
    endloop
  endfacet
  facet normal -0.44001354639733248 0.010365693720073614 0.89793130660454412
    outer loop
      vertex -1.2175112727958055 -100.23628195017579 442.88231240081325
      vertex -36.475159446411595 -86.122935927530847 425.44207246536001
      vertex -30.402711637183465 -140.11825789208706 429.04107635561616
    endloop
  endfacet
  facet normal -0.39766598360173966 -0.027284879756853755 0.91712447400705377
    outer loop
      vertex -1.2175112727958055 -100.23628195017579 442.88231240081325
      vertex -30.402711637183465 -140.11825789208706 429.04107635561616
      vertex 7.8595632722943334 -139.32083746746474 445.65535624779352
    endloop
  endfacet
  facet normal -0.13715571578060423 0 0.99054949882815568
    outer loop
      vertex -3.0422086829246755 -273.17794462518697 442.32486782980931
      vertex 37.340591430664062 -279.7463387679997 447.91644287109375
      vertex 37.340591430664062 -244.28372454052285 447.91644287109375
    endloop
  endfacet
  facet normal -0.13371631077667775 -0.0048955839876319582 0.99100755874498503
    outer loop
      vertex -3.0422086829246755 -273.17794462518697 442.32486782980931
      vertex 37.340591430664062 -244.28372454052285 447.91644287109375
      vertex -1.5900274328531907 -223.03658263705435 442.76850881349924
    endloop
  endfacet
  facet normal -0.57981006677095825 -0.014025396137667607 0.81463094388455337
    outer loop
      vertex -45.613712420258068 49.377118927175729 420.02585667603637
      vertex -70 33.751306948039364 402.39999389648438
      vertex -40.005055243967789 10.588884995389837 423.34998223968574
    endloop
  endfacet
  facet normal -0.5044577976791581 0.0010528415029881868 0.86343570802084812
    outer loop
      vertex -45.613712420258068 49.377118927175729 420.02585667603637
      vertex -40.005055243967789 10.588884995389837 423.34998223968574
      vertex -18.343749220176523 44.031684940947457 435.96470811061789
    endloop
  endfacet
  facet normal -0.423490344189764 -0.013681070453665241 0.90579730441709583
    outer loop
      vertex -33.884678651583641 -312 427.31862368319423
      vertex 1.9482155432262105 -312 444.07169263347208
      vertex -3.0422086829246755 -273.17794462518697 442.32486782980931
    endloop
  endfacet
  facet normal -0.11860260331439755 0.11082086733660031 0.98673814046575259
    outer loop
      vertex 19.969912097480215 -295.43942647835979 447.59104124138457
      vertex 37.340591430664062 -279.7463387679997 447.91644287109375
      vertex -3.0422086829246755 -273.17794462518697 442.32486782980931
    endloop
  endfacet
  facet normal -0.056812277208963785 0 0.99838487827006483
    outer loop
      vertex 13.230563268360441 46.823970316160967 446.54448138280867
      vertex 37.340591430664062 12.072592137275906 447.91644287109375
      vertex 37.340591430664062 47.597248493846656 447.91644287109375
    endloop
  endfacet
  facet normal -0.056812277208963778 -6.9276867455813124e-18 0.99838487827006472
    outer loop
      vertex 37.340591430664062 47.597248493846656 447.91644287109375
      vertex 37.340591430664062 80 447.91644287109375
      vertex 13.230563268360441 46.823970316160967 446.54448138280867
    endloop
  endfacet
  facet normal 0.53262257152065395 0.00027177048834289803 0.84635283567051856
    outer loop
      vertex 74.942448420933502 -140.42400171985952 435.17437522313992
      vertex 88.9840270936552 -130.25197834155423 426.33453221521961
      vertex 88.984371654198071 -128.14647590498151 426.33363928485306
    endloop
  endfacet
  facet normal 0.53262257152066406 0.00027177048832670601 0.84635283567051212
    outer loop
      vertex 74.942448420933502 -140.42400171985952 435.17437522313992
      vertex 88.984371654198071 -128.14647590498151 426.33363928485306
      vertex 74.734718917400443 -91.633784806404122 435.28943560596383
    endloop
  endfacet
  facet normal 0.53262257152066095 0.00027177048832504333 0.846352835670514
    outer loop
      vertex 88.988642281400004 -102.05034427643953 426.32257204376447
      vertex 74.734718917400443 -91.633784806404122 435.28943560596383
      vertex 88.984371654198071 -128.14647590498151 426.33363928485306
    endloop
  endfacet
  facet normal 0.51606223953637542 -0.016961569988188659 0.85638313275556566
    outer loop
      vertex 70.685401832228933 -312 437.68070644338604
      vertex 88.641752367304747 -293.75183631783136 427.22151286170094
      vertex 88.462389352244827 -275.7409627618315 427.68632254370567
    endloop
  endfacet
  facet normal 0.51606223953648467 -0.01696156998826082 0.85638313275549827
    outer loop
      vertex 88.462389352244827 -275.7409627618315 427.68632254370567
      vertex 88.456466140315911 -275.14617042059263 427.70167239990309
      vertex 70.685401832228933 -312 437.68070644338604
    endloop
  endfacet
  facet normal 0.51606223953637487 -0.016961569988190876 0.85638313275556566
    outer loop
      vertex 88.82347909869884 -312 426.75057900743388
      vertex 88.770729524060982 -306.70317559573516 426.88727544270068
      vertex 70.685401832228933 -312 437.68070644338604
    endloop
  endfacet
  facet normal 0.51606223953637409 -0.016961569988187035 0.85638313275556621
    outer loop
      vertex 88.641752367304747 -293.75183631783136 427.22151286170094
      vertex 70.685401832228933 -312 437.68070644338604
      vertex 88.770729524060982 -306.70317559573516 426.88727544270068
    endloop
  endfacet
  facet normal 0.45705219690888238 0.01971572590361266 0.88922133321960839
    outer loop
      vertex 88.462676343017151 37.465643826607874 427.68558535880226
      vertex 88.48535510500497 39.590613608727253 427.62681405202511
      vertex 59.471560174239571 45.617184409670017 442.40603718215033
    endloop
  endfacet
  facet normal 0.4570521969088821 0.019715725903611144 0.88922133321960861
    outer loop
      vertex 68.84239226005657 2.154149502654036 438.55316728291348
      vertex 88.462676343017151 37.465643826607874 427.68558535880226
      vertex 59.471560174239571 45.617184409670017 442.40603718215033
    endloop
  endfacet
  facet normal 0.45149489716715796 0.023805269299462369 0.89195609027888667
    outer loop
      vertex 70.685401832228933 -312 437.68070644338604
      vertex 88.456466140315911 -275.14617042059263 427.70167239990309
      vertex 60.100725770287035 -279.71677912315204 442.17691035635312
    endloop
  endfacet
  facet normal 0.4514948971671548 0.023805269299485107 0.89195609027888778
    outer loop
      vertex 88.494897311283879 -272.14347878573864 427.60208077028886
      vertex 60.100725770287035 -279.71677912315204 442.17691035635312
      vertex 88.456466140315911 -275.14617042059263 427.70167239990309
    endloop
  endfacet
  facet normal 0.46030445941940362 -0.017634275846649089 0.88758596031819637
    outer loop
      vertex 88.462674027166031 -268.78149681003225 427.68558664154114
      vertex 69.261551417088114 -234.67300391186373 438.32099702181938
      vertex 60.100725770287035 -279.71677912315204 442.17691035635312
    endloop
  endfacet
  facet normal 0.4603044594194039 -0.017634275846649731 0.88758596031819625
    outer loop
      vertex 60.100725770287035 -279.71677912315204 442.17691035635312
      vertex 88.494897311283879 -272.14347878573864 427.60208077028886
      vertex 88.462674027166031 -268.78149681003225 427.68558664154114
    endloop
  endfacet
  facet normal 0.5161009334083847 0.01622501215113932 0.85637408620046962
    outer loop
      vertex 70.691841776571295 80 437.67736888776329
      vertex 88.458551303432571 41.672472326296642 427.6962742868007
      vertex 88.687106714986754 65.664334429778265 427.10397948997127
    endloop
  endfacet
  facet normal 0.51610093340838703 0.016225012151143272 0.85637408620046807
    outer loop
      vertex 88.687106714986754 65.664334429778265 427.10397948997127
      vertex 88.823675298802868 80 426.75006929285399
      vertex 70.691841776571295 80 437.67736888776329
    endloop
  endfacet
  facet normal 0.53239903547425338 -0.00015520060027181316 0.84649349846224942
    outer loop
      vertex 74.734718917400443 -91.633784806404122 435.28943560596383
      vertex 88.988642281400004 -102.05034427643953 426.32257204376447
      vertex 88.987160474071203 -86.189725544557405 426.32641199096594
    endloop
  endfacet
  facet normal 0.53239903547425205 -0.00015520060026701969 0.84649349846225019
    outer loop
      vertex 74.734718917400443 -91.633784806404122 435.28943560596383
      vertex 88.987160474071203 -86.189725544557405 426.32641199096594
      vertex 88.986609015074848 -80.286633782165779 426.3278411332156
    endloop
  endfacet
  facet normal 0.52303038940041535 0.0055245555078848423 0.85229612873114124
    outer loop
      vertex 73.774205550480602 -43.327185613256688 435.82145938605123
      vertex 88.958765782609106 -27.417881182385383 426.39999422175566
      vertex 88.971449677173467 -23.547780803868644 426.36712460551439
    endloop
  endfacet
  facet normal 0.52303038940041369 0.005524555507886446 0.85229612873114213
    outer loop
      vertex 88.971449677173467 -23.547780803868644 426.36712460551439
      vertex 68.84239226005657 2.154149502654036 438.55316728291348
      vertex 73.774205550480602 -43.327185613256688 435.82145938605123
    endloop
  endfacet
  facet normal 0.52303038940041446 0.0055245555078872006 0.85229612873114191
    outer loop
      vertex 89.034998366157424 -4.1578878237492169 426.20244189621383
      vertex 68.84239226005657 2.154149502654036 438.55316728291348
      vertex 88.971449677173467 -23.547780803868644 426.36712460551439
    endloop
  endfacet
  facet normal 0.53377603610024493 -0.0013001547322610634 0.84562488899202926
    outer loop
      vertex 74.942448420933502 -140.42400171985952 435.17437522313992
      vertex 73.988886420528473 -188.38131564619928 435.70254867441633
      vertex 89.00455483213473 -151.31532666952262 426.28133538365665
    endloop
  endfacet
  facet normal 0.53377603610024627 -0.0013001547322617412 0.8456248889920287
    outer loop
      vertex 89.026575190541919 -179.39044785289659 426.22426996148465
      vertex 89.00455483213473 -151.31532666952262 426.28133538365665
      vertex 73.988886420528473 -188.38131564619928 435.70254867441633
    endloop
  endfacet
  facet normal 0.51630470518808436 -0.023405136141358598 0.85608507229296416
    outer loop
      vertex 88.667388622505854 22.577449934979278 427.15508420565646
      vertex 68.84239226005657 2.154149502654036 438.55316728291348
      vertex 89.034998366157424 -4.1578878237492169 426.20244189621383
    endloop
  endfacet
  facet normal 0.51630470518808258 -0.023405136141357603 0.85608507229296527
    outer loop
      vertex 68.84239226005657 2.154149502654036 438.55316728291348
      vertex 88.519954335154935 33.299993907448943 427.53715326433849
      vertex 88.462676343017151 37.465643826607874 427.68558535880226
    endloop
  endfacet
  facet normal 0.51630470518808536 -0.023405136141359889 0.85608507229296371
    outer loop
      vertex 88.519954335154935 33.299993907448943 427.53715326433849
      vertex 68.84239226005657 2.154149502654036 438.55316728291348
      vertex 88.667388622505854 22.577449934979278 427.15508420565646
    endloop
  endfacet
  facet normal 0.52493957848435768 -0.0054641854305047957 0.8511219546094706
    outer loop
      vertex 73.988886420528473 -188.38131564619928 435.70254867441633
      vertex 69.261551417088114 -234.67300391186373 438.32099702181938
      vertex 88.972519362380297 -203.46887104735896 426.36435322778163
    endloop
  endfacet
  facet normal 0.52493957848436179 -0.0054641854305082487 0.85112195460946827
    outer loop
      vertex 89.05137266077223 -227.72283695152964 426.16000955716703
      vertex 88.972519362380297 -203.46887104735896 426.36435322778163
      vertex 69.261551417088114 -234.67300391186373 438.32099702181938
    endloop
  endfacet
  facet normal 0.53160131727242999 0.0012418453981459666 0.84699380003293079
    outer loop
      vertex 74.734718917400443 -91.633784806404122 435.28943560596383
      vertex 88.986609015074848 -80.286633782165779 426.3278411332156
      vertex 88.99032164662664 -75.313937524744503 426.31822009491896
    endloop
  endfacet
  facet normal 0.53160131727242743 0.0012418453981492394 0.84699380003293256
    outer loop
      vertex 74.734718917400443 -91.633784806404122 435.28943560596383
      vertex 88.99032164662664 -75.313937524744503 426.31822009491896
      vertex 73.774205550480602 -43.327185613256688 435.82145938605123
    endloop
  endfacet
  facet normal 0.53160131727242865 0.0012418453981501243 0.84699380003293157
    outer loop
      vertex 89.007075380549253 -52.87336229546564 426.27480297415445
      vertex 73.774205550480602 -43.327185613256688 435.82145938605123
      vertex 88.99032164662664 -75.313937524744503 426.31822009491896
    endloop
  endfacet
  facet normal 0.52961485881993664 -0.0031665393226246491 0.84823232333238552
    outer loop
      vertex 88.967552797728032 -32.048011639344182 426.37722307356756
      vertex 73.774205550480602 -43.327185613256688 435.82145938605123
      vertex 89.007075380549253 -52.87336229546564 426.27480297415445
    endloop
  endfacet
  facet normal 0.52961485881994086 -0.0031665393226323808 0.84823232333238319
    outer loop
      vertex 73.774205550480602 -43.327185613256688 435.82145938605123
      vertex 88.967552797728032 -32.048011639344182 426.37722307356756
      vertex 88.958765782609106 -27.417881182385383 426.39999422175566
    endloop
  endfacet
  facet normal 0.53360098543549295 -0.0016159249936710885 0.84573481489689517
    outer loop
      vertex 89.00455483213473 -151.31532666952262 426.28133538365665
      vertex 88.992869483219408 -139.32498130823822 426.31161770383233
      vertex 74.942448420933502 -140.42400171985952 435.17437522313992
    endloop
  endfacet
  facet normal 0.53360098543549295 -0.0016159249936705496 0.84573481489689517
    outer loop
      vertex 88.9840270936552 -130.25197834155423 426.33453221521961
      vertex 74.942448420933502 -140.42400171985952 435.17437522313992
      vertex 88.992869483219408 -139.32498130823822 426.31161770383233
    endloop
  endfacet
  facet normal 0.53161782151953196 0.0037340543066265537 0.84697612049057336
    outer loop
      vertex 89.004218287165799 -189.3489951730005 426.28220675992566
      vertex 73.988886420528473 -188.38131564619928 435.70254867441633
      vertex 88.972519362380297 -203.46887104735896 426.36435322778163
    endloop
  endfacet
  facet normal 0.53161782151955139 0.0037340543065917057 0.84697612049056137
    outer loop
      vertex 73.988886420528473 -188.38131564619928 435.70254867441633
      vertex 89.024164810699318 -180.46410754170859 426.23051630578857
      vertex 89.026575190541919 -179.39044785289659 426.22426996148465
    endloop
  endfacet
  facet normal 0.53161782151953252 0.0037340543066411934 0.84697612049057291
    outer loop
      vertex 73.988886420528473 -188.38131564619928 435.70254867441633
      vertex 89.004218287165799 -189.3489951730005 426.28220675992566
      vertex 89.024164810699318 -180.46410754170859 426.23051630578857
    endloop
  endfacet
  facet normal 0.51717217141663041 0.024373054086164379 0.85553427713138408
    outer loop
      vertex 69.261551417088114 -234.67300391186373 438.32099702181938
      vertex 88.954019775878166 -234.51272806684781 426.41229469878738
      vertex 89.05137266077223 -227.72283695152964 426.16000955716703
    endloop
  endfacet
  facet normal 0.51717217141663308 0.024373054086147813 0.85553427713138319
    outer loop
      vertex 88.462674027166031 -268.78149681003225 427.68558664154114
      vertex 88.808950055392899 -244.63066123206391 426.78823633341642
      vertex 69.261551417088114 -234.67300391186373 438.32099702181938
    endloop
  endfacet
  facet normal 0.51717217141663108 0.024373054086141859 0.85553427713138475
    outer loop
      vertex 88.954019775878166 -234.51272806684781 426.41229469878738
      vertex 69.261551417088114 -234.67300391186373 438.32099702181938
      vertex 88.808950055392899 -244.63066123206391 426.78823633341642
    endloop
  endfacet
  facet normal 0.44979911127764499 -0.023996959690671137 0.89280731707319982
    outer loop
      vertex 59.471560174239571 45.617184409670017 442.40603718215033
      vertex 88.458551303432571 41.672472326296642 427.6962742868007
      vertex 70.691841776571295 80 437.67736888776329
    endloop
  endfacet
  facet normal 0.44979911127764738 -0.023996959690650497 0.89280731707319905
    outer loop
      vertex 88.48535510500497 39.590613608727253 427.62681405202511
      vertex 88.458551303432571 41.672472326296642 427.6962742868007
      vertex 59.471560174239571 45.617184409670017 442.40603718215033
    endloop
  endfacet
endsolid OBJECT
