solid OBJECT
  facet normal -0.20761038965286868 -0.0051577751381488481 0.97819799808822361
    outer loop
      vertex 451.8843355774257 -267.83962017603585 41.668143313155987
      vertex 400.5663853114541 -267.91665739592622 30.776138818784254
      vertex 425.54178274824608 -312 35.844417464607766
    endloop
  endfacet
  facet normal -0.24695088492525269 -0 0.96902799775581017
    outer loop
      vertex 530.51145942252992 -42.107595713828374 60.552680023221797
      vertex 577 -67 72.400001525879503
      vertex 577 -17.999999999999972 72.400001525879503
    endloop
  endfacet
  facet normal -0.22903319487858059 -0.0027993834152496675 0.97341458746836362
    outer loop
      vertex 496.11134869883813 -275.26171414651913 52.052903268990462
      vertex 451.8843355774257 -267.83962017603585 41.668143313155987
      vertex 476.20927731925843 -312 47.264522654095352
    endloop
  endfacet
  facet normal -0.23700089668538063 -0.0015226385474511885 0.97150823802074837
    outer loop
      vertex 500.42386426645839 39.672236695901745 53.10860979977474
      vertex 526.65888121402315 80 59.571887106471351
      vertex 476.18929405762469 80 47.259755368117581
    endloop
  endfacet
  facet normal -0.24693237712921492 -0.0012537457011799324 0.96903190311105447
    outer loop
      vertex 543.1782036410458 46.813740317326619 63.738466567984233
      vertex 577 80 72.400001525879503
      vertex 526.65888121402315 80 59.571887106471351
    endloop
  endfacet
  facet normal -0.22959705961153551 0.003183669591085023 0.97328056307812494
    outer loop
      vertex 451.70883723515954 35.94228926333642 41.628927096845395
      vertex 500.42386426645839 39.672236695901745 53.10860979977474
      vertex 476.18929405762469 80 47.259755368117581
    endloop
  endfacet
  facet normal -0.24711406041861791 0.00033513557079071414 0.96898634088802971
    outer loop
      vertex 535.15330892829206 5.0721530070789242 61.720141956861596
      vertex 530.51145942252992 -42.107595713828374 60.552680023221797
      vertex 577 -17.999999999999972 72.400001525879503
    endloop
  endfacet
  facet normal -0.21987651565091348 0.0025117901313610851 0.97552447881923976
    outer loop
      vertex 451.8843355774257 -267.83962017603585 41.668143313155987
      vertex 425.54178274824608 -312 35.844417464607766
      vertex 476.20927731925843 -312 47.264522654095352
    endloop
  endfacet
  facet normal -0.24153291369319871 0.0016046516262021833 0.97039130081428093
    outer loop
      vertex 543.1782036410458 46.813740317326619 63.738466567984233
      vertex 526.65888121402315 80 59.571887106471351
      vertex 500.42386426645839 39.672236695901745 53.10860979977474
    endloop
  endfacet
  facet normal -0.24708112297762896 -0 0.96899479806039912
    outer loop
      vertex 532.42407319304652 -142.64138334008604 61.033717542439433
      vertex 577 -165 72.400001525879503
      vertex 577 -115.99999999999997 72.400001525879503
    endloop
  endfacet
  facet normal -0.23700385360983134 0.0017671437988181539 0.97150710268987939
    outer loop
      vertex 496.11134869883813 -275.26171414651913 52.052903268990462
      vertex 476.20927731925843 -312 47.264522654095352
      vertex 526.66884653212935 -312 59.574378466606021
    endloop
  endfacet
  facet normal -0.24765373271672844 -0 0.96884860977939746
    outer loop
      vertex 539.253702493726 -258.91535805153916 62.751423430904069
      vertex 577 -263 72.400001525879503
      vertex 577 -214 72.400001525879503
    endloop
  endfacet
  facet normal -0.24808722052461216 -0 0.96873769979926583
    outer loop
      vertex 543.1782036410458 46.813740317326619 63.738466567984233
      vertex 577 30.999999999999989 72.400001525879503
      vertex 577 80 72.400001525879503
    endloop
  endfacet
  facet normal -0.2385465961361338 0.00012269253238499209 0.97113104492566127
    outer loop
      vertex 484.733057943066 -68.110103604048703 49.311054505242659
      vertex 531.59024466433129 -92.230262093858386 60.82400306004412
      vertex 530.51145942252992 -42.107595713828374 60.552680023221797
    endloop
  endfacet
  facet normal -0.24028817590178705 -0.0011296761251028374 0.97070094074006352
    outer loop
      vertex 496.11134869883813 -275.26171414651913 52.052903268990462
      vertex 526.66884653212935 -312 59.574378466606021
      vertex 539.253702493726 -258.91535805153916 62.751423430904069
    endloop
  endfacet
  facet normal -0.24733166344493177 -0.00028832653436407663 0.96893083608964192
    outer loop
      vertex 534.34910778943481 -197.03299317355419 61.517878997788884
      vertex 539.253702493726 -258.91535805153916 62.751423430904069
      vertex 577 -214 72.400001525879503
    endloop
  endfacet
  facet normal -0.2470501359897323 -5.521702852543656e-05 0.96900269724007193
    outer loop
      vertex 531.59024466433129 -92.230262093858386 60.82400306004412
      vertex 532.42407319304652 -142.64138334008604 61.033717542439433
      vertex 577 -115.99999999999997 72.400001525879503
    endloop
  endfacet
  facet normal -0.20726300729686137 -0.0047709601272457516 0.97827362416949859
    outer loop
      vertex 425.87414083334858 -6.5820493077661411 35.948043287554356
      vertex 451.70883723515954 35.94228926333642 41.628927096845395
      vertex 400.10137849224924 36.086052587103154 30.695757741493665
    endloop
  endfacet
  facet normal -0.23875296056484552 9.0666101407901488e-05 0.97108033426755136
    outer loop
      vertex 485.24649121926308 -117.84920669804382 49.432169471722325
      vertex 532.42407319304652 -142.64138334008604 61.033717542439433
      vertex 531.59024466433129 -92.230262093858386 60.82400306004412
    endloop
  endfacet
  facet normal -0.24693340297367863 0.00054558382892541299 0.9690322991697049
    outer loop
      vertex 539.253702493726 -258.91535805153916 62.751423430904069
      vertex 526.66884653212935 -312 59.574378466606021
      vertex 577 -312 72.400001525879503
    endloop
  endfacet
  facet normal -0.24765373271672844 0 0.96884860977939746
    outer loop
      vertex 539.253702493726 -258.91535805153916 62.751423430904069
      vertex 577 -312 72.400001525879503
      vertex 577 -263 72.400001525879503
    endloop
  endfacet
  facet normal -0.23865415472269766 -9.8869513673068075e-05 0.97110462086142613
    outer loop
      vertex 485.24649121926308 -117.84920669804382 49.432169471722325
      vertex 531.59024466433129 -92.230262093858386 60.82400306004412
      vertex 484.733057943066 -68.110103604048703 49.311054505242659
    endloop
  endfacet
  facet normal -0.23976194318228647 0.00015607650528475889 0.97083169820601689
    outer loop
      vertex 489.37198186591547 -167.55388210716313 50.405341029830858
      vertex 534.34910778943481 -197.03299317355419 61.517878997788884
      vertex 532.42407319304652 -142.64138334008604 61.033717542439433
    endloop
  endfacet
  facet normal -0.21986438459986743 -0.0025113797434125587 0.97552721405212794
    outer loop
      vertex 451.70883723515954 35.94228926333642 41.628927096845395
      vertex 476.18929405762469 80 47.259755368117581
      vertex 425.51163763483839 80 35.838021989632828
    endloop
  endfacet
  facet normal -0.20723538179769652 0.0053593187615051637 0.97827643037823186
    outer loop
      vertex 451.70883723515954 35.94228926333642 41.628927096845395
      vertex 425.51163763483839 80 35.838021989632828
      vertex 400.10137849224924 36.086052587103154 30.695757741493665
    endloop
  endfacet
  facet normal -0.24722398609698548 -0 0.96895835859871593
    outer loop
      vertex 534.34910778943481 -197.03299317355419 61.517878997788884
      vertex 577 -214 72.400001525879503
      vertex 577 -165 72.400001525879503
    endloop
  endfacet
  facet normal -0.24713832885464143 -0.00012147035924946212 0.96898020189056844
    outer loop
      vertex 534.34910778943481 -197.03299317355419 61.517878997788884
      vertex 577 -165 72.400001525879503
      vertex 532.42407319304652 -142.64138334008604 61.033717542439433
    endloop
  endfacet
  facet normal -0.23921618862259728 -0.00084434087575130726 0.97096596345565245
    outer loop
      vertex 489.37198186591547 -167.55388210716313 50.405341029830858
      vertex 532.42407319304652 -142.64138334008604 61.033717542439433
      vertex 485.24649121926308 -117.84920669804382 49.432169471722325
    endloop
  endfacet
  facet normal -0.22838646155093625 0.0012714542264994281 0.97356972404876718
    outer loop
      vertex 488.8513398796336 -223.74716661609833 50.282525584007999
      vertex 451.8843355774257 -267.83962017603585 41.668143313155987
      vertex 496.11134869883813 -275.26171414651913 52.052903268990462
    endloop
  endfacet
  facet normal -0.24119338323086828 -0.00055546371266516111 0.97047691541103198
    outer loop
      vertex 535.15330892829206 5.0721530070789242 61.720141956861596
      vertex 543.1782036410458 46.813740317326619 63.738466567984233
      vertex 500.42386426645839 39.672236695901745 53.10860979977474
    endloop
  endfacet
  facet normal -0.23814337216202586 -0.00060297382987976325 0.97122982384081447
    outer loop
      vertex 535.15330892829206 5.0721530070789242 61.720141956861596
      vertex 480.8592323094586 -11.208301937121519 48.397248790822346
      vertex 530.51145942252992 -42.107595713828374 60.552680023221797
    endloop
  endfacet
  facet normal -0.2470229968009964 -0 0.96900961762588023
    outer loop
      vertex 531.59024466433129 -92.230262093858386 60.82400306004412
      vertex 577 -115.99999999999997 72.400001525879503
      vertex 577 -67 72.400001525879503
    endloop
  endfacet
  facet normal -0.24698627452024163 -7.0386851149141958e-05 0.96901897568845541
    outer loop
      vertex 531.59024466433129 -92.230262093858386 60.82400306004412
      vertex 577 -67 72.400001525879503
      vertex 530.51145942252992 -42.107595713828374 60.552680023221797
    endloop
  endfacet
  facet normal -0.23979662035161664 9.9942758455671436e-05 0.97082314088580912
    outer loop
      vertex 489.37198186591547 -167.55388210716313 50.405341029830858
      vertex 488.8513398796336 -223.74716661609833 50.282525584007999
      vertex 534.34910778943481 -197.03299317355419 61.517878997788884
    endloop
  endfacet
  facet normal -0.22922247948523136 -0.0019900250778433085 0.97337202276356405
    outer loop
      vertex 480.8592323094586 -11.208301937121519 48.397248790822346
      vertex 500.42386426645839 39.672236695901745 53.10860979977474
      vertex 451.70883723515954 35.94228926333642 41.628927096845395
    endloop
  endfacet
  facet normal -0.22052590761599736 0.0036739520886194805 0.97537419801130221
    outer loop
      vertex 480.8592323094586 -11.208301937121519 48.397248790822346
      vertex 451.70883723515954 35.94228926333642 41.628927096845395
      vertex 425.87414083334858 -6.5820493077661411 35.948043287554356
    endloop
  endfacet
  facet normal -0.22359880240302327 6.5248929908533418e-05 0.97468126652075904
    outer loop
      vertex 433.55586214668944 -96.303402947234758 37.572529819482298
      vertex 485.24649121926308 -117.84920669804382 49.432169471722325
      vertex 484.733057943066 -68.110103604048703 49.311054505242659
    endloop
  endfacet
  facet normal -0.23885944201735898 0.0019303931076685892 0.97105223368344384
    outer loop
      vertex 535.15330892829206 5.0721530070789242 61.720141956861596
      vertex 500.42386426645839 39.672236695901745 53.10860979977474
      vertex 480.8592323094586 -11.208301937121519 48.397248790822346
    endloop
  endfacet
  facet normal -0.23815091381481129 -0.00061582318550727918 0.97122796655109478
    outer loop
      vertex 480.8592323094586 -11.208301937121519 48.397248790822346
      vertex 484.733057943066 -68.110103604048703 49.311054505242659
      vertex 530.51145942252992 -42.107595713828374 60.552680023221797
    endloop
  endfacet
  facet normal -0.24728755579170827 -0 0.96894213694655806
    outer loop
      vertex 535.15330892829206 5.0721530070789242 61.720141956861596
      vertex 577 -17.999999999999972 72.400001525879503
      vertex 577 30.999999999999989 72.400001525879503
    endloop
  endfacet
  facet normal -0.24774328793489997 0.0007836227995126065 0.96882539666263578
    outer loop
      vertex 535.15330892829206 5.0721530070789242 61.720141956861596
      vertex 577 30.999999999999989 72.400001525879503
      vertex 543.1782036410458 46.813740317326619 63.738466567984233
    endloop
  endfacet
  facet normal -0.20567636430566244 -0.0030761593414955378 0.97861523103296844
    outer loop
      vertex 400.32678550712296 -49.864846436057775 30.734721597368704
      vertex 433.55586214668944 -96.303402947234758 37.572529819482298
      vertex 445.32207123414679 -46.573440465040193 40.201763775604547
    endloop
  endfacet
  facet normal -0.239927028241044 0.00033561804359751935 0.97079086753015464
    outer loop
      vertex 488.8513398796336 -223.74716661609833 50.282525584007999
      vertex 539.253702493726 -258.91535805153916 62.751423430904069
      vertex 534.34910778943481 -197.03299317355419 61.517878997788884
    endloop
  endfacet
  facet normal -0.24050017558184725 -0.00053612351318678387 0.97064894689927916
    outer loop
      vertex 488.8513398796336 -223.74716661609833 50.282525584007999
      vertex 496.11134869883813 -275.26171414651913 52.052903268990462
      vertex 539.253702493726 -258.91535805153916 62.751423430904069
    endloop
  endfacet
  facet normal -0.22276340877185175 -0.0036960622518347735 0.97486553064316295
    outer loop
      vertex 428.61133934331133 -225.30312053800372 36.511376287562385
      vertex 451.8843355774257 -267.83962017603585 41.668143313155987
      vertex 488.8513398796336 -223.74716661609833 50.282525584007999
    endloop
  endfacet
  facet normal -0.2076251434246246 0.0049902632926712943 0.9781957355714519
    outer loop
      vertex 428.61133934331133 -225.30312053800372 36.511376287562385
      vertex 400.5663853114541 -267.91665739592622 30.776138818784254
      vertex 451.8843355774257 -267.83962017603585 41.668143313155987
    endloop
  endfacet
  facet normal -0.20819405608088273 -0.0041975081064524805 0.97807853260271826
    outer loop
      vertex 448.62313040785949 -186.08337409170713 40.939406359225316
      vertex 401.52977553894158 -179.65961612431977 30.942670450447395
      vertex 428.61133934331133 -225.30312053800372 36.511376287562385
    endloop
  endfacet
  facet normal -0.22502859412987833 0.00032770465232548449 0.97435210495672009
    outer loop
      vertex 445.32207123414679 -46.573440465040193 40.201763775604547
      vertex 484.733057943066 -68.110103604048703 49.311054505242659
      vertex 480.8592323094586 -11.208301937121519 48.397248790822346
    endloop
  endfacet
  facet normal -0.22112406507713325 -0.0038011776852299017 0.97523827800797958
    outer loop
      vertex 445.32207123414679 -46.573440465040193 40.201763775604547
      vertex 480.8592323094586 -11.208301937121519 48.397248790822346
      vertex 425.87414083334858 -6.5820493077661411 35.948043287554356
    endloop
  endfacet
  facet normal -0.22438489088350094 0.0015679237449522977 0.97449933933191013
    outer loop
      vertex 445.32207123414679 -46.573440465040193 40.201763775604547
      vertex 433.55586214668944 -96.303402947234758 37.572529819482298
      vertex 484.733057943066 -68.110103604048703 49.311054505242659
    endloop
  endfacet
  facet normal -0.20615920641805197 0.0038243816887710519 0.97851098906132772
    outer loop
      vertex 400.32678550712296 -49.864846436057775 30.734721597368704
      vertex 445.32207123414679 -46.573440465040193 40.201763775604547
      vertex 425.87414083334858 -6.5820493077661411 35.948043287554356
    endloop
  endfacet
  facet normal -0.22294486965481167 0.003696504252373287 0.97482404614930962
    outer loop
      vertex 448.62313040785949 -186.08337409170713 40.939406359225316
      vertex 428.61133934331133 -225.30312053800372 36.511376287562385
      vertex 488.8513398796336 -223.74716661609833 50.282525584007999
    endloop
  endfacet
  facet normal -0.20738984476287825 0.0019750369834959196 0.97825638332603959
    outer loop
      vertex 448.62313040785949 -186.08337409170713 40.939406359225316
      vertex 440.96227964351749 -142.61034933203899 39.227540726660251
      vertex 401.52977553894158 -179.65961612431977 30.942670450447395
    endloop
  endfacet
  facet normal -0.22566774742720108 -0.0014055099101273358 0.97420331159005269
    outer loop
      vertex 448.62313040785949 -186.08337409170713 40.939406359225316
      vertex 489.37198186591547 -167.55388210716313 50.405341029830858
      vertex 440.96227964351749 -142.61034933203899 39.227540726660251
    endloop
  endfacet
  facet normal -0.22477412070012087 0.00042179832246688856 0.97441080492247345
    outer loop
      vertex 440.96227964351749 -142.61034933203899 39.227540726660251
      vertex 489.37198186591547 -167.55388210716313 50.405341029830858
      vertex 485.24649121926308 -117.84920669804382 49.432169471722325
    endloop
  endfacet
  facet normal -0.22626036214326883 -3.2562810785870494e-05 0.97406685985226937
    outer loop
      vertex 448.62313040785949 -186.08337409170713 40.939406359225316
      vertex 488.8513398796336 -223.74716661609833 50.282525584007999
      vertex 489.37198186591547 -167.55388210716313 50.405341029830858
    endloop
  endfacet
  facet normal -0.22401989521117888 -0.00099850295198034879 0.97458405976161322
    outer loop
      vertex 440.96227964351749 -142.61034933203899 39.227540726660251
      vertex 485.24649121926308 -117.84920669804382 49.432169471722325
      vertex 433.55586214668944 -96.303402947234758 37.572529819482298
    endloop
  endfacet
  facet normal -0.18722565675554489 0.01066276408224601 0.98225905896284893
    outer loop
      vertex 395.77536991827736 -64.79511319080089 30.029262223514841
      vertex 400.32678550712296 -49.864846436057775 30.734721597368704
      vertex 395.74869905812761 -59.533113750247324 29.967057729307559
    endloop
  endfacet
  facet normal -0.18722565675554168 0.010662764082244728 0.9822590589628496
    outer loop
      vertex 433.55586214668944 -96.303402947234758 37.572529819482298
      vertex 395.77536991827736 -64.79511319080089 30.029262223514841
      vertex 395.85548885293736 -80.602078137628638 30.216123578032061
    endloop
  endfacet
  facet normal -0.18722565675554151 0.010662764082244949 0.9822590589628496
    outer loop
      vertex 400.32678550712296 -49.864846436057775 30.734721597368704
      vertex 395.77536991827736 -64.79511319080089 30.029262223514841
      vertex 433.55586214668944 -96.303402947234758 37.572529819482298
    endloop
  endfacet
  facet normal -0.18722565675553426 0.01066276408224083 0.98225905896285082
    outer loop
      vertex 395.74869905812761 -59.533113750247324 29.967057729307559
      vertex 400.32678550712296 -49.864846436057775 30.734721597368704
      vertex 395.73772208189411 -57.367422712345764 29.941456108261448
    endloop
  endfacet
  facet normal -0.18722565675554159 0.010662764082244914 0.9822590589628496
    outer loop
      vertex 395.85548885293736 -80.602078137628638 30.216123578032061
      vertex 395.90336025662361 -90.046806818012428 30.327774030867296
      vertex 433.55586214668944 -96.303402947234758 37.572529819482298
    endloop
  endfacet
  facet normal -0.18489158735509015 0.0082339572871693856 0.9827244287554413
    outer loop
      vertex 395.80630362195205 -294.27476107808525 30.101415020107563
      vertex 400.5663853114541 -267.91665739592622 30.776138818784254
      vertex 395.73524287924624 -276.08872026000546 29.935670064481929
    endloop
  endfacet
  facet normal -0.18489158735509156 0.0082339572871665441 0.98272442875544075
    outer loop
      vertex 425.54178274824608 -312 35.844417464607766
      vertex 395.80630362195205 -294.27476107808525 30.101415020107563
      vertex 395.80915711228749 -295.00498627912293 30.108070221994893
    endloop
  endfacet
  facet normal -0.18489158735508998 0.0082339572871693543 0.98272442875544119
    outer loop
      vertex 400.5663853114541 -267.91665739592622 30.776138818784254
      vertex 395.80630362195205 -294.27476107808525 30.101415020107563
      vertex 425.54178274824608 -312 35.844417464607766
    endloop
  endfacet
  facet normal -0.18489158735509009 0.008233957287169311 0.98272442875544119
    outer loop
      vertex 395.80915711228749 -295.00498627912293 30.108070221994893
      vertex 395.87556827878052 -312 30.262961134044701
      vertex 425.54178274824608 -312 35.844417464607766
    endloop
  endfacet
  facet normal -0.14370524263856166 -0.016809054981290445 0.98947777080075316
    outer loop
      vertex 395.73978678838466 -275.50374040878393 29.946267515336139
      vertex 395.73524287924624 -276.08872026000546 29.935670064481929
      vertex 400.5663853114541 -267.91665739592622 30.776138818784254
    endloop
  endfacet
  facet normal -0.14370524263856738 -0.016809054981286774 0.98947777080075272
    outer loop
      vertex 395.73978678838466 -275.50374040878393 29.946267515336139
      vertex 400.5663853114541 -267.91665739592622 30.776138818784254
      vertex 395.77704044577263 -270.70772924477757 30.033151691775178
    endloop
  endfacet
  facet normal -0.14370524263856863 -0.016809054981284544 0.9894777708007525
    outer loop
      vertex 395.79931854152238 -267.83966196172719 30.085109382309707
      vertex 395.77704044577263 -270.70772924477757 30.033151691775178
      vertex 400.5663853114541 -267.91665739592622 30.776138818784254
    endloop
  endfacet
  facet normal -0.18485776903439249 -0.0081109277916487001 0.98273181391363629
    outer loop
      vertex 395.80928930219312 62.739344001834027 30.108371537116128
      vertex 425.51163763483839 80 35.838021989632828
      vertex 395.84704031674755 72.54748835132321 30.196423758172742
    endloop
  endfacet
  facet normal -0.1848577690343918 -0.0081109277916474876 0.98273181391363651
    outer loop
      vertex 395.80928930219312 62.739344001834027 30.108371537116128
      vertex 395.7354865463742 43.564545893632314 29.936230559008763
      vertex 400.10137849224924 36.086052587103154 30.695757741493665
    endloop
  endfacet
  facet normal -0.18485776903439305 -0.008110927791647694 0.9827318139136364
    outer loop
      vertex 400.10137849224924 36.086052587103154 30.695757741493665
      vertex 425.51163763483839 80 35.838021989632828
      vertex 395.80928930219312 62.739344001834027 30.108371537116128
    endloop
  endfacet
  facet normal -0.1848577690343933 -0.0081109277916472985 0.98273181391363629
    outer loop
      vertex 395.87572572377297 80 30.263328587409454
      vertex 395.85944973940184 75.771597957988206 30.225368072375414
      vertex 425.51163763483839 80 35.838021989632828
    endloop
  endfacet
  facet normal -0.18485776903439391 -0.0081109277916428316 0.98273181391363607
    outer loop
      vertex 395.84704031674755 72.54748835132321 30.196423758172742
      vertex 425.51163763483839 80 35.838021989632828
      vertex 395.85944973940184 75.771597957988206 30.225368072375414
    endloop
  endfacet
  facet normal -0.14288107084608578 0.017091533544837244 0.98959227921147486
    outer loop
      vertex 395.73569852086348 43.537693936996476 29.936724932570357
      vertex 395.76711688592633 39.557759467610758 30.009999830381759
      vertex 400.10137849224924 36.086052587103154 30.695757741493665
    endloop
  endfacet
  facet normal -0.14288107084608839 0.017091533544833927 0.98959227921147441
    outer loop
      vertex 395.79492408985379 36.035158792872117 30.074854591296912
      vertex 400.10137849224924 36.086052587103154 30.695757741493665
      vertex 395.76711688592633 39.557759467610758 30.009999830381759
    endloop
  endfacet
  facet normal -0.14288107084646873 0.01709153354460767 0.98959227921142356
    outer loop
      vertex 400.10137849224924 36.086052587103154 30.695757741493665
      vertex 395.7354865463742 43.564545893632314 29.936230559008763
      vertex 395.73569852086348 43.537693936996476 29.936724932570357
    endloop
  endfacet
  facet normal -0.14319142495175385 0.015818363680021263 0.98956859044271051
    outer loop
      vertex 395.73772802346571 -259.41056523471156 29.941457135321485
      vertex 395.79931854152238 -267.83966196172719 30.085109382309707
      vertex 400.5663853114541 -267.91665739592622 30.776138818784254
    endloop
  endfacet
  facet normal -0.14248878858481107 -0.016843852021209391 0.98965308556924181
    outer loop
      vertex 395.7920349536779 35.663691280137336 30.068116256999581
      vertex 400.10137849224924 36.086052587103154 30.695757741493665
      vertex 395.79492408985379 36.035158792872117 30.074854591296912
    endloop
  endfacet
  facet normal -0.14248878858481001 -0.016843852021219567 0.98965308556924159
    outer loop
      vertex 400.10137849224924 36.086052587103154 30.695757741493665
      vertex 395.7920349536779 35.663691280137336 30.068116256999581
      vertex 395.76219757061517 31.827457174196201 29.998527778803947
    endloop
  endfacet
  facet normal -0.14248878858480965 -0.016843852021219907 0.98965308556924159
    outer loop
      vertex 395.76219757061517 31.827457174196201 29.998527778803947
      vertex 395.73772740104658 28.681293220076949 29.941457027730113
      vertex 400.10137849224924 36.086052587103154 30.695757741493665
    endloop
  endfacet
  facet normal -0.18524618853105906 0.0090665872407335157 0.9826503175751391
    outer loop
      vertex 395.8940905196024 -7.6502126319022885 30.306152823094905
      vertex 425.87414083334858 -6.5820493077661411 35.948043287554356
      vertex 395.86485888133308 -0.85834074966357976 30.237975825312589
    endloop
  endfacet
  facet normal -0.18524618853105859 0.0090665872407359616 0.9826503175751391
    outer loop
      vertex 395.83088488458151 7.0356869629829513 30.158735588015318
      vertex 395.86485888133308 -0.85834074966357976 30.237975825312589
      vertex 425.87414083334858 -6.5820493077661411 35.948043287554356
    endloop
  endfacet
  facet normal -0.18524618853106153 0.0090665872407348341 0.98265031757513832
    outer loop
      vertex 395.81848593872496 9.9166439170575664 30.12981654681176
      vertex 400.10137849224924 36.086052587103154 30.695757741493665
      vertex 395.73772740104658 28.681293220076949 29.941457027730113
    endloop
  endfacet
  facet normal -0.1852461885310592 0.0090665872407344195 0.98265031757513888
    outer loop
      vertex 400.10137849224924 36.086052587103154 30.695757741493665
      vertex 395.81848593872496 9.9166439170575664 30.12981654681176
      vertex 425.87414083334858 -6.5820493077661411 35.948043287554356
    endloop
  endfacet
  facet normal -0.18524618853105951 0.0090665872407338557 0.98265031757513888
    outer loop
      vertex 425.87414083334858 -6.5820493077661411 35.948043287554356
      vertex 395.81848593872496 9.9166439170575664 30.12981654681176
      vertex 395.83088488458151 7.0356869629829513 30.158735588015318
    endloop
  endfacet
  facet normal -0.18650835499670301 -0.0094740591643502903 0.98240769323095911
    outer loop
      vertex 395.73772802346571 -259.41056523471156 29.941457135321485
      vertex 400.5663853114541 -267.91665739592622 30.776138818784254
      vertex 395.74586022277219 -257.60401220965809 29.960422900233986
    endloop
  endfacet
  facet normal -0.18650835499670648 -0.0094740591643519608 0.98240769323095845
    outer loop
      vertex 395.76377962012867 -253.62302981012175 30.002216323058178
      vertex 395.74586022277219 -257.60401220965809 29.960422900233986
      vertex 400.5663853114541 -267.91665739592622 30.776138818784254
    endloop
  endfacet
  facet normal -0.18650835499670423 -0.0094740591643507829 0.98240769323095889
    outer loop
      vertex 395.82168440103658 -240.7584086371844 30.137272174582087
      vertex 395.76377962012867 -253.62302981012175 30.002216323058178
      vertex 428.61133934331133 -225.30312053800372 36.511376287562385
    endloop
  endfacet
  facet normal -0.18650835499670398 -0.0094740591643510917 0.98240769323095889
    outer loop
      vertex 400.5663853114541 -267.91665739592622 30.776138818784254
      vertex 428.61133934331133 -225.30312053800372 36.511376287562385
      vertex 395.76377962012867 -253.62302981012175 30.002216323058178
    endloop
  endfacet
  facet normal -0.18650835499670193 -0.009474059164355942 0.98240769323095933
    outer loop
      vertex 395.82168440103658 -240.7584086371844 30.137272174582087
      vertex 428.61133934331133 -225.30312053800372 36.511376287562385
      vertex 395.83284616576213 -238.27861556027312 30.163305631852488
    endloop
  endfacet
  facet normal -0.18650835499670429 -0.0094740591643497508 0.98240769323095889
    outer loop
      vertex 395.83284616576213 -238.27861556027312 30.163305631852488
      vertex 428.61133934331133 -225.30312053800372 36.511376287562385
      vertex 395.87822340586916 -228.19721995360985 30.269142519694277
    endloop
  endfacet
  facet normal -0.18650835499670404 -0.0094740591643523407 0.98240769323095878
    outer loop
      vertex 395.90008404119897 -223.34047431518493 30.32012979005497
      vertex 395.87822340586916 -228.19721995360985 30.269142519694277
      vertex 428.61133934331133 -225.30312053800372 36.511376287562385
    endloop
  endfacet
  facet normal -0.18538603433423287 0.0098887196073135595 0.98261601426923351
    outer loop
      vertex 395.81432981393493 -205.07438412089274 30.12012706516624
      vertex 401.52977553894158 -179.65961612431977 30.942670450447395
      vertex 395.73772243393859 -188.75650356885933 29.941456169115845
    endloop
  endfacet
  facet normal -0.18538603433422784 0.0098887196073239054 0.98261601426923451
    outer loop
      vertex 428.61133934331133 -225.30312053800372 36.511376287562385
      vertex 395.81432981393493 -205.07438412089274 30.12012706516624
      vertex 395.82168067228787 -206.64017169692943 30.137271484286654
    endloop
  endfacet
  facet normal -0.18538603433423387 0.0098887196073137989 0.9826160142692334
    outer loop
      vertex 401.52977553894158 -179.65961612431977 30.942670450447395
      vertex 395.81432981393493 -205.07438412089274 30.12012706516624
      vertex 428.61133934331133 -225.30312053800372 36.511376287562385
    endloop
  endfacet
  facet normal -0.18538603433423345 0.0098887196073144234 0.98261601426923362
    outer loop
      vertex 395.90008404119897 -223.34047431518493 30.32012979005497
      vertex 428.61133934331133 -225.30312053800372 36.511376287562385
      vertex 395.87316337055529 -217.60636985459121 30.257344666785844
    endloop
  endfacet
  facet normal -0.18538603433423362 0.0098887196073133964 0.9826160142692334
    outer loop
      vertex 395.82168067228787 -206.64017169692943 30.137271484286654
      vertex 395.87316337055529 -217.60636985459121 30.257344666785844
      vertex 428.61133934331133 -225.30312053800372 36.511376287562385
    endloop
  endfacet
  facet normal -0.14694383328873925 -0.015293261222002037 0.98902660531433972
    outer loop
      vertex 395.76662368956022 -184.67496309588347 30.008862774328559
      vertex 395.73772243393859 -188.75650356885933 29.941456169115845
      vertex 401.52977553894158 -179.65961612431977 30.942670450447395
    endloop
  endfacet
  facet normal -0.14694383328874033 -0.015293261222000795 0.98902660531433961
    outer loop
      vertex 401.52977553894158 -179.65961612431977 30.942670450447395
      vertex 395.80546870560039 -179.18912859730872 30.099461283091621
      vertex 395.76662368956022 -184.67496309588347 30.008862774328559
    endloop
  endfacet
  facet normal -0.14694383328874142 -0.015293261222014482 0.98902660531433928
    outer loop
      vertex 395.80719764054606 -178.94496211373942 30.103493690432213
      vertex 395.80546870560039 -179.18912859730872 30.099461283091621
      vertex 401.52977553894158 -179.65961612431977 30.942670450447395
    endloop
  endfacet
  facet normal -0.18460990114485043 -0.0094075481213296806 0.98276685049793644
    outer loop
      vertex 400.32678550712296 -49.864846436057775 30.734721597368704
      vertex 395.74300763206242 -41.49599205741734 29.9537831889267
      vertex 395.73772225103005 -42.680028928095993 29.941456137498278
    endloop
  endfacet
  facet normal -0.1846099011448373 -0.0094075481213213834 0.9827668504979391
    outer loop
      vertex 395.74300763206242 -41.49599205741734 29.9537831889267
      vertex 425.87414083334858 -6.5820493077661411 35.948043287554356
      vertex 395.83011324350468 -21.982497200951684 30.156938901895362
    endloop
  endfacet
  facet normal -0.18460990114483672 -0.0094075481213219195 0.98276685049793922
    outer loop
      vertex 400.32678550712296 -49.864846436057775 30.734721597368704
      vertex 425.87414083334858 -6.5820493077661411 35.948043287554356
      vertex 395.74300763206242 -41.49599205741734 29.9537831889267
    endloop
  endfacet
  facet normal -0.18460990114483716 -0.0094075481213222543 0.98276685049793899
    outer loop
      vertex 395.86965356083044 -13.124631835179224 30.249158464152181
      vertex 425.87414083334858 -6.5820493077661411 35.948043287554356
      vertex 395.8940905196024 -7.6502126319022885 30.306152823094905
    endloop
  endfacet
  facet normal -0.18460990114483739 -0.0094075481213211822 0.98276685049793899
    outer loop
      vertex 395.83011324350468 -21.982497200951684 30.156938901895362
      vertex 425.87414083334858 -6.5820493077661411 35.948043287554356
      vertex 395.86965356083044 -13.124631835179224 30.249158464152181
    endloop
  endfacet
  facet normal -0.14343161458855205 0.017637447598878225 0.98950305324375709
    outer loop
      vertex 395.7667259498038 -46.239240796120086 30.009101669202632
      vertex 395.79996564933168 -50.318276851893145 30.086626855413915
      vertex 400.32678550712296 -49.864846436057775 30.734721597368704
    endloop
  endfacet
  facet normal -0.14343161458854842 0.017637447598882878 0.98950305324375742
    outer loop
      vertex 400.32678550712296 -49.864846436057775 30.734721597368704
      vertex 395.73772225103005 -42.680028928095993 29.941456137498278
      vertex 395.7667259498038 -46.239240796120086 30.009101669202632
    endloop
  endfacet
  facet normal -0.14404167317590999 0.0085424147286166981 0.98953475105187128
    outer loop
      vertex 395.73772205939105 -161.3463734002415 29.941456104371564
      vertex 395.74770022653843 -163.87391126821623 29.964728201260716
      vertex 401.52977553894158 -179.65961612431977 30.942670450447395
    endloop
  endfacet
  facet normal -0.14404167317588856 0.0085424147286247282 0.98953475105187416
    outer loop
      vertex 401.52977553894158 -179.65961612431977 30.942670450447395
      vertex 395.74770022653843 -163.87391126821623 29.964728201260716
      vertex 395.76282649874122 -167.70549929731203 30.00000723267792
    endloop
  endfacet
  facet normal -0.14404167317589567 0.0085424147286212327 0.98953475105187327
    outer loop
      vertex 395.76282649874122 -167.70549929731203 30.00000723267792
      vertex 395.80719764054606 -178.94496211373942 30.103493690432213
      vertex 401.52977553894158 -179.65961612431977 30.942670450447395
    endloop
  endfacet
  facet normal -0.19541000471451214 0.003796509612631309 0.98071428896097756
    outer loop
      vertex 440.96227964351749 -142.61034933203899 39.227540726660251
      vertex 395.85099818269123 -133.99678788257856 30.205649956460952
      vertex 395.85197782652637 -134.53658237063198 30.207934788235512
    endloop
  endfacet
  facet normal -0.19541000471450623 0.0037965096126633211 0.98071428896097845
    outer loop
      vertex 395.83611538771265 -125.79620476395202 30.170938685238113
      vertex 395.85099818269123 -133.99678788257856 30.205649956460952
      vertex 440.96227964351749 -142.61034933203899 39.227540726660251
    endloop
  endfacet
  facet normal -0.19541000471450687 0.0037965096126615842 0.98071428896097834
    outer loop
      vertex 440.96227964351749 -142.61034933203899 39.227540726660251
      vertex 433.55586214668944 -96.303402947234758 37.572529819482298
      vertex 395.83611538771265 -125.79620476395202 30.170938685238113
    endloop
  endfacet
  facet normal -0.19758870277401933 -0.008901175003421663 0.98024459887297466
    outer loop
      vertex 440.96227964351749 -142.61034933203899 39.227540726660251
      vertex 395.84492153452209 -136.19232060085935 30.191477406731799
      vertex 395.76930202513529 -153.93621676716546 30.015110114341972
    endloop
  endfacet
  facet normal -0.19758870277401921 -0.008901175003421925 0.98024459887297466
    outer loop
      vertex 401.52977553894158 -179.65961612431977 30.942670450447395
      vertex 440.96227964351749 -142.61034933203899 39.227540726660251
      vertex 395.73772205939105 -161.3463734002415 29.941456104371564
    endloop
  endfacet
  facet normal -0.19758870277401933 -0.00890117500342167 0.98024459887297466
    outer loop
      vertex 395.76930202513529 -153.93621676716546 30.015110114341972
      vertex 395.73772205939105 -161.3463734002415 29.941456104371564
      vertex 440.96227964351749 -142.61034933203899 39.227540726660251
    endloop
  endfacet
  facet normal -0.19758870277401744 -0.0089011750034077939 0.9802445988729751
    outer loop
      vertex 395.85197782652637 -134.53658237063198 30.207934788235512
      vertex 395.84492153452209 -136.19232060085935 30.191477406731799
      vertex 440.96227964351749 -142.61034933203899 39.227540726660251
    endloop
  endfacet
  facet normal -0.13981647151405383 -0.019153416599098368 0.9899921721538717
    outer loop
      vertex 395.79297057121391 -51.110474791054898 30.070312257427787
      vertex 400.32678550712296 -49.864846436057775 30.734721597368704
      vertex 395.79996564933168 -50.318276851893145 30.086626855413915
    endloop
  endfacet
  facet normal -0.13981647151405191 -0.019153416599105251 0.9899921721538717
    outer loop
      vertex 395.73772208189411 -57.367422712345764 29.941456108261448
      vertex 400.32678550712296 -49.864846436057775 30.734721597368704
      vertex 395.79297057121391 -51.110474791054898 30.070312257427787
    endloop
  endfacet
  facet normal -0.18957678335011241 -0.0039508907308496589 0.98185794984664521
    outer loop
      vertex 395.83611538771265 -125.79620476395202 30.170938685238113
      vertex 433.55586214668944 -96.303402947234758 37.572529819482298
      vertex 395.84306841276509 -122.09977919394871 30.187155191554819
    endloop
  endfacet
  facet normal -0.18957678335011333 -0.003950890730848121 0.98185794984664487
    outer loop
      vertex 395.90336025662361 -90.046806818012428 30.327774030867296
      vertex 395.90048762869418 -91.573986390201611 30.321074178633321
      vertex 433.55586214668944 -96.303402947234758 37.572529819482298
    endloop
  endfacet
  facet normal -0.18957678335011227 -0.0039508907308499113 0.98185794984664521
    outer loop
      vertex 433.55586214668944 -96.303402947234758 37.572529819482298
      vertex 395.85456593722188 -115.98736868579977 30.213970811601399
      vertex 395.84306841276509 -122.09977919394871 30.187155191554819
    endloop
  endfacet
  facet normal -0.18957678335011338 -0.0039508907308479007 0.98185794984664498
    outer loop
      vertex 395.90048762869418 -91.573986390201611 30.321074178633321
      vertex 395.87929030981292 -102.84314939204572 30.271635508624957
      vertex 433.55586214668944 -96.303402947234758 37.572529819482298
    endloop
  endfacet
  facet normal -0.18957678335011346 -0.0039508907308475061 0.98185794984664498
    outer loop
      vertex 395.85456593722188 -115.98736868579977 30.213970811601399
      vertex 433.55586214668944 -96.303402947234758 37.572529819482298
      vertex 395.87929030981292 -102.84314939204572 30.271635508624957
    endloop
  endfacet
  facet normal -0.081701597786260086 0.018682461900312725 0.99648171811454511
    outer loop
      vertex 349.12612851086158 -267.08581841278988 5.3194084257406331
      vertex 322.7925863757381 -312 4.0023898014473644
      vertex 374.50529026723541 -312 8.2423175963870179
    endloop
  endfacet
  facet normal -0.02238076472654655 0.014750509935687415 0.99964069736425409
    outer loop
      vertex 296.62121276791339 35.585930275854594 4.0726588952050804
      vertex 348.33514664276572 35.474277863470149 5.2321198097231871
      vertex 322.74122714403387 80 4.0020892590044355
    endloop
  endfacet
  facet normal -0.080815548594401432 -0.019836278638993128 0.99653166992080211
    outer loop
      vertex 374.53408267046069 -222.05853323711466 8.2761950669576407
      vertex 323.84083930040111 -221.30037024222227 4.1802257528215421
      vertex 349.12612851086158 -267.08581841278988 5.3194084257406331
    endloop
  endfacet
  facet normal -0.077534256578676061 0.02139595447224801 0.99676007754575191
    outer loop
      vertex 373.86490846625696 -8.4350933803949886 8.1605216161447061
      vertex 348.33514664276572 35.474277863470149 5.2321198097231871
      vertex 321.66341663349908 -10.080241568354921 4.135275785974649
    endloop
  endfacet
  facet normal 8.7978815696043537e-05 0.0014194316770633046 0.99999898873620963
    outer loop
      vertex 269.93752844078642 -8.3243451124138801 4.1373341953890588
      vertex 321.66341663349908 -10.080241568354921 4.135275785974649
      vertex 296.62121276791339 35.585930275854594 4.0726588952050804
    endloop
  endfacet
  facet normal 9.7162466093508277e-06 -0.00088605858007849479 0.99999960740281657
    outer loop
      vertex 294.12502873597589 -57.220494428255591 4.0937743139357394
      vertex 321.66341663349908 -10.080241568354921 4.135275785974649
      vertex 269.93752844078642 -8.3243451124138801 4.1373341953890588
    endloop
  endfacet
  facet normal -0.081564454259422353 -0.019356297409654066 0.99648009189945785
    outer loop
      vertex 348.33514664276572 35.474277863470149 5.2321198097231871
      vertex 374.46472395995733 80 8.235790287730488
      vertex 322.74122714403387 80 4.0020892590044355
    endloop
  endfacet
  facet normal -0.024484475286749234 0.011350128423922709 0.99963577619785748
    outer loop
      vertex 323.84083930040111 -221.30037024222227 4.1802257528215421
      vertex 297.6917385285243 -267.43790708902793 4.06360323287889
      vertex 349.12612851086158 -267.08581841278988 5.3194084257406331
    endloop
  endfacet
  facet normal -0.022437288098834326 -0.010933295677169125 0.99968846704781267
    outer loop
      vertex 321.66341663349908 -10.080241568354921 4.135275785974649
      vertex 348.33514664276572 35.474277863470149 5.2321198097231871
      vertex 296.62121276791339 35.585930275854594 4.0726588952050804
    endloop
  endfacet
  facet normal -0.024302583373796413 -0.015062215651726316 0.99959117348094895
    outer loop
      vertex 297.6917385285243 -267.43790708902793 4.06360323287889
      vertex 322.7925863757381 -312 4.0023898014473644
      vertex 349.12612851086158 -267.08581841278988 5.3194084257406331
    endloop
  endfacet
  facet normal 0.0020531586283488389 0.00038143204487711316 0.99999781952224365
    outer loop
      vertex 296.62121276791339 35.585930275854594 4.0726588952050804
      vertex 322.74122714403387 80 4.0020892590044355
      vertex 270.79282636780738 80 4.1087477988536421
    endloop
  endfacet
  facet normal 0.0020567041101465723 -0.00021516681522658197 0.99999786183343675
    outer loop
      vertex 297.6917385285243 -267.43790708902793 4.06360323287889
      vertex 270.85445675746354 -312 4.1092113945089537
      vertex 322.7925863757381 -312 4.0023898014473644
    endloop
  endfacet
  facet normal -0.00051615216836964112 -0.0022351712958355017 0.99999736879464707
    outer loop
      vertex 272.27272299909748 -223.70489092008333 4.1482341579980329
      vertex 297.6917385285243 -267.43790708902793 4.06360323287889
      vertex 323.84083930040111 -221.30037024222227 4.1802257528215421
    endloop
  endfacet
  facet normal -0.096694274187119691 0.023644090837218967 0.99503325286540423
    outer loop
      vertex 377.60836102895337 -87.006785156605446 8.8076148142408073
      vertex 346.53481352415173 -55.252937190953332 5.0334444764029769
      vertex 322.89658456651483 -115.19621626205921 4.1607328819019997
    endloop
  endfacet
  facet normal -0.018293581543258056 0.0098065492940125065 0.99978456502651825
    outer loop
      vertex 346.53481352415173 -55.252937190953332 5.0334444764029769
      vertex 321.66341663349908 -10.080241568354921 4.135275785974649
      vertex 294.12502873597589 -57.220494428255591 4.0937743139357394
    endloop
  endfacet
  facet normal 0.00030428593937696598 -0.0018354186837409581 0.99999826932266356
    outer loop
      vertex 268.0040747878806 -141.96199489742898 4.1283094344979929
      vertex 298.43028381451325 -175.57570109438063 4.0573558197211668
      vertex 322.89658456651483 -115.19621626205921 4.1607328819019997
    endloop
  endfacet
  facet normal -0.076169809686315038 -0.022117576176509567 0.99684952370777946
    outer loop
      vertex 346.53481352415173 -55.252937190953332 5.0334444764029769
      vertex 373.86490846625696 -8.4350933803949886 8.1605216161447061
      vertex 321.66341663349908 -10.080241568354921 4.135275785974649
    endloop
  endfacet
  facet normal -0.080262817073136775 0.017590318541168198 0.99661851321812422
    outer loop
      vertex 350.8173873682926 -173.32648930005695 5.5060468948976933
      vertex 323.84083930040111 -221.30037024222227 4.1802257528215421
      vertex 374.53408267046069 -222.05853323711466 8.2761950669576407
    endloop
  endfacet
  facet normal -0.017640671140258104 -0.0075997904988820168 0.99981550793438601
    outer loop
      vertex 322.89658456651483 -115.19621626205921 4.1607328819019997
      vertex 346.53481352415173 -55.252937190953332 5.0334444764029769
      vertex 294.12502873597589 -57.220494428255591 4.0937743139357394
    endloop
  endfacet
  facet normal -0.10448172733668548 -0.027176243818506543 0.99415543071727974
    outer loop
      vertex 322.89658456651483 -115.19621626205921 4.1607328819019997
      vertex 350.8173873682926 -173.32648930005695 5.5060468948976933
      vertex 386.74276521486627 -132.90623061358056 10.386587892800996
    endloop
  endfacet
  facet normal -0.02805603232969613 0.0096571837444282792 0.99955970199485411
    outer loop
      vertex 322.89658456651483 -115.19621626205921 4.1607328819019997
      vertex 298.43028381451325 -175.57570109438063 4.0573558197211668
      vertex 350.8173873682926 -173.32648930005695 5.5060468948976933
    endloop
  endfacet
  facet normal -0.00087662776221199637 0.00071989755304904563 0.99999935663543282
    outer loop
      vertex 260.58684074246088 -97.940570964384307 4.093688090649195
      vertex 322.89658456651483 -115.19621626205921 4.1607328819019997
      vertex 294.12502873597589 -57.220494428255591 4.0937743139357394
    endloop
  endfacet
  facet normal -0.092698439880340183 0.015800439322453067 0.99556885515817972
    outer loop
      vertex 377.60836102895337 -87.006785156605446 8.8076148142408073
      vertex 322.89658456651483 -115.19621626205921 4.1607328819019997
      vertex 386.74276521486627 -132.90623061358056 10.386587892800996
    endloop
  endfacet
  facet normal -0.00072683658787175563 0.0022832370550444694 0.99999712926444184
    outer loop
      vertex 298.43028381451325 -175.57570109438063 4.0573558197211668
      vertex 272.27272299909748 -223.70489092008333 4.1482341579980329
      vertex 323.84083930040111 -221.30037024222227 4.1802257528215421
    endloop
  endfacet
  facet normal -0.027109781405200536 -0.012379734191555537 0.99955580231096075
    outer loop
      vertex 298.43028381451325 -175.57570109438063 4.0573558197211668
      vertex 323.84083930040111 -221.30037024222227 4.1802257528215421
      vertex 350.8173873682926 -173.32648930005695 5.5060468948976933
    endloop
  endfacet
  facet normal -0.00090019697383696129 0.00063478980702916005 0.99999939334347066
    outer loop
      vertex 268.0040747878806 -141.96199489742898 4.1283094344979929
      vertex 322.89658456651483 -115.19621626205921 4.1607328819019997
      vertex 260.58684074246088 -97.940570964384307 4.093688090649195
    endloop
  endfacet
  facet normal 0.0042262783713170092 -0.0004087252355182937 0.99999098571677625
    outer loop
      vertex 251.86116708173745 -193.24565896402444 4.2469494218987931
      vertex 272.27272299909748 -223.70489092008333 4.1482341579980329
      vertex 298.43028381451325 -175.57570109438063 4.0573558197211668
    endloop
  endfacet
  facet normal 0.0042262783713170838 -0.00040872523551852664 0.99999098571677625
    outer loop
      vertex 251.85938971413205 -181.9950651241239 4.2515553766853786
      vertex 251.85985868841715 -184.96363458987597 4.2503400544601995
      vertex 298.43028381451325 -175.57570109438063 4.0573558197211668
    endloop
  endfacet
  facet normal 0.00422627837131707 -0.00040872523551845172 0.99999098571677636
    outer loop
      vertex 298.43028381451325 -175.57570109438063 4.0573558197211668
      vertex 251.85985868841715 -184.96363458987597 4.2503400544601995
      vertex 251.86116708173745 -193.24565896402444 4.2469494218987931
    endloop
  endfacet
  facet normal 0.0063773022177179041 0.002263820705515483 0.99997710230396641
    outer loop
      vertex 251.83662475448352 -33.846012449552617 4.310549573800583
      vertex 251.8213053219024 -51.338961007227475 4.3502490786245325
      vertex 294.12502873597589 -57.220494428255591 4.0937743139357394
    endloop
  endfacet
  facet normal 0.0063773022177177558 0.002263820705515215 0.99997710230396641
    outer loop
      vertex 269.93752844078642 -8.3243451124138801 4.1373341953890588
      vertex 251.83662475448352 -33.846012449552617 4.310549573800583
      vertex 294.12502873597589 -57.220494428255591 4.0937743139357394
    endloop
  endfacet
  facet normal 0.0036177897163523617 0.0012913257821113243 0.99999262201042893
    outer loop
      vertex 251.87184153684865 47.408399940461798 4.2192871321935277
      vertex 251.86651850233966 36.741064776449093 4.2330814965114225
      vertex 296.62121276791339 35.585930275854594 4.0726588952050804
    endloop
  endfacet
  facet normal 0.0036177897163523118 0.0012913257821111346 0.99999262201042882
    outer loop
      vertex 270.79282636780738 80 4.1087477988536421
      vertex 251.87184153684865 47.408399940461798 4.2192871321935277
      vertex 296.62121276791339 35.585930275854594 4.0726588952050804
    endloop
  endfacet
  facet normal 0.0030878087055946982 -0.00083614708362954836 0.99999488313463492
    outer loop
      vertex 251.88068940101368 -277.84434355336811 4.196358356976706
      vertex 270.85445675746354 -312 4.1092113945089537
      vertex 297.6917385285243 -267.43790708902793 4.06360323287889
    endloop
  endfacet
  facet normal 0.0030878087055946041 -0.00083614708362913419 0.99999488313463492
    outer loop
      vertex 297.6917385285243 -267.43790708902793 4.06360323287889
      vertex 251.87775390165299 -268.75731884381736 4.2039655493719232
      vertex 251.88068940101368 -277.84434355336811 4.196358356976706
    endloop
  endfacet
  facet normal 0.0030681036178435224 -0.00015188415731665669 0.99999528182456587
    outer loop
      vertex 251.87724308023326 -260.05204371199557 4.2052893162483418
      vertex 297.6917385285243 -267.43790708902793 4.06360323287889
      vertex 272.27272299909748 -223.70489092008333 4.1482341579980329
    endloop
  endfacet
  facet normal 0.0030681036178434886 -0.00015188415731686662 0.99999528182456587
    outer loop
      vertex 297.6917385285243 -267.43790708902793 4.06360323287889
      vertex 251.87724308023326 -260.05204371199557 4.2052893162483418
      vertex 251.87775390165299 -268.75731884381736 4.2039655493719232
    endloop
  endfacet
  facet normal 0.0035665389045736779 -0.00069445078069800634 0.99999339874738935
    outer loop
      vertex 251.86929768894683 26.38445393349831 4.2258793804059964
      vertex 251.86953899274368 25.485237769911269 4.2252540542918622
      vertex 296.62121276791339 35.585930275854594 4.0726588952050804
    endloop
  endfacet
  facet normal 0.0035665389045738535 -0.00069445078069878599 0.99999339874738935
    outer loop
      vertex 269.93752844078642 -8.3243451124138801 4.1373341953890588
      vertex 296.62121276791339 35.585930275854594 4.0726588952050804
      vertex 251.86953899274368 25.485237769911269 4.2252540542918622
    endloop
  endfacet
  facet normal 0.0035665389045738401 -0.0006944507806987977 0.99999339874738935
    outer loop
      vertex 251.86929768894683 26.38445393349831 4.2258793804059964
      vertex 296.62121276791339 35.585930275854594 4.0726588952050804
      vertex 251.86651850233966 36.741064776449093 4.2330814965114225
    endloop
  endfacet
  facet normal 0.0039660553098083123 0.0014791302231003489 0.99999104124940164
    outer loop
      vertex 298.43028381451325 -175.57570109438063 4.0573558197211668
      vertex 268.0040747878806 -141.96199489742898 4.1283094344979929
      vertex 251.8658677128409 -170.66303322050805 4.2347679833123557
    endloop
  endfacet
  facet normal 0.0039660553098083166 0.0014791302231003994 0.99999104124940164
    outer loop
      vertex 251.86065781041651 -179.77677083319944 4.2482691717756484
      vertex 298.43028381451325 -175.57570109438063 4.0573558197211668
      vertex 251.8658677128409 -170.66303322050805 4.2347679833123557
    endloop
  endfacet
  facet normal 0.0039660553098083079 0.0014791302231004946 0.99999104124940164
    outer loop
      vertex 298.43028381451325 -175.57570109438063 4.0573558197211668
      vertex 251.86065781041651 -179.77677083319944 4.2482691717756484
      vertex 251.85938971413205 -181.9950651241239 4.2515553766853786
    endloop
  endfacet
  facet normal 0.0054393905724413093 -0.0044821508272803613 0.99997516136860232
    outer loop
      vertex 251.86493608749828 -76.511407968710174 4.2371822414506735
      vertex 251.86575304016461 -76.982742756962949 4.2350651515293327
      vertex 294.12502873597589 -57.220494428255591 4.0937743139357394
    endloop
  endfacet
  facet normal 0.0054393905724457337 -0.0044821508272898216 0.99997516136860209
    outer loop
      vertex 260.58684074246088 -97.940570964384307 4.093688090649195
      vertex 294.12502873597589 -57.220494428255591 4.0937743139357394
      vertex 251.86575304016461 -76.982742756962949 4.2350651515293327
    endloop
  endfacet
  facet normal 0.0054393905724455828 -0.0044821508272897227 0.99997516136860221
    outer loop
      vertex 294.12502873597589 -57.220494428255591 4.0937743139357394
      vertex 251.8213053219024 -51.338961007227475 4.3502490786245325
      vertex 251.86493608749828 -76.511407968710174 4.2371822414506735
    endloop
  endfacet
  facet normal 0.021117040632594879 0.0091799131418745863 0.99973486474646323
    outer loop
      vertex 251.82999093045163 -292.03587080944493 4.3277407803130288
      vertex 270.85445675746354 -312 4.1092113945089537
      vertex 251.84936273009453 -286.61331230652115 4.2775397791140888
    endloop
  endfacet
  facet normal 0.021117040632595063 0.0091799131418747234 0.99973486474646323
    outer loop
      vertex 251.86742394355878 -281.55761338081015 4.2307350931537151
      vertex 251.84936273009453 -286.61331230652115 4.2775397791140888
      vertex 270.85445675746354 -312 4.1092113945089537
    endloop
  endfacet
  facet normal 0.021117040632594918 0.0091799131418746332 0.99973486474646323
    outer loop
      vertex 270.85445675746354 -312 4.1092113945089537
      vertex 251.88068940101368 -277.84434355336811 4.196358356976706
      vertex 251.86742394355878 -281.55761338081015 4.2307350931537151
    endloop
  endfacet
  facet normal 0.021117040632593974 0.0091799131418737242 0.99973486474646323
    outer loop
      vertex 270.85445675746354 -312 4.1092113945089537
      vertex 251.82999093045163 -292.03587080944493 4.3277407803130288
      vertex 251.79658628951071 -301.38650539737426 4.4143071526087532
    endloop
  endfacet
  facet normal 0.021117040632595039 0.0091799131418794973 0.99973486474646323
    outer loop
      vertex 251.76245970525798 -310.93922651914153 4.5027444030742743
      vertex 251.75867014884719 -312 4.5125648394523594
      vertex 270.85445675746354 -312 4.1092113945089537
    endloop
  endfacet
  facet normal 0.021117040632594803 0.0091799131418752108 0.99973486474646323
    outer loop
      vertex 251.79658628951071 -301.38650539737426 4.4143071526087532
      vertex 251.76245970525798 -310.93922651914153 4.5027444030742743
      vertex 270.85445675746354 -312 4.1092113945089537
    endloop
  endfacet
  facet normal 0.021208708417598077 -0.0089219179348885586 0.99973525999017376
    outer loop
      vertex 251.87184153684865 47.408399940461798 4.2192871321935277
      vertex 270.79282636780738 80 4.1087477988536421
      vertex 251.83107018082129 59.150734811891482 4.3249439596717227
    endloop
  endfacet
  facet normal 0.021208708417598789 -0.0089219179348892074 0.99973525999017376
    outer loop
      vertex 251.83107018082129 59.150734811891482 4.3249439596717227
      vertex 270.79282636780738 80 4.1087477988536421
      vertex 251.7886423985872 71.370127919901563 4.4348933286547725
    endloop
  endfacet
  facet normal 0.021208708417598591 -0.0089219179348887737 0.99973525999017376
    outer loop
      vertex 251.77024275341708 76.669308917403086 4.4825750426034228
      vertex 251.7886423985872 71.370127919901563 4.4348933286547725
      vertex 270.79282636780738 80 4.1087477988536421
    endloop
  endfacet
  facet normal 0.021208708417598629 -0.0089219179348889767 0.99973525999017376
    outer loop
      vertex 270.79282636780738 80 4.1087477988536421
      vertex 251.75867803537483 80 4.5125444019301915
      vertex 251.77024275341708 76.669308917403086 4.4825750426034228
    endloop
  endfacet
  facet normal 0.017874906480717608 0.0087382022861200899 0.9998020461766981
    outer loop
      vertex 251.86116708173745 -193.24565896402444 4.2469494218987931
      vertex 251.80101997554647 -210.95663458564212 4.4028174881429232
      vertex 272.27272299909748 -223.70489092008333 4.1482341579980329
    endloop
  endfacet
  facet normal 0.017874906480716921 0.0087382022861199702 0.9998020461766981
    outer loop
      vertex 251.78207399486519 -216.53548655747434 4.4519150018705202
      vertex 251.75229473708544 -225.30431588222893 4.5290863841407347
      vertex 272.27272299909748 -223.70489092008333 4.1482341579980329
    endloop
  endfacet
  facet normal 0.01787490648071614 0.0087382022861177359 0.9998020461766981
    outer loop
      vertex 251.80101997554647 -210.95663458564212 4.4028174881429232
      vertex 251.78207399486519 -216.53548655747434 4.4519150018705202
      vertex 272.27272299909748 -223.70489092008333 4.1482341579980329
    endloop
  endfacet
  facet normal 0.025591519148161539 -0.011366113533903413 0.99960786592084383
    outer loop
      vertex 251.83662475448352 -33.846012449552617 4.310549573800583
      vertex 269.93752844078642 -8.3243451124138801 4.1373341953890588
      vertex 251.83194345655974 -32.789646173182938 4.3226809114675673
    endloop
  endfacet
  facet normal 0.025591519148157812 -0.011366113533909927 0.99960786592084383
    outer loop
      vertex 269.93752844078642 -8.3243451124138801 4.1373341953890588
      vertex 251.71684313482058 -6.8164865358952405 4.6209573491831035
      vertex 251.71738948611232 -6.9397743695313139 4.6195415085097231
    endloop
  endfacet
  facet normal 0.025591519148158336 -0.01136611353390104 0.99960786592084394
    outer loop
      vertex 269.93752844078642 -8.3243451124138801 4.1373341953890588
      vertex 251.82090181172174 -30.298024953521736 4.3512947540618292
      vertex 251.83194345655974 -32.789646173182938 4.3226809114675673
    endloop
  endfacet
  facet normal 0.025591519148158479 -0.011366113533901084 0.99960786592084383
    outer loop
      vertex 251.71738948611232 -6.9397743695313139 4.6195415085097231
      vertex 251.79713897542069 -24.935781552660305 4.4128748961049409
      vertex 269.93752844078642 -8.3243451124138801 4.1373341953890588
    endloop
  endfacet
  facet normal 0.02559151914815876 -0.011366113533901391 0.99960786592084372
    outer loop
      vertex 251.82090181172174 -30.298024953521736 4.3512947540618292
      vertex 269.93752844078642 -8.3243451124138801 4.1373341953890588
      vertex 251.79713897542069 -24.935781552660305 4.4128748961049409
    endloop
  endfacet
  facet normal 0.019276165178823999 -0.0092470660448304379 0.99977143449168493
    outer loop
      vertex 251.7732058274147 -231.11962208860433 4.4748963919851112
      vertex 251.79255998943106 -236.50195159514391 4.4247410977688579
      vertex 272.27272299909748 -223.70489092008333 4.1482341579980329
    endloop
  endfacet
  facet normal 0.019276165178823856 -0.0092470660448302107 0.99977143449168493
    outer loop
      vertex 251.81128001684976 -241.707930332633 4.3762291300520788
      vertex 272.27272299909748 -223.70489092008333 4.1482341579980329
      vertex 251.79255998943106 -236.50195159514391 4.4247410977688579
    endloop
  endfacet
  facet normal 0.019276165178823936 -0.0092470660448302679 0.99977143449168493
    outer loop
      vertex 272.27272299909748 -223.70489092008333 4.1482341579980329
      vertex 251.75229473708544 -225.30431588222893 4.5290863841407347
      vertex 251.7732058274147 -231.11962208860433 4.4748963919851112
    endloop
  endfacet
  facet normal 0.019276165178824002 -0.009247066044830379 0.99977143449168482
    outer loop
      vertex 251.87724308023326 -260.05204371199557 4.2052893162483418
      vertex 272.27272299909748 -223.70489092008333 4.1482341579980329
      vertex 251.81128001684976 -241.707930332633 4.3762291300520788
    endloop
  endfacet
  facet normal 0.027533064075683088 0.01211452501611286 0.99954748194682497
    outer loop
      vertex 269.93752844078642 -8.3243451124138801 4.1373341953890588
      vertex 251.74040044984935 -1.8331038443577192 4.5599098047214994
      vertex 251.71684313482058 -6.8164865358952405 4.6209573491831035
    endloop
  endfacet
  facet normal 0.027533064075683716 0.012114525016114628 0.99954748194682497
    outer loop
      vertex 251.81530199732435 14.011786577188504 4.3658063789217278
      vertex 251.74040044984935 -1.8331038443577192 4.5599098047214994
      vertex 269.93752844078642 -8.3243451124138801 4.1373341953890588
    endloop
  endfacet
  facet normal 0.027533064075682803 0.012114525016113898 0.99954748194682497
    outer loop
      vertex 269.93752844078642 -8.3243451124138801 4.1373341953890588
      vertex 251.86953899274368 25.485237769911269 4.2252540542918622
      vertex 251.84948020470148 21.241943616025516 4.277235349840951
    endloop
  endfacet
  facet normal 0.027533064075682848 0.012114525016113927 0.99954748194682497
    outer loop
      vertex 251.84948020470148 21.241943616025516 4.277235349840951
      vertex 251.81530199732435 14.011786577188504 4.3658063789217278
      vertex 269.93752844078642 -8.3243451124138801 4.1373341953890588
    endloop
  endfacet
  facet normal 0.060138096335788739 0.018292550604642899 0.99802244061017176
    outer loop
      vertex 260.58684074246088 -97.940570964384307 4.093688090649195
      vertex 251.8302829052451 -81.881136191789111 4.3269841429728064
      vertex 251.72645177868827 -96.220120517919582 4.5960570533296821
    endloop
  endfacet
  facet normal 0.060138096335785651 0.018292550604641217 0.99802244061017198
    outer loop
      vertex 260.58684074246088 -97.940570964384307 4.093688090649195
      vertex 251.84059961483808 -80.456407961862823 4.3002489319861219
      vertex 251.8302829052451 -81.881136191789111 4.3269841429728064
    endloop
  endfacet
  facet normal 0.06013809633579055 0.01829255060464367 0.99802244061017176
    outer loop
      vertex 260.58684074246088 -97.940570964384307 4.093688090649195
      vertex 251.86575304016461 -76.982742756962949 4.2350651515293327
      vertex 251.84059961483808 -80.456407961862823 4.3002489319861219
    endloop
  endfacet
  facet normal 0.031861313613731554 -0.014208222156421145 0.99939130630497341
    outer loop
      vertex 251.70070127027009 -140.92692673985451 4.6627881432543887
      vertex 251.74042612196513 -148.07887844108845 4.559843276781991
      vertex 268.0040747878806 -141.96199489742898 4.1283094344979929
    endloop
  endfacet
  facet normal 0.031861313613731096 -0.014208222156420853 0.99939130630497364
    outer loop
      vertex 268.0040747878806 -141.96199489742898 4.1283094344979929
      vertex 251.76933721571149 -153.28395126782618 4.4849216960007343
      vertex 251.8658677128409 -170.66303322050805 4.2347679833123557
    endloop
  endfacet
  facet normal 0.031861313613731859 -0.014208222156421957 0.99939130630497341
    outer loop
      vertex 251.76933721571149 -153.28395126782618 4.4849216960007343
      vertex 268.0040747878806 -141.96199489742898 4.1283094344979929
      vertex 251.74042612196513 -148.07887844108845 4.559843276781991
    endloop
  endfacet
  facet normal 0.053596251756469537 -0.015520740386686365 0.99844206062019758
    outer loop
      vertex 251.7661624963377 -102.70303086307948 4.4931488144939369
      vertex 260.58684074246088 -97.940570964384307 4.093688090649195
      vertex 251.74455815306686 -99.176048003502444 4.5491353352320978
    endloop
  endfacet
  facet normal 0.053596251756469482 -0.015520740386686263 0.99844206062019758
    outer loop
      vertex 251.7661624963377 -102.70303086307948 4.4931488144939369
      vertex 251.78737087749113 -106.16537155400498 4.4381884087837902
      vertex 260.58684074246088 -97.940570964384307 4.093688090649195
    endloop
  endfacet
  facet normal 0.053596251756469447 -0.015520740386685711 0.99844206062019758
    outer loop
      vertex 251.72645177868827 -96.220120517919582 4.5960570533296821
      vertex 251.74455815306686 -99.176048003502444 4.5491353352320978
      vertex 260.58684074246088 -97.940570964384307 4.093688090649195
    endloop
  endfacet
  facet normal 0.03316933524848039 0.0063747668080752591 0.99942941599060242
    outer loop
      vertex 268.0040747878806 -141.96199489742898 4.1283094344979929
      vertex 260.58684074246088 -97.940570964384307 4.093688090649195
      vertex 251.73410200441248 -127.53051823674488 4.576231895221996
    endloop
  endfacet
  facet normal 0.033169335248480591 0.006374766808075194 0.9994294159906022
    outer loop
      vertex 251.78737087749113 -106.16537155400498 4.4381884087837902
      vertex 251.73410200441248 -127.53051823674488 4.576231895221996
      vertex 260.58684074246088 -97.940570964384307 4.093688090649195
    endloop
  endfacet
  facet normal 0.033169335248480203 0.0063747668080750266 0.99942941599060242
    outer loop
      vertex 251.71884396344109 -133.65023252021331 4.6157723069140051
      vertex 251.70070127027009 -140.92692673985451 4.6627881432543887
      vertex 268.0040747878806 -141.96199489742898 4.1283094344979929
    endloop
  endfacet
  facet normal 0.0331693352484803 0.0063747668080752096 0.99942941599060242
    outer loop
      vertex 268.0040747878806 -141.96199489742898 4.1283094344979929
      vertex 251.73308275037849 -127.93932192798908 4.5788732385109583
      vertex 251.71884396344109 -133.65023252021331 4.6157723069140051
    endloop
  endfacet
  facet normal 0.033169335248478753 0.0063747668080733977 0.99942941599060253
    outer loop
      vertex 251.73308275037849 -127.93932192798908 4.5788732385109583
      vertex 268.0040747878806 -141.96199489742898 4.1283094344979929
      vertex 251.73410200441248 -127.53051823674488 4.576231895221996
    endloop
  endfacet
  facet normal -0.18722565675554181 0.01066276408224442 0.98225905896284937
    outer loop
      vertex 387.49171583894821 -88.649070697908599 10.709281061538377
      vertex 387.43314986769349 -77.09437069310215 10.572687673674162
      vertex 377.60836102895337 -87.006785156605446 8.8076148142408073
    endloop
  endfacet
  facet normal -0.18722565675554215 0.01066276408224474 0.98225905896284937
    outer loop
      vertex 387.40223452051646 -70.99495962662742 10.500583754880804
      vertex 377.60836102895337 -87.006785156605446 8.8076148142408073
      vertex 387.43314986769349 -77.09437069310215 10.572687673674162
    endloop
  endfacet
  facet normal -0.18489158735509056 0.0082339572871695868 0.98272442875544097
    outer loop
      vertex 387.48067390217068 -312 10.683530215719866
      vertex 387.39546981793927 -290.19576650952126 10.484808539623875
      vertex 374.50529026723541 -312 8.2423175963870179
    endloop
  endfacet
  facet normal -0.14370524263856804 -0.016809054981286282 0.9894777708007525
    outer loop
      vertex 349.12612851086158 -267.08581841278988 5.3194084257406331
      vertex 387.39546981793927 -290.19576650952126 10.484808539623875
      vertex 387.4078572608305 -288.60096419499462 10.513699800366783
    endloop
  endfacet
  facet normal -0.14370524263856807 -0.016809054981285661 0.98947777080075261
    outer loop
      vertex 387.5094201510077 -275.52582501964247 10.750568035287097
      vertex 387.57015396944979 -267.70674834211547 10.892217561963781
      vertex 349.12612851086158 -267.08581841278988 5.3194084257406331
    endloop
  endfacet
  facet normal -0.14370524263856826 -0.016809054981286802 0.98947777080075228
    outer loop
      vertex 387.5094201510077 -275.52582501964247 10.750568035287097
      vertex 349.12612851086158 -267.08581841278988 5.3194084257406331
      vertex 387.4078572608305 -288.60096419499462 10.513699800366783
    endloop
  endfacet
  facet normal -0.14370524263856829 -0.01680905498128682 0.98947777080075228
    outer loop
      vertex 374.50529026723541 -312 8.2423175963870179
      vertex 387.39546981793927 -290.19576650952126 10.484808539623875
      vertex 349.12612851086158 -267.08581841278988 5.3194084257406331
    endloop
  endfacet
  facet normal -0.18485776903439352 -0.0081109277916482005 0.98273181391363607
    outer loop
      vertex 374.46472395995733 80 8.235790287730488
      vertex 387.39571521955048 57.850040087908596 10.485373987898599
      vertex 387.44415969692784 70.436468099467064 10.59836813868764
    endloop
  endfacet
  facet normal -0.18485776903439277 -0.0081109277916471146 0.98273181391363629
    outer loop
      vertex 387.44415969692784 70.436468099467064 10.59836813868764
      vertex 387.48097168741498 80 10.68422482707294
      vertex 374.46472395995733 80 8.235790287730488
    endloop
  endfacet
  facet normal -0.14288107084608809 0.017091533544835457 0.98959227921147441
    outer loop
      vertex 348.33514664276572 35.474277863470149 5.2321198097231871
      vertex 387.56868806980663 35.937940913804987 10.888798643214189
      vertex 387.39633210987108 57.771895249818833 10.48681271888012
    endloop
  endfacet
  facet normal -0.14288107084608814 0.017091533544835575 0.98959227921147441
    outer loop
      vertex 387.39633210987108 57.771895249818833 10.48681271888012
      vertex 374.46472395995733 80 8.235790287730488
      vertex 348.33514664276572 35.474277863470149 5.2321198097231871
    endloop
  endfacet
  facet normal -0.14288107084594462 0.017091533544921045 0.98959227921149384
    outer loop
      vertex 387.39571521955048 57.850040087908596 10.485373987898599
      vertex 374.46472395995733 80 8.235790287730488
      vertex 387.39633210987108 57.771895249818833 10.48681271888012
    endloop
  endfacet
  facet normal -0.14319142495175316 0.015818363680021482 0.98956859044271051
    outer loop
      vertex 349.12612851086158 -267.08581841278988 5.3194084257406331
      vertex 387.4022367616422 -244.72688555869789 10.500584142281783
      vertex 374.53408267046069 -222.05853323711466 8.2761950669576407
    endloop
  endfacet
  facet normal -0.14319142495175302 0.015818363680021243 0.98956859044271051
    outer loop
      vertex 349.12612851086158 -267.08581841278988 5.3194084257406331
      vertex 387.57015396944979 -267.70674834211547 10.892217561963781
      vertex 387.4022367616422 -244.72688555869789 10.500584142281783
    endloop
  endfacet
  facet normal -0.14248878858481057 -0.016843852021218575 0.98965308556924159
    outer loop
      vertex 348.33514664276572 35.474277863470149 5.2321198097231871
      vertex 373.86490846625696 -8.4350933803949886 8.1605216161447061
      vertex 387.40223535696356 14.536644277674025 10.50058389946904
    endloop
  endfacet
  facet normal -0.14248878858481057 -0.016843852021218544 0.98965308556924159
    outer loop
      vertex 387.4734487008817 23.692643587743671 10.666671797327327
      vertex 348.33514664276572 35.474277863470149 5.2321198097231871
      vertex 387.40223535696356 14.536644277674025 10.50058389946904
    endloop
  endfacet
  facet normal -0.14248878858481062 -0.016843852021218752 0.98965308556924159
    outer loop
      vertex 348.33514664276572 35.474277863470149 5.2321198097231871
      vertex 387.4734487008817 23.692643587743671 10.666671797327327
      vertex 387.56868806980663 35.937940913804987 10.888798643214189
    endloop
  endfacet
  facet normal -0.18524618853105962 0.0090665872407349711 0.98265031757513888
    outer loop
      vertex 387.41810628290654 10.848955421540696 10.537600914188957
      vertex 373.86490846625696 -8.4350933803949886 8.1605216161447061
      vertex 387.49901246838192 -7.9493220191024303 10.726298543002224
    endloop
  endfacet
  facet normal -0.18524618853105787 0.0090665872407337169 0.98265031757513932
    outer loop
      vertex 387.40223535696356 14.536644277674025 10.50058389946904
      vertex 373.86490846625696 -8.4350933803949886 8.1605216161447061
      vertex 387.41810628290654 10.848955421540696 10.537600914188957
    endloop
  endfacet
  facet normal -0.18650835499670371 -0.0094740591643507465 0.982407693230959
    outer loop
      vertex 387.47329387743116 -228.94034204693429 10.666315125588914
      vertex 387.50076868163029 -222.83652286445422 10.730394656960776
      vertex 374.53408267046069 -222.05853323711466 8.2761950669576407
    endloop
  endfacet
  facet normal -0.18650835499670351 -0.0094740591643503857 0.98240769323095911
    outer loop
      vertex 374.53408267046069 -222.05853323711466 8.2761950669576407
      vertex 387.41626505774263 -241.61035218648368 10.533302346960561
      vertex 387.47329387743116 -228.94034204693429 10.666315125588914
    endloop
  endfacet
  facet normal -0.18650835499670723 -0.0094740591643529409 0.98240769323095822
    outer loop
      vertex 387.41626505774263 -241.61035218648368 10.533302346960561
      vertex 374.53408267046069 -222.05853323711466 8.2761950669576407
      vertex 387.4022367616422 -244.72688555869789 10.500584142281783
    endloop
  endfacet
  facet normal -0.1853860343342332 0.0098887196073138076 0.98261601426923362
    outer loop
      vertex 387.50076868163029 -222.83652286445422 10.730394656960776
      vertex 387.40223474520485 -201.84806055652888 10.500583793720429
      vertex 374.53408267046069 -222.05853323711466 8.2761950669576407
    endloop
  endfacet
  facet normal -0.14694383328874125 -0.015293261222002237 0.9890266053143395
    outer loop
      vertex 350.8173873682926 -173.32648930005695 5.5060468948976933
      vertex 387.40223474520485 -201.84806055652888 10.500583793720429
      vertex 387.4727286951495 -191.89267351369074 10.664996950016775
    endloop
  endfacet
  facet normal -0.14694383328873967 -0.01529326122199462 0.98902660531433972
    outer loop
      vertex 387.56747653875937 -178.51203830935654 10.885978023384965
      vertex 387.57169363732328 -177.91648577500683 10.895813569825576
      vertex 350.8173873682926 -173.32648930005695 5.5060468948976933
    endloop
  endfacet
  facet normal -0.14694383328874053 -0.015293261222000899 0.98902660531433961
    outer loop
      vertex 387.56747653875937 -178.51203830935654 10.885978023384965
      vertex 350.8173873682926 -173.32648930005695 5.5060468948976933
      vertex 387.4727286951495 -191.89267351369074 10.664996950016775
    endloop
  endfacet
  facet normal -0.1469438332887405 -0.015293261222001342 0.98902660531433961
    outer loop
      vertex 374.53408267046069 -222.05853323711466 8.2761950669576407
      vertex 387.40223474520485 -201.84806055652888 10.500583793720429
      vertex 350.8173873682926 -173.32648930005695 5.5060468948976933
    endloop
  endfacet
  facet normal -0.18460990114483991 -0.0094075481213237253 0.98276685049793833
    outer loop
      vertex 373.86490846625696 -8.4350933803949886 8.1605216161447061
      vertex 387.40223472117862 -29.629662567955123 10.500583789567251
      vertex 387.41712036815369 -26.294963564362366 10.535301463597147
    endloop
  endfacet
  facet normal -0.18460990114483772 -0.0094075481213219438 0.98276685049793899
    outer loop
      vertex 373.86490846625696 -8.4350933803949886 8.1605216161447061
      vertex 387.41712036815369 -26.294963564362366 10.535301463597147
      vertex 387.49901246838192 -7.9493220191024303 10.726298543002224
    endloop
  endfacet
  facet normal -0.14343161458854992 0.017637447598880224 0.98950305324375754
    outer loop
      vertex 346.53481352415173 -55.252937190953332 5.0334444764029769
      vertex 387.57753607541429 -51.141879243417833 10.909439880814874
      vertex 387.48392018874847 -39.653759421520405 10.691099383091551
    endloop
  endfacet
  facet normal -0.14343161458854997 0.017637447598881039 0.98950305324375742
    outer loop
      vertex 346.53481352415173 -55.252937190953332 5.0334444764029769
      vertex 387.40223472117862 -29.629662567955123 10.500583789567251
      vertex 373.86490846625696 -8.4350933803949886 8.1605216161447061
    endloop
  endfacet
  facet normal -0.14343161458855058 0.017637447598882052 0.98950305324375731
    outer loop
      vertex 387.48392018874847 -39.653759421520405 10.691099383091551
      vertex 387.40223472117862 -29.629662567955123 10.500583789567251
      vertex 346.53481352415173 -55.252937190953332 5.0334444764029769
    endloop
  endfacet
  facet normal -0.14404167317590436 0.0085424147286211685 0.98953475105187194
    outer loop
      vertex 387.40223454807551 -134.99133255726716 10.500583759644655
      vertex 386.74276521486627 -132.90623061358056 10.386587892800996
      vertex 387.42657250712671 -141.15631262905549 10.557347301147987
    endloop
  endfacet
  facet normal -0.1440416731758967 0.0085424147286218086 0.98953475105187305
    outer loop
      vertex 350.8173873682926 -173.32648930005695 5.5060468948976933
      vertex 387.42657250712671 -141.15631262905549 10.557347301147987
      vertex 386.74276521486627 -132.90623061358056 10.386587892800996
    endloop
  endfacet
  facet normal -0.14404167317589631 0.0085424147286212813 0.98953475105187327
    outer loop
      vertex 387.42657250712671 -141.15631262905549 10.557347301147987
      vertex 350.8173873682926 -173.32648930005695 5.5060468948976933
      vertex 387.57169363732328 -177.91648577500683 10.895813569825576
    endloop
  endfacet
  facet normal -0.1954100047144913 0.0037965096126552108 0.98071428896098134
    outer loop
      vertex 387.4106112645722 -133.02576059130706 10.520120765631647
      vertex 387.40944830268381 -132.38495584709824 10.517408379578688
      vertex 386.74276521486627 -132.90623061358056 10.386587892800996
    endloop
  endfacet
  facet normal -0.19758870277400109 -0.0089011750034125401 0.98024459887297832
    outer loop
      vertex 386.74276521486627 -132.90623061358056 10.386587892800996
      vertex 387.40223454807551 -134.99133255726716 10.500583759644655
      vertex 387.4106112645722 -133.02576059130706 10.520120765631647
    endloop
  endfacet
  facet normal -0.1398164715140511 -0.019153416599106517 0.98999217215387192
    outer loop
      vertex 387.40223452051646 -70.99495962662742 10.500583754880804
      vertex 346.53481352415173 -55.252937190953332 5.0334444764029769
      vertex 377.60836102895337 -87.006785156605446 8.8076148142408073
    endloop
  endfacet
  facet normal -0.1398164715140508 -0.019153416599105695 0.98999217215387192
    outer loop
      vertex 346.53481352415173 -55.252937190953332 5.0334444764029769
      vertex 387.40223452051646 -70.99495962662742 10.500583754880804
      vertex 387.57753607541429 -51.141879243417833 10.909439880814874
    endloop
  endfacet
  facet normal -0.18957678335010261 -0.003950890730849181 0.98185794984664709
    outer loop
      vertex 387.41795464747946 -127.86274139038687 10.537247685933952
      vertex 386.74276521486627 -132.90623061358056 10.386587892800996
      vertex 387.40944830268381 -132.38495584709824 10.517408379578688
    endloop
  endfacet
  facet normal -0.18957678335011247 -0.0039508907308478045 0.98185794984664521
    outer loop
      vertex 377.60836102895337 -87.006785156605446 8.8076148142408073
      vertex 386.74276521486627 -132.90623061358056 10.386587892800996
      vertex 387.41795464747946 -127.86274139038687 10.537247685933952
    endloop
  endfacet
  facet normal -0.18957678335011341 -0.003950890730847042 0.98185794984664498
    outer loop
      vertex 387.48820146017954 -90.51742524860785 10.70108444888174
      vertex 387.49171583894821 -88.649070697908599 10.709281061538377
      vertex 377.60836102895337 -87.006785156605446 8.8076148142408073
    endloop
  endfacet
  facet normal -0.1895767833501138 -0.0039508907308481306 0.98185794984664498
    outer loop
      vertex 387.41795464747946 -127.86274139038687 10.537247685933952
      vertex 387.48820146017954 -90.51742524860785 10.70108444888174
      vertex 377.60836102895337 -87.006785156605446 8.8076148142408073
    endloop
  endfacet
  facet normal 0.28491062898037389 0 0.95855408480377768
    outer loop
      vertex 68.842331911143631 2.1542160756794999 120.55319374769429
      vertex 37.340591430664062 12.072640740808918 129.91644287109375
      vertex 37.340591430664062 -26.874695034872229 129.91644287109375
    endloop
  endfacet
  facet normal 0.44570679664968127 -0.045522941255755962 0.8940207566045123
    outer loop
      vertex 172.47767807672494 -1.5234333489151766 50.414461217515417
      vertex 197.42891747879548 38.426979167739773 40.009471584470113
      vertex 156.75110788127586 40.140069877083874 60.376293052149094
    endloop
  endfacet
  facet normal 0.28156066435355837 0.044120058758221878 0.95852856645170137
    outer loop
      vertex 198.79833513774309 -270.67338887779732 39.6342466724658
      vertex 176.64965668768795 -312 48.042477174948942
      vertex 220.45940583662798 -312 35.173687962749874
    endloop
  endfacet
  facet normal 0.24161367517711846 0 0.97037252226524118
    outer loop
      vertex 37.340591430664062 47.597276749216839 129.91644287109375
      vertex 59.471512427317535 45.617221749987095 124.40605069245545
      vertex 37.340591430664062 80 129.91644287109375
    endloop
  endfacet
  facet normal 0.43535303440247713 0.048512862841573988 0.89895174374127018
    outer loop
      vertex 175.21422775727314 -231.12005871452848 48.921249549703809
      vertex 157.97592106292012 -272.83634677183625 59.520845973506191
      vertex 198.79833513774309 -270.67338887779732 39.6342466724658
    endloop
  endfacet
  facet normal 0.29330021071241552 0.035675586346095023 0.9553545095591035
    outer loop
      vertex 70.691728173141357 80 119.67742129722635
      vertex 37.340591430664062 80 129.91644287109375
      vertex 59.471512427317535 45.617221749987095 124.40605069245545
    endloop
  endfacet
  facet normal 0.27748957994317569 -0.025307977106760766 0.96039525161139949
    outer loop
      vertex 59.471512427317535 45.617221749987095 124.40605069245545
      vertex 37.340591430664062 12.072640740808918 129.91644287109375
      vertex 68.842331911143631 2.1542160756794999 120.55319374769429
    endloop
  endfacet
  facet normal 0.53262237525994582 0.00027176618146344979 0.84635295918168574
    outer loop
      vertex 108.36607115613333 -116.21111996827653 96.132614260470916
      vertex 74.73468008802611 -91.633753487782997 117.28945184542543
      vertex 74.942406572154511 -140.42401812814035 117.17439319476375
    endloop
  endfacet
  facet normal 0.29325151375886788 -0.03690266550808978 0.95532284750053498
    outer loop
      vertex 70.685288267156452 -312 119.68075883117399
      vertex 60.100680418183458 -279.71681013046003 124.17692265975101
      vertex 37.340591430664062 -312 129.91644287109375
    endloop
  endfacet
  facet normal 0.60123555379981075 -0.0036301199257387389 0.7990635963903997
    outer loop
      vertex 146.24476189327052 -192.17890032529337 67.714247213113538
      vertex 106.85104776466899 -221.47164693081515 97.221992846527471
      vertex 141.17589833047461 -238.32695163810067 71.318538590819514
    endloop
  endfacet
  facet normal 0.55418786591136304 0.020353473874286418 0.83214274339073424
    outer loop
      vertex 157.97592106292012 -272.83634677183625 59.520845973506191
      vertex 137.73561543144851 -312 73.958330733808694
      vertex 176.64965668768795 -312 48.042477174948942
    endloop
  endfacet
  facet normal 0.43960341766917799 -0.053178269660698725 0.89661636545931522
    outer loop
      vertex 157.97592106292012 -272.83634677183625 59.520845973506191
      vertex 176.64965668768795 -312 48.042477174948942
      vertex 198.79833513774309 -270.67338887779732 39.6342466724658
    endloop
  endfacet
  facet normal 0.31992617191556172 0 0.9474424755748786
    outer loop
      vertex 74.73468008802611 -91.633753487782997 117.28945184542543
      vertex 37.340591430664062 -69.574497709903198 129.91644287109375
      vertex 37.340591430664062 -116.13702406772869 129.91644287109375
    endloop
  endfacet
  facet normal 0.51606163246976455 -0.01696137348574811 0.85638350246961115
    outer loop
      vertex 90.112269209333434 -271.71210093447854 108.77188287894961
      vertex 70.685288267156452 -312 119.68075883117399
      vertex 103.74911349547786 -312 99.756307257998088
    endloop
  endfacet
  facet normal 0.31773829530719128 -0.0041249584851783773 0.94816947873931057
    outer loop
      vertex 74.73468008802611 -91.633753487782997 117.28945184542543
      vertex 73.774136381649669 -43.327118856895083 117.82149215420434
      vertex 37.340591430664062 -69.574497709903198 129.91644287109375
    endloop
  endfacet
  facet normal 0.60462308387326402 0.0038141186847992373 0.79650259192688277
    outer loop
      vertex 121.01773980595944 37.951372452316718 86.849993861289448
      vertex 137.75668796468284 80 73.942147713984497
      vertex 103.76230898593842 80 99.747194001105314
    endloop
  endfacet
  facet normal 0.31506552385891295 0 0.94906992138382984
    outer loop
      vertex 73.774136381649669 -43.327118856895083 117.82149215420434
      vertex 37.340591430664062 -26.874695034872229 129.91644287109375
      vertex 37.340591430664062 -69.574497709903198 129.91644287109375
    endloop
  endfacet
  facet normal 0.3187609192133975 0.0041006210859265649 0.94782628223158039
    outer loop
      vertex 73.988859893285195 -188.38137753353504 117.70255788533737
      vertex 74.942406572154511 -140.42401812814035 117.17439319476375
      vertex 37.340591430664062 -162.67928439632553 129.91644287109375
    endloop
  endfacet
  facet normal 0.6046072935814456 -0.0036268329798858465 0.79651545285113934
    outer loop
      vertex 122.02609032982629 -270.23033167062761 86.073080085194931
      vertex 103.74911349547786 -312 99.756307257998088
      vertex 137.73561543144851 -312 73.958330733808694
    endloop
  endfacet
  facet normal 0.28160705056440111 -0.044363185809302881 0.95850371768567899
    outer loop
      vertex 197.42891747879548 38.426979167739773 40.009471584470113
      vertex 220.42553017632045 80 35.177255974425762
      vertex 176.66834398170303 80 48.03305602809273
    endloop
  endfacet
  facet normal 0.59572962965560594 -0.012142193323604418 0.80309325454251368
    outer loop
      vertex 138.53451452453098 4.7165508680072321 73.353671630589261
      vertex 156.75110788127586 40.140069877083874 60.376293052149094
      vertex 121.01773980595944 37.951372452316718 86.849993861289448
    endloop
  endfacet
  facet normal 0.45705183245839887 0.01971577659889991 0.88922151941994854
    outer loop
      vertex 59.471512427317535 45.617221749987095 124.40605069245545
      vertex 68.842331911143631 2.1542160756794999 120.55319374769429
      vertex 89.523417510000328 39.375008448779909 109.09804486185411
    endloop
  endfacet
  facet normal 0.30515930080877357 -0.02408866500042996 0.9519966057441579
    outer loop
      vertex 68.842331911143631 2.1542160756794999 120.55319374769429
      vertex 37.340591430664062 -26.874695034872229 129.91644287109375
      vertex 73.774136381649669 -43.327118856895083 117.82149215420434
    endloop
  endfacet
  facet normal 0.28787488167217706 0 0.95766802833875064
    outer loop
      vertex 69.26148677423248 -234.67307270357256 120.32102598551589
      vertex 37.340591430664062 -205.35678465252599 129.91644287109375
      vertex 37.340591430664062 -244.28377794903778 129.91644287109375
    endloop
  endfacet
  facet normal 0.5791268915217036 0.013618337986020645 0.81512366202123421
    outer loop
      vertex 122.02609032982629 -270.23033167062761 86.073080085194931
      vertex 90.112269209333434 -271.71210093447854 108.77188287894961
      vertex 103.74911349547786 -312 99.756307257998088
    endloop
  endfacet
  facet normal 0.59360451815782267 -0.01013677323803493 0.80469306064544865
    outer loop
      vertex 122.02609032982629 -270.23033167062761 86.073080085194931
      vertex 137.73561543144851 -312 73.958330733808694
      vertex 157.97592106292012 -272.83634677183625 59.520845973506191
    endloop
  endfacet
  facet normal 0.45149451125963441 0.023805292023664732 0.89195628501294388
    outer loop
      vertex 90.112269209333434 -271.71210093447854 108.77188287894961
      vertex 60.100680418183458 -279.71681013046003 124.17692265975101
      vertex 70.685288267156452 -312 119.68075883117399
    endloop
  endfacet
  facet normal 0.46030410608877587 -0.017634334351334435 0.88758614239396416
    outer loop
      vertex 60.100680418183458 -279.71681013046003 124.17692265975101
      vertex 90.112269209333434 -271.71210093447854 108.77188287894961
      vertex 69.26148677423248 -234.67307270357256 120.32102598551589
    endloop
  endfacet
  facet normal 0.28087226364496964 0.025006924352947425 0.95941931669596714
    outer loop
      vertex 60.100680418183458 -279.71681013046003 124.17692265975101
      vertex 69.26148677423248 -234.67307270357256 120.32102598551589
      vertex 37.340591430664062 -244.28377794903778 129.91644287109375
    endloop
  endfacet
  facet normal 0.55412410099390352 -0.019177569308147808 0.83221313467952984
    outer loop
      vertex 156.75110788127586 40.140069877083874 60.376293052149094
      vertex 176.66834398170303 80 48.03305602809273
      vertex 137.75668796468284 80 73.942147713984497
    endloop
  endfacet
  facet normal 0.59487163897566464 0.0099236959198745357 0.80375944996105431
    outer loop
      vertex 156.75110788127586 40.140069877083874 60.376293052149094
      vertex 137.75668796468284 80 73.942147713984497
      vertex 121.01773980595944 37.951372452316718 86.849993861289448
    endloop
  endfacet
  facet normal 0.44884855069515739 0.051970027536886683 0.89209533951067821
    outer loop
      vertex 197.42891747879548 38.426979167739773 40.009471584470113
      vertex 176.66834398170303 80 48.03305602809273
      vertex 156.75110788127586 40.140069877083874 60.376293052149094
    endloop
  endfacet
  facet normal 0.51610032638251557 0.016224822510817156 0.85637445562227821
    outer loop
      vertex 89.523417510000328 39.375008448779909 109.09804486185411
      vertex 103.76230898593842 80 99.747194001105314
      vertex 70.691728173141357 80 119.67742129722635
    endloop
  endfacet
  facet normal 0.57649415501121859 -0.01401031219803855 0.81698115057204013
    outer loop
      vertex 89.523417510000328 39.375008448779909 109.09804486185411
      vertex 121.01773980595944 37.951372452316718 86.849993861289448
      vertex 103.76230898593842 80 99.747194001105314
    endloop
  endfacet
  facet normal 0.32094149537901162 0 0.94709902150930558
    outer loop
      vertex 74.942406572154511 -140.42401812814035 117.17439319476375
      vertex 37.340591430664062 -116.13702406772869 129.91644287109375
      vertex 37.340591430664062 -162.67928439632553 129.91644287109375
    endloop
  endfacet
  facet normal 0.32043750697803164 -0.00086960311222480935 0.9472692584012905
    outer loop
      vertex 74.942406572154511 -140.42401812814035 117.17439319476375
      vertex 74.73468008802611 -91.633753487782997 117.28945184542543
      vertex 37.340591430664062 -116.13702406772869 129.91644287109375
    endloop
  endfacet
  facet normal 0.3161764051300055 0 0.94870041680135608
    outer loop
      vertex 73.988859893285195 -188.38137753353504 117.70255788533737
      vertex 37.340591430664062 -162.67928439632553 129.91644287109375
      vertex 37.340591430664062 -205.35678465252599 129.91644287109375
    endloop
  endfacet
  facet normal 0.30669959717799344 0.022502838513542189 0.95154031935052019
    outer loop
      vertex 73.988859893285195 -188.38137753353504 117.70255788533737
      vertex 37.340591430664062 -205.35678465252599 129.91644287109375
      vertex 69.26148677423248 -234.67307270357256 120.32102598551589
    endloop
  endfacet
  facet normal 0.53239881250119236 -0.00015525516322169203 0.84649363869030625
    outer loop
      vertex 108.36607115613333 -116.21111996827653 96.132614260470916
      vertex 108.26170761627576 -64.939904449368953 96.207656933822648
      vertex 74.73468008802611 -91.633753487782997 117.28945184542543
    endloop
  endfacet
  facet normal 0.59473733168783049 0.014743630180935946 0.80378487897317841
    outer loop
      vertex 141.17589833047461 -238.32695163810067 71.318538590819514
      vertex 122.02609032982629 -270.23033167062761 86.073080085194931
      vertex 157.97592106292012 -272.83634677183625 59.520845973506191
    endloop
  endfacet
  facet normal 0.52303001122155535 0.0055245172618465293 0.85229636105676487
    outer loop
      vertex 106.07504227610636 -9.4844135320170153 97.779980113697917
      vertex 68.842331911143631 2.1542160756794999 120.55319374769429
      vertex 73.774136381649669 -43.327118856895083 117.82149215420434
    endloop
  endfacet
  facet normal 0.30797533851758463 0.055025984585996224 0.94980173293446934
    outer loop
      vertex 172.47767807672494 -1.5234333489151766 50.414461217515417
      vertex 218.96565982518644 -4.1061520004320471 35.490256735935063
      vertex 197.42891747879548 38.426979167739773 40.009471584470113
    endloop
  endfacet
  facet normal 0.53377587987667041 -0.001300133250737786 0.84562498763660987
    outer loop
      vertex 109.47095655906828 -167.1669637580963 95.338145670226609
      vertex 74.942406572154511 -140.42401812814035 117.17439319476375
      vertex 73.988859893285195 -188.38137753353504 117.70255788533737
    endloop
  endfacet
  facet normal 0.55200902942062446 -0.016277514030033607 0.83367923926118148
    outer loop
      vertex 175.21422775727314 -231.12005871452848 48.921249549703809
      vertex 141.17589833047461 -238.32695163810067 71.318538590819514
      vertex 157.97592106292012 -272.83634677183625 59.520845973506191
    endloop
  endfacet
  facet normal 0.56167152000222265 0.014217700864044086 0.82723815228779995
    outer loop
      vertex 138.53451452453098 4.7165508680072321 73.353671630589261
      vertex 172.47767807672494 -1.5234333489151766 50.414461217515417
      vertex 156.75110788127586 40.140069877083874 60.376293052149094
    endloop
  endfacet
  facet normal 0.54893503579085912 0.0049876566883480964 0.83585013594665847
    outer loop
      vertex 146.24476189327052 -192.17890032529337 67.714247213113538
      vertex 141.17589833047461 -238.32695163810067 71.318538590819514
      vertex 175.21422775727314 -231.12005871452848 48.921249549703809
    endloop
  endfacet
  facet normal 0.57715323645182026 0.0063522198345562211 0.8166111626449658
    outer loop
      vertex 106.07504227610636 -9.4844135320170153 97.779980113697917
      vertex 121.01773980595944 37.951372452316718 86.849993861289448
      vertex 89.523417510000328 39.375008448779909 109.09804486185411
    endloop
  endfacet
  facet normal 0.51630437715420296 -0.023404948589119411 0.85608527525764122
    outer loop
      vertex 106.07504227610636 -9.4844135320170153 97.779980113697917
      vertex 89.523417510000328 39.375008448779909 109.09804486185411
      vertex 68.842331911143631 2.1542160756794999 120.55319374769429
    endloop
  endfacet
  facet normal 0.52493921607524296 -0.0054642040177512938 0.85112217801016188
    outer loop
      vertex 106.85104776466899 -221.47164693081515 97.221992846527471
      vertex 73.988859893285195 -188.38137753353504 117.70255788533737
      vertex 69.26148677423248 -234.67307270357256 120.32102598551589
    endloop
  endfacet
  facet normal 0.28922105408409238 -0.051979485536810761 0.95585004836418508
    outer loop
      vertex 175.21422775727314 -231.12005871452848 48.921249549703809
      vertex 198.79833513774309 -270.67338887779732 39.6342466724658
      vertex 221.54853832709034 -227.65848906691539 35.089657914116835
    endloop
  endfacet
  facet normal 0.53160103919800938 0.0012418811045617918 0.8469939745092161
    outer loop
      vertex 108.26170761627576 -64.939904449368953 96.207656933822648
      vertex 73.774136381649669 -43.327118856895083 117.82149215420434
      vertex 74.73468008802611 -91.633753487782997 117.28945184542543
    endloop
  endfacet
  facet normal 0.52961452992852276 -0.0031666103249160713 0.84823252841873487
    outer loop
      vertex 108.26170761627576 -64.939904449368953 96.207656933822648
      vertex 106.07504227610636 -9.4844135320170153 97.779980113697917
      vertex 73.774136381649669 -43.327118856895083 117.82149215420434
    endloop
  endfacet
  facet normal 0.60298800079057002 -0.0061372655361343446 0.79772664796553627
    outer loop
      vertex 138.53451452453098 4.7165508680072321 73.353671630589261
      vertex 121.01773980595944 37.951372452316718 86.849993861289448
      vertex 106.07504227610636 -9.4844135320170153 97.779980113697917
    endloop
  endfacet
  facet normal 0.53360080313330926 -0.0016159500648608069 0.84573492986920851
    outer loop
      vertex 108.36607115613333 -116.21111996827653 96.132614260470916
      vertex 74.942406572154511 -140.42401812814035 117.17439319476375
      vertex 109.47095655906828 -167.1669637580963 95.338145670226609
    endloop
  endfacet
  facet normal 0.6000831126517695 -0.0012007145301637541 0.7999367576219889
    outer loop
      vertex 146.24476189327052 -192.17890032529337 67.714247213113538
      vertex 109.47095655906828 -167.1669637580963 95.338145670226609
      vertex 106.85104776466899 -221.47164693081515 97.221992846527471
    endloop
  endfacet
  facet normal 0.5316176080608791 0.0037341931811821212 0.84697625385893516
    outer loop
      vertex 106.85104776466899 -221.47164693081515 97.221992846527471
      vertex 109.47095655906828 -167.1669637580963 95.338145670226609
      vertex 73.988859893285195 -188.38137753353504 117.70255788533737
    endloop
  endfacet
  facet normal 0.51717184548148809 0.024372872082712244 0.85553447934476112
    outer loop
      vertex 106.85104776466899 -221.47164693081515 97.221992846527471
      vertex 69.26148677423248 -234.67307270357256 120.32102598551589
      vertex 90.112269209333434 -271.71210093447854 108.77188287894961
    endloop
  endfacet
  facet normal 0.57977125787141193 -0.0058577241897789321 0.81475823138739589
    outer loop
      vertex 106.85104776466899 -221.47164693081515 97.221992846527471
      vertex 90.112269209333434 -271.71210093447854 108.77188287894961
      vertex 122.02609032982629 -270.23033167062761 86.073080085194931
    endloop
  endfacet
  facet normal 0.6041928667432116 0.0058453769014138873 0.79681667361162811
    outer loop
      vertex 106.85104776466899 -221.47164693081515 97.221992846527471
      vertex 122.02609032982629 -270.23033167062761 86.073080085194931
      vertex 141.17589833047461 -238.32695163810067 71.318538590819514
    endloop
  endfacet
  facet normal 0.30231984100237008 -0.05669428249961924 0.95151903400202931
    outer loop
      vertex 190.26371024848038 -42.684246069258421 42.310941595759999
      vertex 218.96565982518644 -4.1061520004320471 35.490256735935063
      vertex 172.47767807672494 -1.5234333489151766 50.414461217515417
    endloop
  endfacet
  facet normal 0.60194536400599707 0.0030894908240297579 0.79853129794525657
    outer loop
      vertex 140.21527310888493 -140.30741289738549 72.05868098243036
      vertex 109.47095655906828 -167.1669637580963 95.338145670226609
      vertex 146.24476189327052 -192.17890032529337 67.714247213113538
    endloop
  endfacet
  facet normal 0.60156491821880054 -0.0009982139644144582 0.79882329256055706
    outer loop
      vertex 141.70880939425621 -39.524349875771748 70.907941346026703
      vertex 138.53451452453098 4.7165508680072321 73.353671630589261
      vertex 106.07504227610636 -9.4844135320170153 97.779980113697917
    endloop
  endfacet
  facet normal 0.60271455265333151 0.0011412796039626785 0.79795605486816146
    outer loop
      vertex 141.70880939425621 -39.524349875771748 70.907941346026703
      vertex 106.07504227610636 -9.4844135320170153 97.779980113697917
      vertex 108.26170761627576 -64.939904449368953 96.207656933822648
    endloop
  endfacet
  facet normal 0.50381480497314735 -0.058142408589191806 0.86185271515109663
    outer loop
      vertex 170.57449728869986 -77.781861602782158 51.452941088293663
      vertex 190.26371024848038 -42.684246069258421 42.310941595759999
      vertex 141.70880939425621 -39.524349875771748 70.907941346026703
    endloop
  endfacet
  facet normal 0.49285097772143421 -0.052505307008430119 0.86852812648467337
    outer loop
      vertex 146.24476189327052 -192.17890032529337 67.714247213113538
      vertex 175.21422775727314 -231.12005871452848 48.921249549703809
      vertex 193.48820188266237 -189.14285640109716 41.089240530877156
    endloop
  endfacet
  facet normal 0.28174649326255186 0.056060423718005681 0.95784974940061074
    outer loop
      vertex 193.48820188266237 -189.14285640109716 41.089240530877156
      vertex 175.21422775727314 -231.12005871452848 48.921249549703809
      vertex 221.54853832709034 -227.65848906691539 35.089657914116835
    endloop
  endfacet
  facet normal 0.55920572916673261 -0.0057062407892333631 0.82900928298973731
    outer loop
      vertex 141.70880939425621 -39.524349875771748 70.907941346026703
      vertex 172.47767807672494 -1.5234333489151766 50.414461217515417
      vertex 138.53451452453098 4.7165508680072321 73.353671630589261
    endloop
  endfacet
  facet normal 0.50928565632551459 0.050935031383991469 0.85908890275628735
    outer loop
      vertex 141.70880939425621 -39.524349875771748 70.907941346026703
      vertex 190.26371024848038 -42.684246069258421 42.310941595759999
      vertex 172.47767807672494 -1.5234333489151766 50.414461217515417
    endloop
  endfacet
  facet normal 0.602809175210685 5.9211522422490385e-05 0.79788538949889876
    outer loop
      vertex 139.55629115499059 -92.961718256629979 72.566413309691796
      vertex 108.26170761627576 -64.939904449368953 96.207656933822648
      vertex 108.36607115613333 -116.21111996827653 96.132614260470916
    endloop
  endfacet
  facet normal 0.60304119872407613 0.00046638404450109451 0.79770990662480323
    outer loop
      vertex 139.55629115499059 -92.961718256629979 72.566413309691796
      vertex 141.70880939425621 -39.524349875771748 70.907941346026703
      vertex 108.26170761627576 -64.939904449368953 96.207656933822648
    endloop
  endfacet
  facet normal 0.60330551306719715 0.00064736225266954508 0.79750989888830848
    outer loop
      vertex 140.21527310888493 -140.30741289738549 72.05868098243036
      vertex 108.36607115613333 -116.21111996827653 96.132614260470916
      vertex 109.47095655906828 -167.1669637580963 95.338145670226609
    endloop
  endfacet
  facet normal 0.602915050612022 -0.00016393129819339494 0.79780537405562313
    outer loop
      vertex 140.21527310888493 -140.30741289738549 72.05868098243036
      vertex 139.55629115499059 -92.961718256629979 72.566413309691796
      vertex 108.36607115613333 -116.21111996827653 96.132614260470916
    endloop
  endfacet
  facet normal 0.35963901369951651 0.041058366298513511 0.93218774417074146
    outer loop
      vertex 170.57449728869986 -77.781861602782158 51.452941088293663
      vertex 209.17616693995052 -87.957993782025397 37.008585729394376
      vertex 190.26371024848038 -42.684246069258421 42.310941595759999
    endloop
  endfacet
  facet normal 0.48688343677310797 0.063437568596285548 0.87116025729288082
    outer loop
      vertex 171.63818988601278 -155.79362449453845 50.872532039423668
      vertex 146.24476189327052 -192.17890032529337 67.714247213113538
      vertex 193.48820188266237 -189.14285640109716 41.089240530877156
    endloop
  endfacet
  facet normal 0.55729404071585209 -0.0051042254093379659 0.8302995237054932
    outer loop
      vertex 171.63818988601278 -155.79362449453845 50.872532039423668
      vertex 173.54817209430109 -116.7885035270406 49.830340940536914
      vertex 140.21527310888493 -140.30741289738549 72.05868098243036
    endloop
  endfacet
  facet normal 0.56167029145182312 0.0030529271728795397 0.82735552414672453
    outer loop
      vertex 170.57449728869986 -77.781861602782158 51.452941088293663
      vertex 141.70880939425621 -39.524349875771748 70.907941346026703
      vertex 139.55629115499059 -92.961718256629979 72.566413309691796
    endloop
  endfacet
  facet normal 0.55992263408392584 0.0082215985236171098 0.82850410328388502
    outer loop
      vertex 173.54817209430109 -116.7885035270406 49.830340940536914
      vertex 170.57449728869986 -77.781861602782158 51.452941088293663
      vertex 139.55629115499059 -92.961718256629979 72.566413309691796
    endloop
  endfacet
  facet normal 0.55741856426250014 -0.0047401478592466262 0.83021808894639582
    outer loop
      vertex 171.63818988601278 -155.79362449453845 50.872532039423668
      vertex 140.21527310888493 -140.30741289738549 72.05868098243036
      vertex 146.24476189327052 -192.17890032529337 67.714247213113538
    endloop
  endfacet
  facet normal 0.55539044096872126 -0.0011876956156548293 0.83158886924951925
    outer loop
      vertex 173.54817209430109 -116.7885035270406 49.830340940536914
      vertex 139.55629115499059 -92.961718256629979 72.566413309691796
      vertex 140.21527310888493 -140.30741289738549 72.05868098243036
    endloop
  endfacet
  facet normal 0.34753694222560244 -0.012507107433075513 0.93758287423146536
    outer loop
      vertex 173.54817209430109 -116.7885035270406 49.830340940536914
      vertex 209.17616693995052 -87.957993782025397 37.008585729394376
      vertex 170.57449728869986 -77.781861602782158 51.452941088293663
    endloop
  endfacet
  facet normal 0.31948129342943593 0.026450727706106562 0.947223343331694
    outer loop
      vertex 173.54817209430109 -116.7885035270406 49.830340940536914
      vertex 216.95694668269624 -138.7211161443152 35.801803762889378
      vertex 209.17616693995052 -87.957993782025397 37.008585729394376
    endloop
  endfacet
  facet normal 0.33429787101076786 -0.056948049457702411 0.94074537102269662
    outer loop
      vertex 171.63818988601278 -155.79362449453845 50.872532039423668
      vertex 193.48820188266237 -189.14285640109716 41.089240530877156
      vertex 216.95694668269624 -138.7211161443152 35.801803762889378
    endloop
  endfacet
  facet normal 0.31211420631055442 0.010099686243064615 0.94999090446010281
    outer loop
      vertex 171.63818988601278 -155.79362449453845 50.872532039423668
      vertex 216.95694668269624 -138.7211161443152 35.801803762889378
      vertex 173.54817209430109 -116.7885035270406 49.830340940536914
    endloop
  endfacet
  facet normal 0.24161367517711846 0 0.97037252226524118
    outer loop
      vertex 59.471512427317535 45.617221749987095 124.40605069245545
      vertex 37.340591430664062 47.597276749216839 129.91644287109375
      vertex 37.340591430664062 12.072640740808918 129.91644287109375
    endloop
  endfacet
  facet normal 0.4497987180199064 -0.023996978782826854 0.89280751468440567
    outer loop
      vertex 89.523417510000328 39.375008448779909 109.09804486185411
      vertex 70.691728173141357 80 119.67742129722635
      vertex 59.471512427317535 45.617221749987095 124.40605069245545
    endloop
  endfacet
  facet normal 0.24451982673368081 0 0.96964429268372987
    outer loop
      vertex 60.100680418183458 -279.71681013046003 124.17692265975101
      vertex 37.340591430664062 -244.28377794903778 129.91644287109375
      vertex 37.340591430664062 -279.74637016498929 129.91644287109375
    endloop
  endfacet
  facet normal 0.24451982673368081 -2.6913035485846278e-17 0.96964429268372987
    outer loop
      vertex 37.340591430664062 -279.74637016498929 129.91644287109375
      vertex 37.340591430664062 -312 129.91644287109375
      vertex 60.100680418183458 -279.71681013046003 124.17692265975101
    endloop
  endfacet
  facet normal -0.12264730564358825 -0 0.99245032037798653
    outer loop
      vertex 0.26180457854476469 -177.72894833071263 125.33423536854256
      vertex 37.340591430664062 -205.35678465252599 129.91644287109375
      vertex 37.340591430664062 -162.67928439632553 129.91644287109375
    endloop
  endfacet
  facet normal -0.12946102625202854 -0 0.99158451111429302
    outer loop
      vertex -1.2175007802011031 -100.2362730027655 124.88230797690359
      vertex 37.340591430664062 -116.13702406772869 129.91644287109375
      vertex 37.340591430664062 -69.574497709903198 129.91644287109375
    endloop
  endfacet
  facet normal -0.50625181580253664 -0.011455093573930635 0.86230961946846374
    outer loop
      vertex -45.613717359539159 49.377139318284144 102.02585378310397
      vertex -18.343749379777279 44.031704354072758 117.96472079631805
      vertex -33.884605358279117 80 109.31867742906552
    endloop
  endfacet
  facet normal -0.57260947025315634 0 0.81982827139371073
    outer loop
      vertex -40.005057643925277 10.588921407499583 105.34998416503295
      vertex -70 33.751336914912031 84.400001525878906
      vertex -70 -16.121528613796404 84.400001525878906
    endloop
  endfacet
  facet normal -0.45929461776421954 -0.03727783972011664 0.8875014460600168
    outer loop
      vertex -40.005057643925277 10.588921407499583 105.34998416503295
      vertex -1.7025490679935391 0.16229104091414115 124.73412585464938
      vertex -18.343749379777279 44.031704354072758 117.96472079631805
    endloop
  endfacet
  facet normal -0.4435612540977158 -0.00058328449356568821 0.89624386951457646
    outer loop
      vertex -1.2175007802011031 -100.2362730027655 124.88230797690359
      vertex -1.3799161517948146 -52.966938744335295 124.83269012429967
      vertex -36.475158336512166 -86.12291825035129 107.44207855618603
    endloop
  endfacet
  facet normal -0.42327312815282991 0.03474021098495339 0.90533583643001725
    outer loop
      vertex -18.343749379777279 44.031704354072758 117.96472079631805
      vertex 1.9483593215900239 80 126.07172137223489
      vertex -33.884605358279117 80 109.31867742906552
    endloop
  endfacet
  facet normal -0.10752551930024853 -0.093337211263354661 0.98981130913563109
    outer loop
      vertex 19.969924465133232 -295.4394404111186 129.59105404788983
      vertex 1.9482384566813564 -312 126.07168872688371
      vertex 37.340591430664062 -312 129.91644287109375
    endloop
  endfacet
  facet normal -0.58039531668578392 0 0.81433486746498129
    outer loop
      vertex -43.571282963111436 -279.8822948189794 103.23636013836769
      vertex -70 -265.75133691491214 84.400001525878906
      vertex -70 -312 84.400001525878906
    endloop
  endfacet
  facet normal -0.56784332881926991 -0.015406163674739997 0.82299246900337886
    outer loop
      vertex -43.571282963111436 -279.8822948189794 103.23636013836769
      vertex -70 -312 84.400001525878906
      vertex -33.884664188231284 -312 109.31864085876974
    endloop
  endfacet
  facet normal -0.5614823660815409 0.0072333526319746039 0.82745708721913547
    outer loop
      vertex -30.402711607725237 -140.11827997269947 111.0410853933474
      vertex -70 -166.22312086441772 84.400001525878906
      vertex -35.80781841060957 -193.22262781321876 107.83759638669223
    endloop
  endfacet
  facet normal -0.076471992923943091 -0 0.99707172976583802
    outer loop
      vertex 7.8595640656054115 -139.32086517820588 127.6553488607553
      vertex 37.340591430664062 -162.67928439632553 129.91644287109375
      vertex 37.340591430664062 -116.13702406772869 129.91644287109375
    endloop
  endfacet
  facet normal -0.56642446386334766 0 0.82411366129746899
    outer loop
      vertex -36.475158336512166 -86.12291825035129 107.44207855618603
      vertex -70 -65.776878730794209 84.400001525878906
      vertex -70 -115.99999977740936 84.400001525878906
    endloop
  endfacet
  facet normal -0.11122337143935576 0.044607757613400717 0.99279379007242352
    outer loop
      vertex -1.2175007802011031 -100.2362730027655 124.88230797690359
      vertex 7.8595640656054115 -139.32086517820588 127.6553488607553
      vertex 37.340591430664062 -116.13702406772869 129.91644287109375
    endloop
  endfacet
  facet normal -0.55821864026740398 0 0.8296938891290031
    outer loop
      vertex -30.402711607725237 -140.11827997269947 111.0410853933474
      vertex -70 -115.99999977740936 84.400001525878906
      vertex -70 -166.22312086441772 84.400001525878906
    endloop
  endfacet
  facet normal -0.56777943684657206 0.021496490039208289 0.82290000122140217
    outer loop
      vertex -45.613717359539159 49.377139318284144 102.02585378310397
      vertex -33.884605358279117 80 109.31867742906552
      vertex -70 80 84.400001525878906
    endloop
  endfacet
  facet normal -0.10792109306374631 0.037346134628706187 0.9934577514420132
    outer loop
      vertex 1.9483593215900239 80 126.07172137223489
      vertex 13.230573734859494 46.823994657292417 128.54448326881808
      vertex 37.340591430664062 80 129.91644287109375
    endloop
  endfacet
  facet normal -0.1315790742734248 -0 0.99130567798905933
    outer loop
      vertex -1.7025490679935391 0.16229104091414115 124.73412585464938
      vertex 37.340591430664062 -26.874695034872229 129.91644287109375
      vertex 37.340591430664062 12.072640740808918 129.91644287109375
    endloop
  endfacet
  facet normal -0.31959630656118559 0.024930554383332665 0.94722577471824976
    outer loop
      vertex 13.230573734859494 46.823994657292417 128.54448326881808
      vertex -18.343749379777279 44.031704354072758 117.96472079631805
      vertex -1.7025490679935391 0.16229104091414115 124.73412585464938
    endloop
  endfacet
  facet normal -0.10699859927331962 -0.038873956093899813 0.99349892566180309
    outer loop
      vertex 0.26180457854476469 -177.72894833071263 125.33423536854256
      vertex 37.340591430664062 -162.67928439632553 129.91644287109375
      vertex 7.8595640656054115 -139.32086517820588 127.6553488607553
    endloop
  endfacet
  facet normal -0.46038834398276945 -0.0090311635960310301 0.88767167962535831
    outer loop
      vertex -43.571282963111436 -279.8822948189794 103.23636013836769
      vertex -3.04219285299326 -273.17796662219632 124.32486503645457
      vertex -38.195654471668043 -240.76650238700549 106.42237799226315
    endloop
  endfacet
  facet normal -0.56717327665418493 0.0039701983329292322 0.82358892159532648
    outer loop
      vertex -38.195654471668043 -240.76650238700549 106.42237799226315
      vertex -35.80781841060957 -193.22262781321876 107.83759638669223
      vertex -70 -215.87847123998597 84.400001525878906
    endloop
  endfacet
  facet normal -0.56538933008083325 0 0.82482416637168587
    outer loop
      vertex -35.80781841060957 -193.22262781321876 107.83759638669223
      vertex -70 -166.22312086441772 84.400001525878906
      vertex -70 -215.87847123998597 84.400001525878906
    endloop
  endfacet
  facet normal -0.13109256050575976 -0 0.99137013298769694
    outer loop
      vertex -1.5900208778900904 -223.03662608346025 124.76850318664418
      vertex 37.340591430664062 -244.28377794903778 129.91644287109375
      vertex 37.340591430664062 -205.35678465252599 129.91644287109375
    endloop
  endfacet
  facet normal -0.11853361399261091 -0.043072926435961237 0.9920153755673814
    outer loop
      vertex 13.230573734859494 46.823994657292417 128.54448326881808
      vertex -1.7025490679935391 0.16229104091414115 124.73412585464938
      vertex 37.340591430664062 12.072640740808918 129.91644287109375
    endloop
  endfacet
  facet normal -0.31461704255875611 -0.036294349948112641 0.94852455777034339
    outer loop
      vertex -18.343749379777279 44.031704354072758 117.96472079631805
      vertex 13.230573734859494 46.823994657292417 128.54448326881808
      vertex 1.9483593215900239 80 126.07172137223489
    endloop
  endfacet
  facet normal -0.45011282091063548 0.0065764539502951051 0.89294747813368613
    outer loop
      vertex -36.026848891375238 -37.270713202310645 107.70778179415156
      vertex -1.7025490679935391 0.16229104091414115 124.73412585464938
      vertex -40.005057643925277 10.588921407499583 105.34998416503295
    endloop
  endfacet
  facet normal -0.58578618681023709 0 0.81046563365902324
    outer loop
      vertex -45.613717359539159 49.377139318284144 102.02585378310397
      vertex -70 80 84.400001525878906
      vertex -70 33.751336914912031 84.400001525878906
    endloop
  endfacet
  facet normal -0.45003954031391064 0.0051328634868882984 0.89299387784377848
    outer loop
      vertex -3.04219285299326 -273.17796662219632 124.32486503645457
      vertex -1.5900208778900904 -223.03662608346025 124.76850318664418
      vertex -38.195654471668043 -240.76650238700549 106.42237799226315
    endloop
  endfacet
  facet normal -0.56155211926494042 -0.0080037895199785419 0.82740265693456283
    outer loop
      vertex -30.402711607725237 -140.11827997269947 111.0410853933474
      vertex -36.475158336512166 -86.12291825035129 107.44207855618603
      vertex -70 -115.99999977740936 84.400001525878906
    endloop
  endfacet
  facet normal -0.13017635041448078 -0 0.99149085613169752
    outer loop
      vertex -1.3799161517948146 -52.966938744335295 124.83269012429967
      vertex 37.340591430664062 -69.574497709903198 129.91644287109375
      vertex 37.340591430664062 -26.874695034872229 129.91644287109375
    endloop
  endfacet
  facet normal -0.5685591211754023 -0.0067340160450457993 0.82261484229021753
    outer loop
      vertex -36.026848891375238 -37.270713202310645 107.70778179415156
      vertex -40.005057643925277 10.588921407499583 105.34998416503295
      vertex -70 -16.121528613796404 84.400001525878906
    endloop
  endfacet
  facet normal -0.12789445038789254 -0.0071562586774792103 0.99176196616008616
    outer loop
      vertex -1.5900208778900904 -223.03662608346025 124.76850318664418
      vertex 37.340591430664062 -205.35678465252599 129.91644287109375
      vertex 0.26180457854476469 -177.72894833071263 125.33423536854256
    endloop
  endfacet
  facet normal -0.46496666483561039 0.027345988469124005 0.88490575628498191
    outer loop
      vertex -43.571282963111436 -279.8822948189794 103.23636013836769
      vertex -33.884664188231284 -312 109.31864085876974
      vertex -3.04219285299326 -273.17796662219632 124.32486503645457
    endloop
  endfacet
  facet normal -0.43876496185547592 0.0067132621906158341 0.89857678601148105
    outer loop
      vertex -1.5900208778900904 -223.03662608346025 124.76850318664418
      vertex 0.26180457854476469 -177.72894833071263 125.33423536854256
      vertex -35.80781841060957 -193.22262781321876 107.83759638669223
    endloop
  endfacet
  facet normal -0.44642339208590281 -0.0042143900471810162 0.89481193214834065
    outer loop
      vertex -38.195654471668043 -240.76650238700549 106.42237799226315
      vertex -1.5900208778900904 -223.03662608346025 124.76850318664418
      vertex -35.80781841060957 -193.22262781321876 107.83759638669223
    endloop
  endfacet
  facet normal -0.5657248855126833 0 0.82459405401182784
    outer loop
      vertex -36.026848891375238 -37.270713202310645 107.70778179415156
      vertex -70 -16.121528613796404 84.400001525878906
      vertex -70 -65.776878730794209 84.400001525878906
    endloop
  endfacet
  facet normal -0.56613084697051386 0.00071191503007569446 0.82431508374252038
    outer loop
      vertex -36.026848891375238 -37.270713202310645 107.70778179415156
      vertex -70 -65.776878730794209 84.400001525878906
      vertex -36.475158336512166 -86.12291825035129 107.44207855618603
    endloop
  endfacet
  facet normal -0.018728800158226446 0 0.99982460063984879
    outer loop
      vertex 19.969924465133232 -295.4394404111186 129.59105404788983
      vertex 37.340591430664062 -312 129.91644287109375
      vertex 37.340591430664062 -279.74637016498929 129.91644287109375
    endloop
  endfacet
  facet normal -0.20701628207362005 0.017402802624633524 0.97818270349522307
    outer loop
      vertex 19.969924465133232 -295.4394404111186 129.59105404788983
      vertex -3.04219285299326 -273.17796662219632 124.32486503645457
      vertex 1.9482384566813564 -312 126.07168872688371
    endloop
  endfacet
  facet normal -0.39859397403743541 0.023441931084719255 0.91682785719461168
    outer loop
      vertex -30.402711607725237 -140.11827997269947 111.0410853933474
      vertex 0.26180457854476469 -177.72894833071263 125.33423536854256
      vertex 7.8595640656054115 -139.32086517820588 127.6553488607553
    endloop
  endfacet
  facet normal -0.43282541099548538 -0.010323395347071003 0.90141865473546612
    outer loop
      vertex -30.402711607725237 -140.11827997269947 111.0410853933474
      vertex -35.80781841060957 -193.22262781321876 107.83759638669223
      vertex 0.26180457854476469 -177.72894833071263 125.33423536854256
    endloop
  endfacet
  facet normal -0.13086817675932644 0.0010445127768613609 0.99139922801298785
    outer loop
      vertex -1.3799161517948146 -52.966938744335295 124.83269012429967
      vertex 37.340591430664062 -26.874695034872229 129.91644287109375
      vertex -1.7025490679935391 0.16229104091414115 124.73412585464938
    endloop
  endfacet
  facet normal -0.44347363121193389 -0.0010302677937678603 0.89628682739844756
    outer loop
      vertex -1.3799161517948146 -52.966938744335295 124.83269012429967
      vertex -1.7025490679935391 0.16229104091414115 124.73412585464938
      vertex -36.026848891375238 -37.270713202310645 107.70778179415156
    endloop
  endfacet
  facet normal -0.12992571410390139 0.00059436708377151506 0.99152355269169523
    outer loop
      vertex -1.2175007802011031 -100.2362730027655 124.88230797690359
      vertex 37.340591430664062 -69.574497709903198 129.91644287109375
      vertex -1.3799161517948146 -52.966938744335295 124.83269012429967
    endloop
  endfacet
  facet normal -0.443392124307327 -0.00080610916533202645 0.89632738120078059
    outer loop
      vertex -1.3799161517948146 -52.966938744335295 124.83269012429967
      vertex -36.026848891375238 -37.270713202310645 107.70778179415156
      vertex -36.475158336512166 -86.12291825035129 107.44207855618603
    endloop
  endfacet
  facet normal -0.56927958539824552 0 0.82214399812247108
    outer loop
      vertex -38.195654471668043 -240.76650238700549 106.42237799226315
      vertex -70 -215.87847123998597 84.400001525878906
      vertex -70 -265.75133691491214 84.400001525878906
    endloop
  endfacet
  facet normal -0.57588652111083594 0.012562585693915898 0.81743311423231546
    outer loop
      vertex -38.195654471668043 -240.76650238700549 106.42237799226315
      vertex -70 -265.75133691491214 84.400001525878906
      vertex -43.571282963111436 -279.8822948189794 103.23636013836769
    endloop
  endfacet
  facet normal -0.44001320182712061 0.01036579382731438 0.8979314742986656
    outer loop
      vertex -1.2175007802011031 -100.2362730027655 124.88230797690359
      vertex -36.475158336512166 -86.12291825035129 107.44207855618603
      vertex -30.402711607725237 -140.11827997269947 111.0410853933474
    endloop
  endfacet
  facet normal -0.39766565302033996 -0.027284737766319352 0.91712462157164332
    outer loop
      vertex -1.2175007802011031 -100.2362730027655 124.88230797690359
      vertex -30.402711607725237 -140.11827997269947 111.0410853933474
      vertex 7.8595640656054115 -139.32086517820588 127.6553488607553
    endloop
  endfacet
  facet normal -0.13715583576309817 -0 0.99054948221485928
    outer loop
      vertex -3.04219285299326 -273.17796662219632 124.32486503645457
      vertex 37.340591430664062 -279.74637016498929 129.91644287109375
      vertex 37.340591430664062 -244.28377794903778 129.91644287109375
    endloop
  endfacet
  facet normal -0.1337164568694604 -0.0048955504101145875 0.9910075391985973
    outer loop
      vertex -3.04219285299326 -273.17796662219632 124.32486503645457
      vertex 37.340591430664062 -244.28377794903778 129.91644287109375
      vertex -1.5900208778900904 -223.03662608346025 124.76850318664418
    endloop
  endfacet
  facet normal -0.57980995095009602 -0.014025314763086607 0.81463102772055229
    outer loop
      vertex -45.613717359539159 49.377139318284144 102.02585378310397
      vertex -70 33.751336914912031 84.400001525878906
      vertex -40.005057643925277 10.588921407499583 105.34998416503295
    endloop
  endfacet
  facet normal -0.50445809703374744 0.0010528578929567289 0.86343553310443932
    outer loop
      vertex -45.613717359539159 49.377139318284144 102.02585378310397
      vertex -40.005057643925277 10.588921407499583 105.34998416503295
      vertex -18.343749379777279 44.031704354072758 117.96472079631805
    endloop
  endfacet
  facet normal -0.4234898247148442 -0.013681103768039353 0.90579754678552682
    outer loop
      vertex -33.884664188231284 -312 109.31864085876974
      vertex 1.9482384566813564 -312 126.07168872688371
      vertex -3.04219285299326 -273.17796662219632 124.32486503645457
    endloop
  endfacet
  facet normal -0.11860255374670328 0.11082164926423364 0.98673805860477248
    outer loop
      vertex 19.969924465133232 -295.4394404111186 129.59105404788983
      vertex 37.340591430664062 -279.74637016498929 129.91644287109375
      vertex -3.04219285299326 -273.17796662219632 124.32486503645457
    endloop
  endfacet
  facet normal -0.056812223945653384 -0 0.99838488130096859
    outer loop
      vertex 13.230573734859494 46.823994657292417 128.54448326881808
      vertex 37.340591430664062 12.072640740808918 129.91644287109375
      vertex 37.340591430664062 47.597276749216839 129.91644287109375
    endloop
  endfacet
  facet normal -0.056812223945653384 0 0.9983848813009687
    outer loop
      vertex 37.340591430664062 47.597276749216839 129.91644287109375
      vertex 37.340591430664062 80 129.91644287109375
      vertex 13.230573734859494 46.823994657292417 128.54448326881808
    endloop
  endfacet
  facet normal 0.119593317545025 0.049104487266980815 0.99160788002557831
    outer loop
      vertex 240.20336951141635 46.365578606225526 34.457519456321997
      vertex 197.42891747879548 38.426979167739773 40.009471584470113
      vertex 240.17847120225179 45.123258190751599 34.522042116645906
    endloop
  endfacet
  facet normal 0.11959331754502596 0.049104487266974639 0.99160788002557854
    outer loop
      vertex 240.15617843088194 44.010942836861204 34.57981267572606
      vertex 240.17847120225179 45.123258190751599 34.522042116645906
      vertex 197.42891747879548 38.426979167739773 40.009471584470113
    endloop
  endfacet
  facet normal 0.11959331754502557 0.049104487266977546 0.99160788002557831
    outer loop
      vertex 197.42891747879548 38.426979167739773 40.009471584470113
      vertex 240.20336951141635 46.365578606225526 34.457519456321997
      vertex 220.42553017632045 80 35.177255974425762
    endloop
  endfacet
  facet normal 0.11959331754502547 0.049104487266978206 0.99160788002557831
    outer loop
      vertex 197.42891747879548 38.426979167739773 40.009471584470113
      vertex 240.08198265366596 40.308887344307706 34.77208712188709
      vertex 240.15617843088194 44.010942836861204 34.57981267572606
    endloop
  endfacet
  facet normal 0.11959331754502546 0.049104487266979073 0.99160788002557843
    outer loop
      vertex 197.42891747879548 38.426979167739773 40.009471584470113
      vertex 240.01727647764167 37.080322587120691 34.939769778122148
      vertex 240.08198265366596 40.308887344307706 34.77208712188709
    endloop
  endfacet
  facet normal 0.11001893616649282 0.046706087935138259 0.99283149377655655
    outer loop
      vertex 198.79833513774309 -270.67338887779732 39.6342466724658
      vertex 240.20653475579599 -257.99676501752583 34.449316891778359
      vertex 221.54853832709034 -227.65848906691539 35.089657914116835
    endloop
  endfacet
  facet normal 0.110018936166493 0.046706087935137613 0.99283149377655644
    outer loop
      vertex 198.79833513774309 -270.67338887779732 39.6342466724658
      vertex 239.99492295596144 -269.15523514177778 34.997697755354714
      vertex 240.20653475579599 -257.99676501752583 34.449316891778359
    endloop
  endfacet
  facet normal 0.02111704063259465 0.0091799131418747737 0.99973486474646323
    outer loop
      vertex 240.09309941653405 -310.29086333853695 34.743278614863684
      vertex 240.1480847619724 -294.89935310514409 34.600786980469429
      vertex 220.45940583662798 -312 35.173687962749874
    endloop
  endfacet
  facet normal 0.021117040632594997 0.0091799131418743712 0.99973486474646323
    outer loop
      vertex 240.20190689980427 -279.83344820597489 34.461309737485607
      vertex 220.45940583662798 -312 35.173687962749874
      vertex 240.1480847619724 -294.89935310514409 34.600786980469429
    endloop
  endfacet
  facet normal 0.021117040632594897 0.0091799131418719843 0.99973486474646334
    outer loop
      vertex 220.45940583662798 -312 35.173687962749874
      vertex 240.08699361534343 -312 34.759101472612741
      vertex 240.09309941653405 -310.29086333853695 34.743278614863684
    endloop
  endfacet
  facet normal 0.11344764603768728 -0.04765122756545536 0.9924006207777244
    outer loop
      vertex 220.45940583662798 -312 35.173687962749874
      vertex 240.20190689980427 -279.83344820597489 34.461309737485607
      vertex 198.79833513774309 -270.67338887779732 39.6342466724658
    endloop
  endfacet
  facet normal 0.11344764603768741 -0.047651227565454875 0.99240062077772451
    outer loop
      vertex 239.99492295596144 -269.15523514177778 34.997697755354714
      vertex 198.79833513774309 -270.67338887779732 39.6342466724658
      vertex 240.20190689980427 -279.83344820597489 34.461309737485607
    endloop
  endfacet
  facet normal 0.021208708417598612 -0.0089219179348889437 0.99973525999017376
    outer loop
      vertex 220.42553017632045 80 35.177255974425762
      vertex 240.20336951141635 46.365578606225526 34.457519456321997
      vertex 240.08658515937435 80 34.760159970107516
    endloop
  endfacet
  facet normal 0.017874906480717514 0.0087382022861190595 0.9998020461766981
    outer loop
      vertex 221.54853832709034 -227.65848906691539 35.089657914116835
      vertex 240.16865666085636 -203.71286257798738 34.547475985127001
      vertex 240.20836643163642 -192.01988469818008 34.444570200053469
    endloop
  endfacet
  facet normal 0.017874906480716581 0.0087382022861198557 0.9998020461766981
    outer loop
      vertex 240.09224492871573 -226.21313583887147 34.745492975159877
      vertex 240.13894525775839 -212.46171134688973 34.62447152555373
      vertex 221.54853832709034 -227.65848906691539 35.089657914116835
    endloop
  endfacet
  facet normal 0.017874906480716747 0.0087382022861196545 0.9998020461766981
    outer loop
      vertex 240.16865666085636 -203.71286257798738 34.547475985127001
      vertex 221.54853832709034 -227.65848906691539 35.089657914116835
      vertex 240.13894525775839 -212.46171134688973 34.62447152555373
    endloop
  endfacet
  facet normal 0.11663260588936718 -0.046354313720259624 0.99209279447185761
    outer loop
      vertex 240.18216543071983 28.349940397606545 34.51246871762401
      vertex 197.42891747879548 38.426979167739773 40.009471584470113
      vertex 218.96565982518644 -4.1061520004320471 35.490256735935063
    endloop
  endfacet
  facet normal 0.11663260588936707 -0.046354313720260117 0.9920927944718575
    outer loop
      vertex 197.42891747879548 38.426979167739773 40.009471584470113
      vertex 240.18216543071983 28.349940397606545 34.51246871762401
      vertex 240.01727647764167 37.080322587120691 34.939769778122148
    endloop
  endfacet
  facet normal 0.025591519148157712 -0.011366113533901474 0.99960786592084383
    outer loop
      vertex 218.96565982518644 -4.1061520004320471 35.490256735935063
      vertex 240.21204896458056 -49.072134352738431 34.435027109367411
      vertex 240.20948948287818 -48.494570138841567 34.441659871752847
    endloop
  endfacet
  facet normal 0.025591519148158406 -0.011366113533901635 0.99960786592084383
    outer loop
      vertex 240.02140028834455 -6.0509817816929257 34.929083139304012
      vertex 240.02050321970532 -5.8485522261407468 34.931407845560841
      vertex 218.96565982518644 -4.1061520004320471 35.490256735935063
    endloop
  endfacet
  facet normal 0.025591519148158444 -0.011366113533901124 0.99960786592084372
    outer loop
      vertex 240.20948948287818 -48.494570138841567 34.441659871752847
      vertex 240.02140028834455 -6.0509817816929257 34.929083139304012
      vertex 218.96565982518644 -4.1061520004320471 35.490256735935063
    endloop
  endfacet
  facet normal 0.019276165178823551 -0.0092470660448303633 0.99977143449168493
    outer loop
      vertex 240.1847466288603 -251.9375577834877 34.505779678230056
      vertex 240.09224492871573 -226.21313583887147 34.745492975159877
      vertex 221.54853832709034 -227.65848906691539 35.089657914116835
    endloop
  endfacet
  facet normal 0.019276165178832037 -0.0092470660448244462 0.99977143449168471
    outer loop
      vertex 240.19573785332807 -254.99418155856455 34.477296497376656
      vertex 240.19224288595791 -254.02224139822175 34.486353531924991
      vertex 221.54853832709034 -227.65848906691539 35.089657914116835
    endloop
  endfacet
  facet normal 0.01927616517882209 -0.0092470660448314857 0.99977143449168493
    outer loop
      vertex 240.1847466288603 -251.9375577834877 34.505779678230056
      vertex 221.54853832709034 -227.65848906691539 35.089657914116835
      vertex 240.19224288595791 -254.02224139822175 34.486353531924991
    endloop
  endfacet
  facet normal 0.019276165178823548 -0.0092470660448302402 0.99977143449168493
    outer loop
      vertex 221.54853832709034 -227.65848906691539 35.089657914116835
      vertex 240.20653475579599 -257.99676501752583 34.449316891778359
      vertex 240.19573785332807 -254.99418155856455 34.477296497376656
    endloop
  endfacet
  facet normal 0.16220872034311098 0.05352107470922312 0.98530392550046209
    outer loop
      vertex 240.21204896458056 -49.072134352738431 34.435027109367411
      vertex 218.96565982518644 -4.1061520004320471 35.490256735935063
      vertex 190.26371024848038 -42.684246069258421 42.310941595759999
    endloop
  endfacet
  facet normal 0.16220872034310951 0.053521074709210387 0.98530392550046297
    outer loop
      vertex 190.26371024848038 -42.684246069258421 42.310941595759999
      vertex 240.19749790976485 -49.722230086307007 34.472735403574085
      vertex 240.21204896458056 -49.072134352738431 34.435027109367411
    endloop
  endfacet
  facet normal 0.13733978342330491 -0.054006389773317454 0.98905060222058017
    outer loop
      vertex 240.20836643163642 -192.01988469818008 34.444570200053469
      vertex 240.01959027682756 -183.54087821157631 34.933773689072765
      vertex 193.48820188266237 -189.14285640109716 41.089240530877156
    endloop
  endfacet
  facet normal 0.13733978342330488 -0.054006389773317856 0.98905060222058017
    outer loop
      vertex 193.48820188266237 -189.14285640109716 41.089240530877156
      vertex 221.54853832709034 -227.65848906691539 35.089657914116835
      vertex 240.20836643163642 -192.01988469818008 34.444570200053469
    endloop
  endfacet
  facet normal 0.02753306407568305 0.012114525016113525 0.99954748194682497
    outer loop
      vertex 218.96565982518644 -4.1061520004320471 35.490256735935063
      vertex 240.02050321970532 -5.8485522261407468 34.931407845560841
      vertex 240.05918259844549 2.3337956474715096 34.831172267333443
    endloop
  endfacet
  facet normal 0.027533064075682834 0.012114525016114229 0.99954748194682497
    outer loop
      vertex 218.96565982518644 -4.1061520004320471 35.490256735935063
      vertex 240.05918259844549 2.3337956474715096 34.831172267333443
      vertex 240.18216543071983 28.349940397606545 34.51246871762401
    endloop
  endfacet
  facet normal 0.14740118562776741 -0.054090293855086548 0.98759664366896194
    outer loop
      vertex 240.20771914849087 -50.177998415963863 34.446247600324178
      vertex 190.26371024848038 -42.684246069258421 42.310941595759999
      vertex 209.17616693995052 -87.957993782025397 37.008585729394376
    endloop
  endfacet
  facet normal 0.14740118562777044 -0.054090293855067091 0.9875966436689626
    outer loop
      vertex 190.26371024848038 -42.684246069258421 42.310941595759999
      vertex 240.20771914849087 -50.177998415963863 34.446247600324178
      vertex 240.19749790976485 -49.722230086307007 34.472735403574085
    endloop
  endfacet
  facet normal 0.060138096335787913 0.018292550604644353 0.99802244061017187
    outer loop
      vertex 209.17616693995052 -87.957993782025397 37.008585729394376
      vertex 240.15758491026128 -57.101491206761381 34.576167845209305
      vertex 240.20771914849087 -50.177998415963863 34.446247600324178
    endloop
  endfacet
  facet normal 0.060138096335789266 0.018292550604642993 0.99802244061017176
    outer loop
      vertex 209.17616693995052 -87.957993782025397 37.008585729394376
      vertex 239.89096119004043 -93.921984945020498 35.267109210761667
      vertex 240.15758491026128 -57.101491206761381 34.576167845209305
    endloop
  endfacet
  facet normal 0.12562863114382772 0.045450477305037991 0.99103567097742384
    outer loop
      vertex 193.48820188266237 -189.14285640109716 41.089240530877156
      vertex 240.17135931919481 -175.38454406635847 34.540472188010028
      vertex 216.95694668269624 -138.7211161443152 35.801803762889378
    endloop
  endfacet
  facet normal 0.12562863114382766 0.045450477305038046 0.99103567097742373
    outer loop
      vertex 193.48820188266237 -189.14285640109716 41.089240530877156
      vertex 240.01959027682756 -183.54087821157631 34.933773689072765
      vertex 240.17135931919481 -175.38454406635847 34.540472188010028
    endloop
  endfacet
  facet normal 0.031861313613731589 -0.014208222156421254 0.99939130630497341
    outer loop
      vertex 239.97583304824127 -140.18253860844908 35.047168248443413
      vertex 216.95694668269624 -138.7211161443152 35.801803762889378
      vertex 240.044126751086 -152.47794673216544 34.870188704901302
    endloop
  endfacet
  facet normal 0.031861313613731505 -0.014208222156421389 0.99939130630497341
    outer loop
      vertex 240.09382978485417 -161.42634255359758 34.741385903727384
      vertex 240.044126751086 -152.47794673216544 34.870188704901302
      vertex 216.95694668269624 -138.7211161443152 35.801803762889378
    endloop
  endfacet
  facet normal 0.031861313613731769 -0.014208222156421126 0.99939130630497353
    outer loop
      vertex 216.95694668269624 -138.7211161443152 35.801803762889378
      vertex 240.17135931919481 -175.38454406635847 34.540472188010028
      vertex 240.09382978485417 -161.42634255359758 34.741385903727384
    endloop
  endfacet
  facet normal 0.053596251756469655 -0.015520740386686611 0.99844206062019758
    outer loop
      vertex 239.98371651181839 -109.06460816406289 35.026738666691386
      vertex 209.17616693995052 -87.957993782025397 37.008585729394376
      vertex 216.95694668269624 -138.7211161443152 35.801803762889378
    endloop
  endfacet
  facet normal 0.053596251756469898 -0.015520740386686801 0.99844206062019758
    outer loop
      vertex 240.0332545291275 -117.15185875789329 34.898363497003004
      vertex 239.98371651181839 -109.06460816406289 35.026738666691386
      vertex 216.95694668269624 -138.7211161443152 35.801803762889378
    endloop
  endfacet
  facet normal 0.053596251756469801 -0.015520740386686559 0.99844206062019758
    outer loop
      vertex 239.9332536158924 -100.82636797577004 35.157510610732849
      vertex 239.89096119004043 -93.921984945020498 35.267109210761667
      vertex 209.17616693995052 -87.957993782025397 37.008585729394376
    endloop
  endfacet
  facet normal 0.053596251756469995 -0.015520740386686133 0.9984420606201978
    outer loop
      vertex 239.98371651181839 -109.06460816406289 35.026738666691386
      vertex 239.9332536158924 -100.82636797577004 35.157510610732849
      vertex 209.17616693995052 -87.957993782025397 37.008585729394376
    endloop
  endfacet
  facet normal 0.033169335248480307 0.0063747668080754325 0.99942941599060242
    outer loop
      vertex 239.97583304824127 -140.18253860844908 35.047168248443413
      vertex 240.0332545291275 -117.15185875789329 34.898363497003004
      vertex 216.95694668269624 -138.7211161443152 35.801803762889378
    endloop
  endfacet
endsolid OBJECT
