solid OBJECT
  facet normal 0.89334810342244408 1.0475982844521505e-09 -0.44936529250880308
    outer loop
      vertex 156.11308019109012 13.094284071899864 29.942691493897783
      vertex 155.43253794440062 -33.307606783178372 28.589758403326389
      vertex 139.7739459281797 -9.2910642205794431 -2.539867511258592
    endloop
  endfacet
  facet normal 0.8933481291859755 -6.8164246359670374e-09 -0.44936524129033123
    outer loop
      vertex 225.77583120328978 -275.8806652422785 168.43375185948585
      vertex 244.27571690557372 -276.26850461835363 205.21193754531541
      vertex 235.01427938259349 -312 186.79999358318645
    endloop
  endfacet
  facet normal 0.89334810301129364 1.2891865071691699e-10 -0.44936529332617903
    outer loop
      vertex 155.30338518829785 -193.49029701330323 28.332999857740244
      vertex 141.17308418798413 -214.8911521666995 0.2416501610804076
      vertex 139.83151729549837 -173.80364026178364 -2.4254143651913651
    endloop
  endfacet
  facet normal 0.89334801197741642 -0 -0.44936547430348711
    outer loop
      vertex 139.83151729549837 -173.80364026178364 -2.4254143651913651
      vertex 124.09999847412109 -193.20000000000002 -33.700004577636719
      vertex 124.09999847412109 -153.59999999999999 -33.700004577636719
    endloop
  endfacet
  facet normal 0.89334830233447005 3.4980134809741737e-09 -0.44936489706709448
    outer loop
      vertex 367.30261482034092 -52.829496246658856 449.79202047280319
      vertex 382.89999389648438 -74.400000000000006 480.79998779296875
      vertex 367.3834224641102 -93.31967501280343 449.95266771118986
    endloop
  endfacet
  facet normal 0.8933483100256514 0 -0.44936488177683903
    outer loop
      vertex 368.95263497630901 41.152084238750355 453.07229916854351
      vertex 382.89999389648438 84 480.79998779296875
      vertex 382.89999389648438 44.400000000000006 480.79998779296875
    endloop
  endfacet
  facet normal 0.89334795456027294 -7.2713980916457877e-08 -0.44936558844995167
    outer loop
      vertex 188.23109965196213 49.077072912729058 93.794017444644737
      vertex 179.55713633160559 84 76.549995808975069
      vertex 198.04285956064038 84 113.2999906009435
    endloop
  endfacet
  facet normal 0.89334810292732891 -3.3276691667110885e-08 -0.44936529349310161
    outer loop
      vertex 207.15648319428851 -275.33543566458525 131.41807244155368
      vertex 216.52857065592295 -312 150.04999149634392
      vertex 198.04285956064035 -312 113.29999060094345
    endloop
  endfacet
  facet normal 0.8933483100256514 0 -0.44936488177683903
    outer loop
      vertex 368.95263497630901 41.152084238750355 453.07229916854351
      vertex 382.89999389648438 44.400000000000006 480.79998779296875
      vertex 382.89999389648438 4.8000000000000114 480.79998779296875
    endloop
  endfacet
  facet normal 0.89334785626032831 1.3848541593532463e-07 -0.44936578387217779
    outer loop
      vertex 353.08589737222297 54.598029591809677 421.52889720336509
      vertex 345.92856423148754 84 407.29998976191274
      vertex 364.41429549968063 84 444.04998051007857
    endloop
  endfacet
  facet normal 0.89334801158582655 0 -0.44936547508197583
    outer loop
      vertex 139.76354396427411 -52.807792649838433 -2.5605468445751143
      vertex 124.09999847412109 -74.400000000000034 -33.700004577636719
      vertex 124.09999847412109 -34.80000000000004 -33.700004577636719
    endloop
  endfacet
  facet normal 0.89334807001942051 -3.996805195264677e-08 -0.44936535891474222
    outer loop
      vertex 177.67633242999398 15.117360212961444 72.810914535426278
      vertex 170.31428157531585 48.373983377555859 58.174994963215106
      vertex 188.23109965196213 49.077072912729058 93.794017444644737
    endloop
  endfacet
  facet normal 0.8933481173814336 -9.8827738378796085e-10 -0.44936526475802357
    outer loop
      vertex 170.1180873409441 -208.18608918774322 57.784956495473239
      vertex 155.30338518829785 -193.49029701330323 28.332999857740244
      vertex 170.77854871420337 -172.09826476982522 59.097968281235673
    endloop
  endfacet
  facet normal 0.89334800896636213 -0 -0.44936548028952594
    outer loop
      vertex 136.44438520548175 -285.54080512596488 -9.1591045929147157
      vertex 124.09999847412109 -312 -33.700004577636719
      vertex 124.09999847412109 -272.39999999999998 -33.700004577636719
    endloop
  endfacet
  facet normal 0.89334806351710216 -2.9953302345437769e-07 -0.44936537184139358
    outer loop
      vertex 336.68569753925794 48.373983377555305 388.92499492008511
      vertex 327.44284991316323 84 370.54999048774931
      vertex 345.92856423148754 84 407.29998976191274
    endloop
  endfacet
  facet normal 0.89334825966898357 -4.3143302937010164e-09 -0.44936498188710505
    outer loop
      vertex 336.21680550316745 -171.94373069174023 387.99282615253566
      vertex 336.84280676991398 -208.12805766177189 389.2373318903019
      vertex 319.63818439892771 -196.47096835505215 355.0341337703012
    endloop
  endfacet
  facet normal 0.89334825819951136 8.3543527171597839e-08 -0.44936498480844317
    outer loop
      vertex 368.95263497630901 41.152084238750355 453.07229916854351
      vertex 364.41429549968063 84 444.04998051007857
      vertex 382.89999389648438 84 480.79998779296875
    endloop
  endfacet
  facet normal 0.89334830406814458 3.241601620698113e-09 -0.44936489362050758
    outer loop
      vertex 367.45722730937916 -133.42167944044354 450.09939324381236
      vertex 367.3834224641102 -93.31967501280343 449.95266771118986
      vertex 382.89999389648438 -114 480.79998779296875
    endloop
  endfacet
  facet normal 0.8933477790201394 -2.2820429475042974e-10 -0.44936593742715331
    outer loop
      vertex 336.87900934027823 -131.95094479838332 389.30930348035048
      vertex 352.16403106746168 -112.96508742838321 419.69620882992393
      vertex 352.01630588308046 -153.09128465677017 419.40252845670534
    endloop
  endfacet
  facet normal 0.89334801104293182 -0 -0.44936547616126171
    outer loop
      vertex 139.67027261232573 -93.381190679213489 -2.7459723462718557
      vertex 124.09999847412109 -114 -33.700004577636719
      vertex 124.09999847412109 -74.400000000000034 -33.700004577636719
    endloop
  endfacet
  facet normal 0.89334824134279733 -8.4438538323450963e-08 -0.44936501831998915
    outer loop
      vertex 328.06804764769407 -239.11867083965109 371.79289742154378
      vertex 337.24729971795142 -275.52381734738776 390.04147359790437
      vertex 318.48084301312787 -275.26140780608557 352.73331557010448
    endloop
  endfacet
  facet normal 0.89334803949389863 -2.1804743628585373e-08 -0.44936541960013698
    outer loop
      vertex 253.27315050809824 12.441390624566083 223.09902896405103
      vertex 244.03053336028657 48.234243745729515 204.72450718489071
      vertex 262.74285044974238 48.373983377555739 241.92499270084704
    endloop
  endfacet
  facet normal 0.89334794840394016 -8.8461442672410627e-17 -0.44936560068887227
    outer loop
      vertex 271.87782109821154 -240.69610548324039 260.08550003614351
      vertex 290.44162702535328 -239.59398780153367 296.9907235649539
      vertex 281.24956140382284 -276.01759817702157 278.71671026264471
    endloop
  endfacet
  facet normal 0.89334829554805861 3.9211046908019995e-08 -0.44936491055864269
    outer loop
      vertex 367.47732753598592 -251.90423203019856 450.13935290288293
      vertex 366.61151751771723 -213.94436534353179 448.41810498728336
      vertex 382.89999389648438 -232.79999999999998 480.79998779296875
    endloop
  endfacet
  facet normal 0.89334812921483175 1.3470678501447679e-16 -0.44936524123296451
    outer loop
      vertex 215.39125697170903 13.319788790590508 147.78898650776225
      vertex 206.74828343276931 48.846110675740277 130.60656220480601
      vertex 225.39664462195708 48.446937896388597 167.67992047251099
    endloop
  endfacet
  facet normal 0.89334801906802064 0 -0.44936546020721635
    outer loop
      vertex 141.17308418798413 -214.8911521666995 0.2416501610804076
      vertex 124.09999847412109 -232.80000000000001 -33.700004577636719
      vertex 124.09999847412109 -193.20000000000002 -33.700004577636719
    endloop
  endfacet
  facet normal 0.89334810994487945 -4.0581543644922782e-09 -0.44936527954205807
    outer loop
      vertex 151.8128604896512 -279.12999997047172 21.393759758138508
      vertex 161.07142662575274 -312 39.799994214673497
      vertex 142.58571610437929 -312 3.0499930305888956
    endloop
  endfacet
  facet normal 0.89334797874192906 -3.2187190512980203e-08 -0.44936554037632742
    outer loop
      vertex 262.74285044974238 48.373983377555739 241.92499270084704
      vertex 253.49999084843967 84 223.54999429218941
      vertex 271.9857120998517 84 260.29999007892826
    endloop
  endfacet
  facet normal 0.89334824402430235 -6.7615063667617039e-08 -0.44936501298909681
    outer loop
      vertex 336.68569753925794 48.373983377555305 388.92499492008511
      vertex 318.76338118547943 49.131139129775221 353.29500719988027
      vertex 327.44284991316323 84 370.54999048774931
    endloop
  endfacet
  facet normal 0.89334796551432627 -6.9977891327906142e-08 -0.44936556667306982
    outer loop
      vertex 353.08589737222297 54.598029591809677 421.52889720336509
      vertex 364.41429549968063 84 444.04998051007857
      vertex 368.95263497630901 41.152084238750355 453.07229916854351
    endloop
  endfacet
  facet normal 0.89334830311695246 -6.7250879365089875e-09 -0.44936489551150016
    outer loop
      vertex 367.30377812702562 -173.50321890501476 449.79433315013881
      vertex 367.45722730937916 -133.42167944044354 450.09939324381236
      vertex 382.89999389648438 -153.59999999999997 480.79998779296875
    endloop
  endfacet
  facet normal 0.89334831002565163 0 -0.44936488177683886
    outer loop
      vertex 370.54514286079797 -285.59429721051214 456.23824356029337
      vertex 382.89999389648438 -272.39999999999998 480.79998779296875
      vertex 382.89999389648438 -312 480.79998779296875
    endloop
  endfacet
  facet normal 0.89334830963617007 -1.3229039678023635e-09 -0.44936488255113727
    outer loop
      vertex 322.17187718786005 -110.50782675538068 360.07116719846027
      vertex 337.24881526891738 -92.988201138930123 390.04448654099309
      vertex 336.87900934027823 -131.95094479838332 389.30930348035048
    endloop
  endfacet
  facet normal 0.89334810289696021 1.1748811004691557e-09 -0.44936529355347676
    outer loop
      vertex 155.55417691987779 -72.746415812881565 28.831579386265823
      vertex 154.912830680946 -113.15882450438056 27.556568829044394
      vertex 139.67027261232573 -93.381190679213489 -2.7459723462718557
    endloop
  endfacet
  facet normal 0.89334806916191545 6.8246828663525205e-08 -0.44936536061947713
    outer loop
      vertex 170.31428157531585 48.373983377555859 58.174994963215106
      vertex 179.55713633160559 84 76.549995808975069
      vertex 188.23109965196213 49.077072912729058 93.794017444644737
    endloop
  endfacet
  facet normal 0.89334810994487912 7.2729055558058174e-09 -0.44936527954205802
    outer loop
      vertex 153.91410534631328 54.598029591809734 25.571080806834576
      vertex 142.58571610437929 84 3.0499930305888725
      vertex 161.07142662575274 84 39.799994214673461
    endloop
  endfacet
  facet normal 0.89334798245444258 -1.1152455488524539e-07 -0.44936553299576121
    outer loop
      vertex 206.74828343276931 48.846110675740277 130.60656220480601
      vertex 188.23109965196213 49.077072912729058 93.794017444644737
      vertex 198.04285956064038 84 113.2999906009435
    endloop
  endfacet
  facet normal 0.89334809839621876 3.2705170752108971e-08 -0.4493653025010485
    outer loop
      vertex 244.27571690557372 -276.26850461835363 205.21193754531541
      vertex 253.49999084843964 -312 223.54999429218935
      vertex 235.01427938259349 -312 186.79999358318645
    endloop
  endfacet
  facet normal 0.89334798722349951 -1.0081679975276217e-07 -0.44936552351477982
    outer loop
      vertex 197.60712794469325 -237.74792809931637 112.4337475778334
      vertex 207.15648319428851 -275.33543566458525 131.41807244155368
      vertex 188.53582150972406 -275.30895381916781 94.399810539229335
    endloop
  endfacet
  facet normal 0.89334801129771824 1.0350216575536687e-09 -0.44936547565474122
    outer loop
      vertex 139.67027261232573 -93.381190679213489 -2.7459723462718557
      vertex 124.09999847412109 -74.400000000000034 -33.700004577636719
      vertex 139.76354396427411 -52.807792649838433 -2.5605468445751143
    endloop
  endfacet
  facet normal 0.89334830489137129 0 -0.44936489198391227
    outer loop
      vertex 367.45722730937916 -133.42167944044354 450.09939324381236
      vertex 382.89999389648438 -114 480.79998779296875
      vertex 382.89999389648438 -153.59999999999997 480.79998779296875
    endloop
  endfacet
  facet normal 0.8933480776068472 1.7994418682847361e-07 -0.44936534383073906
    outer loop
      vertex 318.76338118547943 49.131139129775221 353.29500719988027
      vertex 300.07088526845371 48.803928196946714 316.13391860841472
      vertex 308.95713542583707 84 333.79999129859232
    endloop
  endfacet
  facet normal 0.89334812921483175 8.7267993716544535e-17 -0.4493652412329644
    outer loop
      vertex 231.86322817281749 -60.733413135804966 180.53563290305394
      vertex 211.9919084335539 -57.492415885703444 141.03100574187636
      vertex 223.74495279934624 -23.04078169331811 164.39632026409197
    endloop
  endfacet
  facet normal 0.89334806351709872 3.100263264677553e-07 -0.44936537184139325
    outer loop
      vertex 337.24729971795142 -275.52381734738776 390.04147359790437
      vertex 345.92856423148754 -312 407.29998976191268
      vertex 327.44284991316317 -312 370.54999048774926
    endloop
  endfacet
  facet normal 0.89334785626033308 -9.3803093111031848e-08 -0.44936578387217951
    outer loop
      vertex 355.23571154835747 -279.05065961032631 425.80277148469702
      vertex 364.41429549968063 -312 444.04998051007857
      vertex 345.92856423148754 -312 407.29998976191268
    endloop
  endfacet
  facet normal 0.89334829391459825 -2.9289253689588597e-08 -0.44936491380600219
    outer loop
      vertex 366.61151751771723 -213.94436534353179 448.41810498728336
      vertex 367.30377812702562 -173.50321890501476 449.79433315013881
      vertex 382.89999389648438 -193.19999999999996 480.79998779296875
    endloop
  endfacet
  facet normal 0.89334798233379831 9.4994632802873255e-08 -0.44936553323560807
    outer loop
      vertex 196.62733721983869 14.32075739064544 110.48590419168993
      vertex 177.67633242999398 15.117360212961444 72.810914535426278
      vertex 188.23109965196213 49.077072912729058 93.794017444644737
    endloop
  endfacet
  facet normal 0.89334801095877803 -3.7854210746870084e-09 -0.44936547632856144
    outer loop
      vertex 139.7739459281797 -9.2910642205794431 -2.539867511258592
      vertex 124.09999847412109 4.7999999999999723 -33.700004577636719
      vertex 138.04788523316611 41.155887591165651 -5.9713128733852265
    endloop
  endfacet
  facet normal 0.89334810309766721 -1.0463641368848355e-12 -0.44936529315446677
    outer loop
      vertex 155.43253794440062 -33.307606783178372 28.589758403326389
      vertex 139.76354396427411 -52.807792649838433 -2.5605468445751143
      vertex 139.7739459281797 -9.2910642205794431 -2.539867511258592
    endloop
  endfacet
  facet normal 0.89334812921483164 1.3113478973270156e-16 -0.44936524123296484
    outer loop
      vertex 216.62464005926074 -239.30870829478943 150.24097961440827
      vertex 225.77583120328978 -275.8806652422785 168.43375185948585
      vertex 207.15648319428851 -275.33543566458525 131.41807244155368
    endloop
  endfacet
  facet normal 0.89334830319573677 0 -0.44936489535487534
    outer loop
      vertex 367.3834224641102 -93.31967501280343 449.95266771118986
      vertex 382.89999389648438 -74.400000000000006 480.79998779296875
      vertex 382.89999389648438 -114 480.79998779296875
    endloop
  endfacet
  facet normal 0.89334824886905273 -3.41905516580089e-08 -0.44936500335762225
    outer loop
      vertex 300.07088526845371 48.803928196946714 316.13391860841472
      vertex 290.47143626596863 84 297.04998439953266
      vertex 308.95713542583707 84 333.79999129859232
    endloop
  endfacet
  facet normal 0.8933483013839455 0 -0.44936489895676024
    outer loop
      vertex 367.30377812702562 -173.50321890501476 449.79433315013881
      vertex 382.89999389648438 -153.59999999999997 480.79998779296875
      vertex 382.89999389648438 -193.19999999999996 480.79998779296875
    endloop
  endfacet
  facet normal 0.89334828638232056 0 -0.44936492878035234
    outer loop
      vertex 366.61151751771723 -213.94436534353179 448.41810498728336
      vertex 382.89999389648438 -193.19999999999996 480.79998779296875
      vertex 382.89999389648438 -232.79999999999998 480.79998779296875
    endloop
  endfacet
  facet normal 0.89334794840394049 5.8132690871291416e-16 -0.44936560068887127
    outer loop
      vertex 271.87782109821154 -240.69610548324039 260.08550003614351
      vertex 281.24956140382284 -276.01759817702157 278.71671026264471
      vertex 262.73384236780021 -276.34531635537058 241.90708445083911
    endloop
  endfacet
  facet normal 0.89334794839474596 6.8032345453551493e-09 -0.44936560070715059
    outer loop
      vertex 281.4079126259814 48.498907625931679 279.03151571109413
      vertex 262.74285044974238 48.373983377555739 241.92499270084704
      vertex 271.9857120998517 84 260.29999007892826
    endloop
  endfacet
  facet normal 0.89334810315379853 -2.2440827876253121e-10 -0.44936529304287637
    outer loop
      vertex 155.55417691987779 -72.746415812881565 28.831579386265823
      vertex 139.76354396427411 -52.807792649838433 -2.5605468445751143
      vertex 155.43253794440062 -33.307606783178372 28.589758403326389
    endloop
  endfacet
  facet normal 0.89334810320813096 -1.1317465223702645e-11 -0.44936529293486216
    outer loop
      vertex 155.55417691987779 -72.746415812881565 28.831579386265823
      vertex 139.67027261232573 -93.381190679213489 -2.7459723462718557
      vertex 139.76354396427411 -52.807792649838433 -2.5605468445751143
    endloop
  endfacet
  facet normal 0.89334797874192906 3.2199269111325857e-08 -0.44936554037632748
    outer loop
      vertex 262.73384236780021 -276.34531635537058 241.90708445083911
      vertex 271.98571209985164 -312 260.29999007892815
      vertex 253.49999084843964 -312 223.54999429218935
    endloop
  endfacet
  facet normal 0.8933480382761303 -4.4155014893537695e-08 -0.44936542202108448
    outer loop
      vertex 262.73384236780021 -276.34531635537058 241.90708445083911
      vertex 253.49999084843964 -312 223.54999429218935
      vertex 244.27571690557372 -276.26850461835363 205.21193754531541
    endloop
  endfacet
  facet normal 0.89334778730067188 5.5353145553417654e-08 -0.44936592096529809
    outer loop
      vertex 353.08589737222297 54.598029591809677 421.52889720336509
      vertex 336.68569753925794 48.373983377555305 388.92499492008511
      vertex 345.92856423148754 84 407.29998976191274
    endloop
  endfacet
  facet normal 0.89334806145065693 1.5744304046556375e-07 -0.44936537594960341
    outer loop
      vertex 318.76338118547943 49.131139129775221 353.29500719988027
      vertex 308.95713542583707 84 333.79999129859232
      vertex 327.44284991316323 84 370.54999048774931
    endloop
  endfacet
  facet normal 0.89334811083164156 -2.0299754266415449e-07 -0.44936527777910917
    outer loop
      vertex 290.44162702535328 -239.59398780153367 296.9907235649539
      vertex 299.84577013908552 -275.4369559532829 315.68638425818449
      vertex 281.24956140382284 -276.01759817702157 278.71671026264471
    endloop
  endfacet
  facet normal 0.89334823686912879 7.6487927906237297e-08 -0.4493650272137486
    outer loop
      vertex 291.29362184874412 13.439591421371574 298.68450659231559
      vertex 300.07088526845371 48.803928196946714 316.13391860841472
      vertex 310.32254915001602 14.473671194438239 336.51446153696372
    endloop
  endfacet
  facet normal 0.89334824886905329 3.10475857290407e-08 -0.44936500335762181
    outer loop
      vertex 299.84577013908552 -275.4369559532829 315.68638425818449
      vertex 308.95713542583701 -312 333.79999129859226
      vertex 290.47143626596863 -312 297.04998439953266
    endloop
  endfacet
  facet normal 0.89334808270413635 1.6155946483050391e-07 -0.44936533369722387
    outer loop
      vertex 309.37458801764518 -237.77407261065548 334.62989553664704
      vertex 318.48084301312787 -275.26140780608557 352.73331557010448
      vertex 299.84577013908552 -275.4369559532829 315.68638425818449
    endloop
  endfacet
  facet normal 0.89334800896636235 -0 -0.44936548028952567
    outer loop
      vertex 138.04788523316611 41.155887591165651 -5.9713128733852265
      vertex 124.09999847412109 4.7999999999999723 -33.700004577636719
      vertex 124.09999847412109 44.399999999999984 -33.700004577636719
    endloop
  endfacet
  facet normal 0.89334809752639111 -1.6422350258964176e-08 -0.44936530423028576
    outer loop
      vertex 138.04788523316611 41.155887591165651 -5.9713128733852265
      vertex 142.58571610437929 84 3.0499930305888725
      vertex 153.91410534631328 54.598029591809734 25.571080806834576
    endloop
  endfacet
  facet normal 0.89334806830869429 -7.0761002602434318e-08 -0.44936536231569907
    outer loop
      vertex 169.76140493739953 -275.60370505618596 57.075864004452086
      vertex 188.53582150972406 -275.30895381916781 94.399810539229335
      vertex 179.55713633160562 -312 76.549995808975098
    endloop
  endfacet
  facet normal 0.89334808178983394 3.5082202058886009e-08 -0.44936533551490493
    outer loop
      vertex 136.44438520548175 -285.54080512596488 -9.1591045929147157
      vertex 151.8128604896512 -279.12999997047172 21.393759758138508
      vertex 142.58571610437929 -312 3.0499930305888956
    endloop
  endfacet
  facet normal 0.89334812921483164 2.6164876234823692e-16 -0.44936524123296484
    outer loop
      vertex 225.77583120328978 -275.8806652422785 168.43375185948585
      vertex 216.52857065592295 -312 150.04999149634392
      vertex 207.15648319428851 -275.33543566458525 131.41807244155368
    endloop
  endfacet
  facet normal 0.8933481318898342 -3.3915527798321633e-09 -0.44936523591499988
    outer loop
      vertex 225.77583120328978 -275.8806652422785 168.43375185948585
      vertex 235.01427938259349 -312 186.79999358318645
      vertex 216.52857065592295 -312 150.04999149634392
    endloop
  endfacet
  facet normal 0.89334800896636224 0 -0.44936548028952567
    outer loop
      vertex 138.04788523316611 41.155887591165651 -5.9713128733852265
      vertex 124.09999847412109 44.399999999999984 -33.700004577636719
      vertex 124.09999847412109 84 -33.700004577636719
    endloop
  endfacet
  facet normal 0.89334802302007166 2.2657335173677875e-08 -0.44936545235045522
    outer loop
      vertex 138.04788523316611 41.155887591165651 -5.9713128733852265
      vertex 124.09999847412109 84 -33.700004577636719
      vertex 142.58571610437929 84 3.0499930305888725
    endloop
  endfacet
  facet normal 0.89334801546957476 -1.4026359881905733e-08 -0.44936546736100225
    outer loop
      vertex 139.83151729549837 -173.80364026178364 -2.4254143651913651
      vertex 141.17308418798413 -214.8911521666995 0.2416501610804076
      vertex 124.09999847412109 -193.20000000000002 -33.700004577636719
    endloop
  endfacet
  facet normal 0.8933481128562818 9.0030777826017923e-09 -0.44936527375412538
    outer loop
      vertex 170.1180873409441 -208.18608918774322 57.784956495473239
      vertex 179.00808392702962 -239.37950589573433 75.458465901958874
      vertex 158.5058194065102 -237.8849457502983 34.699510159303344
    endloop
  endfacet
  facet normal 0.89334802858633267 1.4392476308431628e-07 -0.44936544128458755
    outer loop
      vertex 370.54514286079797 -285.59429721051214 456.23824356029337
      vertex 364.41429549968063 -312 444.04998051007857
      vertex 355.23571154835747 -279.05065961032631 425.80277148469702
    endloop
  endfacet
  facet normal 0.89334825819950803 -1.2008542933501164e-07 -0.4493649848084415
    outer loop
      vertex 370.54514286079797 -285.59429721051214 456.23824356029337
      vertex 382.89999389648438 -312 480.79998779296875
      vertex 364.41429549968063 -312 444.04998051007857
    endloop
  endfacet
  facet normal 0.89334794495909442 -3.1397091748506098e-11 -0.4493656075372956
    outer loop
      vertex 352.16403106746168 -112.96508742838321 419.69620882992393
      vertex 367.3834224641102 -93.31967501280343 449.95266771118986
      vertex 367.45722730937916 -133.42167944044354 450.09939324381236
    endloop
  endfacet
  facet normal 0.89334794840394049 3.5563868347966697e-16 -0.44936560068887155
    outer loop
      vertex 272.27971443229421 12.740802347459962 260.88447215356763
      vertex 262.74285044974238 48.373983377555739 241.92499270084704
      vertex 281.4079126259814 48.498907625931679 279.03151571109413
    endloop
  endfacet
  facet normal 0.89334793814701463 -1.0137244556329945e-10 -0.44936562107984823
    outer loop
      vertex 351.56320218052849 -72.668533460504278 418.501749994119
      vertex 367.30261482034092 -52.829496246658856 449.79202047280319
      vertex 367.3834224641102 -93.31967501280343 449.95266771118986
    endloop
  endfacet
  facet normal 0.89334779435745515 -7.2105405481322336e-09 -0.44936590693628525
    outer loop
      vertex 337.24729971795142 -275.52381734738776 390.04147359790437
      vertex 355.23571154835747 -279.05065961032631 425.80277148469702
      vertex 345.92856423148754 -312 407.29998976191268
    endloop
  endfacet
  facet normal 0.89334809839621876 -3.1627586127047396e-08 -0.4493653025010485
    outer loop
      vertex 244.03053336028657 48.234243745729515 204.72450718489071
      vertex 235.01427938259351 84 186.79999358318651
      vertex 253.49999084843967 84 223.54999429218941
    endloop
  endfacet
  facet normal 0.89334803939204765 4.5736824749911539e-08 -0.44936541980261729
    outer loop
      vertex 244.03053336028657 48.234243745729515 204.72450718489071
      vertex 253.49999084843967 84 223.54999429218941
      vertex 262.74285044974238 48.373983377555739 241.92499270084704
    endloop
  endfacet
  facet normal 0.89334813188983409 3.3042854636500114e-09 -0.44936523591500016
    outer loop
      vertex 225.39664462195708 48.446937896388597 167.67992047251099
      vertex 216.52857065592295 84 150.04999149634395
      vertex 235.01427938259351 84 186.79999358318651
    endloop
  endfacet
  facet normal 0.89334812923065887 6.8666575504468889e-09 -0.4493652412014999
    outer loop
      vertex 225.39664462195708 48.446937896388597 167.67992047251099
      vertex 235.01427938259351 84 186.79999358318651
      vertex 244.03053336028657 48.234243745729515 204.72450718489071
    endloop
  endfacet
  facet normal 0.89334801164597166 0 -0.44936547496240653
    outer loop
      vertex 139.7739459281797 -9.2910642205794431 -2.539867511258592
      vertex 124.09999847412109 -34.80000000000004 -33.700004577636719
      vertex 124.09999847412109 4.7999999999999723 -33.700004577636719
    endloop
  endfacet
  facet normal 0.89334801161072508 1.0725129613766028e-10 -0.4493654750324772
    outer loop
      vertex 139.7739459281797 -9.2910642205794431 -2.539867511258592
      vertex 139.76354396427411 -52.807792649838433 -2.5605468445751143
      vertex 124.09999847412109 -34.80000000000004 -33.700004577636719
    endloop
  endfacet
  facet normal 0.89334798530832815 4.8913574574806504e-08 -0.44936552732218843
    outer loop
      vertex 272.27971443229421 12.740802347459962 260.88447215356763
      vertex 253.27315050809824 12.441390624566083 223.09902896405103
      vertex 262.74285044974238 48.373983377555739 241.92499270084704
    endloop
  endfacet
  facet normal 0.89334794842808307 -6.7549371885938541e-09 -0.44936560064087566
    outer loop
      vertex 281.24956140382284 -276.01759817702157 278.71671026264471
      vertex 271.98571209985164 -312 260.29999007892815
      vertex 262.73384236780021 -276.34531635537058 241.90708445083911
    endloop
  endfacet
  facet normal 0.89334795456027338 6.708640970136759e-08 -0.4493655884499515
    outer loop
      vertex 188.53582150972406 -275.30895381916781 94.399810539229335
      vertex 198.04285956064035 -312 113.29999060094345
      vertex 179.55713633160562 -312 76.549995808975098
    endloop
  endfacet
  facet normal 0.89334798728377551 1.0907635076299393e-07 -0.44936552339494773
    outer loop
      vertex 188.53582150972406 -275.30895381916781 94.399810539229335
      vertex 207.15648319428851 -275.33543566458525 131.41807244155368
      vertex 198.04285956064035 -312 113.29999060094345
    endloop
  endfacet
  facet normal 0.89334802302007144 -3.2470163014641647e-08 -0.44936545235045489
    outer loop
      vertex 136.44438520548175 -285.54080512596488 -9.1591045929147157
      vertex 142.58571610437929 -312 3.0499930305888956
      vertex 124.09999847412109 -312 -33.700004577636719
    endloop
  endfacet
  facet normal 0.893348014988263 1.9261023092457468e-08 -0.44936546831786045
    outer loop
      vertex 139.52268497541749 -251.90423203019873 -3.0393798186230541
      vertex 124.09999847412109 -232.80000000000001 -33.700004577636719
      vertex 141.17308418798413 -214.8911521666995 0.2416501610804076
    endloop
  endfacet
  facet normal 0.89334810292732891 3.6218342806156716e-08 -0.44936529349310128
    outer loop
      vertex 206.74828343276931 48.846110675740277 130.60656220480601
      vertex 198.04285956064038 84 113.2999906009435
      vertex 216.52857065592295 84 150.04999149634395
    endloop
  endfacet
  facet normal 0.89334812921483187 3.4860167601348577e-16 -0.44936524123296462
    outer loop
      vertex 206.74828343276931 48.846110675740277 130.60656220480601
      vertex 216.52857065592295 84 150.04999149634395
      vertex 225.39664462195708 48.446937896388597 167.67992047251099
    endloop
  endfacet
  facet normal 0.89334794310197696 -1.5331541959464602e-10 -0.44936561122928304
    outer loop
      vertex 281.4079126259814 48.498907625931679 279.03151571109413
      vertex 271.9857120998517 84 260.29999007892826
      vertex 290.47143626596863 84 297.04998439953266
    endloop
  endfacet
  facet normal 0.89334811405099401 -2.162870274857681e-07 -0.4493652713789591
    outer loop
      vertex 281.4079126259814 48.498907625931679 279.03151571109413
      vertex 290.47143626596863 84 297.04998439953266
      vertex 300.07088526845371 48.803928196946714 316.13391860841472
    endloop
  endfacet
  facet normal 0.89334830135761878 0 -0.44936489900909832
    outer loop
      vertex 367.30261482034092 -52.829496246658856 449.79202047280319
      vertex 382.89999389648438 -34.799999999999983 480.79998779296875
      vertex 382.89999389648438 -74.400000000000006 480.79998779296875
    endloop
  endfacet
  facet normal 0.89334798501920665 -4.9110872284551323e-08 -0.44936552789696765
    outer loop
      vertex 277.81549195595437 -135.43929866807073 271.88971039610612
      vertex 287.8878264041964 -98.250248862656576 291.91371601910311
      vertex 293.16368836165219 -137.29185850403957 302.4022432284728
    endloop
  endfacet
  facet normal 0.8933480862824722 2.1578403261521629e-07 -0.4493653265833914
    outer loop
      vertex 320.86335211475802 -18.880610202728647 357.46979209330124
      vertex 310.32254915001602 14.473671194438239 336.51446153696372
      vertex 329.35566155641936 15.244397597337155 374.35270517682915
    endloop
  endfacet
  facet normal 0.89334830276127497 -1.3802658534748875e-08 -0.44936489621859599
    outer loop
      vertex 367.25343821807832 -9.3073654291232657 449.69425638789454
      vertex 368.95263497630901 41.152084238750355 453.07229916854351
      vertex 382.89999389648438 4.8000000000000114 480.79998779296875
    endloop
  endfacet
  facet normal 0.89334804567720483 -6.0637058123209718e-08 -0.4493654073075885
    outer loop
      vertex 263.69942737403727 -101.51975662281728 243.82668707064164
      vertex 246.71533591661395 -130.79234775271337 210.06195376151405
      vertex 240.89629348712333 -97.235469109758725 198.49356836212286
    endloop
  endfacet
  facet normal 0.89334798050951725 -1.1992796040185205e-07 -0.44936553686231073
    outer loop
      vertex 186.17128387614733 -19.175893421763632 89.699062844834302
      vertex 177.67633242999398 15.117360212961444 72.810914535426278
      vertex 196.62733721983869 14.32075739064544 110.48590419168993
    endloop
  endfacet
  facet normal 0.89334806361621177 -1.4178037031093916e-07 -0.44936537164443974
    outer loop
      vertex 319.63818439892771 -196.47096835505215 355.0341337703012
      vertex 328.06804764769407 -239.11867083965109 371.79289742154378
      vertex 309.37458801764518 -237.77407261065548 334.62989553664704
    endloop
  endfacet
  facet normal 0.89334808334097715 -1.7322686224775607e-07 -0.44936533243116644
    outer loop
      vertex 318.48084301312787 -275.26140780608557 352.73331557010448
      vertex 308.95713542583701 -312 333.79999129859226
      vertex 299.84577013908552 -275.4369559532829 315.68638425818449
    endloop
  endfacet
  facet normal 0.89334793521415445 1.4958603257835427e-08 -0.4493656269104333
    outer loop
      vertex 350.89482232513899 13.090990009489559 417.17299859533199
      vertex 367.25343821807832 -9.3073654291232657 449.69425638789454
      vertex 351.73011322451708 -33.563099060904847 418.83357220776657
    endloop
  endfacet
  facet normal 0.8933482452069853 7.102182953018872e-08 -0.44936501063789464
    outer loop
      vertex 329.35566155641936 15.244397597337155 374.35270517682915
      vertex 318.76338118547943 49.131139129775221 353.29500719988027
      vertex 336.68569753925794 48.373983377555305 388.92499492008511
    endloop
  endfacet
  facet normal 0.89334811991675933 -1.9752939857729254e-09 -0.44936525971773905
    outer loop
      vertex 169.76140493739953 -275.60370505618596 57.075864004452086
      vertex 179.55713633160562 -312 76.549995808975098
      vertex 161.07142662575274 -312 39.799994214673497
    endloop
  endfacet
  facet normal 0.89334811532785918 3.4505978966233956e-09 -0.44936526884057459
    outer loop
      vertex 169.76140493739953 -275.60370505618596 57.075864004452086
      vertex 161.07142662575274 -312 39.799994214673497
      vertex 151.8128604896512 -279.12999997047172 21.393759758138508
    endloop
  endfacet
  facet normal 0.8933481046588746 5.4655437170181402e-09 -0.4493652900507521
    outer loop
      vertex 139.52268497541749 -251.90423203019873 -3.0393798186230541
      vertex 158.5058194065102 -237.8849457502983 34.699510159303344
      vertex 151.8128604896512 -279.12999997047172 21.393759758138508
    endloop
  endfacet
  facet normal 0.89334808751313866 -3.2864119006510418e-08 -0.44936532413685043
    outer loop
      vertex 139.52268497541749 -251.90423203019873 -3.0393798186230541
      vertex 151.8128604896512 -279.12999997047172 21.393759758138508
      vertex 136.44438520548175 -285.54080512596488 -9.1591045929147157
    endloop
  endfacet
  facet normal 0.89334806145065859 -1.4512492297800645e-07 -0.44936537594960424
    outer loop
      vertex 318.48084301312787 -275.26140780608557 352.73331557010448
      vertex 327.44284991316317 -312 370.54999048774926
      vertex 308.95713542583701 -312 333.79999129859226
    endloop
  endfacet
  facet normal 0.89334824178656991 7.2729387102021773e-08 -0.44936501743776053
    outer loop
      vertex 318.48084301312787 -275.26140780608557 352.73331557010448
      vertex 337.24729971795142 -275.52381734738776 390.04147359790437
      vertex 327.44284991316317 -312 370.54999048774926
    endloop
  endfacet
  facet normal 0.89334810258815589 -3.7223464446721347e-12 -0.4493652941673863
    outer loop
      vertex 154.912830680946 -113.15882450438056 27.556568829044394
      vertex 139.58954677042345 -133.56041497140333 -2.9064570977195459
      vertex 139.67027261232573 -93.381190679213489 -2.7459723462718557
    endloop
  endfacet
  facet normal 0.8933480107997156 9.0954910471122005e-10 -0.44936547664478116
    outer loop
      vertex 139.58954677042345 -133.56041497140333 -2.9064570977195459
      vertex 124.09999847412109 -114 -33.700004577636719
      vertex 139.67027261232573 -93.381190679213489 -2.7459723462718557
    endloop
  endfacet
  facet normal 0.89334794310197696 3.5715101182973537e-11 -0.44936561122928298
    outer loop
      vertex 281.24956140382284 -276.01759817702157 278.71671026264471
      vertex 290.47143626596863 -312 297.04998439953266
      vertex 271.98571209985164 -312 260.29999007892815
    endloop
  endfacet
  facet normal 0.89334810823012212 2.0961614211290743e-07 -0.44936528295098405
    outer loop
      vertex 281.24956140382284 -276.01759817702157 278.71671026264471
      vertex 299.84577013908552 -275.4369559532829 315.68638425818449
      vertex 290.47143626596863 -312 297.04998439953266
    endloop
  endfacet
  facet normal 0.89334790997902169 -4.3402135337081209e-09 -0.44936567707838315
    outer loop
      vertex 367.47732753598592 -251.90423203019856 450.13935290288293
      vertex 348.51636970456201 -237.63168531549383 412.44459120684405
      vertex 366.61151751771723 -213.94436534353179 448.41810498728336
    endloop
  endfacet
  facet normal 0.89334800521425395 -1.2686847365289471e-07 -0.44936548774877805
    outer loop
      vertex 367.47732753598592 -251.90423203019856 450.13935290288293
      vertex 370.54514286079797 -285.59429721051214 456.23824356029337
      vertex 355.23571154835747 -279.05065961032631 425.80277148469702
    endloop
  endfacet
  facet normal 0.89334811991675978 3.0363615161858051e-09 -0.4493652597177385
    outer loop
      vertex 170.31428157531585 48.373983377555859 58.174994963215106
      vertex 161.07142662575274 84 39.799994214673461
      vertex 179.55713633160559 84 76.549995808975069
    endloop
  endfacet
  facet normal 0.89334811679076409 -9.7995784751143078e-10 -0.44936526593228726
    outer loop
      vertex 170.31428157531585 48.373983377555859 58.174994963215106
      vertex 153.91410534631328 54.598029591809734 25.571080806834576
      vertex 161.07142662575274 84 39.799994214673461
    endloop
  endfacet
  facet normal 0.89334801056778135 -0 -0.44936547710587121
    outer loop
      vertex 139.58954677042345 -133.56041497140333 -2.9064570977195459
      vertex 124.09999847412109 -153.59999999999999 -33.700004577636719
      vertex 124.09999847412109 -114 -33.700004577636719
    endloop
  endfacet
  facet normal 0.89334801127518826 -2.7078206531351742e-09 -0.44936547569953156
    outer loop
      vertex 139.58954677042345 -133.56041497140333 -2.9064570977195459
      vertex 139.83151729549837 -173.80364026178364 -2.4254143651913651
      vertex 124.09999847412109 -153.59999999999999 -33.700004577636719
    endloop
  endfacet
  facet normal 0.89334830024829959 0 -0.4493649012144515
    outer loop
      vertex 367.25343821807832 -9.3073654291232657 449.69425638789454
      vertex 382.89999389648438 4.8000000000000114 480.79998779296875
      vertex 382.89999389648438 -34.799999999999983 480.79998779296875
    endloop
  endfacet
  facet normal 0.89334830089722428 1.9724223796195188e-09 -0.4493648999243739
    outer loop
      vertex 367.25343821807832 -9.3073654291232657 449.69425638789454
      vertex 382.89999389648438 -34.799999999999983 480.79998779296875
      vertex 367.30261482034092 -52.829496246658856 449.79202047280319
    endloop
  endfacet
  facet normal 0.89334807879882561 -1.5727130695821542e-07 -0.44936534146106827
    outer loop
      vertex 310.32254915001602 14.473671194438239 336.51446153696372
      vertex 300.07088526845371 48.803928196946714 316.13391860841472
      vertex 318.76338118547943 49.131139129775221 353.29500719988027
    endloop
  endfacet
  facet normal 0.89334823986095946 -3.5346983705896106e-08 -0.44936502126592387
    outer loop
      vertex 309.37458801764518 -237.77407261065548 334.62989553664704
      vertex 299.84577013908552 -275.4369559532829 315.68638425818449
      vertex 290.44162702535328 -239.59398780153367 296.9907235649539
    endloop
  endfacet
  facet normal 0.89334809880854438 3.9573551995980839e-08 -0.44936530168133537
    outer loop
      vertex 216.62464005926074 -239.30870829478943 150.24097961440827
      vertex 207.15648319428851 -275.33543566458525 131.41807244155368
      vertex 197.60712794469325 -237.74792809931637 112.4337475778334
    endloop
  endfacet
  facet normal 0.8933479668173131 -8.7770883112938921e-09 -0.449365564082711
    outer loop
      vertex 306.0757851575122 -163.01696507094772 328.07180558024919
      vertex 305.85379985685756 -120.03037245987414 327.63049340559451
      vertex 321.26179230712376 -149.41000079444129 358.26189929480023
    endloop
  endfacet
  facet normal 0.89334794038693066 6.7960796146399378e-10 -0.44936561662684998
    outer loop
      vertex 351.78393683213403 -193.39913084791459 418.94057452588265
      vertex 367.30377812702562 -173.50321890501476 449.79433315013881
      vertex 366.61151751771723 -213.94436534353179 448.41810498728336
    endloop
  endfacet
  facet normal 0.89334794409303619 -3.2377583338752551e-09 -0.44936560925903712
    outer loop
      vertex 352.01630588308046 -153.09128465677017 419.40252845670534
      vertex 352.16403106746168 -112.96508742838321 419.69620882992393
      vertex 367.45722730937916 -133.42167944044354 450.09939324381236
    endloop
  endfacet
  facet normal 0.89334794158131292 1.2927499193609015e-08 -0.44936561425239352
    outer loop
      vertex 351.56320218052849 -72.668533460504278 418.501749994119
      vertex 367.3834224641102 -93.31967501280343 449.95266771118986
      vertex 352.16403106746168 -112.96508742838321 419.69620882992393
    endloop
  endfacet
  facet normal 0.89334793994884754 -4.7311473877263426e-11 -0.44936561749776804
    outer loop
      vertex 351.73011322451708 -33.563099060904847 418.83357220776657
      vertex 367.25343821807832 -9.3073654291232657 449.69425638789454
      vertex 367.30261482034092 -52.829496246658856 449.79202047280319
    endloop
  endfacet
  facet normal 0.89334792020923481 6.2964234761569555e-08 -0.44936565674051104
    outer loop
      vertex 367.47732753598592 -251.90423203019856 450.13935290288293
      vertex 355.23571154835747 -279.05065961032631 425.80277148469702
      vertex 348.51636970456201 -237.63168531549383 412.44459120684405
    endloop
  endfacet
  facet normal 0.8933480677609833 1.4358325416003556e-07 -0.44936536340454281
    outer loop
      vertex 328.06804764769407 -239.11867083965109 371.79289742154378
      vertex 318.48084301312787 -275.26140780608557 352.73331557010448
      vertex 309.37458801764518 -237.77407261065548 334.62989553664704
    endloop
  endfacet
  facet normal 0.89334810558494093 -7.4436208480103989e-10 -0.44936528820971205
    outer loop
      vertex 139.52268497541749 -251.90423203019873 -3.0393798186230541
      vertex 141.17308418798413 -214.8911521666995 0.2416501610804076
      vertex 158.5058194065102 -237.8849457502983 34.699510159303344
    endloop
  endfacet
  facet normal 0.89334811559663108 -3.3241857864267782e-09 -0.44936526830625012
    outer loop
      vertex 158.5058194065102 -237.8849457502983 34.699510159303344
      vertex 169.76140493739953 -275.60370505618596 57.075864004452086
      vertex 151.8128604896512 -279.12999997047172 21.393759758138508
    endloop
  endfacet
  facet normal 0.89334794323497801 9.7999988444736012e-11 -0.44936561096487393
    outer loop
      vertex 352.01630588308046 -153.09128465677017 419.40252845670534
      vertex 367.45722730937916 -133.42167944044354 450.09939324381236
      vertex 367.30377812702562 -173.50321890501476 449.79433315013881
    endloop
  endfacet
  facet normal 0.89334794185879673 -5.0061981567121759e-09 -0.4493656137007504
    outer loop
      vertex 352.01630588308046 -153.09128465677017 419.40252845670534
      vertex 367.30377812702562 -173.50321890501476 449.79433315013881
      vertex 351.78393683213403 -193.39913084791459 418.94057452588265
    endloop
  endfacet
  facet normal 0.89334810270090292 1.4497674593475723e-11 -0.44936529394324326
    outer loop
      vertex 155.02409178584736 -153.34505868859799 27.777758374949627
      vertex 139.83151729549837 -173.80364026178364 -2.4254143651913651
      vertex 139.58954677042345 -133.56041497140333 -2.9064570977195459
    endloop
  endfacet
  facet normal 0.89334811693807947 9.423560584235696e-10 -0.44936526563942142
    outer loop
      vertex 156.11308019109012 13.094284071899864 29.942691493897783
      vertex 153.91410534631328 54.598029591809734 25.571080806834576
      vertex 170.31428157531585 48.373983377555859 58.174994963215106
    endloop
  endfacet
  facet normal 0.89334811756492727 -3.854577616500225e-12 -0.44936526439323382
    outer loop
      vertex 170.14597083730942 -132.36776832641328 57.840389501608399
      vertex 155.02409178584736 -153.34505868859799 27.777758374949627
      vertex 154.912830680946 -113.15882450438056 27.556568829044394
    endloop
  endfacet
  facet normal 0.89334811260985136 -7.738008459324198e-09 -0.44936527424403433
    outer loop
      vertex 179.00808392702962 -239.37950589573433 75.458465901958874
      vertex 169.76140493739953 -275.60370505618596 57.075864004452086
      vertex 158.5058194065102 -237.8849457502983 34.699510159303344
    endloop
  endfacet
  facet normal 0.89334808943784749 -1.7010320272573427e-07 -0.44936532031045578
    outer loop
      vertex 329.35566155641936 15.244397597337155 374.35270517682915
      vertex 310.32254915001602 14.473671194438239 336.51446153696372
      vertex 318.76338118547943 49.131139129775221 353.29500719988027
    endloop
  endfacet
  facet normal 0.89334809126318959 2.0134028187555844e-07 -0.44936531668162283
    outer loop
      vertex 280.62923573795354 -205.11511212398568 277.4834902295645
      vertex 299.25422271170976 -202.11263483018359 314.51037359073638
      vertex 290.44162702535328 -239.59398780153367 296.9907235649539
    endloop
  endfacet
  facet normal 0.89334811353142096 7.7332945896506687e-09 -0.44936527241193391
    outer loop
      vertex 156.11308019109012 13.094284071899864 29.942691493897783
      vertex 170.31428157531585 48.373983377555859 58.174994963215106
      vertex 177.67633242999398 15.117360212961444 72.810914535426278
    endloop
  endfacet
  facet normal 0.89334809153115946 -7.0784031140191257e-09 -0.44936531614893804
    outer loop
      vertex 169.91613577452731 -16.839088535742945 57.383472324567215
      vertex 186.17128387614733 -19.175893421763632 89.699062844834302
      vertex 173.269673960539 -51.906035463520396 64.050380247597573
    endloop
  endfacet
  facet normal 0.8933480939250128 -4.3357069226786469e-08 -0.4493653113899031
    outer loop
      vertex 243.27073305184513 -23.957701931668694 203.2140072132849
      vertex 234.23309262479864 12.471157184284309 185.24697632797302
      vertex 253.27315050809824 12.441390624566083 223.09902896405103
    endloop
  endfacet
  facet normal 0.89334809159528195 4.9672480677494681e-08 -0.44936531602145857
    outer loop
      vertex 244.64660537865402 -204.93351867420949 205.94927210787421
      vertex 253.49999160953769 -240.74796675511215 223.54999390934432
      vertex 235.21302822509338 -240.31492980785168 187.19511017311049
    endloop
  endfacet
  facet normal 0.89334792406865904 -5.7642554484693473e-08 -0.44936564906789905
    outer loop
      vertex 348.51636970456201 -237.63168531549383 412.44459120684405
      vertex 351.78393683213403 -193.39913084791459 418.94057452588265
      vertex 366.61151751771723 -213.94436534353179 448.41810498728336
    endloop
  endfacet
  facet normal 0.89334778167122719 -5.5489416681094389e-09 -0.44936593215674159
    outer loop
      vertex 336.84280676991398 -208.12805766177189 389.2373318903019
      vertex 351.78393683213403 -193.39913084791459 418.94057452588265
      vertex 348.51636970456201 -237.63168531549383 412.44459120684405
    endloop
  endfacet
  facet normal 0.89334810284537913 -5.1681926135402465e-10 -0.4493652936560209
    outer loop
      vertex 155.02409178584736 -153.34505868859799 27.777758374949627
      vertex 155.30338518829785 -193.49029701330323 28.332999857740244
      vertex 139.83151729549837 -173.80364026178364 -2.4254143651913651
    endloop
  endfacet
  facet normal 0.89334810450793778 -4.7648088256505534e-09 -0.44936529035081751
    outer loop
      vertex 155.30338518829785 -193.49029701330323 28.332999857740244
      vertex 158.5058194065102 -237.8849457502983 34.699510159303344
      vertex 141.17308418798413 -214.8911521666995 0.2416501610804076
    endloop
  endfacet
  facet normal 0.89334779309254142 -3.9160268808322768e-08 -0.44936590945095517
    outer loop
      vertex 348.51636970456201 -237.63168531549383 412.44459120684405
      vertex 355.23571154835747 -279.05065961032631 425.80277148469702
      vertex 337.24729971795142 -275.52381734738776 390.04147359790437
    endloop
  endfacet
  facet normal 0.89334801539785513 -3.6656798600440482e-07 -0.44936546750343337
    outer loop
      vertex 348.51636970456201 -237.63168531549383 412.44459120684405
      vertex 337.24729971795142 -275.52381734738776 390.04147359790437
      vertex 328.06804764769407 -239.11867083965109 371.79289742154378
    endloop
  endfacet
  facet normal 0.89334811755884092 -1.0260618037138966e-10 -0.44936526440533381
    outer loop
      vertex 170.1180873409441 -208.18608918774322 57.784956495473239
      vertex 158.5058194065102 -237.8849457502983 34.699510159303344
      vertex 155.30338518829785 -193.49029701330323 28.332999857740244
    endloop
  endfacet
  facet normal 0.89334810264319597 -2.0844545466982288e-10 -0.44936529405796571
    outer loop
      vertex 155.02409178584736 -153.34505868859799 27.777758374949627
      vertex 139.58954677042345 -133.56041497140333 -2.9064570977195459
      vertex 154.912830680946 -113.15882450438056 27.556568829044394
    endloop
  endfacet
  facet normal 0.89334779098028072 7.3380759823783856e-09 -0.44936591365017092
    outer loop
      vertex 350.89482232513899 13.090990009489559 417.17299859533199
      vertex 336.68569753925794 48.373983377555305 388.92499492008511
      vertex 353.08589737222297 54.598029591809677 421.52889720336509
    endloop
  endfacet
  facet normal 0.89334793904950605 -3.647148463660124e-09 -0.44936561928567714
    outer loop
      vertex 351.73011322451708 -33.563099060904847 418.83357220776657
      vertex 367.30261482034092 -52.829496246658856 449.79202047280319
      vertex 351.56320218052849 -72.668533460504278 418.501749994119
    endloop
  endfacet
  facet normal 0.89334800370803991 4.2951499646373609e-07 -0.44936549074297583
    outer loop
      vertex 336.84280676991398 -208.12805766177189 389.2373318903019
      vertex 348.51636970456201 -237.63168531549383 412.44459120684405
      vertex 328.06804764769407 -239.11867083965109 371.79289742154378
    endloop
  endfacet
  facet normal 0.89334826826988833 5.854949343135737e-08 -0.44936496478829785
    outer loop
      vertex 336.84280676991398 -208.12805766177189 389.2373318903019
      vertex 328.06804764769407 -239.11867083965109 371.79289742154378
      vertex 319.63818439892771 -196.47096835505215 355.0341337703012
    endloop
  endfacet
  facet normal 0.8933480866237451 6.5609162225227511e-08 -0.44936532590498041
    outer loop
      vertex 204.77611730892488 -20.805860770146893 126.68585193268261
      vertex 196.62733721983869 14.32075739064544 110.48590419168993
      vertex 215.39125697170903 13.319788790590508 147.78898650776225
    endloop
  endfacet
  facet normal 0.89334809395380188 4.7838069462768735e-08 -0.44936531133266922
    outer loop
      vertex 234.23309262479864 12.471157184284309 185.24697632797302
      vertex 244.03053336028657 48.234243745729515 204.72450718489071
      vertex 253.27315050809824 12.441390624566083 223.09902896405103
    endloop
  endfacet
  facet normal 0.8933479829765274 9.5763549487602207e-08 -0.44936553195784917
    outer loop
      vertex 196.62733721983869 14.32075739064544 110.48590419168993
      vertex 188.23109965196213 49.077072912729058 93.794017444644737
      vertex 206.74828343276931 48.846110675740277 130.60656220480601
    endloop
  endfacet
  facet normal 0.89334808534769394 -5.2851002219186751e-08 -0.44936532844179977
    outer loop
      vertex 196.62733721983869 14.32075739064544 110.48590419168993
      vertex 206.74828343276931 48.846110675740277 130.60656220480601
      vertex 215.39125697170903 13.319788790590508 147.78898650776225
    endloop
  endfacet
  facet normal 0.89334803833034571 2.0362455664183889e-08 -0.44936542191330503
    outer loop
      vertex 253.49999160953769 -240.74796675511215 223.54999390934432
      vertex 262.73384236780021 -276.34531635537058 241.90708445083911
      vertex 244.27571690557372 -276.26850461835363 205.21193754531541
    endloop
  endfacet
  facet normal 0.89334798564959395 -4.731090755142807e-08 -0.44936552664374502
    outer loop
      vertex 253.49999160953769 -240.74796675511215 223.54999390934432
      vertex 271.87782109821154 -240.69610548324039 260.08550003614351
      vertex 262.73384236780021 -276.34531635537058 241.90708445083911
    endloop
  endfacet
  facet normal 0.89334812921483142 -1.5411292201692894e-16 -0.4493652412329649
    outer loop
      vertex 226.63059039576933 -204.18398092088216 170.13303221200184
      vertex 235.21302822509338 -240.31492980785168 187.19511017311049
      vertex 216.62464005926074 -239.30870829478943 150.24097961440827
    endloop
  endfacet
  facet normal 0.89334812921483164 1.3222572043371589e-16 -0.44936524123296467
    outer loop
      vertex 223.74495279934624 -23.04078169331811 164.39632026409197
      vertex 234.23309262479864 12.471157184284309 185.24697632797302
      vertex 243.27073305184513 -23.957701931668694 203.2140072132849
    endloop
  endfacet
  facet normal 0.89334830535597776 0 -0.44936489106026389
    outer loop
      vertex 367.47732753598592 -251.90423203019856 450.13935290288293
      vertex 382.89999389648438 -232.79999999999998 480.79998779296875
      vertex 382.89999389648438 -272.39999999999998 480.79998779296875
    endloop
  endfacet
  facet normal 0.89334830794505182 9.6480934689197537e-09 -0.44936488591312129
    outer loop
      vertex 367.47732753598592 -251.90423203019856 450.13935290288293
      vertex 382.89999389648438 -272.39999999999998 480.79998779296875
      vertex 370.54514286079797 -285.59429721051214 456.23824356029337
    endloop
  endfacet
  facet normal 0.89334806792984289 4.8742832404925147e-08 -0.44936536306886671
    outer loop
      vertex 179.00808392702962 -239.37950589573433 75.458465901958874
      vertex 188.53582150972406 -275.30895381916781 94.399810539229335
      vertex 169.76140493739953 -275.60370505618596 57.075864004452086
    endloop
  endfacet
  facet normal 0.89334796985807818 -8.0047680240840022e-08 -0.44936555803760048
    outer loop
      vertex 179.00808392702962 -239.37950589573433 75.458465901958874
      vertex 197.60712794469325 -237.74792809931637 112.4337475778334
      vertex 188.53582150972406 -275.30895381916781 94.399810539229335
    endloop
  endfacet
  facet normal 0.89334811258059399 2.2925370426105326e-07 -0.44936527430214046
    outer loop
      vertex 291.29362184874412 13.439591421371574 298.68450659231559
      vertex 281.4079126259814 48.498907625931679 279.03151571109413
      vertex 300.07088526845371 48.803928196946714 316.13391860841472
    endloop
  endfacet
  facet normal 0.89334794840394049 1.7919671270557711e-16 -0.44936560068887127
    outer loop
      vertex 291.29362184874412 13.439591421371574 298.68450659231559
      vertex 272.27971443229421 12.740802347459962 260.88447215356763
      vertex 281.4079126259814 48.498907625931679 279.03151571109413
    endloop
  endfacet
  facet normal 0.89334797265347587 3.696585041125186e-07 -0.44936555248014703
    outer loop
      vertex 350.89482232513899 13.090990009489559 417.17299859533199
      vertex 329.35566155641936 15.244397597337155 374.35270517682915
      vertex 336.68569753925794 48.373983377555305 388.92499492008511
    endloop
  endfacet
  facet normal 0.89334782141327507 -1.9156127037420349e-07 -0.44936585314876631
    outer loop
      vertex 333.94521738832822 -51.531305170171699 383.47685375290837
      vertex 351.56320218052849 -72.668533460504278 418.501749994119
      vertex 337.24881526891738 -92.988201138930123 390.04448654099309
    endloop
  endfacet
  facet normal 0.89334801017046805 -0 -0.44936547789573811
    outer loop
      vertex 139.52268497541749 -251.90423203019873 -3.0393798186230541
      vertex 124.09999847412109 -272.39999999999998 -33.700004577636719
      vertex 124.09999847412109 -232.80000000000001 -33.700004577636719
    endloop
  endfacet
  facet normal 0.89334800950190263 2.4913823772607331e-09 -0.44936547922486036
    outer loop
      vertex 139.52268497541749 -251.90423203019873 -3.0393798186230541
      vertex 136.44438520548175 -285.54080512596488 -9.1591045929147157
      vertex 124.09999847412109 -272.39999999999998 -33.700004577636719
    endloop
  endfacet
  facet normal 0.89334812921483198 -4.4234388226016509e-17 -0.44936524123296412
    outer loop
      vertex 234.23309262479864 12.471157184284309 185.24697632797302
      vertex 225.39664462195708 48.446937896388597 167.67992047251099
      vertex 244.03053336028657 48.234243745729515 204.72450718489071
    endloop
  endfacet
  facet normal 0.89334812921483198 -4.4603812974113993e-17 -0.44936524123296423
    outer loop
      vertex 234.23309262479864 12.471157184284309 185.24697632797302
      vertex 215.39125697170903 13.319788790590508 147.78898650776225
      vertex 225.39664462195708 48.446937896388597 167.67992047251099
    endloop
  endfacet
  facet normal 0.89334812921483175 1.2397695775751447e-16 -0.4493652412329644
    outer loop
      vertex 226.63059039576933 -204.18398092088216 170.13303221200184
      vertex 244.64660537865402 -204.93351867420949 205.94927210787421
      vertex 235.21302822509338 -240.31492980785168 187.19511017311049
    endloop
  endfacet
  facet normal 0.89334809113043889 -4.7540420410658595e-08 -0.4493653169455768
    outer loop
      vertex 235.21302822509338 -240.31492980785168 187.19511017311049
      vertex 253.49999160953769 -240.74796675511215 223.54999390934432
      vertex 244.27571690557372 -276.26850461835363 205.21193754531541
    endloop
  endfacet
  facet normal 0.89334796701611396 8.0388338238044422e-08 -0.44936556368748376
    outer loop
      vertex 187.15879913647649 -196.49772784441075 91.662262760646314
      vertex 197.60712794469325 -237.74792809931637 112.4337475778334
      vertex 179.00808392702962 -239.37950589573433 75.458465901958874
    endloop
  endfacet
  facet normal 0.8933481171126233 -2.5269242138766303e-11 -0.44936526529242415
    outer loop
      vertex 170.77854871420337 -172.09826476982522 59.097968281235673
      vertex 155.30338518829785 -193.49029701330323 28.332999857740244
      vertex 155.02409178584736 -153.34505868859799 27.777758374949627
    endloop
  endfacet
  facet normal 0.89334809551720773 -4.6780938433199449e-09 -0.44936530822458687
    outer loop
      vertex 156.11308019109012 13.094284071899864 29.942691493897783
      vertex 138.04788523316611 41.155887591165651 -5.9713128733852265
      vertex 153.91410534631328 54.598029591809734 25.571080806834576
    endloop
  endfacet
  facet normal 0.89334810055934255 1.1396705267285308e-08 -0.4493652982007118
    outer loop
      vertex 156.11308019109012 13.094284071899864 29.942691493897783
      vertex 139.7739459281797 -9.2910642205794431 -2.539867511258592
      vertex 138.04788523316611 41.155887591165651 -5.9713128733852265
    endloop
  endfacet
  facet normal 0.89334812921483164 -8.8744193053739641e-17 -0.44936524123296456
    outer loop
      vertex 235.21302822509338 -240.31492980785168 187.19511017311049
      vertex 244.27571690557372 -276.26850461835363 205.21193754531541
      vertex 225.77583120328978 -275.8806652422785 168.43375185948585
    endloop
  endfacet
  facet normal 0.89334812921483142 8.7974233875506887e-17 -0.44936524123296484
    outer loop
      vertex 235.21302822509338 -240.31492980785168 187.19511017311049
      vertex 225.77583120328978 -275.8806652422785 168.43375185948585
      vertex 216.62464005926074 -239.30870829478943 150.24097961440827
    endloop
  endfacet
  facet normal 0.89334797070489258 -3.9645170690558264e-08 -0.44936555635412095
    outer loop
      vertex 350.89482232513899 13.090990009489559 417.17299859533199
      vertex 353.08589737222297 54.598029591809677 421.52889720336509
      vertex 368.95263497630901 41.152084238750355 453.07229916854351
    endloop
  endfacet
  facet normal 0.89334794381237703 4.6057104653893322e-08 -0.44936560981699025
    outer loop
      vertex 350.89482232513899 13.090990009489559 417.17299859533199
      vertex 368.95263497630901 41.152084238750355 453.07229916854351
      vertex 367.25343821807832 -9.3073654291232657 449.69425638789454
    endloop
  endfacet
  facet normal 0.89334811384580615 -8.861243036918527e-09 -0.44936527178692909
    outer loop
      vertex 169.91613577452731 -16.839088535742945 57.383472324567215
      vertex 156.11308019109012 13.094284071899864 29.942691493897783
      vertex 177.67633242999398 15.117360212961444 72.810914535426278
    endloop
  endfacet
  facet normal 0.89334809223387102 1.712890898452823e-08 -0.44936531475193164
    outer loop
      vertex 169.91613577452731 -16.839088535742945 57.383472324567215
      vertex 177.67633242999398 15.117360212961444 72.810914535426278
      vertex 186.17128387614733 -19.175893421763632 89.699062844834302
    endloop
  endfacet
  facet normal 0.89334830027343837 -3.3124166004805164e-08 -0.44936490116447425
    outer loop
      vertex 321.26179230712376 -149.41000079444129 358.26189929480023
      vertex 322.17187718786005 -110.50782675538068 360.07116719846027
      vertex 336.87900934027823 -131.95094479838332 389.30930348035048
    endloop
  endfacet
  facet normal 0.89334779108482054 4.2552895355437868e-08 -0.44936591344234178
    outer loop
      vertex 336.87900934027823 -131.95094479838332 389.30930348035048
      vertex 352.01630588308046 -153.09128465677017 419.40252845670534
      vertex 336.21680550316745 -171.94373069174023 387.99282615253566
    endloop
  endfacet
  facet normal 0.89334812921483175 -2.2428908679443064e-16 -0.44936524123296423
    outer loop
      vertex 204.77611730892488 -20.805860770146893 126.68585193268261
      vertex 215.39125697170903 13.319788790590508 147.78898650776225
      vertex 223.74495279934624 -23.04078169331811 164.39632026409197
    endloop
  endfacet
  facet normal 0.89334811560867411 -3.4173754262124191e-11 -0.44936526828230838
    outer loop
      vertex 173.269673960539 -51.906035463520396 64.050380247597573
      vertex 155.55417691987779 -72.746415812881565 28.831579386265823
      vertex 155.43253794440062 -33.307606783178372 28.589758403326389
    endloop
  endfacet
  facet normal 0.89334811732427211 8.552624703240434e-10 -0.44936526487166134
    outer loop
      vertex 170.14597083730942 -132.36776832641328 57.840389501608399
      vertex 170.77854871420337 -172.09826476982522 59.097968281235673
      vertex 155.02409178584736 -153.34505868859799 27.777758374949627
    endloop
  endfacet
  facet normal 0.89334808730225435 2.5680444931446714e-08 -0.44936532455609357
    outer loop
      vertex 170.77854871420337 -172.09826476982522 59.097968281235673
      vertex 185.84355001025131 -149.73452884008711 89.047521421847705
      vertex 187.15879913647649 -196.49772784441075 91.662262760646314
    endloop
  endfacet
  facet normal 0.89334828549464562 -2.9726591627678331e-08 -0.44936493054507071
    outer loop
      vertex 337.16086007123209 -16.653047718765976 389.8696295859009
      vertex 320.86335211475802 -18.880610202728647 357.46979209330124
      vertex 329.35566155641936 15.244397597337155 374.35270517682915
    endloop
  endfacet
  facet normal 0.89334776650323966 1.2537164762965752e-15 -0.44936596231098047
    outer loop
      vertex 337.24881526891738 -92.988201138930123 390.04448654099309
      vertex 351.56320218052849 -72.668533460504278 418.501749994119
      vertex 352.16403106746168 -112.96508742838321 419.69620882992393
    endloop
  endfacet
  facet normal 0.89334794840394049 4.5867478099898628e-16 -0.44936560068887166
    outer loop
      vertex 274.00812509023228 -60.938243039922156 264.32058767487462
      vertex 262.81215759520461 -23.117268577001411 242.0627767148292
      vertex 282.38553280164348 -22.704003771254051 280.97504449235191
    endloop
  endfacet
  facet normal 0.89334794840394116 -2.3851087065879036e-16 -0.44936560068887055
    outer loop
      vertex 271.02883258716656 -171.46187052644655 258.39769361883452
      vertex 287.97537439891101 -169.51195065035827 292.08776321217994
      vertex 280.62923573795354 -205.11511212398568 277.4834902295645
    endloop
  endfacet
  facet normal 0.89334823877490777 -9.7185978148482977e-08 -0.44936502342501178
    outer loop
      vertex 301.97599001027555 -20.457518098001373 319.9213131524628
      vertex 291.29362184874412 13.439591421371574 298.68450659231559
      vertex 310.32254915001602 14.473671194438239 336.51446153696372
    endloop
  endfacet
  facet normal 0.89334803806209762 1.4031767908076779e-07 -0.44936542244656663
    outer loop
      vertex 301.97599001027555 -20.457518098001373 319.9213131524628
      vertex 310.32254915001602 14.473671194438239 336.51446153696372
      vertex 320.86335211475802 -18.880610202728647 357.46979209330124
    endloop
  endfacet
  facet normal 0.89334812921483198 -2.2049950741148724e-16 -0.44936524123296423
    outer loop
      vertex 223.74495279934624 -23.04078169331811 164.39632026409197
      vertex 215.39125697170903 13.319788790590508 147.78898650776225
      vertex 234.23309262479864 12.471157184284309 185.24697632797302
    endloop
  endfacet
  facet normal 0.89334813653148037 1.7981097505230212e-07 -0.44936522668726736
    outer loop
      vertex 294.36340937437484 -56.832445612061264 304.78731776963446
      vertex 282.38553280164348 -22.704003771254051 280.97504449235191
      vertex 301.97599001027555 -20.457518098001373 319.9213131524628
    endloop
  endfacet
  facet normal 0.89334814628782744 -2.4152619074126158e-07 -0.44936520729140139
    outer loop
      vertex 282.38553280164348 -22.704003771254051 280.97504449235191
      vertex 291.29362184874412 13.439591421371574 298.68450659231559
      vertex 301.97599001027555 -20.457518098001373 319.9213131524628
    endloop
  endfacet
  facet normal 0.89334803761364512 1.658630305125951e-08 -0.44936542333812129
    outer loop
      vertex 253.4999916095378 -169.49593351022415 223.54999390934455
      vertex 262.52035417037473 -205.53529958847537 241.48266557479221
      vertex 244.64660537865402 -204.93351867420949 205.94927210787421
    endloop
  endfacet
  facet normal 0.89334786730581162 -2.1306861871804325e-09 -0.44936576191356403
    outer loop
      vertex 333.94521738832822 -51.531305170171699 383.47685375290837
      vertex 351.73011322451708 -33.563099060904847 418.83357220776657
      vertex 351.56320218052849 -72.668533460504278 418.501749994119
    endloop
  endfacet
  facet normal 0.89334830927036213 2.3608593407933639e-10 -0.44936488327837254
    outer loop
      vertex 324.14724820111167 -79.211448293823508 363.99825279843907
      vertex 337.24881526891738 -92.988201138930123 390.04448654099309
      vertex 322.17187718786005 -110.50782675538068 360.07116719846027
    endloop
  endfacet
  facet normal 0.89334810647730001 6.4794377961190335e-17 -0.44936528643568252
    outer loop
      vertex 184.85066813738175 -111.17494654782658 87.073652252138388
      vertex 170.14597083730942 -132.36776832641328 57.840389501608399
      vertex 169.90825879148892 -93.334131640079704 57.367812708449762
    endloop
  endfacet
  facet normal 0.89334812921483175 -5.2351216662796506e-16 -0.4493652412329644
    outer loop
      vertex 207.76383423871479 -201.82614428468497 132.62549987369363
      vertex 226.63059039576933 -204.18398092088216 170.13303221200184
      vertex 216.62464005926074 -239.30870829478943 150.24097961440827
    endloop
  endfacet
  facet normal 0.8933480802917656 2.3732806341666974e-09 -0.44936533849309857
    outer loop
      vertex 170.1180873409441 -208.18608918774322 57.784956495473239
      vertex 170.77854871420337 -172.09826476982522 59.097968281235673
      vertex 187.15879913647649 -196.49772784441075 91.662262760646314
    endloop
  endfacet
  facet normal 0.8933480848484967 -3.0526151860600579e-08 -0.44936532943421681
    outer loop
      vertex 170.1180873409441 -208.18608918774322 57.784956495473239
      vertex 187.15879913647649 -196.49772784441075 91.662262760646314
      vertex 179.00808392702962 -239.37950589573433 75.458465901958874
    endloop
  endfacet
  facet normal 0.89334795689648216 -8.3425798847749766e-08 -0.44936558380551811
    outer loop
      vertex 186.17128387614733 -19.175893421763632 89.699062844834302
      vertex 196.62733721983869 14.32075739064544 110.48590419168993
      vertex 204.77611730892488 -20.805860770146893 126.68585193268261
    endloop
  endfacet
  facet normal 0.89334797897039497 -1.3082000773649353e-07 -0.44936553992211475
    outer loop
      vertex 200.96518672040114 -163.15850707740839 119.10963686432517
      vertex 207.76383423871479 -201.82614428468497 132.62549987369363
      vertex 187.15879913647649 -196.49772784441075 91.662262760646314
    endloop
  endfacet
  facet normal 0.89334812921483175 -0 -0.44936524123296423
    outer loop
      vertex 211.9919084335539 -57.492415885703444 141.03100574187636
      vertex 204.77611730892488 -20.805860770146893 126.68585193268261
      vertex 223.74495279934624 -23.04078169331811 164.39632026409197
    endloop
  endfacet
  facet normal 0.89334811656326996 -4.0527129527210217e-09 -0.44936526638455088
    outer loop
      vertex 169.90825879148892 -93.334131640079704 57.367812708449762
      vertex 155.55417691987779 -72.746415812881565 28.831579386265823
      vertex 173.269673960539 -51.906035463520396 64.050380247597573
    endloop
  endfacet
  facet normal 0.89334812921483175 2.4795391551502895e-16 -0.4493652412329644
    outer loop
      vertex 236.67104867773631 -168.60025269511843 190.0936873753696
      vertex 226.63059039576933 -204.18398092088216 170.13303221200184
      vertex 219.17429494500504 -168.79219115599778 155.30975043449553
    endloop
  endfacet
  facet normal 0.89334791440597561 -2.7085673134367315e-08 -0.44936566827750957
    outer loop
      vertex 199.03275376000985 -86.753101491419585 115.26791996285166
      vertex 201.14657599570648 -120.74995066210232 119.47024279216474
      vertex 184.85066813738175 -111.17494654782658 87.073652252138388
    endloop
  endfacet
  facet normal 0.89334798561870865 -4.8659396518601983e-08 -0.44936552670514596
    outer loop
      vertex 262.81215759520461 -23.117268577001411 242.0627767148292
      vertex 253.27315050809824 12.441390624566083 223.09902896405103
      vertex 272.27971443229421 12.740802347459962 260.88447215356763
    endloop
  endfacet
  facet normal 0.89334804239536858 2.6767849255186162e-08 -0.44936541383195272
    outer loop
      vertex 262.81215759520461 -23.117268577001411 242.0627767148292
      vertex 243.27073305184513 -23.957701931668694 203.2140072132849
      vertex 253.27315050809824 12.441390624566083 223.09902896405103
    endloop
  endfacet
  facet normal 0.89334798559470385 4.9015672457149129e-08 -0.44936552675286784
    outer loop
      vertex 262.52035417037473 -205.53529958847537 241.48266557479221
      vertex 271.87782109821154 -240.69610548324039 260.08550003614351
      vertex 253.49999160953769 -240.74796675511215 223.54999390934432
    endloop
  endfacet
  facet normal 0.89334803738742008 -1.6688715317134942e-08 -0.44936542378786115
    outer loop
      vertex 262.52035417037473 -205.53529958847537 241.48266557479221
      vertex 253.49999160953769 -240.74796675511215 223.54999390934432
      vertex 244.64660537865402 -204.93351867420949 205.94927210787421
    endloop
  endfacet
  facet normal 0.89334777296773971 2.3902118262097513e-08 -0.44936594945943487
    outer loop
      vertex 336.87900934027823 -131.95094479838332 389.30930348035048
      vertex 337.24881526891738 -92.988201138930123 390.04448654099309
      vertex 352.16403106746168 -112.96508742838321 419.69620882992393
    endloop
  endfacet
  facet normal 0.89334810295815115 -1.579253799321266e-07 -0.44936529343179982
    outer loop
      vertex 287.97537439891101 -169.51195065035827 292.08776321217994
      vertex 299.25422271170976 -202.11263483018359 314.51037359073638
      vertex 280.62923573795354 -205.11511212398568 277.4834902295645
    endloop
  endfacet
  facet normal 0.89334823859663304 2.9790074098818584e-08 -0.4493650237794351
    outer loop
      vertex 299.25422271170976 -202.11263483018359 314.51037359073638
      vertex 309.37458801764518 -237.77407261065548 334.62989553664704
      vertex 290.44162702535328 -239.59398780153367 296.9907235649539
    endloop
  endfacet
  facet normal 0.89334809182043817 -1.764885427228379e-07 -0.44936531557381093
    outer loop
      vertex 299.25422271170976 -202.11263483018359 314.51037359073638
      vertex 319.63818439892771 -196.47096835505215 355.0341337703012
      vertex 309.37458801764518 -237.77407261065548 334.62989553664704
    endloop
  endfacet
  facet normal 0.89334780157916616 -1.0013766875832109e-09 -0.44936589257938869
    outer loop
      vertex 336.21680550316745 -171.94373069174023 387.99282615253566
      vertex 352.01630588308046 -153.09128465677017 419.40252845670534
      vertex 351.78393683213403 -193.39913084791459 418.94057452588265
    endloop
  endfacet
  facet normal 0.89334778944498716 -4.4600937470158409e-08 -0.44936591670236053
    outer loop
      vertex 336.21680550316745 -171.94373069174023 387.99282615253566
      vertex 351.78393683213403 -193.39913084791459 418.94057452588265
      vertex 336.84280676991398 -208.12805766177189 389.2373318903019
    endloop
  endfacet
  facet normal 0.89334803829765697 -8.8557203938117694e-08 -0.449365421978283
    outer loop
      vertex 193.01529303966339 -52.151452097856065 103.3050887498446
      vertex 204.77611730892488 -20.805860770146893 126.68585193268261
      vertex 211.9919084335539 -57.492415885703444 141.03100574187636
    endloop
  endfacet
  facet normal 0.89334810647729967 -7.4386172761228809e-17 -0.44936528643568252
    outer loop
      vertex 183.04533079951904 -79.981625430904927 83.484601782474968
      vertex 184.85066813738175 -111.17494654782658 87.073652252138388
      vertex 169.90825879148892 -93.334131640079704 57.367812708449762
    endloop
  endfacet
  facet normal 0.89334809753814248 -3.7083842388288816e-08 -0.4493653042069225
    outer loop
      vertex 207.76383423871479 -201.82614428468497 132.62549987369363
      vertex 216.62464005926074 -239.30870829478943 150.24097961440827
      vertex 197.60712794469325 -237.74792809931637 112.4337475778334
    endloop
  endfacet
  facet normal 0.89334799161031331 1.1123824337497421e-07 -0.44936551479370018
    outer loop
      vertex 207.76383423871479 -201.82614428468497 132.62549987369363
      vertex 197.60712794469325 -237.74792809931637 112.4337475778334
      vertex 187.15879913647649 -196.49772784441075 91.662262760646314
    endloop
  endfacet
  facet normal 0.89334807038410058 2.0707077100853423e-07 -0.44936535818970419
    outer loop
      vertex 306.0757851575122 -163.01696507094772 328.07180558024919
      vertex 319.63818439892771 -196.47096835505215 355.0341337703012
      vertex 299.25422271170976 -202.11263483018359 314.51037359073638
    endloop
  endfacet
  facet normal 0.89334796576595821 -2.9663399267811365e-09 -0.44936556617282586
    outer loop
      vertex 306.0757851575122 -163.01696507094772 328.07180558024919
      vertex 321.26179230712376 -149.41000079444129 358.26189929480023
      vertex 319.63818439892771 -196.47096835505215 355.0341337703012
    endloop
  endfacet
  facet normal 0.89334794840394049 -0 -0.44936560068887127
    outer loop
      vertex 282.38553280164348 -22.704003771254051 280.97504449235191
      vertex 272.27971443229421 12.740802347459962 260.88447215356763
      vertex 291.29362184874412 13.439591421371574 298.68450659231559
    endloop
  endfacet
  facet normal 0.89334794840394049 -1.8298907716895884e-16 -0.4493656006888716
    outer loop
      vertex 282.38553280164348 -22.704003771254051 280.97504449235191
      vertex 262.81215759520461 -23.117268577001411 242.0627767148292
      vertex 272.27971443229421 12.740802347459962 260.88447215356763
    endloop
  endfacet
  facet normal 0.89334794840394027 2.7471439709056012e-16 -0.44936560068887238
    outer loop
      vertex 280.62923573795354 -205.11511212398568 277.4834902295645
      vertex 290.44162702535328 -239.59398780153367 296.9907235649539
      vertex 271.87782109821154 -240.69610548324039 260.08550003614351
    endloop
  endfacet
  facet normal 0.89334794840394072 -4.9341359696005903e-16 -0.44936560068887099
    outer loop
      vertex 280.62923573795354 -205.11511212398568 277.4834902295645
      vertex 271.87782109821154 -240.69610548324039 260.08550003614351
      vertex 262.52035417037473 -205.53529958847537 241.48266557479221
    endloop
  endfacet
  facet normal 0.89334811773945189 8.3787346284982212e-12 -0.44936526404627475
    outer loop
      vertex 169.90825879148892 -93.334131640079704 57.367812708449762
      vertex 154.912830680946 -113.15882450438056 27.556568829044394
      vertex 155.55417691987779 -72.746415812881565 28.831579386265823
    endloop
  endfacet
  facet normal 0.8933481176517214 3.3700650237422387e-10 -0.44936526422068518
    outer loop
      vertex 169.90825879148892 -93.334131640079704 57.367812708449762
      vertex 170.14597083730942 -132.36776832641328 57.840389501608399
      vertex 154.912830680946 -113.15882450438056 27.556568829044394
    endloop
  endfacet
  facet normal 0.89334828435065272 1.1722632304513425e-08 -0.44936493281935691
    outer loop
      vertex 337.16086007123209 -16.653047718765976 389.8696295859009
      vertex 333.94521738832822 -51.531305170171699 383.47685375290837
      vertex 320.86335211475802 -18.880610202728647 357.46979209330124
    endloop
  endfacet
  facet normal 0.89334795654315013 -4.2834852224772027e-07 -0.4493655845077531
    outer loop
      vertex 337.16086007123209 -16.653047718765976 389.8696295859009
      vertex 329.35566155641936 15.244397597337155 374.35270517682915
      vertex 350.89482232513899 13.090990009489559 417.17299859533199
    endloop
  endfacet
  facet normal 0.89334812921483187 2.077862462677777e-16 -0.44936524123296445
    outer loop
      vertex 229.21955671908114 -133.55221801322119 175.27995504738814
      vertex 236.67104867773631 -168.60025269511843 190.0936873753696
      vertex 219.17429494500504 -168.79219115599778 155.30975043449553
    endloop
  endfacet
  facet normal 0.89334812921483175 2.2315852396352604e-16 -0.44936524123296423
    outer loop
      vertex 219.17429494500504 -168.79219115599778 155.30975043449553
      vertex 207.76383423871479 -201.82614428468497 132.62549987369363
      vertex 200.96518672040114 -163.15850707740839 119.10963686432517
    endloop
  endfacet
  facet normal 0.89334823365121696 6.5994063180204399e-08 -0.4493650336110348
    outer loop
      vertex 287.97537439891101 -169.51195065035827 292.08776321217994
      vertex 306.0757851575122 -163.01696507094772 328.07180558024919
      vertex 299.25422271170976 -202.11263483018359 314.51037359073638
    endloop
  endfacet
  facet normal 0.8933480005324882 -5.6563104176335949e-08 -0.44936549705624057
    outer loop
      vertex 274.00812509023228 -60.938243039922156 264.32058767487462
      vertex 282.38553280164348 -22.704003771254051 280.97504449235191
      vertex 294.36340937437484 -56.832445612061264 304.78731776963446
    endloop
  endfacet
  facet normal 0.89334804214449626 -1.0183019192361306e-07 -0.44936541433068133
    outer loop
      vertex 313.70975116148838 -51.49251252423614 343.24828798727458
      vertex 301.97599001027555 -20.457518098001373 319.9213131524628
      vertex 320.86335211475802 -18.880610202728647 357.46979209330124
    endloop
  endfacet
  facet normal 0.89334823082814074 -2.167909017533638e-08 -0.44936503922338039
    outer loop
      vertex 307.57352751705719 -85.786122543551841 331.04935065140188
      vertex 305.85379985685756 -120.03037245987414 327.63049340559451
      vertex 287.8878264041964 -98.250248862656576 291.91371601910311
    endloop
  endfacet
  facet normal 0.89334819259925902 -2.1638439344351316e-07 -0.44936511522323391
    outer loop
      vertex 307.57352751705719 -85.786122543551841 331.04935065140188
      vertex 294.36340937437484 -56.832445612061264 304.78731776963446
      vertex 313.70975116148838 -51.49251252423614 343.24828798727458
    endloop
  endfacet
  facet normal 0.89334798278632133 -4.3252569577733236e-08 -0.44936553233599069
    outer loop
      vertex 263.69942737403727 -101.51975662281728 243.82668707064164
      vertex 253.01196340852167 -60.256378988495158 222.57978344229835
      vertex 274.00812509023228 -60.938243039922156 264.32058767487462
    endloop
  endfacet
  facet normal 0.89334812921483164 -4.2531370924704261e-17 -0.44936524123296467
    outer loop
      vertex 231.86322817281749 -60.733413135804966 180.53563290305394
      vertex 223.74495279934624 -23.04078169331811 164.39632026409197
      vertex 243.27073305184513 -23.957701931668694 203.2140072132849
    endloop
  endfacet
  facet normal 0.89334812921483175 2.7630421326822564e-16 -0.4493652412329644
    outer loop
      vertex 219.17429494500504 -168.79219115599778 155.30975043449553
      vertex 226.63059039576933 -204.18398092088216 170.13303221200184
      vertex 207.76383423871479 -201.82614428468497 132.62549987369363
    endloop
  endfacet
  facet normal 0.89334794840394072 -5.8294053149718204e-16 -0.44936560068887094
    outer loop
      vertex 271.02883258716656 -171.46187052644655 258.39769361883452
      vertex 280.62923573795354 -205.11511212398568 277.4834902295645
      vertex 262.52035417037473 -205.53529958847537 241.48266557479221
    endloop
  endfacet
  facet normal 0.89334798636221446 -4.6939981763858487e-08 -0.44936552522704115
    outer loop
      vertex 271.02883258716656 -171.46187052644655 258.39769361883452
      vertex 262.52035417037473 -205.53529958847537 241.48266557479221
      vertex 253.4999916095378 -169.49593351022415 223.54999390934455
    endloop
  endfacet
  facet normal 0.89334795939918554 5.8041599180277092e-08 -0.44936557883009676
    outer loop
      vertex 193.01529303966339 -52.151452097856065 103.3050887498446
      vertex 186.17128387614733 -19.175893421763632 89.699062844834302
      vertex 204.77611730892488 -20.805860770146893 126.68585193268261
    endloop
  endfacet
  facet normal 0.89334812921483164 2.851470028422832e-16 -0.44936524123296467
    outer loop
      vertex 201.14657599570648 -120.74995066210232 119.47024279216474
      vertex 217.91438280420218 -100.02306541497651 152.80501697786889
      vertex 213.40920214219639 -137.64568873469995 143.84861726805869
    endloop
  endfacet
  facet normal 0.89334791492887566 4.5389214053773133e-09 -0.44936566723797478
    outer loop
      vertex 200.96518672040114 -163.15850707740839 119.10963686432517
      vertex 185.84355001025131 -149.73452884008711 89.047521421847705
      vertex 201.14657599570648 -120.74995066210232 119.47024279216474
    endloop
  endfacet
  facet normal 0.89334798870749987 5.6617126264464118e-08 -0.44936552056456369
    outer loop
      vertex 262.52261204239556 -141.4748969774316 241.48715427026536
      vertex 271.02883258716656 -171.46187052644655 258.39769361883452
      vertex 253.4999916095378 -169.49593351022415 223.54999390934455
    endloop
  endfacet
  facet normal 0.89334791739356956 -1.9053463993638852e-09 -0.4493656623381137
    outer loop
      vertex 184.85066813738175 -111.17494654782658 87.073652252138388
      vertex 201.14657599570648 -120.74995066210232 119.47024279216474
      vertex 185.84355001025131 -149.73452884008711 89.047521421847705
    endloop
  endfacet
  facet normal 0.89334810024604805 2.1411324893357622e-08 -0.44936529882354781
    outer loop
      vertex 185.84355001025131 -149.73452884008711 89.047521421847705
      vertex 170.14597083730942 -132.36776832641328 57.840389501608399
      vertex 184.85066813738175 -111.17494654782658 87.073652252138388
    endloop
  endfacet
  facet normal 0.89334809874927013 -3.7336019933738423e-08 -0.449365301799174
    outer loop
      vertex 240.89629348712333 -97.235469109758725 198.49356836212286
      vertex 231.86322817281749 -60.733413135804966 180.53563290305394
      vertex 253.01196340852167 -60.256378988495158 222.57978344229835
    endloop
  endfacet
  facet normal 0.89334798340646315 5.1313148586406586e-08 -0.44936553110313554
    outer loop
      vertex 253.01196340852167 -60.256378988495158 222.57978344229835
      vertex 262.81215759520461 -23.117268577001411 242.0627767148292
      vertex 274.00812509023228 -60.938243039922156 264.32058767487462
    endloop
  endfacet
  facet normal 0.89334812921483175 1.7009478998923724e-16 -0.4493652412329644
    outer loop
      vertex 217.91438280420218 -100.02306541497651 152.80501697786889
      vertex 211.9919084335539 -57.492415885703444 141.03100574187636
      vertex 231.86322817281749 -60.733413135804966 180.53563290305394
    endloop
  endfacet
  facet normal 0.8933481292148322 -2.9699593733929985e-16 -0.44936524123296379
    outer loop
      vertex 213.40920214219639 -137.64568873469995 143.84861726805869
      vertex 229.21955671908114 -133.55221801322119 175.27995504738814
      vertex 219.17429494500504 -168.79219115599778 155.30975043449553
    endloop
  endfacet
  facet normal 0.89334812921483175 1.9836313241202314e-16 -0.4493652412329644
    outer loop
      vertex 236.67104867773631 -168.60025269511843 190.0936873753696
      vertex 244.64660537865402 -204.93351867420949 205.94927210787421
      vertex 226.63059039576933 -204.18398092088216 170.13303221200184
    endloop
  endfacet
  facet normal 0.89334808759163131 -4.5247337996827296e-08 -0.44936532398080381
    outer loop
      vertex 236.67104867773631 -168.60025269511843 190.0936873753696
      vertex 253.4999916095378 -169.49593351022415 223.54999390934455
      vertex 244.64660537865402 -204.93351867420949 205.94927210787421
    endloop
  endfacet
  facet normal 0.89334817260046528 1.424287569478205e-07 -0.4493651549813239
    outer loop
      vertex 313.70975116148838 -51.49251252423614 343.24828798727458
      vertex 294.36340937437484 -56.832445612061264 304.78731776963446
      vertex 301.97599001027555 -20.457518098001373 319.9213131524628
    endloop
  endfacet
  facet normal 0.89334796749722556 4.3810893670193587e-08 -0.44936556273102862
    outer loop
      vertex 307.57352751705719 -85.786122543551841 331.04935065140188
      vertex 322.17187718786005 -110.50782675538068 360.07116719846027
      vertex 305.85379985685756 -120.03037245987414 327.63049340559451
    endloop
  endfacet
  facet normal 0.89334802410325931 1.245460069040703e-07 -0.44936545019703811
    outer loop
      vertex 193.01529303966339 -52.151452097856065 103.3050887498446
      vertex 173.269673960539 -51.906035463520396 64.050380247597573
      vertex 186.17128387614733 -19.175893421763632 89.699062844834302
    endloop
  endfacet
  facet normal 0.89334812016170206 3.6269533749662811e-08 -0.44936525923078663
    outer loop
      vertex 199.03275376000985 -86.753101491419585 115.26791996285166
      vertex 217.91438280420218 -100.02306541497651 152.80501697786889
      vertex 201.14657599570648 -120.74995066210232 119.47024279216474
    endloop
  endfacet
  facet normal 0.893348161678442 -2.3167977231074607e-07 -0.4493651766945172
    outer loop
      vertex 313.70975116148838 -51.49251252423614 343.24828798727458
      vertex 320.86335211475802 -18.880610202728647 357.46979209330124
      vertex 333.94521738832822 -51.531305170171699 383.47685375290837
    endloop
  endfacet
  facet normal 0.89334824157400539 -1.057279898766423e-07 -0.44936501786033795
    outer loop
      vertex 307.57352751705719 -85.786122543551841 331.04935065140188
      vertex 287.8878264041964 -98.250248862656576 291.91371601910311
      vertex 294.36340937437484 -56.832445612061264 304.78731776963446
    endloop
  endfacet
  facet normal 0.89334804285689562 -2.6375723323597322e-08 -0.44936541291442733
    outer loop
      vertex 253.01196340852167 -60.256378988495158 222.57978344229835
      vertex 243.27073305184513 -23.957701931668694 203.2140072132849
      vertex 262.81215759520461 -23.117268577001411 242.0627767148292
    endloop
  endfacet
  facet normal 0.8933480983633546 4.7392164920708327e-08 -0.44936530256638207
    outer loop
      vertex 253.01196340852167 -60.256378988495158 222.57978344229835
      vertex 231.86322817281749 -60.733413135804966 180.53563290305394
      vertex 243.27073305184513 -23.957701931668694 203.2140072132849
    endloop
  endfacet
  facet normal 0.89334797208264216 4.8978609217561527e-09 -0.44936555361512831
    outer loop
      vertex 322.17187718786005 -110.50782675538068 360.07116719846027
      vertex 321.26179230712376 -149.41000079444129 358.26189929480023
      vertex 305.85379985685756 -120.03037245987414 327.63049340559451
    endloop
  endfacet
  facet normal 0.89334804958745806 4.2430369176987778e-08 -0.44936539953392385
    outer loop
      vertex 263.69942737403727 -101.51975662281728 243.82668707064164
      vertex 240.89629348712333 -97.235469109758725 198.49356836212286
      vertex 253.01196340852167 -60.256378988495158 222.57978344229835
    endloop
  endfacet
  facet normal 0.89334812921483209 1.1079160727503227e-17 -0.44936524123296379
    outer loop
      vertex 229.21955671908114 -133.55221801322119 175.27995504738814
      vertex 213.40920214219639 -137.64568873469995 143.84861726805869
      vertex 217.91438280420218 -100.02306541497651 152.80501697786889
    endloop
  endfacet
  facet normal 0.89334812921483187 1.1824750151086731e-16 -0.44936524123296429
    outer loop
      vertex 240.89629348712333 -97.235469109758725 198.49356836212286
      vertex 217.91438280420218 -100.02306541497651 152.80501697786889
      vertex 231.86322817281749 -60.733413135804966 180.53563290305394
    endloop
  endfacet
  facet normal 0.89334799475108206 8.5379754014972692e-08 -0.44936550854979229
    outer loop
      vertex 287.8878264041964 -98.250248862656576 291.91371601910311
      vertex 274.00812509023228 -60.938243039922156 264.32058767487462
      vertex 294.36340937437484 -56.832445612061264 304.78731776963446
    endloop
  endfacet
  facet normal 0.89334794840394072 -7.5453028979681024e-16 -0.44936560068887127
    outer loop
      vertex 263.69942737403727 -101.51975662281728 243.82668707064164
      vertex 274.00812509023228 -60.938243039922156 264.32058767487462
      vertex 287.8878264041964 -98.250248862656576 291.91371601910311
    endloop
  endfacet
  facet normal 0.89334805055639588 1.2714062143140647e-07 -0.44936539760763877
    outer loop
      vertex 199.03275376000985 -86.753101491419585 115.26791996285166
      vertex 193.01529303966339 -52.151452097856065 103.3050887498446
      vertex 211.9919084335539 -57.492415885703444 141.03100574187636
    endloop
  endfacet
  facet normal 0.89334811347400978 -1.0854994367323127e-08 -0.44936527252606789
    outer loop
      vertex 199.03275376000985 -86.753101491419585 115.26791996285166
      vertex 211.9919084335539 -57.492415885703444 141.03100574187636
      vertex 217.91438280420218 -100.02306541497651 152.80501697786889
    endloop
  endfacet
  facet normal 0.89334794840394105 -7.4386159598977629e-17 -0.44936560068887055
    outer loop
      vertex 277.81549195595437 -135.43929866807073 271.88971039610612
      vertex 287.97537439891101 -169.51195065035827 292.08776321217994
      vertex 271.02883258716656 -171.46187052644655 258.39769361883452
    endloop
  endfacet
  facet normal 0.89334794840394016 7.686569825227681e-16 -0.44936560068887238
    outer loop
      vertex 277.81549195595437 -135.43929866807073 271.88971039610612
      vertex 271.02883258716656 -171.46187052644655 258.39769361883452
      vertex 262.52261204239556 -141.4748969774316 241.48715427026536
    endloop
  endfacet
  facet normal 0.89334798762792267 5.7920837090898915e-08 -0.44936552271078523
    outer loop
      vertex 293.16368836165219 -137.29185850403957 302.4022432284728
      vertex 287.97537439891101 -169.51195065035827 292.08776321217994
      vertex 277.81549195595437 -135.43929866807073 271.88971039610612
    endloop
  endfacet
  facet normal 0.89334827095586933 1.4224265554944534e-07 -0.44936495944848509
    outer loop
      vertex 305.85379985685756 -120.03037245987414 327.63049340559451
      vertex 293.16368836165219 -137.29185850403957 302.4022432284728
      vertex 287.8878264041964 -98.250248862656576 291.91371601910311
    endloop
  endfacet
  facet normal 0.89334808854703895 4.3650894988570423e-08 -0.44936532208143271
    outer loop
      vertex 246.71533591661395 -130.79234775271337 210.06195376151405
      vertex 253.4999916095378 -169.49593351022415 223.54999390934455
      vertex 236.67104867773631 -168.60025269511843 190.0936873753696
    endloop
  endfacet
  facet normal 0.89334812505471939 -4.3801163608310476e-09 -0.44936524950336038
    outer loop
      vertex 229.21955671908114 -133.55221801322119 175.27995504738814
      vertex 246.71533591661395 -130.79234775271337 210.06195376151405
      vertex 236.67104867773631 -168.60025269511843 190.0936873753696
    endloop
  endfacet
  facet normal 0.89334802916644063 -7.8983041965847632e-09 -0.44936544013134355
    outer loop
      vertex 246.71533591661395 -130.79234775271337 210.06195376151405
      vertex 262.52261204239556 -141.4748969774316 241.48715427026536
      vertex 253.4999916095378 -169.49593351022415 223.54999390934455
    endloop
  endfacet
  facet normal 0.89334802864706586 -1.1704259415550529e-08 -0.44936544116387156
    outer loop
      vertex 263.69942737403727 -101.51975662281728 243.82668707064164
      vertex 262.52261204239556 -141.4748969774316 241.48715427026536
      vertex 246.71533591661395 -130.79234775271337 210.06195376151405
    endloop
  endfacet
  facet normal 0.89334812921483175 -3.6375613252115042e-16 -0.44936524123296434
    outer loop
      vertex 229.21955671908114 -133.55221801322119 175.27995504738814
      vertex 217.91438280420218 -100.02306541497651 152.80501697786889
      vertex 240.89629348712333 -97.235469109758725 198.49356836212286
    endloop
  endfacet
  facet normal 0.89334812468547431 7.2119407778893279e-09 -0.44936525023742813
    outer loop
      vertex 229.21955671908114 -133.55221801322119 175.27995504738814
      vertex 240.89629348712333 -97.235469109758725 198.49356836212286
      vertex 246.71533591661395 -130.79234775271337 210.06195376151405
    endloop
  endfacet
  facet normal 0.89334794840394072 4.7160163106502278e-16 -0.44936560068887133
    outer loop
      vertex 263.69942737403727 -101.51975662281728 243.82668707064164
      vertex 287.8878264041964 -98.250248862656576 291.91371601910311
      vertex 277.81549195595437 -135.43929866807073 271.88971039610612
    endloop
  endfacet
  facet normal 0.89334794840394016 -3.9362676121125622e-16 -0.44936560068887221
    outer loop
      vertex 263.69942737403727 -101.51975662281728 243.82668707064164
      vertex 277.81549195595437 -135.43929866807073 271.88971039610612
      vertex 262.52261204239556 -141.4748969774316 241.48715427026536
    endloop
  endfacet
  facet normal 0.8933481064772999 -1.7903317428971898e-16 -0.44936528643568258
    outer loop
      vertex 183.04533079951904 -79.981625430904927 83.484601782474968
      vertex 169.90825879148892 -93.334131640079704 57.367812708449762
      vertex 173.269673960539 -51.906035463520396 64.050380247597573
    endloop
  endfacet
  facet normal 0.89334802343128361 -1.4319791466644318e-07 -0.44936545153293489
    outer loop
      vertex 183.04533079951904 -79.981625430904927 83.484601782474968
      vertex 173.269673960539 -51.906035463520396 64.050380247597573
      vertex 193.01529303966339 -52.151452097856065 103.3050887498446
    endloop
  endfacet
  facet normal 0.89334776911449509 2.3152496604140693e-10 -0.4493659571197563
    outer loop
      vertex 337.16086007123209 -16.653047718765976 389.8696295859009
      vertex 350.89482232513899 13.090990009489559 417.17299859533199
      vertex 351.73011322451708 -33.563099060904847 418.83357220776657
    endloop
  endfacet
  facet normal 0.89334782135282587 2.2311688969819996e-07 -0.44936585326892586
    outer loop
      vertex 337.16086007123209 -16.653047718765976 389.8696295859009
      vertex 351.73011322451708 -33.563099060904847 418.83357220776657
      vertex 333.94521738832822 -51.531305170171699 383.47685375290837
    endloop
  endfacet
  facet normal 0.8933483094387028 1.0288919715123006e-09 -0.44936488294370736
    outer loop
      vertex 324.14724820111167 -79.211448293823508 363.99825279843907
      vertex 333.94521738832822 -51.531305170171699 383.47685375290837
      vertex 337.24881526891738 -92.988201138930123 390.04448654099309
    endloop
  endfacet
  facet normal 0.89334816186865851 2.5971163392191901e-07 -0.44936517631634681
    outer loop
      vertex 324.14724820111167 -79.211448293823508 363.99825279843907
      vertex 313.70975116148838 -51.49251252423614 343.24828798727458
      vertex 333.94521738832822 -51.531305170171699 383.47685375290837
    endloop
  endfacet
  facet normal 0.89334811772987988 8.4388030133816894e-12 -0.44936526406530458
    outer loop
      vertex 169.91613577452731 -16.839088535742945 57.383472324567215
      vertex 155.43253794440062 -33.307606783178372 28.589758403326389
      vertex 156.11308019109012 13.094284071899864 29.942691493897783
    endloop
  endfacet
  facet normal 0.89334811662804103 4.807331082490614e-09 -0.44936526625578455
    outer loop
      vertex 169.91613577452731 -16.839088535742945 57.383472324567215
      vertex 173.269673960539 -51.906035463520396 64.050380247597573
      vertex 155.43253794440062 -33.307606783178372 28.589758403326389
    endloop
  endfacet
  facet normal 0.89334824935941426 -1.5079545912420154e-07 -0.44936500238274801
    outer loop
      vertex 293.16368836165219 -137.29185850403957 302.4022432284728
      vertex 306.0757851575122 -163.01696507094772 328.07180558024919
      vertex 287.97537439891101 -169.51195065035827 292.08776321217994
    endloop
  endfacet
  facet normal 0.89334831002565185 -5.8196041625630213e-16 -0.44936488177683864
    outer loop
      vertex 293.16368836165219 -137.29185850403957 302.4022432284728
      vertex 305.85379985685756 -120.03037245987414 327.63049340559451
      vertex 306.0757851575122 -163.01696507094772 328.07180558024919
    endloop
  endfacet
  facet normal 0.89334809526523828 -8.840493831983813e-10 -0.44936530872550773
    outer loop
      vertex 185.84355001025131 -149.73452884008711 89.047521421847705
      vertex 170.77854871420337 -172.09826476982522 59.097968281235673
      vertex 170.14597083730942 -132.36776832641328 57.840389501608399
    endloop
  endfacet
  facet normal 0.89334791440168726 1.5979990629120619e-09 -0.44936566828603558
    outer loop
      vertex 200.96518672040114 -163.15850707740839 119.10963686432517
      vertex 187.15879913647649 -196.49772784441075 91.662262760646314
      vertex 185.84355001025131 -149.73452884008711 89.047521421847705
    endloop
  endfacet
  facet normal 0.89334799869608139 -4.4564446063644267e-08 -0.44936550070705727
    outer loop
      vertex 307.57352751705719 -85.786122543551841 331.04935065140188
      vertex 313.70975116148838 -51.49251252423614 343.24828798727458
      vertex 324.14724820111167 -79.211448293823508 363.99825279843907
    endloop
  endfacet
  facet normal 0.89334798703916818 1.0095791344294467e-07 -0.44936552388123419
    outer loop
      vertex 307.57352751705719 -85.786122543551841 331.04935065140188
      vertex 324.14724820111167 -79.211448293823508 363.99825279843907
      vertex 322.17187718786005 -110.50782675538068 360.07116719846027
    endloop
  endfacet
  facet normal 0.89334829247091707 1.4394807699466539e-09 -0.44936491667607614
    outer loop
      vertex 321.26179230712376 -149.41000079444129 358.26189929480023
      vertex 336.87900934027823 -131.95094479838332 389.30930348035048
      vertex 336.21680550316745 -171.94373069174023 387.99282615253566
    endloop
  endfacet
  facet normal 0.89334827505259562 -5.5808692935422008e-08 -0.44936495130411397
    outer loop
      vertex 336.21680550316745 -171.94373069174023 387.99282615253566
      vertex 319.63818439892771 -196.47096835505215 355.0341337703012
      vertex 321.26179230712376 -149.41000079444129 358.26189929480023
    endloop
  endfacet
  facet normal 0.89334812921483175 -5.9449118109168903e-16 -0.4493652412329644
    outer loop
      vertex 213.40920214219639 -137.64568873469995 143.84861726805869
      vertex 219.17429494500504 -168.79219115599778 155.30975043449553
      vertex 200.96518672040114 -163.15850707740839 119.10963686432517
    endloop
  endfacet
  facet normal 0.89334812921483142 -3.8148796732303828e-17 -0.44936524123296478
    outer loop
      vertex 213.40920214219639 -137.64568873469995 143.84861726805869
      vertex 200.96518672040114 -163.15850707740839 119.10963686432517
      vertex 201.14657599570648 -120.74995066210232 119.47024279216474
    endloop
  endfacet
  facet normal 0.89334792324874102 -5.2515885788855348e-08 -0.44936565069791279
    outer loop
      vertex 199.03275376000985 -86.753101491419585 115.26791996285166
      vertex 184.85066813738175 -111.17494654782658 87.073652252138388
      vertex 183.04533079951904 -79.981625430904927 83.484601782474968
    endloop
  endfacet
  facet normal 0.89334792971317134 2.3067366431332316e-08 -0.44936563784649808
    outer loop
      vertex 199.03275376000985 -86.753101491419585 115.26791996285166
      vertex 183.04533079951904 -79.981625430904927 83.484601782474968
      vertex 193.01529303966339 -52.151452097856065 103.3050887498446
    endloop
  endfacet
endsolid OBJECT
