solid OBJECT
  facet normal -0.79826516659916724 -1.1805495730749476e-08 -0.6023061711408938
    outer loop
      vertex 142.40255548558756 -285.36153828790174 349.79275838357444
      vertex 151.82858184066527 -312 337.29999549195225
      vertex 133.34286813033739 -312 361.7999957272603
    endloop
  endfacet
  facet normal -0.79826516497056899 3.349033408518173e-09 -0.60230617329935288
    outer loop
      vertex 235.00777815638904 -285.46900116318682 227.05861278032592
      vertex 244.25714227786489 -312 214.7999881929164
      vertex 225.77142850129059 -312 239.29998837824019
    endloop
  endfacet
  facet normal -0.79826519908414029 1.1963820433444398e-09 -0.60230612808700323
    outer loop
      vertex 91.189849548674644 -160.03936098070676 417.66737348783943
      vertex 75.548064893459653 -175.66312473743261 438.39818086446769
      vertex 75.307418613771631 -145.19222852335949 438.71712098123021
    endloop
  endfacet
  facet normal -0.79826525403956938 0 -0.60230605525193059
    outer loop
      vertex 71.846478521610337 61.378361879407123 443.30407174786211
      vertex 59.400001525878906 51.692307692307693 459.79998779296875
      vertex 59.400001525878906 82 459.79998779296875
    endloop
  endfacet
  facet normal -0.79826515444072277 5.4203920267657712e-09 -0.60230618725506146
    outer loop
      vertex 161.05132367692249 55.277029905636411 325.07665504332084
      vertex 151.82858184066515 82 337.29999549195242
      vertex 170.31429604556186 82 312.79999562980601
    endloop
  endfacet
  facet normal -0.79826519944116592 5.1161708650388692e-10 -0.60230612761382041
    outer loop
      vertex 91.277802274094839 -69.247234185367461 417.55080553931651
      vertex 91.143811967499971 -99.679927415583677 417.72838929339684
      vertex 75.305722286811118 -84.557276289185126 438.7193692051361
    endloop
  endfacet
  facet normal -0.79826519722882383 4.8407324011931708e-09 -0.6023061305459434
    outer loop
      vertex 86.882522832200095 -287.09927796334324 423.3760793472477
      vertex 96.371423912292187 -312 410.79998352392209
      vertex 77.885711447886578 -312 435.29998469930189
    endloop
  endfacet
  facet normal -0.79826525403956938 0 -0.60230605525193059
    outer loop
      vertex 75.996155918077747 -237.09842696130295 437.8043042257047
      vertex 59.400001525878906 -251.38461538461539 459.79998779296875
      vertex 59.400001525878906 -221.07692307692307 459.79998779296875
    endloop
  endfacet
  facet normal -0.79826532091313007 2.8705084309177638e-08 -0.60230596662116542
    outer loop
      vertex 179.50811974720997 -285.33842985762084 300.61497627251254
      vertex 188.80000347886096 -312 288.29999065836233
      vertex 170.31429604556195 -312 312.79999562980589
    endloop
  endfacet
  facet normal -0.79826525403956972 0 -0.60230605525193015
    outer loop
      vertex 75.307418613771631 -145.19222852335949 438.71712098123021
      vertex 59.400001525878906 -160.46153846153845 459.79998779296875
      vertex 59.400001525878906 -130.15384615384616 459.79998779296875
    endloop
  endfacet
  facet normal -0.7982651572868289 4.0181102641960956e-09 -0.60230618348298104
    outer loop
      vertex 216.52553427770644 55.420254666613943 251.55401349411375
      vertex 225.7714285012905 82 239.29998837824024
      vertex 235.01619484136802 55.425800355877684 227.04745774565617
    endloop
  endfacet
  facet normal -0.79826486808363206 -2.8615083691014465e-09 -0.60230656677760197
    outer loop
      vertex 114.02696982423669 -259.1199390130289 387.40025902124381
      vertex 123.73842845793932 -285.37015231806788 374.52921195381316
      vertex 104.89115946138716 -284.89829046190494 399.50837294555197
    endloop
  endfacet
  facet normal -0.79826512095678115 1.1420165671608388e-09 -0.60230623163292552
    outer loop
      vertex 107.07390506060111 -84.58988569975466 396.61547860989242
      vertex 107.02499203218368 -114.77635029912514 396.68030531767312
      vertex 91.143811967499971 -99.679927415583677 417.72838929339684
    endloop
  endfacet
  facet normal -0.79826519740284985 -3.443520635412324e-09 -0.60230613031529867
    outer loop
      vertex 91.189849548674644 -160.03936098070676 417.66737348783943
      vertex 92.14935083821203 -190.85213855185242 416.39570059320118
      vertex 75.548064893459653 -175.66312473743261 438.39818086446769
    endloop
  endfacet
  facet normal -0.79826506933289487 1.3552543535938609e-09 -0.60230630005251351
    outer loop
      vertex 110.60302033869215 -206.20296323676831 391.93817826151212
      vertex 92.321942139574986 -221.72782689306098 416.1669570967756
      vertex 92.14935083821203 -190.85213855185242 416.39570059320118
    endloop
  endfacet
  facet normal -0.79826531538648993 3.3773940054115971e-08 -0.60230597394588958
    outer loop
      vertex 179.46577290883224 -231.89315771631317 300.67110059783641
      vertex 188.7476772067817 -258.71577371343415 288.36934121272873
      vertex 170.1864425939772 -258.61856509710066 312.96944555565403
    endloop
  endfacet
  facet normal -0.79826525403956916 0 -0.60230605525193115
    outer loop
      vertex 75.782672932146994 7.1542865489271747 438.08724351962542
      vertex 59.400001525878906 -8.9230769230769234 459.79998779296875
      vertex 59.400001525878906 21.384615384615387 459.79998779296875
    endloop
  endfacet
  facet normal -0.79826497982526101 1.1024897773912006e-07 -0.60230641868119206
    outer loop
      vertex 104.95207297021537 54.496945987387818 399.42764136244853
      vertex 96.371423912292158 82 410.79998352392215
      vertex 114.8571452200167 82 386.29998902099635
    endloop
  endfacet
  facet normal -0.79826494042713514 -6.7876005666669348e-08 -0.60230647089738087
    outer loop
      vertex 123.81470822873642 54.662158879090683 374.42811483161415
      vertex 114.8571452200167 82 386.29998902099635
      vertex 133.34286813033734 82 361.79999572726035
    endloop
  endfacet
  facet normal -0.79826525403956938 8.7240477003058933e-16 -0.60230605525193071
    outer loop
      vertex 75.44458407432343 -23.721583457937612 438.5353289831952
      vertex 59.400001525878906 -8.9230769230769234 459.79998779296875
      vertex 75.782672932146994 7.1542865489271747 438.08724351962542
    endloop
  endfacet
  facet normal -0.79826525403956938 -9.7487771127227762e-16 -0.60230605525193071
    outer loop
      vertex 75.782672932146994 7.1542865489271747 438.08724351962542
      vertex 59.400001525878906 21.384615384615387 459.79998779296875
      vertex 74.320497178580496 36.420831092437425 440.02513554178518
    endloop
  endfacet
  facet normal -0.798265159604164 -4.4363008696456437e-08 -0.60230618041170436
    outer loop
      vertex 86.882522832200138 57.099277963343255 423.37607934724758
      vertex 96.371423912292158 82 410.79998352392215
      vertex 104.95207297021537 54.496945987387818 399.42764136244853
    endloop
  endfacet
  facet normal -0.79826525403956972 0 -0.60230605525193037
    outer loop
      vertex 75.44458407432343 -23.721583457937612 438.5353289831952
      vertex 59.400001525878906 -39.230769230769226 459.79998779296875
      vertex 59.400001525878906 -8.9230769230769234 459.79998779296875
    endloop
  endfacet
  facet normal -0.79826525403956938 0 -0.60230605525193059
    outer loop
      vertex 75.305722286811118 -84.557276289185126 438.7193692051361
      vertex 59.400001525878906 -99.84615384615384 459.79998779296875
      vertex 59.400001525878906 -69.538461538461533 459.79998779296875
    endloop
  endfacet
  facet normal -0.79826486710713629 -1.6523801845053244e-09 -0.60230656807179683
    outer loop
      vertex 123.81470822873642 54.662158879090683 374.42811483161415
      vertex 104.95207297021537 54.496945987387818 399.42764136244853
      vertex 114.8571452200167 82 386.29998902099635
    endloop
  endfacet
  facet normal -0.79826509207104102 -8.1675312833810487e-08 -0.60230626991656477
    outer loop
      vertex 123.73842845793932 -285.37015231806788 374.52921195381316
      vertex 142.40255548558756 -285.36153828790174 349.79275838357444
      vertex 133.34286813033739 -312 361.7999957272603
    endloop
  endfacet
  facet normal -0.79826525973093243 9.4690222700365891e-09 -0.60230604770889262
    outer loop
      vertex 71.846478521610308 -291.37836187940712 443.30407174786217
      vertex 77.885711447886578 -312 435.29998469930189
      vertex 59.400001525878906 -312 459.79998779296875
    endloop
  endfacet
  facet normal -0.79826525403956949 2.6884985450485824e-16 -0.60230605525193082
    outer loop
      vertex 75.806896244283351 -206.22266396926187 438.05513919617124
      vertex 75.996155918077747 -237.09842696130295 437.8043042257047
      vertex 59.400001525878906 -221.07692307692307 459.79998779296875
    endloop
  endfacet
  facet normal -0.79826509209552332 6.4542777659738964e-08 -0.60230626988411928
    outer loop
      vertex 132.86815124268014 -258.81560516016833 362.42915978755286
      vertex 142.40255548558756 -285.36153828790174 349.79275838357444
      vertex 123.73842845793932 -285.37015231806788 374.52921195381316
    endloop
  endfacet
  facet normal -0.79826519460502221 1.0042572595760513e-09 -0.60230613402339317
    outer loop
      vertex 92.321942139574986 -221.72782689306098 416.1669570967756
      vertex 75.996155918077747 -237.09842696130295 437.8043042257047
      vertex 75.806896244283351 -206.22266396926187 438.05513919617124
    endloop
  endfacet
  facet normal -0.79826525403956927 0 -0.60230605525193082
    outer loop
      vertex 75.806896244283351 -206.22266396926187 438.05513919617124
      vertex 59.400001525878906 -221.07692307692307 459.79998779296875
      vertex 59.400001525878906 -190.76923076923077 459.79998779296875
    endloop
  endfacet
  facet normal -0.79826525403956916 0 -0.60230605525193093
    outer loop
      vertex 74.320497178580482 -266.42083109243742 440.02513554178523
      vertex 59.400001525878906 -281.69230769230768 459.79998779296875
      vertex 59.400001525878906 -251.38461538461539 459.79998779296875
    endloop
  endfacet
  facet normal -0.79826525403956972 0 -0.60230605525193015
    outer loop
      vertex 74.320497178580496 36.420831092437425 440.02513554178518
      vertex 59.400001525878906 21.384615384615387 459.79998779296875
      vertex 59.400001525878906 51.692307692307693 459.79998779296875
    endloop
  endfacet
  facet normal -0.79826525403956972 4.2208466595786962e-16 -0.60230605525193048
    outer loop
      vertex 71.846478521610337 61.378361879407123 443.30407174786211
      vertex 74.320497178580496 36.420831092437425 440.02513554178518
      vertex 59.400001525878906 51.692307692307693 459.79998779296875
    endloop
  endfacet
  facet normal -0.79826515728639147 1.0654448555626047e-15 -0.60230618348356069
    outer loop
      vertex 132.86815124268014 -258.81560516016833 362.42915978755286
      vertex 151.581944433236 -258.67884775576653 337.62687570957144
      vertex 142.40255548558756 -285.36153828790174 349.79275838357444
    endloop
  endfacet
  facet normal -0.79826525403956927 -3.9327453125188469e-16 -0.60230605525193071
    outer loop
      vertex 74.320497178580482 -266.42083109243742 440.02513554178523
      vertex 59.400001525878906 -251.38461538461539 459.79998779296875
      vertex 75.996155918077747 -237.09842696130295 437.8043042257047
    endloop
  endfacet
  facet normal -0.79826525119383718 6.2732488129129503e-08 -0.60230605902351364
    outer loop
      vertex 198.03912762531286 55.402292192666415 276.05493133075737
      vertex 188.80000347886087 82 288.29999065836245
      vertex 207.28571374813171 82 263.79998782671254
    endloop
  endfacet
  facet normal -0.79826515727677849 -2.7268468303827466e-08 -0.60230618349630061
    outer loop
      vertex 216.52553427770644 55.420254666613943 251.55401349411375
      vertex 198.03912762531286 55.402292192666415 276.05493133075737
      vertex 207.28571374813171 82 263.79998782671254
    endloop
  endfacet
  facet normal -0.79826515728639069 2.2156308934384325e-16 -0.60230618348356191
    outer loop
      vertex 151.581944433236 -258.67884775576653 337.62687570957144
      vertex 160.98680959834127 -285.34365602975151 325.16215863351812
      vertex 142.40255548558756 -285.36153828790174 349.79275838357444
    endloop
  endfacet
  facet normal -0.79826525403956927 -3.7856135556684496e-16 -0.60230605525193082
    outer loop
      vertex 75.273499467549726 -114.87685889983499 438.76207566106376
      vertex 59.400001525878906 -99.84615384615384 459.79998779296875
      vertex 75.305722286811118 -84.557276289185126 438.7193692051361
    endloop
  endfacet
  facet normal -0.79826525403956927 4.0262172521649815e-16 -0.60230605525193082
    outer loop
      vertex 75.38566195311806 -54.160438346161165 438.61342131124411
      vertex 75.305722286811118 -84.557276289185126 438.7193692051361
      vertex 59.400001525878906 -69.538461538461533 459.79998779296875
    endloop
  endfacet
  facet normal -0.79826525403956916 0 -0.60230605525193104
    outer loop
      vertex 75.38566195311806 -54.160438346161165 438.61342131124411
      vertex 59.400001525878906 -69.538461538461533 459.79998779296875
      vertex 59.400001525878906 -39.230769230769226 459.79998779296875
    endloop
  endfacet
  facet normal -0.79826497982526046 -1.1078216013194612e-07 -0.60230641868119261
    outer loop
      vertex 104.89115946138716 -284.89829046190494 399.50837294555197
      vertex 114.8571452200168 -312 386.29998902099624
      vertex 96.371423912292187 -312 410.79998352392209
    endloop
  endfacet
  facet normal -0.79826515926894914 4.4715132220297424e-08 -0.60230618085598076
    outer loop
      vertex 104.89115946138716 -284.89829046190494 399.50837294555197
      vertex 96.371423912292187 -312 410.79998352392209
      vertex 86.882522832200095 -287.09927796334324 423.3760793472477
    endloop
  endfacet
  facet normal -0.79826494042713525 6.9087209680776161e-08 -0.60230647089738099
    outer loop
      vertex 123.73842845793932 -285.37015231806788 374.52921195381316
      vertex 133.34286813033739 -312 361.7999957272603
      vertex 114.8571452200168 -312 386.29998902099624
    endloop
  endfacet
  facet normal -0.79826486803462271 2.5345318889957145e-09 -0.6023065668425559
    outer loop
      vertex 123.73842845793932 -285.37015231806788 374.52921195381316
      vertex 114.8571452200168 -312 386.29998902099624
      vertex 104.89115946138716 -284.89829046190494 399.50837294555197
    endloop
  endfacet
  facet normal -0.79826515728639091 3.4848983991846104e-17 -0.60230618348356135
    outer loop
      vertex 207.26865213597728 -258.86275405922385 263.822601600101
      vertex 216.51683078937154 -285.44680003513702 251.56554864297175
      vertex 198.01896139503376 -285.38985070546249 276.08165859909207
    endloop
  endfacet
  facet normal -0.79826514096228818 -1.1635136007546147e-08 -0.60230620511867383
    outer loop
      vertex 216.52553427770644 55.420254666613943 251.55401349411375
      vertex 207.28571374813171 82 263.79998782671254
      vertex 225.7714285012905 82 239.29998837824024
    endloop
  endfacet
  facet normal -0.79826516497056832 -3.3502989768966846e-09 -0.60230617329935399
    outer loop
      vertex 235.01619484136802 55.425800355877684 227.04745774565617
      vertex 225.7714285012905 82 239.29998837824024
      vertex 244.25714227786483 82 214.79998819291649
    endloop
  endfacet
  facet normal -0.79826519722882361 -4.8407307361262434e-09 -0.60230613054594373
    outer loop
      vertex 86.882522832200138 57.099277963343255 423.37607934724758
      vertex 77.885711447886536 82 435.29998469930194
      vertex 96.371423912292158 82 410.79998352392215
    endloop
  endfacet
  facet normal -0.79826525973093232 -9.4690216749862144e-09 -0.60230604770889251
    outer loop
      vertex 71.846478521610337 61.378361879407123 443.30407174786211
      vertex 59.400001525878906 82 459.79998779296875
      vertex 77.885711447886536 82 435.29998469930194
    endloop
  endfacet
  facet normal -0.79826515728639114 -7.0648136311162705e-17 -0.60230618348356124
    outer loop
      vertex 225.79192665759518 -206.24414530738625 239.27282101518711
      vertex 216.54051988672762 -232.45620471834189 251.53415235061169
      vertex 207.41519391083517 -205.9282004769932 263.62838278554494
    endloop
  endfacet
  facet normal -0.79826525403956938 8.5596063250025085e-16 -0.60230605525193048
    outer loop
      vertex 75.273499467549726 -114.87685889983499 438.76207566106376
      vertex 75.307418613771631 -145.19222852335949 438.71712098123021
      vertex 59.400001525878906 -130.15384615384616 459.79998779296875
    endloop
  endfacet
  facet normal -0.79826525403956916 0 -0.60230605525193104
    outer loop
      vertex 75.273499467549726 -114.87685889983499 438.76207566106376
      vertex 59.400001525878906 -130.15384615384616 459.79998779296875
      vertex 59.400001525878906 -99.84615384615384 459.79998779296875
    endloop
  endfacet
  facet normal -0.79826532091313007 -2.8580926103507604e-08 -0.60230596662116531
    outer loop
      vertex 179.55533269992617 55.358668322788127 300.55240264909094
      vertex 170.31429604556186 82 312.79999562980601
      vertex 188.80000347886087 82 288.29999065836245
    endloop
  endfacet
  facet normal -0.79826533374191089 -1.6309738485050205e-08 -0.6023059496185601
    outer loop
      vertex 179.55533269992617 55.358668322788127 300.55240264909094
      vertex 188.80000347886087 82 288.29999065836245
      vertex 198.03912762531286 55.402292192666415 276.05493133075737
    endloop
  endfacet
  facet normal -0.79826515728639169 -8.862523573753741e-16 -0.60230618348356046
    outer loop
      vertex 234.98874284984001 -232.53489300006726 227.08384118141666
      vertex 225.76281098820547 -258.9509743729235 239.31140940269205
      vertex 216.54051988672762 -232.45620471834189 251.53415235061169
    endloop
  endfacet
  facet normal -0.7982651982885377 -7.901215697885321e-11 -0.60230612914145387
    outer loop
      vertex 91.45783680833496 -8.2031143128772044 417.31219717079381
      vertex 91.479153164008366 -38.695587174757136 417.28394558633227
      vertex 75.44458407432343 -23.721583457937612 438.5353289831952
    endloop
  endfacet
  facet normal -0.79826519487999736 6.2868248730825402e-09 -0.6023061336589558
    outer loop
      vertex 91.45783680833496 -8.2031143128772044 417.31219717079381
      vertex 75.782672932146994 7.1542865489271747 438.08724351962542
      vertex 93.510856958915795 25.637731415954228 414.59123149194772
    endloop
  endfacet
  facet normal -0.7982651572854409 -2.7208427277043098e-09 -0.60230618348482057
    outer loop
      vertex 160.98680959834127 -285.34365602975151 325.16215863351812
      vertex 151.82858184066527 -312 337.29999549195225
      vertex 142.40255548558756 -285.36153828790174 349.79275838357444
    endloop
  endfacet
  facet normal -0.79826525403956916 -7.7547090669385707e-17 -0.60230605525193093
    outer loop
      vertex 71.846478521610308 -291.37836187940712 443.30407174786217
      vertex 59.400001525878906 -281.69230769230768 459.79998779296875
      vertex 74.320497178580482 -266.42083109243742 440.02513554178523
    endloop
  endfacet
  facet normal -0.79826525403956916 0 -0.60230605525193104
    outer loop
      vertex 71.846478521610308 -291.37836187940712 443.30407174786217
      vertex 59.400001525878906 -312 459.79998779296875
      vertex 59.400001525878906 -281.69230769230768 459.79998779296875
    endloop
  endfacet
  facet normal -0.79826515728639136 -3.5450094295014949e-16 -0.60230618348356069
    outer loop
      vertex 207.41519391083517 -205.9282004769932 263.62838278554494
      vertex 216.54051988672762 -232.45620471834189 251.53415235061169
      vertex 198.04447344635798 -232.21019174413033 276.0478462587551
    endloop
  endfacet
  facet normal -0.79826525403956972 -4.907165338707926e-16 -0.60230605525193048
    outer loop
      vertex 75.548064893459653 -175.66312473743261 438.39818086446769
      vertex 59.400001525878906 -160.46153846153845 459.79998779296875
      vertex 75.307418613771631 -145.19222852335949 438.71712098123021
    endloop
  endfacet
  facet normal -0.7982653339752982 1.6156376519273059e-08 -0.60230594930924064
    outer loop
      vertex 198.01896139503376 -285.38985070546249 276.08165859909207
      vertex 188.80000347886096 -312 288.29999065836233
      vertex 179.50811974720997 -285.33842985762084 300.61497627251254
    endloop
  endfacet
  facet normal -0.79826516282110005 -5.3189288614560776e-09 -0.60230617614814708
    outer loop
      vertex 225.76281098820547 -258.9509743729235 239.31140940269205
      vertex 244.23384367928563 -258.96715889480544 214.83086694365846
      vertex 235.00777815638904 -285.46900116318682 227.05861278032592
    endloop
  endfacet
  facet normal -0.79826514096228762 1.1661515308423974e-08 -0.60230620511867439
    outer loop
      vertex 216.51683078937154 -285.44680003513702 251.56554864297175
      vertex 225.77142850129059 -312 239.29998837824019
      vertex 207.28571374813177 -312 263.79998782671248
    endloop
  endfacet
  facet normal -0.79826515728814407 -4.0233932527936266e-09 -0.60230618348123799
    outer loop
      vertex 216.51683078937154 -285.44680003513702 251.56554864297175
      vertex 235.00777815638904 -285.46900116318682 227.05861278032592
      vertex 225.77142850129059 -312 239.29998837824019
    endloop
  endfacet
  facet normal -0.79826525403956938 -7.8620287013470975e-16 -0.60230605525193059
    outer loop
      vertex 75.44458407432343 -23.721583457937612 438.5353289831952
      vertex 75.38566195311806 -54.160438346161165 438.61342131124411
      vertex 59.400001525878906 -39.230769230769226 459.79998779296875
    endloop
  endfacet
  facet normal -0.79826515730473868 2.6957081677881632e-09 -0.60230618345924425
    outer loop
      vertex 142.4602957568278 54.928247212717679 349.71623244383272
      vertex 151.82858184066515 82 337.29999549195242
      vertex 161.05132367692249 55.277029905636411 325.07665504332084
    endloop
  endfacet
  facet normal -0.79826521991933319 6.7985253380904457e-08 -0.60230610047311817
    outer loop
      vertex 161.05132367692249 55.277029905636411 325.07665504332084
      vertex 170.31429604556186 82 312.79999562980601
      vertex 179.55533269992617 55.358668322788127 300.55240264909094
    endloop
  endfacet
  facet normal -0.79826509290213077 -6.0337694038297492e-08 -0.60230626881508453
    outer loop
      vertex 133.05051807533513 27.250185508282328 362.18746031252635
      vertex 123.81470822873642 54.662158879090683 374.42811483161415
      vertex 142.4602957568278 54.928247212717679 349.71623244383272
    endloop
  endfacet
  facet normal -0.79826515444072255 -5.4149537164445939e-09 -0.60230618725506169
    outer loop
      vertex 160.98680959834127 -285.34365602975151 325.16215863351812
      vertex 170.31429604556195 -312 312.79999562980589
      vertex 151.82858184066527 -312 337.29999549195225
    endloop
  endfacet
  facet normal -0.79826521925189275 -6.7929242610883341e-08 -0.60230610135770901
    outer loop
      vertex 160.98680959834127 -285.34365602975151 325.16215863351812
      vertex 179.50811974720997 -285.33842985762084 300.61497627251254
      vertex 170.31429604556195 -312 312.79999562980589
    endloop
  endfacet
  facet normal -0.7982651665991668 1.1561791376018445e-08 -0.60230617114089435
    outer loop
      vertex 142.4602957568278 54.928247212717679 349.71623244383272
      vertex 133.34286813033734 82 361.79999572726035
      vertex 151.82858184066515 82 337.29999549195242
    endloop
  endfacet
  facet normal -0.79826509362509002 7.9308764368237757e-08 -0.6023062678569101
    outer loop
      vertex 142.4602957568278 54.928247212717679 349.71623244383272
      vertex 123.81470822873642 54.662158879090683 374.42811483161415
      vertex 133.34286813033734 82 361.79999572726035
    endloop
  endfacet
  facet normal -0.79826522777660125 3.5265112834839386e-08 -0.60230609005950586
    outer loop
      vertex 71.846478521610308 -291.37836187940712 443.30407174786217
      vertex 86.882522832200095 -287.09927796334324 423.3760793472477
      vertex 77.885711447886578 -312 435.29998469930189
    endloop
  endfacet
  facet normal -0.79826522326769467 -8.4085447113685419e-09 -0.60230609603537755
    outer loop
      vertex 71.846478521610308 -291.37836187940712 443.30407174786217
      vertex 74.320497178580482 -266.42083109243742 440.02513554178523
      vertex 86.882522832200095 -287.09927796334324 423.3760793472477
    endloop
  endfacet
  facet normal -0.79826512215774159 1.8438501563932074e-09 -0.60230623004123574
    outer loop
      vertex 106.93315167929335 -173.72808836205041 396.80202560185768
      vertex 91.189849548674644 -160.03936098070676 417.66737348783943
      vertex 107.00961674735422 -144.36289483352979 396.70068289659093
    endloop
  endfacet
  facet normal -0.79826515728639202 -5.7606403229399341e-16 -0.60230618348356013
    outer loop
      vertex 151.8736919888851 28.531275211340322 337.24020873721668
      vertex 142.4602957568278 54.928247212717679 349.71623244383272
      vertex 161.05132367692249 55.277029905636411 325.07665504332084
    endloop
  endfacet
  facet normal -0.79826525403956938 0 -0.60230605525193059
    outer loop
      vertex 75.548064893459653 -175.66312473743261 438.39818086446769
      vertex 59.400001525878906 -190.76923076923077 459.79998779296875
      vertex 59.400001525878906 -160.46153846153845 459.79998779296875
    endloop
  endfacet
  facet normal -0.79826525403956938 -2.5064327519926456e-16 -0.60230605525193071
    outer loop
      vertex 75.548064893459653 -175.66312473743261 438.39818086446769
      vertex 75.806896244283351 -206.22266396926187 438.05513919617124
      vertex 59.400001525878906 -190.76923076923077 459.79998779296875
    endloop
  endfacet
  facet normal -0.79826486711803335 1.7771584888861517e-09 -0.60230656805735439
    outer loop
      vertex 114.26004961321118 27.387921876935579 387.09134755412947
      vertex 104.95207297021537 54.496945987387818 399.42764136244853
      vertex 123.81470822873642 54.662158879090683 374.42811483161415
    endloop
  endfacet
  facet normal -0.79826519967355147 -1.5927014935099164e-10 -0.60230612730582855
    outer loop
      vertex 91.143811967499971 -99.679927415583677 417.72838929339684
      vertex 75.273499467549726 -114.87685889983499 438.76207566106376
      vertex 75.305722286811118 -84.557276289185126 438.7193692051361
    endloop
  endfacet
  facet normal -0.79826525119383684 -6.2899332909741033e-08 -0.60230605902351397
    outer loop
      vertex 198.01896139503376 -285.38985070546249 276.08165859909207
      vertex 207.28571374813177 -312 263.79998782671248
      vertex 188.80000347886096 -312 288.29999065836233
    endloop
  endfacet
  facet normal -0.79826515725592728 2.7275754369603571e-08 -0.60230618352393572
    outer loop
      vertex 198.01896139503376 -285.38985070546249 276.08165859909207
      vertex 216.51683078937154 -285.44680003513702 251.56554864297175
      vertex 207.28571374813177 -312 263.79998782671248
    endloop
  endfacet
  facet normal -0.79826507142184444 -4.3318107039514433e-08 -0.60230629728392837
    outer loop
      vertex 136.56719248087194 -144.88123311062773 357.52664373046071
      vertex 123.12189120969505 -129.45027411481567 375.34633739709489
      vertex 141.81591886641269 -116.20225599981333 350.57025591874356
    endloop
  endfacet
  facet normal -0.79826515728639069 6.6468926803152974e-16 -0.60230618348356191
    outer loop
      vertex 151.8736919888851 28.531275211340322 337.24020873721668
      vertex 133.05051807533513 27.250185508282328 362.18746031252635
      vertex 142.4602957568278 54.928247212717679 349.71623244383272
    endloop
  endfacet
  facet normal -0.79826519974735854 5.3197441697758781e-11 -0.60230612720800858
    outer loop
      vertex 91.143811967499971 -99.679927415583677 417.72838929339684
      vertex 91.13010483299432 -129.83860279138085 417.74655601355039
      vertex 75.273499467549726 -114.87685889983499 438.76207566106376
    endloop
  endfacet
  facet normal -0.79826522777660169 -3.526511191949973e-08 -0.60230609005950519
    outer loop
      vertex 71.846478521610337 61.378361879407123 443.30407174786211
      vertex 77.885711447886536 82 435.29998469930194
      vertex 86.882522832200138 57.099277963343255 423.37607934724758
    endloop
  endfacet
  facet normal -0.798265223267695 8.4085450308802007e-09 -0.60230609603537688
    outer loop
      vertex 71.846478521610337 61.378361879407123 443.30407174786211
      vertex 86.882522832200138 57.099277963343255 423.37607934724758
      vertex 74.320497178580496 36.420831092437425 440.02513554178518
    endloop
  endfacet
  facet normal -0.79826515728639158 -5.8595459441723339e-16 -0.60230618348356069
    outer loop
      vertex 170.1864425939772 -258.61856509710066 312.96944555565403
      vertex 160.98680959834127 -285.34365602975151 325.16215863351812
      vertex 151.581944433236 -258.67884775576653 337.62687570957144
    endloop
  endfacet
  facet normal -0.79826519970820842 1.6757157963404388e-10 -0.6023061272598963
    outer loop
      vertex 91.13010483299432 -129.83860279138085 417.74655601355039
      vertex 75.307418613771631 -145.19222852335949 438.71712098123021
      vertex 75.273499467549726 -114.87685889983499 438.76207566106376
    endloop
  endfacet
  facet normal -0.79826516289896265 5.3864404678977698e-09 -0.60230617604495207
    outer loop
      vertex 225.76387138584386 28.850623173852 239.31000400704642
      vertex 235.01619484136802 55.425800355877684 227.04745774565617
      vertex 244.26839614571347 28.858860998837734 214.78507290181003
    endloop
  endfacet
  facet normal -0.79826515728639191 -4.8611023912887341e-16 -0.60230618348355991
    outer loop
      vertex 170.35264676629976 28.663973134549963 312.74916722646043
      vertex 151.8736919888851 28.531275211340322 337.24020873721668
      vertex 161.05132367692249 55.277029905636411 325.07665504332084
    endloop
  endfacet
  facet normal -0.79826519912482607 -3.9809613062797694e-10 -0.60230612803308081
    outer loop
      vertex 91.277802274094839 -69.247234185367461 417.55080553931651
      vertex 75.305722286811118 -84.557276289185126 438.7193692051361
      vertex 75.38566195311806 -54.160438346161165 438.61342131124411
    endloop
  endfacet
  facet normal -0.79826519872844237 7.5288066624288204e-10 -0.60230612855842713
    outer loop
      vertex 91.277802274094839 -69.247234185367461 417.55080553931651
      vertex 75.38566195311806 -54.160438346161165 438.61342131124411
      vertex 91.479153164008366 -38.695587174757136 417.28394558633227
    endloop
  endfacet
  facet normal -0.79826533400776167 -1.6057819291105288e-08 -0.60230594926621517
    outer loop
      vertex 188.7476772067817 -258.71577371343415 288.36934121272873
      vertex 198.01896139503376 -285.38985070546249 276.08165859909207
      vertex 179.50811974720997 -285.33842985762084 300.61497627251254
    endloop
  endfacet
  facet normal -0.79826523713944808 7.675283902408804e-08 -0.60230607765047051
    outer loop
      vertex 188.7476772067817 -258.71577371343415 288.36934121272873
      vertex 207.26865213597728 -258.86275405922385 263.822601600101
      vertex 198.01896139503376 -285.38985070546249 276.08165859909207
    endloop
  endfacet
  facet normal -0.79826494172823825 -7.7964532276248209e-08 -0.60230646917296704
    outer loop
      vertex 132.86815124268014 -258.81560516016833 362.42915978755286
      vertex 123.73842845793932 -285.37015231806788 374.52921195381316
      vertex 114.02696982423669 -259.1199390130289 387.40025902124381
    endloop
  endfacet
  facet normal -0.79826519956805553 -2.3056890167138894e-10 -0.60230612744564738
    outer loop
      vertex 91.189849548674644 -160.03936098070676 417.66737348783943
      vertex 75.307418613771631 -145.19222852335949 438.71712098123021
      vertex 91.13010483299432 -129.83860279138085 417.74655601355039
    endloop
  endfacet
  facet normal -0.79826519771866056 -1.6999909128950854e-09 -0.60230612989673926
    outer loop
      vertex 91.45783680833496 -8.2031143128772044 417.31219717079381
      vertex 75.44458407432343 -23.721583457937612 438.5353289831952
      vertex 75.782672932146994 7.1542865489271747 438.08724351962542
    endloop
  endfacet
  facet normal -0.79826519836241894 -2.970938946272953e-10 -0.60230612904353542
    outer loop
      vertex 91.479153164008366 -38.695587174757136 417.28394558633227
      vertex 75.38566195311806 -54.160438346161165 438.61342131124411
      vertex 75.44458407432343 -23.721583457937612 438.5353289831952
    endloop
  endfacet
  facet normal -0.79826515728639158 1.0635028288504487e-15 -0.60230618348356046
    outer loop
      vertex 225.76281098820547 -258.9509743729235 239.31140940269205
      vertex 235.00777815638904 -285.46900116318682 227.05861278032592
      vertex 216.51683078937154 -285.44680003513702 251.56554864297175
    endloop
  endfacet
  facet normal -0.79826515728639069 2.6587570721261189e-16 -0.60230618348356157
    outer loop
      vertex 225.76281098820547 -258.9509743729235 239.31140940269205
      vertex 216.51683078937154 -285.44680003513702 251.56554864297175
      vertex 207.26865213597728 -258.86275405922385 263.822601600101
    endloop
  endfacet
  facet normal -0.79826520234213028 2.6633093535478156e-08 -0.60230612376903236
    outer loop
      vertex 93.572271234999803 -255.90293748023902 414.50983621807836
      vertex 86.882522832200095 -287.09927796334324 423.3760793472477
      vertex 74.320497178580482 -266.42083109243742 440.02513554178523
    endloop
  endfacet
  facet normal -0.79826502106280017 1.4658615708063277e-07 -0.60230636402713333
    outer loop
      vertex 93.572271234999803 -255.90293748023902 414.50983621807836
      vertex 114.02696982423669 -259.1199390130289 387.40025902124381
      vertex 104.89115946138716 -284.89829046190494 399.50837294555197
    endloop
  endfacet
  facet normal -0.79826494502190826 7.7006363902570596e-08 -0.60230646480771211
    outer loop
      vertex 114.26004961321118 27.387921876935579 387.09134755412947
      vertex 123.81470822873642 54.662158879090683 374.42811483161415
      vertex 133.05051807533513 27.250185508282328 362.18746031252635
    endloop
  endfacet
  facet normal -0.79826486527769092 4.8743861824932511e-16 -0.60230657049644565
    outer loop
      vertex 123.54742762877132 -3.1469518143277497 374.78235422160884
      vertex 106.17068328909026 3.7697560119143674 397.81256036371872
      vertex 114.26004961321118 27.387921876935579 387.09134755412947
    endloop
  endfacet
  facet normal -0.79826519580866129 1.3595308849017079e-09 -0.6023061324281529
    outer loop
      vertex 92.14935083821203 -190.85213855185242 416.39570059320118
      vertex 75.806896244283351 -206.22266396926187 438.05513919617124
      vertex 75.548064893459653 -175.66312473743261 438.39818086446769
    endloop
  endfacet
  facet normal -0.79826519514574978 -5.8336525714409431e-10 -0.60230613330674132
    outer loop
      vertex 92.14935083821203 -190.85213855185242 416.39570059320118
      vertex 92.321942139574986 -221.72782689306098 416.1669570967756
      vertex 75.806896244283351 -206.22266396926187 438.05513919617124
    endloop
  endfacet
  facet normal -0.7982651215077714 3.6704841130833905e-10 -0.60230623090267221
    outer loop
      vertex 107.02499203218368 -114.77635029912514 396.68030531767312
      vertex 107.00961674735422 -144.36289483352979 396.70068289659093
      vertex 91.13010483299432 -129.83860279138085 417.74655601355039
    endloop
  endfacet
  facet normal -0.79826523835219987 8.2183406120874228e-08 -0.60230607604315145
    outer loop
      vertex 197.40933961585165 -50.531256519786439 276.88961946482561
      vertex 188.72130457729455 -24.239837046901556 288.40429414177106
      vertex 207.09096724647154 -24.206318196411928 264.05809587221415
    endloop
  endfacet
  facet normal -0.79826533368620955 1.6317885803633881e-08 -0.60230594969238371
    outer loop
      vertex 198.04447344635798 -232.21019174413033 276.0478462587551
      vertex 188.7476772067817 -258.71577371343415 288.36934121272873
      vertex 179.46577290883224 -231.89315771631317 300.67110059783641
    endloop
  endfacet
  facet normal -0.79826520254916977 -2.62863889417648e-08 -0.60230612349463319
    outer loop
      vertex 93.510856958915795 25.637731415954228 414.59123149194772
      vertex 74.320497178580496 36.420831092437425 440.02513554178518
      vertex 86.882522832200138 57.099277963343255 423.37607934724758
    endloop
  endfacet
  facet normal -0.79826519554887398 8.0552750456361516e-09 -0.60230613277246137
    outer loop
      vertex 93.510856958915795 25.637731415954228 414.59123149194772
      vertex 75.782672932146994 7.1542865489271747 438.08724351962542
      vertex 74.320497178580496 36.420831092437425 440.02513554178518
    endloop
  endfacet
  facet normal -0.7982651572863918 -7.1968906795981453e-16 -0.60230618348356024
    outer loop
      vertex 93.572271234999803 -255.90293748023902 414.50983621807836
      vertex 104.89115946138716 -284.89829046190494 399.50837294555197
      vertex 86.882522832200095 -287.09927796334324 423.3760793472477
    endloop
  endfacet
  facet normal -0.79826503766781753 -1.4444953477993518e-07 -0.602306342019721
    outer loop
      vertex 106.69820735310343 -235.01024012357556 397.11340822672128
      vertex 114.02696982423669 -259.1199390130289 387.40025902124381
      vertex 93.572271234999803 -255.90293748023902 414.50983621807836
    endloop
  endfacet
  facet normal -0.79826515728639058 2.4395390287129576e-16 -0.60230618348356157
    outer loop
      vertex 207.27264411577775 28.840424014762853 263.81731083857358
      vertex 198.03912762531286 55.402292192666415 276.05493133075737
      vertex 216.52553427770644 55.420254666613943 251.55401349411375
    endloop
  endfacet
  facet normal -0.79826523710986264 7.6751482451040861e-08 -0.6023060776896817
    outer loop
      vertex 198.00793577567484 2.2796333954437387 276.09627137912503
      vertex 188.79977863771205 28.782914987634015 288.30028865127684
      vertex 207.27264411577775 28.840424014762853 263.81731083857358
    endloop
  endfacet
  facet normal -0.79826515728639125 -8.3846540232835011e-16 -0.60230618348356091
    outer loop
      vertex 93.510856958915795 25.637731415954228 414.59123149194772
      vertex 86.882522832200138 57.099277963343255 423.37607934724758
      vertex 104.95207297021537 54.496945987387818 399.42764136244853
    endloop
  endfacet
  facet normal -0.79826502348646655 -1.4622068512924263e-07 -0.60230636081493416
    outer loop
      vertex 93.510856958915795 25.637731415954228 414.59123149194772
      vertex 104.95207297021537 54.496945987387818 399.42764136244853
      vertex 114.26004961321118 27.387921876935579 387.09134755412947
    endloop
  endfacet
  facet normal -0.79826519522742323 -9.2644269066067162e-09 -0.60230613319849535
    outer loop
      vertex 93.572271234999803 -255.90293748023902 414.50983621807836
      vertex 74.320497178580482 -266.42083109243742 440.02513554178523
      vertex 75.996155918077747 -237.09842696130295 437.8043042257047
    endloop
  endfacet
  facet normal -0.79826519303079113 -3.6048544084720547e-09 -0.60230613610979733
    outer loop
      vertex 93.572271234999803 -255.90293748023902 414.50983621807836
      vertex 75.996155918077747 -237.09842696130295 437.8043042257047
      vertex 92.321942139574986 -221.72782689306098 416.1669570967756
    endloop
  endfacet
  facet normal -0.79826509838321813 6.4652905384553371e-08 -0.60230626155073874
    outer loop
      vertex 123.54742762877132 -3.1469518143277497 374.78235422160884
      vertex 133.05051807533513 27.250185508282328 362.18746031252635
      vertex 143.12267404512511 1.9549690134338107 348.8383508563773
    endloop
  endfacet
  facet normal -0.79826513431870127 -3.8409147711972902e-09 -0.60230621392373651
    outer loop
      vertex 106.17068328909026 3.7697560119143674 397.81256036371872
      vertex 91.45783680833496 -8.2031143128772044 417.31219717079381
      vertex 93.510856958915795 25.637731415954228 414.59123149194772
    endloop
  endfacet
  facet normal -0.79826512177792419 3.0479789351006368e-09 -0.60230623054462584
    outer loop
      vertex 106.93315167929335 -173.72808836205041 396.80202560185768
      vertex 92.14935083821203 -190.85213855185242 416.39570059320118
      vertex 91.189849548674644 -160.03936098070676 417.66737348783943
    endloop
  endfacet
  facet normal -0.79826494261436354 7.3258448204167158e-08 -0.60230646799854426
    outer loop
      vertex 123.25179969706247 -232.27570726794335 375.17416364663865
      vertex 132.86815124268014 -258.81560516016833 362.42915978755286
      vertex 114.02696982423669 -259.1199390130289 387.40025902124381
    endloop
  endfacet
  facet normal -0.79826516281771664 5.3252046802953018e-09 -0.60230617615263127
    outer loop
      vertex 234.98874284984001 -232.53489300006726 227.08384118141666
      vertex 244.23384367928563 -258.96715889480544 214.83086694365846
      vertex 225.76281098820547 -258.9509743729235 239.31140940269205
    endloop
  endfacet
  facet normal -0.7982651572863908 -3.4994072483497649e-17 -0.60230618348356169
    outer loop
      vertex 216.54051988672762 -232.45620471834189 251.53415235061169
      vertex 225.76281098820547 -258.9509743729235 239.31140940269205
      vertex 207.26865213597728 -258.86275405922385 263.822601600101
    endloop
  endfacet
  facet normal -0.79826521926486682 5.8810868175599486e-08 -0.60230610134051488
    outer loop
      vertex 170.1864425939772 -258.61856509710066 312.96944555565403
      vertex 179.50811974720997 -285.33842985762084 300.61497627251254
      vertex 160.98680959834127 -285.34365602975151 325.16215863351812
    endloop
  endfacet
  facet normal -0.79826531551477842 -3.3749636958603238e-08 -0.60230597377586259
    outer loop
      vertex 170.1864425939772 -258.61856509710066 312.96944555565403
      vertex 188.7476772067817 -258.71577371343415 288.36934121272873
      vertex 179.50811974720997 -285.33842985762084 300.61497627251254
    endloop
  endfacet
  facet normal -0.79826533376985032 1.6322795775747056e-08 -0.6023059495815305
    outer loop
      vertex 188.79977863771205 28.782914987634015 288.30028865127684
      vertex 179.55533269992617 55.358668322788127 300.55240264909094
      vertex 198.03912762531286 55.402292192666415 276.05493133075737
    endloop
  endfacet
  facet normal -0.79826523693698348 -7.6324317583522163e-08 -0.60230607791880697
    outer loop
      vertex 188.79977863771205 28.782914987634015 288.30028865127684
      vertex 198.03912762531286 55.402292192666415 276.05493133075737
      vertex 207.27264411577775 28.840424014762853 263.81731083857358
    endloop
  endfacet
  facet normal -0.79826509095688569 -7.0300671082297165e-08 -0.60230627139320936
    outer loop
      vertex 106.93315167929335 -173.72808836205041 396.80202560185768
      vertex 110.60302033869215 -206.20296323676831 391.93817826151212
      vertex 92.14935083821203 -190.85213855185242 416.39570059320118
    endloop
  endfacet
  facet normal -0.79826508514880967 -6.9104180953476096e-08 -0.60230627909092782
    outer loop
      vertex 142.1327169381982 -232.15637325733093 350.15038830068386
      vertex 132.86815124268014 -258.81560516016833 362.42915978755286
      vertex 123.25179969706247 -232.27570726794335 375.17416364663865
    endloop
  endfacet
  facet normal -0.79826486527769092 6.6500216495616277e-16 -0.60230657049644576
    outer loop
      vertex 123.12189120969505 -129.45027411481567 375.34633739709489
      vertex 122.87511608483074 -158.43678869897204 375.67339992879084
      vertex 107.00961674735422 -144.36289483352979 396.70068289659093
    endloop
  endfacet
  facet normal -0.7982650328005817 1.5816391216738304e-07 -0.6023063484704948
    outer loop
      vertex 106.17068328909026 3.7697560119143674 397.81256036371872
      vertex 93.510856958915795 25.637731415954228 414.59123149194772
      vertex 114.26004961321118 27.387921876935579 387.09134755412947
    endloop
  endfacet
  facet normal -0.79826515728639169 3.1018832508138094e-16 -0.60230618348356046
    outer loop
      vertex 225.76387138584386 28.850623173852 239.31000400704642
      vertex 216.52553427770644 55.420254666613943 251.55401349411375
      vertex 235.01619484136802 55.425800355877684 227.04745774565617
    endloop
  endfacet
  facet normal -0.79826515728639125 7.5331450376906754e-16 -0.60230618348356102
    outer loop
      vertex 225.76387138584386 28.850623173852 239.31000400704642
      vertex 207.27264411577775 28.840424014762853 263.81731083857358
      vertex 216.52553427770644 55.420254666613943 251.55401349411375
    endloop
  endfacet
  facet normal -0.79826521971425901 -6.0144215526121927e-08 -0.60230610074491409
    outer loop
      vertex 170.35264676629976 28.663973134549963 312.74916722646043
      vertex 161.05132367692249 55.277029905636411 325.07665504332084
      vertex 179.55533269992617 55.358668322788127 300.55240264909094
    endloop
  endfacet
  facet normal -0.79826531705117376 3.2353879830128993e-08 -0.60230597173960332
    outer loop
      vertex 170.35264676629976 28.663973134549963 312.74916722646043
      vertex 179.55533269992617 55.358668322788127 300.55240264909094
      vertex 188.79977863771205 28.782914987634015 288.30028865127684
    endloop
  endfacet
  facet normal -0.79826512156492757 1.9479343238040795e-10 -0.60230623082692014
    outer loop
      vertex 107.00961674735422 -144.36289483352979 396.70068289659093
      vertex 91.189849548674644 -160.03936098070676 417.66737348783943
      vertex 91.13010483299432 -129.83860279138085 417.74655601355039
    endloop
  endfacet
  facet normal -0.79826508549729247 8.2882807519614945e-08 -0.60230627862906549
    outer loop
      vertex 131.32427996547705 -206.35028114350206 364.47532614234353
      vertex 142.1327169381982 -232.15637325733093 350.15038830068386
      vertex 123.25179969706247 -232.27570726794335 375.17416364663865
    endloop
  endfacet
  facet normal -0.79826521822066898 5.8074170276720366e-08 -0.60230610272444052
    outer loop
      vertex 170.17148284701082 -204.68206351066215 312.98927242293939
      vertex 179.46577290883224 -231.89315771631317 300.67110059783641
      vertex 160.8111004785259 -231.7551417138086 325.39503432367758
    endloop
  endfacet
  facet normal -0.79826515728639136 -2.6587570721261213e-16 -0.60230618348356058
    outer loop
      vertex 142.1327169381982 -232.15637325733093 350.15038830068386
      vertex 151.581944433236 -258.67884775576653 337.62687570957144
      vertex 132.86815124268014 -258.81560516016833 362.42915978755286
    endloop
  endfacet
  facet normal -0.7982651629766635 5.503215691560104e-09 -0.60230617594197122
    outer loop
      vertex 225.69022002424032 -24.270408542446759 239.40761767492336
      vertex 235.00790851029805 2.2872680198555742 227.05844001606329
      vertex 244.311267129751 -24.230088641815385 214.72825392938734
    endloop
  endfacet
  facet normal -0.79826512136612082 -4.5002648856738629e-11 -0.60230623109040837
    outer loop
      vertex 107.02499203218368 -114.77635029912514 396.68030531767312
      vertex 91.13010483299432 -129.83860279138085 417.74655601355039
      vertex 91.143811967499971 -99.679927415583677 417.72838929339684
    endloop
  endfacet
  facet normal -0.79826515728639069 3.1504022113655283e-16 -0.6023061834835618
    outer loop
      vertex 143.12267404512511 1.9549690134338107 348.8383508563773
      vertex 133.05051807533513 27.250185508282328 362.18746031252635
      vertex 151.8736919888851 28.531275211340322 337.24020873721668
    endloop
  endfacet
  facet normal -0.79826515728639136 -2.6587570721261213e-16 -0.60230618348356058
    outer loop
      vertex 160.8111004785259 -231.7551417138086 325.39503432367758
      vertex 170.1864425939772 -258.61856509710066 312.96944555565403
      vertex 151.581944433236 -258.67884775576653 337.62687570957144
    endloop
  endfacet
  facet normal -0.79826521853468502 -5.8923041711660917e-08 -0.60230610230825987
    outer loop
      vertex 160.8111004785259 -231.7551417138086 325.39503432367758
      vertex 179.46577290883224 -231.89315771631317 300.67110059783641
      vertex 170.1864425939772 -258.61856509710066 312.96944555565403
    endloop
  endfacet
  facet normal -0.79826494540532666 -6.718064451877007e-08 -0.60230646429955115
    outer loop
      vertex 123.54742762877132 -3.1469518143277497 374.78235422160884
      vertex 114.26004961321118 27.387921876935579 387.09134755412947
      vertex 133.05051807533513 27.250185508282328 362.18746031252635
    endloop
  endfacet
  facet normal -0.79826511598281802 -7.5036278145783103e-10 -0.60230623822515583
    outer loop
      vertex 107.32614218875449 -53.77164534360972 396.28117703161575
      vertex 91.277802274094839 -69.247234185367461 417.55080553931651
      vertex 91.479153164008366 -38.695587174757136 417.28394558633227
    endloop
  endfacet
  facet normal -0.79826509540610036 8.5987075816191811e-08 -0.6023062654964515
    outer loop
      vertex 106.69820735310343 -235.01024012357556 397.11340822672128
      vertex 92.321942139574986 -221.72782689306098 416.1669570967756
      vertex 110.60302033869215 -206.20296323676831 391.93817826151212
    endloop
  endfacet
  facet normal -0.79826512306982789 3.4507714982972447e-09 -0.60230622883240426
    outer loop
      vertex 106.69820735310343 -235.01024012357556 397.11340822672128
      vertex 93.572271234999803 -255.90293748023902 414.50983621807836
      vertex 92.321942139574986 -221.72782689306098 416.1669570967756
    endloop
  endfacet
  facet normal -0.79826515728639114 1.772504714750747e-16 -0.60230618348356102
    outer loop
      vertex 225.69022002424032 -24.270408542446759 239.40761767492336
      vertex 216.48852660458911 2.2850887657872221 251.60306153116181
      vertex 235.00790851029805 2.2872680198555742 227.05844001606329
    endloop
  endfacet
  facet normal -0.79826523667443816 -7.2886632010717281e-08 -0.60230607826677107
    outer loop
      vertex 198.53370975602274 -179.26218158503548 275.39943800661666
      vertex 207.41519391083517 -205.9282004769932 263.62838278554494
      vertex 188.88701859435349 -205.36732979974425 288.18466529200481
    endloop
  endfacet
  facet normal -0.79826506751806103 -4.0869547389964929e-08 -0.60230630245779759
    outer loop
      vertex 136.36393144392417 -85.500831135298256 357.79603529255769
      vertex 122.95787234214926 -69.217542128164581 375.56371921827696
      vertex 141.46846173648368 -54.59471597200136 351.03075745115166
    endloop
  endfacet
  facet normal -0.79826522109392384 5.9402410344225187e-08 -0.60230609891637754
    outer loop
      vertex 161.29454915032329 1.8432630194696742 324.75429670448165
      vertex 170.35264676629976 28.663973134549963 312.74916722646043
      vertex 179.57852333282634 2.0855273138803483 300.52166697494823
    endloop
  endfacet
  facet normal -0.79826486527769158 3.2673503212780193e-16 -0.60230657049644498
    outer loop
      vertex 106.69820735310343 -235.01024012357556 397.11340822672128
      vertex 123.25179969706247 -232.27570726794335 375.17416364663865
      vertex 114.02696982423669 -259.1199390130289 387.40025902124381
    endloop
  endfacet
  facet normal -0.79826486527769136 -1.3293780497708874e-16 -0.60230657049644498
    outer loop
      vertex 106.69820735310343 -235.01024012357556 397.11340822672128
      vertex 110.60302033869215 -206.20296323676831 391.93817826151212
      vertex 123.25179969706247 -232.27570726794335 375.17416364663865
    endloop
  endfacet
  facet normal -0.79826510604513556 9.8742469547409036e-11 -0.60230625139603899
    outer loop
      vertex 107.96550002149158 -23.119793455714927 395.43380640805862
      vertex 91.479153164008366 -38.695587174757136 417.28394558633227
      vertex 91.45783680833496 -8.2031143128772044 417.31219717079381
    endloop
  endfacet
  facet normal -0.79826486527769069 -8.7240434516214419e-17 -0.60230657049644609
    outer loop
      vertex 122.95787234214926 -69.217542128164581 375.56371921827696
      vertex 107.32614218875449 -53.77164534360972 396.28117703161575
      vertex 123.29787946579758 -37.573593156652763 375.11309198947407
    endloop
  endfacet
  facet normal -0.79826523758094503 -7.6602021656560063e-08 -0.60230607706533379
    outer loop
      vertex 198.04447344635798 -232.21019174413033 276.0478462587551
      vertex 207.26865213597728 -258.86275405922385 263.822601600101
      vertex 188.7476772067817 -258.71577371343415 288.36934121272873
    endloop
  endfacet
  facet normal -0.79826515728639136 5.9306508979190479e-16 -0.6023061834835608
    outer loop
      vertex 198.04447344635798 -232.21019174413033 276.0478462587551
      vertex 216.54051988672762 -232.45620471834189 251.53415235061169
      vertex 207.26865213597728 -258.86275405922385 263.822601600101
    endloop
  endfacet
  facet normal -0.79826512041053899 -4.4754891962872227e-10 -0.60230623235688641
    outer loop
      vertex 107.07390506060111 -84.58988569975466 396.61547860989242
      vertex 91.143811967499971 -99.679927415583677 417.72838929339684
      vertex 91.277802274094839 -69.247234185367461 417.55080553931651
    endloop
  endfacet
  facet normal -0.79826511824184931 5.7072269726691616e-09 -0.60230623523115423
    outer loop
      vertex 107.07390506060111 -84.58988569975466 396.61547860989242
      vertex 91.277802274094839 -69.247234185367461 417.55080553931651
      vertex 107.32614218875449 -53.77164534360972 396.28117703161575
    endloop
  endfacet
  facet normal -0.79826515728639125 3.1018832508138079e-16 -0.60230618348356102
    outer loop
      vertex 216.48852660458911 2.2850887657872221 251.60306153116181
      vertex 207.27264411577775 28.840424014762853 263.81731083857358
      vertex 225.76387138584386 28.850623173852 239.31000400704642
    endloop
  endfacet
  facet normal -0.79826515728639125 2.6587570721261208e-16 -0.60230618348356091
    outer loop
      vertex 216.48852660458911 2.2850887657872221 251.60306153116181
      vertex 198.00793577567484 2.2796333954437387 276.09627137912503
      vertex 207.27264411577775 28.840424014762853 263.81731083857358
    endloop
  endfacet
  facet normal -0.79826515728639114 2.6587570721261203e-16 -0.60230618348356102
    outer loop
      vertex 235.00790851029805 2.2872680198555742 227.05844001606329
      vertex 216.48852660458911 2.2850887657872221 251.60306153116181
      vertex 225.76387138584386 28.850623173852 239.31000400704642
    endloop
  endfacet
  facet normal -0.79826511085071283 1.4119938848421258e-08 -0.60230624502697905
    outer loop
      vertex 107.96550002149158 -23.119793455714927 395.43380640805862
      vertex 107.32614218875449 -53.77164534360972 396.28117703161575
      vertex 91.479153164008366 -38.695587174757136 417.28394558633227
    endloop
  endfacet
  facet normal -0.79826512153348061 -4.7149293520499792e-08 -0.60230623086859647
    outer loop
      vertex 107.96550002149158 -23.119793455714927 395.43380640805862
      vertex 91.45783680833496 -8.2031143128772044 417.31219717079381
      vertex 106.17068328909026 3.7697560119143674 397.81256036371872
    endloop
  endfacet
  facet normal -0.79826516289722349 -5.3823430545867727e-09 -0.602306176047257
    outer loop
      vertex 235.00790851029805 2.2872680198555742 227.05844001606329
      vertex 225.76387138584386 28.850623173852 239.31000400704642
      vertex 244.26839614571347 28.858860998837734 214.78507290181003
    endloop
  endfacet
  facet normal -0.79826515728639158 -2.215630893438435e-16 -0.60230618348356069
    outer loop
      vertex 142.1327169381982 -232.15637325733093 350.15038830068386
      vertex 160.8111004785259 -231.7551417138086 325.39503432367758
      vertex 151.581944433236 -258.67884775576653 337.62687570957144
    endloop
  endfacet
  facet normal -0.79826486527769092 4.8120715864102409e-16 -0.60230657049644565
    outer loop
      vertex 122.87511608483074 -158.43678869897204 375.67339992879084
      vertex 106.93315167929335 -173.72808836205041 396.80202560185768
      vertex 107.00961674735422 -144.36289483352979 396.70068289659093
    endloop
  endfacet
  facet normal -0.79826486527769036 -5.3097228745731662e-16 -0.60230657049644631
    outer loop
      vertex 123.12189120969505 -129.45027411481567 375.34633739709489
      vertex 107.00961674735422 -144.36289483352979 396.70068289659093
      vertex 107.02499203218368 -114.77635029912514 396.68030531767312
    endloop
  endfacet
  facet normal -0.79826508106204541 6.3911967312419109e-09 -0.6023062845073146
    outer loop
      vertex 141.46846173648368 -54.59471597200136 351.03075745115166
      vertex 122.95787234214926 -69.217542128164581 375.56371921827696
      vertex 123.29787946579758 -37.573593156652763 375.11309198947407
    endloop
  endfacet
  facet normal -0.79826531690001623 -3.2269601532405959e-08 -0.60230597193994029
    outer loop
      vertex 179.57852333282634 2.0855273138803483 300.52166697494823
      vertex 170.35264676629976 28.663973134549963 312.74916722646043
      vertex 188.79977863771205 28.782914987634015 288.30028865127684
    endloop
  endfacet
  facet normal -0.79826533397192034 -1.6015276485789936e-08 -0.60230594931371739
    outer loop
      vertex 179.57852333282634 2.0855273138803483 300.52166697494823
      vertex 188.79977863771205 28.782914987634015 288.30028865127684
      vertex 198.00793577567484 2.2796333954437387 276.09627137912503
    endloop
  endfacet
  facet normal -0.79826486527769092 3.1018821161320689e-16 -0.60230657049644554
    outer loop
      vertex 107.96550002149158 -23.119793455714927 395.43380640805862
      vertex 106.17068328909026 3.7697560119143674 397.81256036371872
      vertex 123.54742762877132 -3.1469518143277497 374.78235422160884
    endloop
  endfacet
  facet normal -0.79826515728639169 8.862523573753741e-17 -0.60230618348356046
    outer loop
      vertex 160.88096032405247 -53.368680615513632 325.30244573317907
      vertex 152.49359190246008 -25.393698795261571 336.41862576898325
      vertex 170.34552798330171 -24.955117650226953 312.75860208963377
    endloop
  endfacet
  facet normal -0.79826515728639202 8.8625235737537447e-17 -0.60230618348355991
    outer loop
      vertex 161.29454915032329 1.8432630194696742 324.75429670448165
      vertex 151.8736919888851 28.531275211340322 337.24020873721668
      vertex 170.35264676629976 28.663973134549963 312.74916722646043
    endloop
  endfacet
  facet normal -0.79826515728639125 8.4193973950660495e-16 -0.60230618348356102
    outer loop
      vertex 161.29454915032329 1.8432630194696742 324.75429670448165
      vertex 143.12267404512511 1.9549690134338107 348.8383508563773
      vertex 151.8736919888851 28.531275211340322 337.24020873721668
    endloop
  endfacet
  facet normal -0.79826506382592877 3.8506530159847595e-08 -0.60230630735115509
    outer loop
      vertex 140.98247841518742 -174.42172200602459 351.67485436240929
      vertex 122.87511608483074 -158.43678869897204 375.67339992879084
      vertex 136.56719248087194 -144.88123311062773 357.52664373046071
    endloop
  endfacet
  facet normal -0.79826515728639125 -1.7725047147507472e-16 -0.60230618348356102
    outer loop
      vertex 152.49359190246008 -25.393698795261571 336.41862576898325
      vertex 143.12267404512511 1.9549690134338107 348.8383508563773
      vertex 161.29454915032329 1.8432630194696742 324.75429670448165
    endloop
  endfacet
  facet normal -0.79826491361727026 -6.464420143086076e-08 -0.60230650642974781
    outer loop
      vertex 131.32427996547705 -206.35028114350206 364.47532614234353
      vertex 123.25179969706247 -232.27570726794335 375.17416364663865
      vertex 110.60302033869215 -206.20296323676831 391.93817826151212
    endloop
  endfacet
  facet normal -0.79826515728639136 2.6587570721261213e-16 -0.60230618348356058
    outer loop
      vertex 162.56991587887995 -121.18988937412064 323.06399225454084
      vertex 141.81591886641269 -116.20225599981333 350.57025591874356
      vertex 155.44056497116662 -86.694281853882956 332.51286158339275
    endloop
  endfacet
  facet normal -0.79826486527769036 -8.6963480755845441e-16 -0.60230657049644631
    outer loop
      vertex 123.29787946579758 -37.573593156652763 375.11309198947407
      vertex 107.32614218875449 -53.77164534360972 396.28117703161575
      vertex 107.96550002149158 -23.119793455714927 395.43380640805862
    endloop
  endfacet
  facet normal -0.79826486527769036 -8.7586626716675543e-16 -0.60230657049644631
    outer loop
      vertex 123.29787946579758 -37.573593156652763 375.11309198947407
      vertex 107.96550002149158 -23.119793455714927 395.43380640805862
      vertex 123.54742762877132 -3.1469518143277497 374.78235422160884
    endloop
  endfacet
  facet normal -0.79826531722303418 3.21378871993551e-08 -0.60230597151182841
    outer loop
      vertex 170.34552798330171 -24.955117650226953 312.75860208963377
      vertex 179.57852333282634 2.0855273138803483 300.52166697494823
      vertex 188.72130457729455 -24.239837046901556 288.40429414177106
    endloop
  endfacet
  facet normal -0.79826486527769047 6.5699548958588416e-16 -0.60230657049644654
    outer loop
      vertex 122.91034792880006 -100.69361462529002 375.62670553002897
      vertex 107.07390506060111 -84.58988569975466 396.61547860989242
      vertex 122.95787234214926 -69.217542128164581 375.56371921827696
    endloop
  endfacet
  facet normal -0.79826486527769092 -3.4919789303682701e-16 -0.60230657049644598
    outer loop
      vertex 122.00606527384529 -183.54645057464273 376.82519332194437
      vertex 110.60302033869215 -206.20296323676831 391.93817826151212
      vertex 106.93315167929335 -173.72808836205041 396.80202560185768
    endloop
  endfacet
  facet normal -0.79826486527769069 -8.8466201110074976e-17 -0.60230657049644598
    outer loop
      vertex 122.00606527384529 -183.54645057464273 376.82519332194437
      vertex 106.93315167929335 -173.72808836205041 396.80202560185768
      vertex 122.87511608483074 -158.43678869897204 375.67339992879084
    endloop
  endfacet
  facet normal -0.79826507146222991 3.4640563361637602e-08 -0.60230629723040419
    outer loop
      vertex 136.75703783428958 -22.417970079107064 357.27503261461675
      vertex 141.46846173648368 -54.59471597200136 351.03075745115166
      vertex 123.29787946579758 -37.573593156652763 375.11309198947407
    endloop
  endfacet
  facet normal -0.79826515728639114 -1.9139323180309311e-16 -0.60230618348356091
    outer loop
      vertex 136.75703783428958 -22.417970079107064 357.27503261461675
      vertex 143.12267404512511 1.9549690134338107 348.8383508563773
      vertex 152.49359190246008 -25.393698795261571 336.41862576898325
    endloop
  endfacet
  facet normal -0.79826531603931683 -3.402536656105718e-08 -0.60230597308066636
    outer loop
      vertex 188.88701859435349 -205.36732979974425 288.18466529200481
      vertex 179.46577290883224 -231.89315771631317 300.67110059783641
      vertex 170.17148284701082 -204.68206351066215 312.98927242293939
    endloop
  endfacet
  facet normal -0.79826515728639125 -1.9977958896996172e-16 -0.60230618348356102
    outer loop
      vertex 151.21751578902763 -204.57720664676418 338.1098704005874
      vertex 170.17148284701082 -204.68206351066215 312.98927242293939
      vertex 160.8111004785259 -231.7551417138086 325.39503432367758
    endloop
  endfacet
  facet normal -0.79826515728639125 1.0490915191905211e-16 -0.60230618348356091
    outer loop
      vertex 207.09096724647154 -24.206318196411928 264.05809587221415
      vertex 198.00793577567484 2.2796333954437387 276.09627137912503
      vertex 216.48852660458911 2.2850887657872221 251.60306153116181
    endloop
  endfacet
  facet normal -0.79826515728639125 8.8625235737537361e-17 -0.60230618348356091
    outer loop
      vertex 207.09096724647154 -24.206318196411928 264.05809587221415
      vertex 216.48852660458911 2.2850887657872221 251.60306153116181
      vertex 225.69022002424032 -24.270408542446759 239.40761767492336
    endloop
  endfacet
  facet normal -0.79826515728639158 -4.43126178687687e-16 -0.60230618348356069
    outer loop
      vertex 151.21751578902763 -204.57720664676418 338.1098704005874
      vertex 160.8111004785259 -231.7551417138086 325.39503432367758
      vertex 142.1327169381982 -232.15637325733093 350.15038830068386
    endloop
  endfacet
  facet normal -0.79826515728639114 -7.0900188590029879e-16 -0.60230618348356102
    outer loop
      vertex 151.21751578902763 -204.57720664676418 338.1098704005874
      vertex 142.1327169381982 -232.15637325733093 350.15038830068386
      vertex 131.32427996547705 -206.35028114350206 364.47532614234353
    endloop
  endfacet
  facet normal -0.79826486527769036 7.5746853460903593e-16 -0.60230657049644631
    outer loop
      vertex 122.95787234214926 -69.217542128164581 375.56371921827696
      vertex 107.07390506060111 -84.58988569975466 396.61547860989242
      vertex 107.32614218875449 -53.77164534360972 396.28117703161575
    endloop
  endfacet
  facet normal -0.79826515728639125 3.7665725188453377e-16 -0.60230618348356102
    outer loop
      vertex 136.75703783428958 -22.417970079107064 357.27503261461675
      vertex 152.49359190246008 -25.393698795261571 336.41862576898325
      vertex 141.46846173648368 -54.59471597200136 351.03075745115166
    endloop
  endfacet
  facet normal -0.79826515728639114 -3.9247625640922877e-16 -0.60230618348356124
    outer loop
      vertex 216.82766982547687 -179.98173074574015 251.15357881956356
      vertex 225.79192665759518 -206.24414530738625 239.27282101518711
      vertex 207.41519391083517 -205.9282004769932 263.62838278554494
    endloop
  endfacet
  facet normal -0.79826486527769069 -7.2700362096845349e-17 -0.6023065704964462
    outer loop
      vertex 122.91034792880006 -100.69361462529002 375.62670553002897
      vertex 107.02499203218368 -114.77635029912514 396.68030531767312
      vertex 107.07390506060111 -84.58988569975466 396.61547860989242
    endloop
  endfacet
  facet normal -0.79826486527769036 -5.4213698592218936e-16 -0.60230657049644631
    outer loop
      vertex 122.91034792880006 -100.69361462529002 375.62670553002897
      vertex 123.12189120969505 -129.45027411481567 375.34633739709489
      vertex 107.02499203218368 -114.77635029912514 396.68030531767312
    endloop
  endfacet
  facet normal -0.79826533388967136 -1.6548968738044296e-08 -0.60230594942272586
    outer loop
      vertex 188.88701859435349 -205.36732979974425 288.18466529200481
      vertex 198.04447344635798 -232.21019174413033 276.0478462587551
      vertex 179.46577290883224 -231.89315771631317 300.67110059783641
    endloop
  endfacet
  facet normal -0.79826523503488378 7.6413852712474886e-08 -0.60230608043975109
    outer loop
      vertex 188.88701859435349 -205.36732979974425 288.18466529200481
      vertex 207.41519391083517 -205.9282004769932 263.62838278554494
      vertex 198.04447344635798 -232.21019174413033 276.0478462587551
    endloop
  endfacet
  facet normal -0.79826515728639169 4.4312617868768705e-16 -0.60230618348356046
    outer loop
      vertex 225.79192665759518 -206.24414530738625 239.27282101518711
      vertex 234.98874284984001 -232.53489300006726 227.08384118141666
      vertex 216.54051988672762 -232.45620471834189 251.53415235061169
    endloop
  endfacet
  facet normal -0.79826516257888469 -5.1034068223681814e-09 -0.6023061764691664
    outer loop
      vertex 225.79192665759518 -206.24414530738625 239.27282101518711
      vertex 244.12407290781755 -206.26389122819313 214.97635141472631
      vertex 234.98874284984001 -232.53489300006726 227.08384118141666
    endloop
  endfacet
  facet normal -0.7982653340941942 1.5986323443788727e-08 -0.60230594915166191
    outer loop
      vertex 188.72130457729455 -24.239837046901556 288.40429414177106
      vertex 179.57852333282634 2.0855273138803483 300.52166697494823
      vertex 198.00793577567484 2.2796333954437387 276.09627137912503
    endloop
  endfacet
  facet normal -0.79826523824713802 -7.6534130017532865e-08 -0.60230607618239607
    outer loop
      vertex 188.72130457729455 -24.239837046901556 288.40429414177106
      vertex 198.00793577567484 2.2796333954437387 276.09627137912503
      vertex 207.09096724647154 -24.206318196411928 264.05809587221415
    endloop
  endfacet
  facet normal -0.79826515728639136 4.3310938676607582e-16 -0.60230618348356102
    outer loop
      vertex 141.46846173648368 -54.59471597200136 351.03075745115166
      vertex 152.49359190246008 -25.393698795261571 336.41862576898325
      vertex 160.88096032405247 -53.368680615513632 325.30244573317907
    endloop
  endfacet
  facet normal -0.79826508143157238 -4.3831748510882593e-09 -0.6023062840175627
    outer loop
      vertex 141.81591886641269 -116.20225599981333 350.57025591874356
      vertex 123.12189120969505 -129.45027411481567 375.34633739709489
      vertex 122.91034792880006 -100.69361462529002 375.62670553002897
    endloop
  endfacet
  facet normal -0.7982652205253874 -5.8875872505123628e-08 -0.60230609966988646
    outer loop
      vertex 170.34552798330171 -24.955117650226953 312.75860208963377
      vertex 161.29454915032329 1.8432630194696742 324.75429670448165
      vertex 179.57852333282634 2.0855273138803483 300.52166697494823
    endloop
  endfacet
  facet normal -0.79826515728639169 2.6587570721261223e-16 -0.60230618348356035
    outer loop
      vertex 170.34552798330171 -24.955117650226953 312.75860208963377
      vertex 152.49359190246008 -25.393698795261571 336.41862576898325
      vertex 161.29454915032329 1.8432630194696742 324.75429670448165
    endloop
  endfacet
  facet normal -0.79826532831279728 2.0459241940466897e-08 -0.60230595681402777
    outer loop
      vertex 179.90340905586493 -178.1577109115068 300.09108011861093
      vertex 198.53370975602274 -179.26218158503548 275.39943800661666
      vertex 188.88701859435349 -205.36732979974425 288.18466529200481
    endloop
  endfacet
  facet normal -0.79826515728639158 -4.4312617868768699e-17 -0.60230618348356058
    outer loop
      vertex 171.49049359551069 -74.197704892822799 311.24112446848221
      vertex 155.44056497116662 -86.694281853882956 332.51286158339275
      vertex 160.88096032405247 -53.368680615513632 325.30244573317907
    endloop
  endfacet
  facet normal -0.79826515728639169 2.2156308934384353e-16 -0.60230618348356024
    outer loop
      vertex 216.82766982547687 -179.98173074574015 251.15357881956356
      vertex 207.41519391083517 -205.9282004769932 263.62838278554494
      vertex 198.53370975602274 -179.26218158503548 275.39943800661666
    endloop
  endfacet
  facet normal -0.79826534005861693 8.8892619372341127e-09 -0.60230594124672243
    outer loop
      vertex 187.37698621621598 -76.998052341727032 290.18598467467433
      vertex 179.39034898553498 -50.41340131735771 300.77106359319811
      vertex 197.40933961585165 -50.531256519786439 276.88961946482561
    endloop
  endfacet
  facet normal -0.79826516267213776 1.9067479478577822e-08 -0.6023061763455736
    outer loop
      vertex 174.68804525465254 -102.80401058013044 307.00325552236819
      vertex 155.44056497116662 -86.694281853882956 332.51286158339275
      vertex 171.49049359551069 -74.197704892822799 311.24112446848221
    endloop
  endfacet
  facet normal -0.79826505156623029 4.3717616256112922e-09 -0.60230632359951497
    outer loop
      vertex 136.56719248087194 -144.88123311062773 357.52664373046071
      vertex 122.87511608483074 -158.43678869897204 375.67339992879084
      vertex 123.12189120969505 -129.45027411481567 375.34633739709489
    endloop
  endfacet
  facet normal -0.79826491327878535 6.6595325860438285e-08 -0.60230650687835741
    outer loop
      vertex 122.00606527384529 -183.54645057464273 376.82519332194437
      vertex 131.32427996547705 -206.35028114350206 364.47532614234353
      vertex 110.60302033869215 -206.20296323676831 391.93817826151212
    endloop
  endfacet
  facet normal -0.79826504917239338 7.6536871533259017e-10 -0.60230632677218021
    outer loop
      vertex 136.36393144392417 -85.500831135298256 357.79603529255769
      vertex 122.91034792880006 -100.69361462529002 375.62670553002897
      vertex 122.95787234214926 -69.217542128164581 375.56371921827696
    endloop
  endfacet
  facet normal -0.79826506697056421 4.4210506270375894e-08 -0.60230630318342071
    outer loop
      vertex 136.36393144392417 -85.500831135298256 357.79603529255769
      vertex 141.81591886641269 -116.20225599981333 350.57025591874356
      vertex 122.91034792880006 -100.69361462529002 375.62670553002897
    endloop
  endfacet
  facet normal -0.79826531515656174 3.2432869350362537e-08 -0.6023059742506246
    outer loop
      vertex 179.90340905586493 -178.1577109115068 300.09108011861093
      vertex 188.88701859435349 -205.36732979974425 288.18466529200481
      vertex 170.17148284701082 -204.68206351066215 312.98927242293939
    endloop
  endfacet
  facet normal -0.79826522423173585 -5.9527789123529675e-08 -0.60230609475768471
    outer loop
      vertex 161.03789940079253 -176.36767266462533 325.09444687775692
      vertex 179.90340905586493 -178.1577109115068 300.09108011861093
      vertex 170.17148284701082 -204.68206351066215 312.98927242293939
    endloop
  endfacet
  facet normal -0.79826515728639125 3.1291884713598741e-16 -0.60230618348356091
    outer loop
      vertex 216.10011439673218 -50.709121885922855 252.117842784782
      vertex 207.09096724647154 -24.206318196411928 264.05809587221415
      vertex 225.69022002424032 -24.270408542446759 239.40761767492336
    endloop
  endfacet
  facet normal -0.79826515728639202 -3.1018832508138108e-16 -0.60230618348356013
    outer loop
      vertex 216.10011439673218 -50.709121885922855 252.117842784782
      vertex 197.40933961585165 -50.531256519786439 276.88961946482561
      vertex 207.09096724647154 -24.206318196411928 264.05809587221415
    endloop
  endfacet
  facet normal -0.79826534010463102 -1.0503408747882653e-08 -0.60230594118573799
    outer loop
      vertex 179.39034898553498 -50.41340131735771 300.77106359319811
      vertex 188.72130457729455 -24.239837046901556 288.40429414177106
      vertex 197.40933961585165 -50.531256519786439 276.88961946482561
    endloop
  endfacet
  facet normal -0.79826515728639136 -3.5450094295014949e-16 -0.6023061834835608
    outer loop
      vertex 155.44056497116662 -86.694281853882956 332.51286158339275
      vertex 136.36393144392417 -85.500831135298256 357.79603529255769
      vertex 141.46846173648368 -54.59471597200136 351.03075745115166
    endloop
  endfacet
  facet normal -0.7982651572863908 -1.7725047147507462e-16 -0.60230618348356157
    outer loop
      vertex 153.69239365912813 -145.92491459394537 334.82979653381415
      vertex 136.56719248087194 -144.88123311062773 357.52664373046071
      vertex 141.81591886641269 -116.20225599981333 350.57025591874356
    endloop
  endfacet
  facet normal -0.79826515728639125 5.3175141442522417e-16 -0.60230618348356102
    outer loop
      vertex 161.03789940079253 -176.36767266462533 325.09444687775692
      vertex 170.17148284701082 -204.68206351066215 312.98927242293939
      vertex 151.21751578902763 -204.57720664676418 338.1098704005874
    endloop
  endfacet
  facet normal -0.7982650875213313 -5.0226995763995633e-08 -0.60230627594651431
    outer loop
      vertex 136.75703783428958 -22.417970079107064 357.27503261461675
      vertex 123.54742762877132 -3.1469518143277497 374.78235422160884
      vertex 143.12267404512511 1.9549690134338107 348.8383508563773
    endloop
  endfacet
  facet normal -0.79826505889195132 3.8686715269183093e-09 -0.60230631389039047
    outer loop
      vertex 136.75703783428958 -22.417970079107064 357.27503261461675
      vertex 123.29787946579758 -37.573593156652763 375.11309198947407
      vertex 123.54742762877132 -3.1469518143277497 374.78235422160884
    endloop
  endfacet
  facet normal -0.79826515728639125 1.3300611511859412e-16 -0.6023061834835608
    outer loop
      vertex 155.44056497116662 -86.694281853882956 332.51286158339275
      vertex 141.81591886641269 -116.20225599981333 350.57025591874356
      vertex 136.36393144392417 -85.500831135298256 357.79603529255769
    endloop
  endfacet
  facet normal -0.79826515728639125 -1.7725047147507472e-16 -0.60230618348356102
    outer loop
      vertex 155.44056497116662 -86.694281853882956 332.51286158339275
      vertex 141.46846173648368 -54.59471597200136 351.03075745115166
      vertex 160.88096032405247 -53.368680615513632 325.30244573317907
    endloop
  endfacet
  facet normal -0.79826515728639114 8.8625235737537349e-17 -0.60230618348356124
    outer loop
      vertex 234.93427218780906 -50.758346318791524 227.15603375188331
      vertex 216.10011439673218 -50.709121885922855 252.117842784782
      vertex 225.69022002424032 -24.270408542446759 239.40761767492336
    endloop
  endfacet
  facet normal -0.79826521985117438 6.7735005198996953e-08 -0.60230610056345257
    outer loop
      vertex 171.32988051866062 -150.16285474768202 311.45399265175809
      vertex 179.90340905586493 -178.1577109115068 300.09108011861093
      vertex 161.03789940079253 -176.36767266462533 325.09444687775692
    endloop
  endfacet
  facet normal -0.79826516188165486 -4.3793494473157522e-09 -0.60230617739323855
    outer loop
      vertex 226.11210804862486 -154.80505567710645 238.84846932251105
      vertex 243.79763938977683 -154.67273823728522 215.40898942096271
      vertex 234.93767745034452 -180.3325924063426 227.15152059477481
    endloop
  endfacet
  facet normal -0.79826515728639147 -7.2464574080483182e-16 -0.60230618348356069
    outer loop
      vertex 234.93767745034452 -180.3325924063426 227.15152059477481
      vertex 225.79192665759518 -206.24414530738625 239.27282101518711
      vertex 216.82766982547687 -179.98173074574015 251.15357881956356
    endloop
  endfacet
  facet normal -0.79826531629042841 -3.3906056509168396e-08 -0.60230597274785602
    outer loop
      vertex 179.39034898553498 -50.41340131735771 300.77106359319811
      vertex 170.34552798330171 -24.955117650226953 312.75860208963377
      vertex 188.72130457729455 -24.239837046901556 288.40429414177106
    endloop
  endfacet
  facet normal -0.79826522148169299 5.8944558986030347e-08 -0.60230609840244864
    outer loop
      vertex 179.39034898553498 -50.41340131735771 300.77106359319811
      vertex 160.88096032405247 -53.368680615513632 325.30244573317907
      vertex 170.34552798330171 -24.955117650226953 312.75860208963377
    endloop
  endfacet
  facet normal -0.79826516340872833 6.2767884242161435e-09 -0.60230617536933473
    outer loop
      vertex 244.59327086695041 -77.169066616813723 214.3545008437807
      vertex 225.09647060445408 -77.209410291067911 240.19454214452298
      vertex 234.93427218780906 -50.758346318791524 227.15603375188331
    endloop
  endfacet
  facet normal -0.79826525262580172 -8.2467681309752844e-08 -0.60230605712565932
    outer loop
      vertex 205.59824741466221 -76.627624732854997 266.03646877290731
      vertex 187.37698621621598 -76.998052341727032 290.18598467467433
      vertex 197.40933961585165 -50.531256519786439 276.88961946482561
    endloop
  endfacet
  facet normal -0.7982651572863918 1.0681439349999372e-16 -0.60230618348356035
    outer loop
      vertex 208.54850956439748 -153.37452216712612 262.12634541110924
      vertex 216.82766982547687 -179.98173074574015 251.15357881956356
      vertex 198.53370975602274 -179.26218158503548 275.39943800661666
    endloop
  endfacet
  facet normal -0.79826516296804739 -5.4658101697381431e-09 -0.60230617595339087
    outer loop
      vertex 234.93427218780906 -50.758346318791524 227.15603375188331
      vertex 225.69022002424032 -24.270408542446759 239.40761767492336
      vertex 244.311267129751 -24.230088641815385 214.72825392938734
    endloop
  endfacet
  facet normal -0.79826516257488012 5.1454431872052039e-09 -0.60230617647447415
    outer loop
      vertex 234.93767745034452 -180.3325924063426 227.15152059477481
      vertex 244.12407290781755 -206.26389122819313 214.97635141472631
      vertex 225.79192665759518 -206.24414530738625 239.27282101518711
    endloop
  endfacet
  facet normal -0.79826515728639114 3.1018832508138074e-16 -0.60230618348356102
    outer loop
      vertex 140.98247841518742 -174.42172200602459 351.67485436240929
      vertex 151.21751578902763 -204.57720664676418 338.1098704005874
      vertex 131.32427996547705 -206.35028114350206 364.47532614234353
    endloop
  endfacet
  facet normal -0.79826515728639114 4.4312617868768675e-16 -0.60230618348356124
    outer loop
      vertex 140.98247841518742 -174.42172200602459 351.67485436240929
      vertex 161.03789940079253 -176.36767266462533 325.09444687775692
      vertex 151.21751578902763 -204.57720664676418 338.1098704005874
    endloop
  endfacet
  facet normal -0.79826515728639202 -1.3293785360630616e-16 -0.60230618348356013
    outer loop
      vertex 205.59824741466221 -76.627624732854997 266.03646877290731
      vertex 197.40933961585165 -50.531256519786439 276.88961946482561
      vertex 216.10011439673218 -50.709121885922855 252.117842784782
    endloop
  endfacet
  facet normal -0.7982651572863908 -1.1078154467192164e-16 -0.60230618348356157
    outer loop
      vertex 153.69239365912813 -145.92491459394537 334.82979653381415
      vertex 140.98247841518742 -174.42172200602459 351.67485436240929
      vertex 136.56719248087194 -144.88123311062773 357.52664373046071
    endloop
  endfacet
  facet normal -0.79826530616467273 4.1835046728998369e-08 -0.60230598616801023
    outer loop
      vertex 181.12951293195812 -127.0635026371674 298.4660649944862
      vertex 200.97391047995768 -127.24880798144963 272.16532341819243
      vertex 189.84638017395565 -152.69618528161749 286.91317671199545
    endloop
  endfacet
  facet normal -0.79826515728639136 -8.0325733055546995e-16 -0.60230618348356102
    outer loop
      vertex 225.09647060445408 -77.209410291067911 240.19454214452298
      vertex 205.59824741466221 -76.627624732854997 266.03646877290731
      vertex 216.10011439673218 -50.709121885922855 252.117842784782
    endloop
  endfacet
  facet normal -0.79826515728639114 -6.1791497433681027e-16 -0.60230618348356124
    outer loop
      vertex 225.09647060445408 -77.209410291067911 240.19454214452298
      vertex 216.10011439673218 -50.709121885922855 252.117842784782
      vertex 234.93427218780906 -50.758346318791524 227.15603375188331
    endloop
  endfacet
  facet normal -0.79826532850549703 -2.399131370608549e-08 -0.60230595655863306
    outer loop
      vertex 189.84638017395565 -152.69618528161749 286.91317671199545
      vertex 179.90340905586493 -178.1577109115068 300.09108011861093
      vertex 171.32988051866062 -150.16285474768202 311.45399265175809
    endloop
  endfacet
  facet normal -0.79826522593872096 -5.486711925124087e-08 -0.60230609249533562
    outer loop
      vertex 200.97391047995768 -127.24880798144963 272.16532341819243
      vertex 208.54850956439748 -153.37452216712612 262.12634541110924
      vertex 189.84638017395565 -152.69618528161749 286.91317671199545
    endloop
  endfacet
  facet normal -0.79826516190796415 5.3140126083367385e-09 -0.60230617735836978
    outer loop
      vertex 234.97459605112255 -133.55851294834278 227.102590609553
      vertex 243.79763938977683 -154.67273823728522 215.40898942096271
      vertex 226.11210804862486 -154.80505567710645 238.84846932251105
    endloop
  endfacet
  facet normal -0.79826521349616386 -7.8923181043911623e-08 -0.60230610898605186
    outer loop
      vertex 171.49049359551069 -74.197704892822799 311.24112446848221
      vertex 160.88096032405247 -53.368680615513632 325.30244573317907
      vertex 179.39034898553498 -50.41340131735771 300.77106359319811
    endloop
  endfacet
  facet normal -0.79826532396354655 2.2218078185548701e-08 -0.60230596257830094
    outer loop
      vertex 171.49049359551069 -74.197704892822799 311.24112446848221
      vertex 179.39034898553498 -50.41340131735771 300.77106359319811
      vertex 187.37698621621598 -76.998052341727032 290.18598467467433
    endloop
  endfacet
  facet normal -0.79826515728639147 -1.1183557089020159e-16 -0.60230618348356069
    outer loop
      vertex 226.11210804862486 -154.80505567710645 238.84846932251105
      vertex 234.93767745034452 -180.3325924063426 227.15152059477481
      vertex 216.82766982547687 -179.98173074574015 251.15357881956356
    endloop
  endfacet
  facet normal -0.79826515728639169 1.3293785360630612e-16 -0.60230618348356035
    outer loop
      vertex 226.11210804862486 -154.80505567710645 238.84846932251105
      vertex 216.82766982547687 -179.98173074574015 251.15357881956356
      vertex 208.54850956439748 -153.37452216712612 262.12634541110924
    endloop
  endfacet
  facet normal -0.79826515728639169 -7.79607427611493e-16 -0.60230618348356035
    outer loop
      vertex 219.16742071546369 -126.73511101015762 248.05259519458423
      vertex 226.11210804862486 -154.80505567710645 238.84846932251105
      vertex 208.54850956439748 -153.37452216712612 262.12634541110924
    endloop
  endfacet
  facet normal -0.79826515728639125 2.8357727293198784e-16 -0.60230618348356091
    outer loop
      vertex 213.4110626900524 -101.86281265166014 255.68177146831107
      vertex 205.59824741466221 -76.627624732854997 266.03646877290731
      vertex 225.09647060445408 -77.209410291067911 240.19454214452298
    endloop
  endfacet
  facet normal -0.79826532925150018 -2.3188272156814319e-08 -0.60230595556991917
    outer loop
      vertex 189.84638017395565 -152.69618528161749 286.91317671199545
      vertex 198.53370975602274 -179.26218158503548 275.39943800661666
      vertex 179.90340905586493 -178.1577109115068 300.09108011861093
    endloop
  endfacet
  facet normal -0.79826522427680491 7.1437713331035893e-08 -0.60230609469795104
    outer loop
      vertex 189.84638017395565 -152.69618528161749 286.91317671199545
      vertex 208.54850956439748 -153.37452216712612 262.12634541110924
      vertex 198.53370975602274 -179.26218158503548 275.39943800661666
    endloop
  endfacet
  facet normal -0.7982653274109186 -3.1691998466994208e-08 -0.60230595800933129
    outer loop
      vertex 174.68804525465254 -102.80401058013044 307.00325552236819
      vertex 171.49049359551069 -74.197704892822799 311.24112446848221
      vertex 187.37698621621598 -76.998052341727032 290.18598467467433
    endloop
  endfacet
  facet normal -0.79826532616909529 2.3082594354694043e-08 -0.60230595965517997
    outer loop
      vertex 181.12951293195812 -127.0635026371674 298.4660649944862
      vertex 189.84638017395565 -152.69618528161749 286.91317671199545
      vertex 171.32988051866062 -150.16285474768202 311.45399265175809
    endloop
  endfacet
  facet normal -0.7982651572863908 -1.3293785360630597e-16 -0.60230618348356157
    outer loop
      vertex 234.97459605112255 -133.55851294834278 227.102590609553
      vertex 226.11210804862486 -154.80505567710645 238.84846932251105
      vertex 219.16742071546369 -126.73511101015762 248.05259519458423
    endloop
  endfacet
  facet normal -0.79826516339964348 -5.8257656869751149e-09 -0.60230617538137565
    outer loop
      vertex 234.92830929763724 -105.64874348764462 227.16393665507678
      vertex 225.09647060445408 -77.209410291067911 240.19454214452298
      vertex 244.59327086695041 -77.169066616813723 214.3545008437807
    endloop
  endfacet
  facet normal -0.79826515728639114 2.8803201614699636e-16 -0.60230618348356124
    outer loop
      vertex 153.69239365912813 -145.92491459394537 334.82979653381415
      vertex 161.03789940079253 -176.36767266462533 325.09444687775692
      vertex 140.98247841518742 -174.42172200602459 351.67485436240929
    endloop
  endfacet
  facet normal -0.79826515728639191 -3.5536497000298339e-16 -0.60230618348355991
    outer loop
      vertex 153.69239365912813 -145.92491459394537 334.82979653381415
      vertex 171.32988051866062 -150.16285474768202 311.45399265175809
      vertex 161.03789940079253 -176.36767266462533 325.09444687775692
    endloop
  endfacet
  facet normal -0.79826515728639114 5.9572541093580184e-17 -0.60230618348356102
    outer loop
      vertex 234.92830929763724 -105.64874348764462 227.16393665507678
      vertex 213.4110626900524 -101.86281265166014 255.68177146831107
      vertex 225.09647060445408 -77.209410291067911 240.19454214452298
    endloop
  endfacet
  facet normal -0.79826535079275041 2.2156314305264723e-16 -0.60230592702025365
    outer loop
      vertex 193.89671238390693 -102.25660797203 281.54507436175044
      vertex 174.68804525465254 -102.80401058013044 307.00325552236819
      vertex 187.37698621621598 -76.998052341727032 290.18598467467433
    endloop
  endfacet
  facet normal -0.79826515728639158 -1.0635028288504487e-15 -0.60230618348356046
    outer loop
      vertex 162.56991587887995 -121.18988937412064 323.06399225454084
      vertex 153.69239365912813 -145.92491459394537 334.82979653381415
      vertex 141.81591886641269 -116.20225599981333 350.57025591874356
    endloop
  endfacet
  facet normal -0.79826517079910853 -7.6982892028846055e-09 -0.602306165574511
    outer loop
      vertex 162.56991587887995 -121.18988937412064 323.06399225454084
      vertex 155.44056497116662 -86.694281853882956 332.51286158339275
      vertex 174.68804525465254 -102.80401058013044 307.00325552236819
    endloop
  endfacet
  facet normal -0.79826515728639202 -5.7606403229399341e-16 -0.60230618348355991
    outer loop
      vertex 162.56991587887995 -121.18988937412064 323.06399225454084
      vertex 171.32988051866062 -150.16285474768202 311.45399265175809
      vertex 153.69239365912813 -145.92491459394537 334.82979653381415
    endloop
  endfacet
  facet normal -0.7982653065191635 -6.2810701236595499e-08 -0.60230598569818461
    outer loop
      vertex 181.12951293195812 -127.0635026371674 298.4660649944862
      vertex 193.89671238390693 -102.25660797203 281.54507436175044
      vertex 200.97391047995768 -127.24880798144963 272.16532341819243
    endloop
  endfacet
  facet normal -0.79826515728639158 -7.8589546260338292e-16 -0.60230618348356013
    outer loop
      vertex 200.97391047995768 -127.24880798144963 272.16532341819243
      vertex 219.16742071546369 -126.73511101015762 248.05259519458423
      vertex 208.54850956439748 -153.37452216712612 262.12634541110924
    endloop
  endfacet
  facet normal -0.79826535079275041 -5.8012547276884187e-16 -0.60230592702025365
    outer loop
      vertex 181.12951293195812 -127.0635026371674 298.4660649944862
      vertex 174.68804525465254 -102.80401058013044 307.00325552236819
      vertex 193.89671238390693 -102.25660797203 281.54507436175044
    endloop
  endfacet
  facet normal -0.79826515728639069 4.2650894698689824e-16 -0.60230618348356157
    outer loop
      vertex 234.92830929763724 -105.64874348764462 227.16393665507678
      vertex 234.97459605112255 -133.55851294834278 227.102590609553
      vertex 219.16742071546369 -126.73511101015762 248.05259519458423
    endloop
  endfacet
  facet normal -0.79826515728639114 1.1886294909062843e-15 -0.60230618348356124
    outer loop
      vertex 234.92830929763724 -105.64874348764462 227.16393665507678
      vertex 219.16742071546369 -126.73511101015762 248.05259519458423
      vertex 213.4110626900524 -101.86281265166014 255.68177146831107
    endloop
  endfacet
  facet normal -0.79826525374325752 6.9052560362355343e-08 -0.60230605564464301
    outer loop
      vertex 193.89671238390693 -102.25660797203 281.54507436175044
      vertex 187.37698621621598 -76.998052341727032 290.18598467467433
      vertex 205.59824741466221 -76.627624732854997 266.03646877290731
    endloop
  endfacet
  facet normal -0.79826518207102126 -2.1151872421334542e-08 -0.60230615063530513
    outer loop
      vertex 193.89671238390693 -102.25660797203 281.54507436175044
      vertex 205.59824741466221 -76.627624732854997 266.03646877290731
      vertex 213.4110626900524 -101.86281265166014 255.68177146831107
    endloop
  endfacet
  facet normal -0.79826515728639169 7.5168583098824851e-16 -0.60230618348356024
    outer loop
      vertex 219.16742071546369 -126.73511101015762 248.05259519458423
      vertex 200.97391047995768 -127.24880798144963 272.16532341819243
      vertex 213.4110626900524 -101.86281265166014 255.68177146831107
    endloop
  endfacet
  facet normal -0.79826518247489353 3.4016879634859139e-08 -0.60230615010003352
    outer loop
      vertex 193.89671238390693 -102.25660797203 281.54507436175044
      vertex 213.4110626900524 -101.86281265166014 255.68177146831107
      vertex 200.97391047995768 -127.24880798144963 272.16532341819243
    endloop
  endfacet
  facet normal -0.79826524436849255 -7.2577785675545308e-08 -0.60230606806947062
    outer loop
      vertex 181.12951293195812 -127.0635026371674 298.4660649944862
      vertex 171.32988051866062 -150.16285474768202 311.45399265175809
      vertex 162.56991587887995 -121.18988937412064 323.06399225454084
    endloop
  endfacet
  facet normal -0.7982652255081979 9.1699360633481438e-08 -0.60230609306592442
    outer loop
      vertex 181.12951293195812 -127.0635026371674 298.4660649944862
      vertex 162.56991587887995 -121.18988937412064 323.06399225454084
      vertex 174.68804525465254 -102.80401058013044 307.00325552236819
    endloop
  endfacet
  facet normal -0.79826506990560275 1.9522438861228586e-08 -0.60230629929347623
    outer loop
      vertex 122.00606527384529 -183.54645057464273 376.82519332194437
      vertex 122.87511608483074 -158.43678869897204 375.67339992879084
      vertex 140.98247841518742 -174.42172200602459 351.67485436240929
    endloop
  endfacet
  facet normal -0.79826505104736012 -8.8586225425329222e-08 -0.60230632428719177
    outer loop
      vertex 122.00606527384529 -183.54645057464273 376.82519332194437
      vertex 140.98247841518742 -174.42172200602459 351.67485436240929
      vertex 131.32427996547705 -206.35028114350206 364.47532614234353
    endloop
  endfacet
  facet normal -0.79826518660323087 -1.7439967745519885e-08 -0.60230614462855092
    outer loop
      vertex 247.16203352235749 -303.65030100433165 210.94999642768954
      vertex 244.25714227786489 -312 214.7999881929164
      vertex 235.00777815638904 -285.46900116318682 227.05861278032592
    endloop
  endfacet
  facet normal -0.79826518660322943 -1.7439957024425706e-08 -0.60230614462855259
    outer loop
      vertex 247.16203306623575 -285.4729755507442 210.94999650587931
      vertex 247.16203302490237 -287.44904757778369 210.94999661787818
      vertex 235.00777815638904 -285.46900116318682 227.05861278032592
    endloop
  endfacet
  facet normal -0.79826518660322998 -1.7439966366519218e-08 -0.60230614462855181
    outer loop
      vertex 235.00777815638904 -285.46900116318682 227.05861278032592
      vertex 247.16203302490237 -287.44904757778369 210.94999661787818
      vertex 247.16203352235749 -303.65030100433165 210.94999642768954
    endloop
  endfacet
  facet normal -0.79826518659908619 1.7499247085097899e-08 -0.60230614463404408
    outer loop
      vertex 235.00777815638904 -285.46900116318682 227.05861278032592
      vertex 244.23384367928563 -258.96715889480544 214.83086694365846
      vertex 247.16203337566117 -267.35722600590032 210.94999662211322
    endloop
  endfacet
  facet normal -0.79826518659908541 1.7499245667094061e-08 -0.60230614463404508
    outer loop
      vertex 247.1620334194514 -276.28051575054934 210.94999630482098
      vertex 235.00777815638904 -285.46900116318682 227.05861278032592
      vertex 247.16203337566117 -267.35722600590032 210.94999662211322
    endloop
  endfacet
  facet normal -0.79826518659908474 1.7499243668026531e-08 -0.60230614463404564
    outer loop
      vertex 235.00777815638904 -285.46900116318682 227.05861278032592
      vertex 247.1620334194514 -276.28051575054934 210.94999630482098
      vertex 247.16203306623575 -285.4729755507442 210.94999650587931
    endloop
  endfacet
  facet normal -0.79826518648374789 -1.7492296486596067e-08 -0.60230614478690736
    outer loop
      vertex 234.98874284984001 -232.53489300006726 227.08384118141666
      vertex 247.16203370297731 -232.5354314988293 210.94999566597843
      vertex 247.16203404262197 -240.59788334656889 210.94999544998245
    endloop
  endfacet
  facet normal -0.79826518648374722 -1.7492295710985645e-08 -0.60230614478690814
    outer loop
      vertex 244.23384367928563 -258.96715889480544 214.83086694365846
      vertex 234.98874284984001 -232.53489300006726 227.08384118141666
      vertex 247.16203381276921 -250.52053475925547 210.94999604279298
    endloop
  endfacet
  facet normal -0.79826518648374789 -1.7492296886671721e-08 -0.60230614478690725
    outer loop
      vertex 247.16203404262197 -240.59788334656889 210.94999544998245
      vertex 247.16203381276921 -250.52053475925547 210.94999604279298
      vertex 234.98874284984001 -232.53489300006726 227.08384118141666
    endloop
  endfacet
  facet normal -0.79826518070201902 -1.6334561385444542e-08 -0.60230615244970942
    outer loop
      vertex 234.97459605112255 -133.55851294834278 227.102590609553
      vertex 247.16203299413161 -128.38594279432888 210.94999678575078
      vertex 247.1620329408785 -130.02245203100128 210.94999690071185
    endloop
  endfacet
  facet normal -0.79826518070202357 -1.6334517962541218e-08 -0.60230615244970331
    outer loop
      vertex 247.1620329408785 -130.02245203100128 210.94999690071185
      vertex 247.16203294122582 -131.09422537640899 210.94999692931799
      vertex 234.97459605112255 -133.55851294834278 227.102590609553
    endloop
  endfacet
  facet normal -0.79826518070202046 -1.6334555166404123e-08 -0.60230615244970742
    outer loop
      vertex 234.97459605112255 -133.55851294834278 227.102590609553
      vertex 247.16203323484336 -140.99735858222721 210.94999680874579
      vertex 243.79763938977683 -154.67273823728522 215.40898942096271
    endloop
  endfacet
  facet normal -0.79826518070201979 -1.6334571718024455e-08 -0.60230615244970875
    outer loop
      vertex 247.16203294122582 -131.09422537640899 210.94999692931799
      vertex 247.16203294769593 -133.340565028962 210.94999698166367
      vertex 234.97459605112255 -133.55851294834278 227.102590609553
    endloop
  endfacet
  facet normal -0.79826518070201979 -1.6334552034139798e-08 -0.60230615244970842
    outer loop
      vertex 247.16203323484336 -140.99735858222721 210.94999680874579
      vertex 234.97459605112255 -133.55851294834278 227.102590609553
      vertex 247.16203294769593 -133.340565028962 210.94999698166367
    endloop
  endfacet
  facet normal -0.79826518648331268 1.7809838708136597e-08 -0.60230614478748423
    outer loop
      vertex 247.16203327712691 -215.10913504536151 210.94999674566731
      vertex 244.12407290781755 -206.26389122819313 214.97635141472631
      vertex 247.16203328191889 -214.87111783441594 210.94999674635429
    endloop
  endfacet
  facet normal -0.79826518648318134 1.7809962916406097e-08 -0.60230614478765809
    outer loop
      vertex 234.98874284984001 -232.53489300006726 227.08384118141666
      vertex 244.12407290781755 -206.26389122819313 214.97635141472631
      vertex 247.16203327712691 -215.10913504536151 210.94999674566731
    endloop
  endfacet
  facet normal -0.79826518648318134 1.7809962780597245e-08 -0.6023061447876582
    outer loop
      vertex 234.98874284984001 -232.53489300006726 227.08384118141666
      vertex 247.16203327712691 -215.10913504536151 210.94999674566731
      vertex 247.16203370297731 -232.5354314988293 210.94999566597843
    endloop
  endfacet
  facet normal -0.79826518588456097 -1.761718209285915e-08 -0.60230614558103834
    outer loop
      vertex 247.16203330613098 -197.27792501744872 210.9499967142649
      vertex 244.12407290781755 -206.26389122819313 214.97635141472631
      vertex 247.16203325795021 -194.86497683363484 210.94999670754353
    endloop
  endfacet
  facet normal -0.79826518588455397 -1.761718732174809e-08 -0.60230614558104778
    outer loop
      vertex 234.93767745034452 -180.3325924063426 227.15152059477481
      vertex 247.16203325795021 -194.86497683363484 210.94999670754353
      vertex 244.12407290781755 -206.26389122819313 214.97635141472631
    endloop
  endfacet
  facet normal -0.79826518588455497 -1.7617189723324575e-08 -0.60230614558104645
    outer loop
      vertex 234.93767745034452 -180.3325924063426 227.15152059477481
      vertex 247.16203357515269 -180.15363302821862 210.94999585683956
      vertex 247.16203325795021 -194.86497683363484 210.94999670754353
    endloop
  endfacet
  facet normal -0.79826518607716224 1.8649794194160567e-08 -0.60230614532577476
    outer loop
      vertex 234.93767745034452 -180.3325924063426 227.15152059477481
      vertex 243.79763938977683 -154.67273823728522 215.40898942096271
      vertex 247.16203390855816 -163.97748436493461 210.94999591583928
    endloop
  endfacet
  facet normal -0.79826518607716501 1.864980017923342e-08 -0.60230614532577087
    outer loop
      vertex 247.1620340120362 -169.15861065815668 210.94999561826654
      vertex 234.93767745034452 -180.3325924063426 227.15152059477481
      vertex 247.16203390855816 -163.97748436493461 210.94999591583928
    endloop
  endfacet
  facet normal -0.7982651860771629 1.8649793717059955e-08 -0.60230614532577365
    outer loop
      vertex 234.93767745034452 -180.3325924063426 227.15152059477481
      vertex 247.1620340120362 -169.15861065815668 210.94999561826654
      vertex 247.16203357515269 -180.15363302821862 210.94999585683956
    endloop
  endfacet
  facet normal -0.79826518319876805 -1.1845994754675971e-10 -0.60230614914064851
    outer loop
      vertex 247.1620332447855 -122.22227518536842 210.94999645233497
      vertex 234.97459605112255 -133.55851294834278 227.102590609553
      vertex 234.92830929763724 -105.64874348764462 227.16393665507678
    endloop
  endfacet
  facet normal -0.79826518319876993 -1.1845454583215961e-10 -0.60230614914064606
    outer loop
      vertex 247.16203299413161 -128.38594279432888 210.94999678575078
      vertex 234.97459605112255 -133.55851294834278 227.102590609553
      vertex 247.1620332447855 -122.22227518536842 210.94999645233497
    endloop
  endfacet
  facet normal -0.79826520478802854 -5.1021551250193038e-13 -0.60230612052736676
    outer loop
      vertex 247.16203352235749 -303.65030100433165 210.94999642768954
      vertex 247.16203352294076 -303.67685292469923 210.94999642691653
      vertex 244.25714227786489 -312 214.7999881929164
    endloop
  endfacet
  facet normal -0.798265204788558 -7.9762716910203561e-16 -0.60230612052666499
    outer loop
      vertex 244.25714227786489 -312 214.7999881929164
      vertex 247.16203352294076 -303.67685292469923 210.94999642691653
      vertex 247.16203370576528 -311.99999884717391 210.94999618461043
    endloop
  endfacet
  facet normal -0.79826520478856022 1.4696422205558098e-08 -0.60230612052666221
    outer loop
      vertex 247.16203370576528 -311.99999884717391 210.94999618461043
      vertex 247.16203370576528 -312 210.9499961846104
      vertex 244.25714227786489 -312 214.7999881929164
    endloop
  endfacet
  facet normal -0.79826520478856389 -1.8415749509909097e-14 -0.60230612052665711
    outer loop
      vertex 247.16203354316409 -258.9642682710143 210.94999640011352
      vertex 247.16203336811304 -264.44667606171475 210.94999663211723
      vertex 244.23384367928563 -258.96715889480544 214.83086694365846
    endloop
  endfacet
  facet normal -0.7982652047885036 7.0412753983502681e-14 -0.60230612052673704
    outer loop
      vertex 247.16203334552938 -265.15397088198483 210.94999666204836
      vertex 244.23384367928563 -258.96715889480544 214.83086694365846
      vertex 247.16203336811304 -264.44667606171475 210.94999663211723
    endloop
  endfacet
  facet normal -0.7982652047885489 1.1388343469956711e-14 -0.6023061205266772
    outer loop
      vertex 247.16203337566117 -267.35722600590032 210.94999662211322
      vertex 244.23384367928563 -258.96715889480544 214.83086694365846
      vertex 247.16203334552938 -265.15397088198483 210.94999666204836
    endloop
  endfacet
  facet normal -0.79826518663614254 -1.7401131723384669e-08 -0.60230614458493137
    outer loop
      vertex 247.16203339763823 37.179688506788295 210.94999659298597
      vertex 244.26839614571347 28.858860998837734 214.78507290181003
      vertex 235.01619484136802 55.425800355877684 227.04745774565617
    endloop
  endfacet
  facet normal -0.7982651866361421 -1.7401131047542365e-08 -0.60230614458493204
    outer loop
      vertex 247.16203318112389 55.412047280255834 210.94999635319462
      vertex 247.16203346327791 48.257629127099648 210.94999618593954
      vertex 235.01619484136802 55.425800355877684 227.04745774565617
    endloop
  endfacet
  facet normal -0.79826518663614188 -1.7401130704194406e-08 -0.60230614458493204
    outer loop
      vertex 235.01619484136802 55.425800355877684 227.04745774565617
      vertex 247.16203346327791 48.257629127099648 210.94999618593954
      vertex 247.16203339763823 37.179688506788295 210.94999659298597
    endloop
  endfacet
  facet normal -0.79826518663614243 -1.7401972188319727e-08 -0.60230614458493148
    outer loop
      vertex 247.16203318047255 55.428562822064883 210.9499963535807
      vertex 247.16203318112389 55.412047280255834 210.94999635319462
      vertex 235.01619484136802 55.425800355877684 227.04745774565617
    endloop
  endfacet
  facet normal -0.79826520478856322 3.2348212969138319e-15 -0.60230612052665833
    outer loop
      vertex 247.16203341897793 34.954226455310682 210.94999656470344
      vertex 247.1620336147588 28.860736911295142 210.94999630522562
      vertex 244.26839614571347 28.858860998837734 214.78507290181003
    endloop
  endfacet
  facet normal -0.79826520478857155 1.4135725941308537e-14 -0.60230612052664723
    outer loop
      vertex 247.16203341897793 34.954226455310682 210.94999656470344
      vertex 244.26839614571347 28.858860998837734 214.78507290181003
      vertex 247.16203338193242 36.107232691265615 210.94999661380166
    endloop
  endfacet
  facet normal -0.79826520478854357 -1.6528607448614104e-14 -0.60230612052668409
    outer loop
      vertex 247.16203339763823 37.179688506788295 210.94999659298597
      vertex 247.16203338193242 36.107232691265615 210.94999661380166
      vertex 244.26839614571347 28.858860998837734 214.78507290181003
    endloop
  endfacet
  facet normal -0.79826518665800972 -1.7399200523231005e-08 -0.60230614455594977
    outer loop
      vertex 247.162033439693 -9.7971448862477306 210.94999635686392
      vertex 244.311267129751 -24.230088641815385 214.72825392938734
      vertex 235.00790851029805 2.2872680198555742 227.05844001606329
    endloop
  endfacet
  facet normal -0.79826518665800938 -1.7399199634061716e-08 -0.60230614455595033
    outer loop
      vertex 247.16203368457593 2.2060775397388364 210.94999568556415
      vertex 247.162033439693 -9.7971448862477306 210.94999635686392
      vertex 235.00790851029805 2.2872680198555742 227.05844001606329
    endloop
  endfacet
  facet normal -0.79826518665800961 -1.739920061064148e-08 -0.60230614455595011
    outer loop
      vertex 244.311267129751 -24.230088641815385 214.72825392938734
      vertex 247.162033439693 -9.7971448862477306 210.94999635686392
      vertex 247.16203360639631 -16.041505679932047 210.94999631630887
    endloop
  endfacet
  facet normal -0.79826518665800938 -1.7399216855426907e-08 -0.60230614455595033
    outer loop
      vertex 247.16203368666876 2.3086597847711205 210.94999567982705
      vertex 247.16203368457593 2.2060775397388364 210.94999568556415
      vertex 235.00790851029805 2.2872680198555742 227.05844001606329
    endloop
  endfacet
  facet normal -0.79826520478855956 -2.7151889152284692e-15 -0.6023061205266631
    outer loop
      vertex 244.25714227786483 82 214.79998819291649
      vertex 247.16203366328119 82 210.94999624091662
      vertex 247.16203348606581 73.65733369861556 210.94999647578871
    endloop
  endfacet
  facet normal -0.79826518663901491 1.7420322765637409e-08 -0.60230614458112453
    outer loop
      vertex 235.01619484136802 55.425800355877684 227.04745774565617
      vertex 247.16203348606581 73.65733369861556 210.94999647578871
      vertex 247.16203307859178 60.061790970619668 210.9499966226137
    endloop
  endfacet
  facet normal -0.79826518663901347 1.7420320195505444e-08 -0.6023061445811263
    outer loop
      vertex 247.16203348606581 73.65733369861556 210.94999647578871
      vertex 235.01619484136802 55.425800355877684 227.04745774565617
      vertex 244.25714227786483 82 214.79998819291649
    endloop
  endfacet
  facet normal -0.79826518663901413 1.7420317416719473e-08 -0.60230614458112541
    outer loop
      vertex 247.16203318010983 55.445060173062231 210.94999635453865
      vertex 235.01619484136802 55.425800355877684 227.04745774565617
      vertex 247.16203307859178 60.061790970619668 210.9499966226137
    endloop
  endfacet
  facet normal -0.7982651866390158 1.7423189042614953e-08 -0.6023061445811233
    outer loop
      vertex 235.01619484136802 55.425800355877684 227.04745774565617
      vertex 247.16203318010983 55.445060173062231 210.94999635453865
      vertex 247.16203318047255 55.428562822064883 210.9499963535807
    endloop
  endfacet
  facet normal -0.79826520478856255 3.2348212969138295e-15 -0.60230612052665899
    outer loop
      vertex 247.16203381276921 -250.52053475925547 210.94999604279298
      vertex 247.1620337269045 -253.2097220593005 210.94999615659358
      vertex 244.23384367928563 -258.96715889480544 214.83086694365846
    endloop
  endfacet
  facet normal -0.79826519607350477 -1.2218156357194868e-08 -0.60230613207714323
    outer loop
      vertex 244.23384367928563 -258.96715889480544 214.83086694365846
      vertex 247.1620337269045 -253.2097220593005 210.94999615659358
      vertex 247.16203372690447 -253.20972299747638 210.94999615659364
    endloop
  endfacet
  facet normal -0.79826520478856378 6.2224431484482203e-15 -0.602306120526657
    outer loop
      vertex 247.16203372690444 -253.20972392532249 210.94999615659367
      vertex 247.16203354316409 -258.9642682710143 210.94999640011352
      vertex 244.23384367928563 -258.96715889480544 214.83086694365846
    endloop
  endfacet
  facet normal -0.79826520907013887 6.0026035584368628e-09 -0.60230611485208041
    outer loop
      vertex 244.23384367928563 -258.96715889480544 214.83086694365846
      vertex 247.16203372690447 -253.20972299747638 210.94999615659364
      vertex 247.16203372690444 -253.20972392532249 210.94999615659367
    endloop
  endfacet
  facet normal -0.79826520478855711 -8.5536957363249326e-16 -0.60230612052666621
    outer loop
      vertex 247.16203373808358 -24.220620492538359 210.94999614177743
      vertex 247.16203359745211 -32.159288982192464 210.94999632816308
      vertex 244.311267129751 -24.230088641815385 214.72825392938734
    endloop
  endfacet
  facet normal -0.7982652047885832 -3.5627346886558716e-14 -0.60230612052663179
    outer loop
      vertex 247.16203378867505 23.447762899459502 210.94999607472613
      vertex 244.26839614571347 28.858860998837734 214.78507290181003
      vertex 247.16203378012301 23.713936059827418 210.94999608606054
    endloop
  endfacet
  facet normal -0.79826520478855445 6.55826783483893e-15 -0.60230612052666965
    outer loop
      vertex 247.1620338805273 20.588950123296211 210.94999595298989
      vertex 244.26839614571347 28.858860998837734 214.78507290181003
      vertex 247.16203378867505 23.447762899459502 210.94999607472613
    endloop
  endfacet
  facet normal -0.79826520478856322 -7.3856813008019547e-15 -0.60230612052665833
    outer loop
      vertex 244.26839614571347 28.858860998837734 214.78507290181003
      vertex 247.1620336147588 28.860736911295142 210.94999630522562
      vertex 247.16203377149046 23.982616558487287 210.9499960975017
    endloop
  endfacet
  facet normal -0.7982652047885298 4.7060002977018434e-14 -0.6023061205267024
    outer loop
      vertex 247.16203377149046 23.982616558487287 210.9499960975017
      vertex 247.16203378012301 23.713936059827418 210.94999608606054
      vertex 244.26839614571347 28.858860998837734 214.78507290181003
    endloop
  endfacet
  facet normal -0.798265204788557 -6.4415671946325514e-14 -0.60230612052666632
    outer loop
      vertex 247.16203374183073 -24.009092722707294 210.94999613681114
      vertex 247.16203373808358 -24.220620492538359 210.94999614177743
      vertex 244.311267129751 -24.230088641815385 214.72825392938734
    endloop
  endfacet
  facet normal -0.79826520478856011 4.6589128245896072e-14 -0.6023061205266621
    outer loop
      vertex 244.311267129751 -24.230088641815385 214.72825392938734
      vertex 247.1620337457058 -23.790345714167561 210.94999613167533
      vertex 247.16203374183073 -24.009092722707294 210.94999613681114
    endloop
  endfacet
  facet normal -0.79826520478855756 -1.5295826463604246e-15 -0.60230612052666588
    outer loop
      vertex 247.16203360639631 -16.041505679932047 210.94999631630887
      vertex 247.1620337457058 -23.790345714167561 210.94999613167533
      vertex 244.311267129751 -24.230088641815385 214.72825392938734
    endloop
  endfacet
  facet normal -0.79826518668027058 1.7465824958763329e-08 -0.60230614452644649
    outer loop
      vertex 247.16203369053895 2.4108514244872561 210.94999567766109
      vertex 247.16203368666876 2.3086597847711205 210.94999567982705
      vertex 235.00790851029805 2.2872680198555742 227.05844001606329
    endloop
  endfacet
  facet normal -0.79826518668027002 1.7465709428670476e-08 -0.60230614452644693
    outer loop
      vertex 235.00790851029805 2.2872680198555742 227.05844001606329
      vertex 247.16203407077506 12.450944529994919 210.94999546485917
      vertex 247.16203369053895 2.4108514244872561 210.94999567766109
    endloop
  endfacet
  facet normal -0.79826518668026747 1.7465700750036137e-08 -0.60230614452645048
    outer loop
      vertex 247.16203407077506 12.450944529994919 210.94999546485917
      vertex 235.00790851029805 2.2872680198555742 227.05844001606329
      vertex 247.1620338805273 20.588950123296211 210.94999595298989
    endloop
  endfacet
  facet normal -0.79826518668027158 1.7465708194556303e-08 -0.60230614452644515
    outer loop
      vertex 244.26839614571347 28.858860998837734 214.78507290181003
      vertex 247.1620338805273 20.588950123296211 210.94999595298989
      vertex 235.00790851029805 2.2872680198555742 227.05844001606329
    endloop
  endfacet
  facet normal -0.79826520478843488 1.2500590244647196e-13 -0.6023061205268283
    outer loop
      vertex 247.16203328191889 -214.87111783441594 210.94999674635429
      vertex 244.12407290781755 -206.26389122819313 214.97635141472631
      vertex 247.16203328407789 -214.67849971609047 210.9499967434929
    endloop
  endfacet
  facet normal -0.79826520478855922 1.2887739164460242e-15 -0.60230612052666344
    outer loop
      vertex 247.16203337863735 -206.24220920015486 210.94999661816874
      vertex 247.16203328407789 -214.67849971609047 210.9499967434929
      vertex 244.12407290781755 -206.26389122819313 214.97635141472631
    endloop
  endfacet
  facet normal -0.7982652047885419 -1.6809742830362384e-14 -0.60230612052668642
    outer loop
      vertex 247.16203330613098 -197.27792501744872 210.9499967142649
      vertex 247.162033316867 -198.2416699970189 210.94999670003597
      vertex 244.12407290781755 -206.26389122819313 214.97635141472631
    endloop
  endfacet
  facet normal -0.79826520478855667 -2.8668424454645063e-14 -0.60230612052666654
    outer loop
      vertex 244.12407290781755 -206.26389122819313 214.97635141472631
      vertex 247.16203339235673 -205.0182091656948 210.94999659998575
      vertex 247.16203338214342 -205.92941042042608 210.94999661352199
    endloop
  endfacet
  facet normal -0.79826520478856167 3.9438232250045269e-15 -0.60230612052666022
    outer loop
      vertex 247.162033316867 -198.2416699970189 210.94999670003597
      vertex 247.16203339235673 -205.0182091656948 210.94999659998575
      vertex 244.12407290781755 -206.26389122819313 214.97635141472631
    endloop
  endfacet
  facet normal -0.79826520478855922 3.2968061841930878e-14 -0.60230612052666332
    outer loop
      vertex 247.16203338214342 -205.92941042042608 210.94999661352199
      vertex 247.16203337863735 -206.24220920015486 210.94999661816874
      vertex 244.12407290781755 -206.26389122819313 214.97635141472631
    endloop
  endfacet
  facet normal -0.79826520478855567 1.0985681535602566e-14 -0.60230612052666788
    outer loop
      vertex 247.16203362905455 -154.44373377564119 210.94999628627889
      vertex 247.16203378646205 -159.81283850612635 210.94999607765908
      vertex 243.79763938977683 -154.67273823728522 215.40898942096271
    endloop
  endfacet
  facet normal -0.79826524920839226 -8.0145233759392518e-08 -0.60230606165491718
    outer loop
      vertex 247.16203378646213 -159.81283935532991 210.94999607765908
      vertex 243.79763938977683 -154.67273823728522 215.40898942096271
      vertex 247.16203378646205 -159.81283850612635 210.94999607765908
    endloop
  endfacet
  facet normal -0.79826520478855667 2.8252992214563987e-15 -0.60230612052666688
    outer loop
      vertex 247.16203390855816 -163.97748436493461 210.94999591583928
      vertex 243.79763938977683 -154.67273823728522 215.40898942096271
      vertex 247.16203378646213 -159.81284038013362 210.94999607765902
    endloop
  endfacet
  facet normal -0.79826518612674102 3.3670883195785435e-08 -0.60230614526006465
    outer loop
      vertex 247.16203378646213 -159.81283935532991 210.94999607765908
      vertex 247.16203378646213 -159.81284038013362 210.94999607765902
      vertex 243.79763938977683 -154.67273823728522 215.40898942096271
    endloop
  endfacet
  facet normal -0.79826518683689407 1.7791167032977604e-08 -0.60230614431886575
    outer loop
      vertex 247.16203369694585 -50.119165915836099 210.9499956657954
      vertex 247.16203370987836 -50.68353130106857 210.94999563198488
      vertex 234.93427218780906 -50.758346318791524 227.15603375188331
    endloop
  endfacet
  facet normal -0.79826518683688519 1.7791090613296203e-08 -0.60230614431887775
    outer loop
      vertex 247.1620334297244 -38.457826718363258 210.94999636441264
      vertex 244.311267129751 -24.230088641815385 214.72825392938734
      vertex 247.16203359745211 -32.159288982192464 210.94999632816308
    endloop
  endfacet
  facet normal -0.79826518683689307 1.7791086235825617e-08 -0.6023061443188672
    outer loop
      vertex 234.93427218780906 -50.758346318791524 227.15603375188331
      vertex 244.311267129751 -24.230088641815385 214.72825392938734
      vertex 247.1620334297244 -38.457826718363258 210.94999636441264
    endloop
  endfacet
  facet normal -0.7982651868368924 1.7791084864276735e-08 -0.60230614431886775
    outer loop
      vertex 247.1620334297244 -38.457826718363258 210.94999636441264
      vertex 247.16203369694585 -50.119165915836099 210.9499956657954
      vertex 234.93427218780906 -50.758346318791524 227.15603375188331
    endloop
  endfacet
  facet normal -0.79826518675908653 -1.7263446323168967e-08 -0.60230614442198804
    outer loop
      vertex 247.16203394856984 -69.773949049430115 210.94999586280986
      vertex 244.59327086695041 -77.169066616813723 214.3545008437807
      vertex 234.93427218780906 -50.758346318791524 227.15603375188331
    endloop
  endfacet
  facet normal -0.79826518675908598 -1.7263443691042472e-08 -0.60230614442198849
    outer loop
      vertex 247.16203373342245 -51.265146056490423 210.94999561745118
      vertex 247.16203410273363 -60.388330899902982 210.9499953894763
      vertex 234.93427218780906 -50.758346318791524 227.15603375188331
    endloop
  endfacet
  facet normal -0.79826518675908709 -1.7263447587187658e-08 -0.60230614442198693
    outer loop
      vertex 234.93427218780906 -50.758346318791524 227.15603375188331
      vertex 247.16203410273363 -60.388330899902982 210.9499953894763
      vertex 247.16203394856984 -69.773949049430115 210.94999586280986
    endloop
  endfacet
  facet normal -0.79826518675908653 -1.7263475769487249e-08 -0.60230614442198793
    outer loop
      vertex 247.16203370987836 -50.68353130106857 210.94999563198488
      vertex 247.16203373342245 -51.265146056490423 210.94999561745118
      vertex 234.93427218780906 -50.758346318791524 227.15603375188331
    endloop
  endfacet
  facet normal -0.79826520478856222 6.1151416297823051e-15 -0.60230612052665944
    outer loop
      vertex 244.59327086695041 -77.169066616813723 214.3545008437807
      vertex 247.16203387181707 -72.834752865583923 210.94999596453403
      vertex 247.16203376587822 -77.059460263919703 210.94999610493983
    endloop
  endfacet
  facet normal -0.79826520478852458 -5.5479400873094818e-14 -0.6023061205267094
    outer loop
      vertex 244.59327086695041 -77.169066616813723 214.3545008437807
      vertex 247.16203388532944 -72.295895991405189 210.94999594662539
      vertex 247.16203387181707 -72.834752865583923 210.94999596453403
    endloop
  endfacet
  facet normal -0.79826520478855945 -4.9630134966348972e-15 -0.60230612052666321
    outer loop
      vertex 247.16203389881949 -71.757930361152177 210.94999592874638
      vertex 247.16203388532944 -72.295895991405189 210.94999594662539
      vertex 244.59327086695041 -77.169066616813723 214.3545008437807
    endloop
  endfacet
  facet normal -0.79826520478856644 4.4086455869790062e-15 -0.60230612052665367
    outer loop
      vertex 247.16203394856984 -69.773949049430115 210.94999586280986
      vertex 247.16203389881949 -71.757930361152177 210.94999592874638
      vertex 244.59327086695041 -77.169066616813723 214.3545008437807
    endloop
  endfacet
  facet normal -0.79826520478855056 -7.4670283985018873e-15 -0.60230612052667476
    outer loop
      vertex 247.16203323484336 -140.99735858222721 210.94999680874579
      vertex 247.16203343961058 -147.98187998250688 210.94999653735806
      vertex 243.79763938977683 -154.67273823728522 215.40898942096271
    endloop
  endfacet
  facet normal -0.79826520478855545 -7.2902399931192991e-16 -0.60230612052666843
    outer loop
      vertex 247.16203343961058 -147.98187998250688 210.94999653735806
      vertex 247.16203362905455 -154.44373377564119 210.94999628627889
      vertex 243.79763938977683 -154.67273823728522 215.40898942096271
    endloop
  endfacet
  facet normal -0.79826519005210983 1.9106859523567296e-08 -0.60230614005758643
    outer loop
      vertex 234.92830929763724 -105.64874348764462 227.16393665507678
      vertex 247.16203400326665 -101.66654169289005 210.9499951864353
      vertex 247.16203390864442 -103.54770342453143 210.9499952521669
    endloop
  endfacet
  facet normal -0.79826519005210816 1.9106846505046254e-08 -0.60230614005758842
    outer loop
      vertex 247.16203411918463 -99.362004717606737 210.94999510591006
      vertex 247.16203400326665 -101.66654169289005 210.9499951864353
      vertex 234.92830929763724 -105.64874348764462 227.16393665507678
    endloop
  endfacet
  facet normal -0.7982651900521105 1.9106858750875674e-08 -0.60230614005758543
    outer loop
      vertex 247.16203411918463 -99.362004717606737 210.94999510591006
      vertex 234.92830929763724 -105.64874348764462 227.16393665507678
      vertex 247.16203416693526 -98.41268600844063 210.94999507273894
    endloop
  endfacet
  facet normal -0.79826519005210816 1.9106848649272904e-08 -0.6023061400575882
    outer loop
      vertex 247.16203386828022 -82.630331199615185 210.94999596922156
      vertex 247.16203416693526 -98.41268600844063 210.94999507273894
      vertex 234.92830929763724 -105.64874348764462 227.16393665507678
    endloop
  endfacet
  facet normal -0.79826519005211061 1.910685206134468e-08 -0.60230614005758509
    outer loop
      vertex 234.92830929763724 -105.64874348764462 227.16393665507678
      vertex 244.59327086695041 -77.169066616813723 214.3545008437807
      vertex 247.16203386828022 -82.630331199615185 210.94999596922156
    endloop
  endfacet
  facet normal -0.79826520478856133 -4.8686892536882302e-14 -0.60230612052666055
    outer loop
      vertex 247.16203376587822 -77.059460263919703 210.94999610493983
      vertex 247.16203373950077 -78.111361654514411 210.94999613989921
      vertex 244.59327086695041 -77.169066616813723 214.3545008437807
    endloop
  endfacet
  facet normal -0.79826520478855378 9.3056503061903659e-15 -0.60230612052667087
    outer loop
      vertex 247.16203386828022 -82.630331199615185 210.94999596922156
      vertex 244.59327086695041 -77.169066616813723 214.3545008437807
      vertex 247.16203373950077 -78.111361654514411 210.94999613989921
    endloop
  endfacet
  facet normal -0.79826518821801817 -1.0331331110177671e-08 -0.60230614248839598
    outer loop
      vertex 247.1620332447855 -122.22227518536842 210.94999645233497
      vertex 234.92830929763724 -105.64874348764462 227.16393665507678
      vertex 247.16203363345855 -111.28877279443913 210.94999574966607
    endloop
  endfacet
  facet normal -0.79826518821801729 -1.0331325602864959e-08 -0.6023061424883972
    outer loop
      vertex 247.16203390864442 -103.54770342453143 210.9499952521669
      vertex 247.16203363345855 -111.28877279443913 210.94999574966607
      vertex 234.92830929763724 -105.64874348764462 227.16393665507678
    endloop
  endfacet
  facet normal -0.79826515728985836 4.0186964698090999e-09 -0.60230618347896592
    outer loop
      vertex 271.96781794500697 -285.44897108327854 199.07370149379872
      vertex 290.45745682349474 -285.40500469979946 174.56849983350816
      vertex 281.22856821133894 -312 186.79998660019382
    endloop
  endfacet
  facet normal -0.79826508374748772 -1.0207439388928331e-09 -0.60230628094817029
    outer loop
      vertex 345.93012555197885 55.205549687626977 101.0479262030404
      vertex 336.68571105529435 82 113.29998718673964
      vertex 355.17142813577834 82 88.799989494278677
    endloop
  endfacet
  facet normal -0.7982651414513604 -7.9811521308886985e-09 -0.60230620447048355
    outer loop
      vertex 327.46854079834634 -285.29910769409395 125.51594221298504
      vertex 336.68571105529435 -312 113.29998718673964
      vertex 318.19999632202956 -312 137.79998665022228
    endloop
  endfacet
  facet normal -0.79826510937875317 -0 -0.60230624697783708
    outer loop
      vertex 435.15352514582491 -291.37836187940712 -17.20409152190323
      vertex 447.60000610351562 -281.69230769230768 -33.700004577636719
      vertex 447.60000610351562 -312 -33.700004577636719
    endloop
  endfacet
  facet normal -0.79826511194554295 1.4828726519187931e-11 -0.60230624357594842
    outer loop
      vertex 415.84762361025827 -129.76079704545521 8.3829379841392644
      vertex 431.72953207750163 -114.86145037126522 -12.666110694190284
      vertex 431.66605222001101 -145.14988406204822 -12.581977820527804
    endloop
  endfacet
  facet normal -0.79826510937875284 -3.7181053699104062e-16 -0.60230624697783741
    outer loop
      vertex 431.66605222001101 -145.14988406204822 -12.581977820527804
      vertex 431.72953207750163 -114.86145037126522 -12.666110694190284
      vertex 447.60000610351562 -130.15384615384616 -33.700004577636719
    endloop
  endfacet
  facet normal -0.79826508428426934 -2.0657496532087185e-16 -0.60230628023674815
    outer loop
      vertex 336.74969332127688 -258.53336388765126 113.21518852268076
      vertex 355.35809330679155 -258.5985054948539 88.552593311165722
      vertex 346.00193715732723 -285.28548592593273 100.95275087600666
    endloop
  endfacet
  facet normal -0.79826511198811601 5.9510679813098245e-11 -0.60230624351952466
    outer loop
      vertex 415.70826224220093 -159.90027290166245 8.5676402349069036
      vertex 431.66605222001101 -145.14988406204822 -12.581977820527804
      vertex 431.41410733411118 -175.60199560747901 -12.248063283015764
    endloop
  endfacet
  facet normal -0.79826516104385514 -3.6002256713820666e-09 -0.60230617850361456
    outer loop
      vertex 308.96901794384826 55.374708297690688 150.03424357884199
      vertex 299.71428238572832 82 162.29998671502918
      vertex 318.19999632202951 82 137.79998665022237
    endloop
  endfacet
  facet normal -0.7982651243750154 -1.2217048776539722e-08 -0.60230622710257686
    outer loop
      vertex 400.15628117974154 -234.786908050774 29.179420777490222
      vertex 413.35330538952434 -255.81506091732456 11.688776581466909
      vertex 392.85233854013143 -258.94793936688603 38.859684258843657
    endloop
  endfacet
  facet normal -0.79826514463450449 -1.2095640178871432e-08 -0.60230620025171044
    outer loop
      vertex 336.62650973747463 28.499294525789409 113.37844956964788
      vertex 318.2086620840621 28.68258351246137 137.7885018197266
      vertex 327.43993796520277 55.299243119406682 125.55385091411461
    endloop
  endfacet
  facet normal -0.79826515728639069 -1.772504714750746e-16 -0.60230618348356169
    outer loop
      vertex 308.95952748297685 -285.35959472869553 150.0468217399966
      vertex 299.71428238572838 -312 162.29998671502912
      vertex 290.45745682349474 -285.40500469979946 174.56849983350816
    endloop
  endfacet
  facet normal -0.79826511139167866 -8.7494394855513881e-10 -0.60230624431001123
    outer loop
      vertex 420.17474480053988 57.082157610416942 2.6479984214004784
      vertex 410.62857409871469 82 15.29999243415471
      vertex 429.11429005471666 82 -9.2000061067496226
    endloop
  endfacet
  facet normal -0.79826511376360243 -3.3798113183747942e-09 -0.60230624116638798
    outer loop
      vertex 402.05217186644688 54.45441424589572 26.666706455687279
      vertex 410.62857409871469 82 15.29999243415471
      vertex 420.17474480053988 57.082157610416942 2.6479984214004784
    endloop
  endfacet
  facet normal -0.79826516497053379 3.3370308041013172e-09 -0.60230617329939973
    outer loop
      vertex 272.00148618734943 55.432591760951809 199.02907936388195
      vertex 262.74285443476316 82 211.29998678551658
      vertex 281.22856821133888 82 186.7999866001939
    endloop
  endfacet
  facet normal -0.79826511635690611 -3.3411049578395503e-10 -0.6023062377293591
    outer loop
      vertex 364.51177550880141 54.862282454176651 76.420782694790901
      vertex 355.17142813577834 82 88.799989494278677
      vertex 373.65714388980979 82 64.299990800983878
    endloop
  endfacet
  facet normal -0.79826515519071084 2.0107238040572736e-09 -0.60230618626106636
    outer loop
      vertex 290.45745682349474 -285.40500469979946 174.56849983350816
      vertex 299.71428238572838 -312 162.29998671502912
      vertex 281.22856821133894 -312 186.79998660019382
    endloop
  endfacet
  facet normal -0.79826511056820082 -1.6893147215418133e-09 -0.60230624540140554
    outer loop
      vertex 435.41319702414489 61.678765170882414 -17.548247009895903
      vertex 420.17474480053988 57.082157610416942 2.6479984214004784
      vertex 429.11429005471666 82 -9.2000061067496226
    endloop
  endfacet
  facet normal -0.79826510937875284 -0 -0.60230624697783752
    outer loop
      vertex 435.41319702414489 61.678765170882414 -17.548247009895903
      vertex 447.60000610351562 82 -33.700004577636719
      vertex 447.60000610351562 51.692307692307693 -33.700004577636719
    endloop
  endfacet
  facet normal -0.79826511635690645 3.1080636120955685e-10 -0.60230623772935865
    outer loop
      vertex 364.57469891450671 -285.29898233887985 76.337387309854449
      vertex 373.65714388980984 -312 64.299990800983792
      vertex 355.1714281357784 -312 88.79998949427862
    endloop
  endfacet
  facet normal -0.79826512481617418 -7.6210167068496506e-09 -0.60230622651788834
    outer loop
      vertex 383.20869507877825 -285.30528298791887 51.640864811914554
      vertex 373.65714388980984 -312 64.299990800983792
      vertex 364.57469891450671 -285.29898233887985 76.337387309854449
    endloop
  endfacet
  facet normal -0.79826513399929167 4.8420155387006603e-09 -0.60230621434706533
    outer loop
      vertex 373.8916678891834 27.138821668557654 63.989164810223485
      vertex 383.15668211543243 54.626498321135969 51.709800072564427
      vertex 392.67364569474773 27.338444172956613 39.096514408106621
    endloop
  endfacet
  facet normal -0.79826510937875217 -0 -0.60230624697783863
    outer loop
      vertex 431.64606858931791 -54.184336480124983 -12.555492564528858
      vertex 447.60000610351562 -39.230769230769234 -33.700004577636719
      vertex 447.60000610351562 -69.538461538461533 -33.700004577636719
    endloop
  endfacet
  facet normal -0.79826508428426945 -1.1954001315849926e-16 -0.60230628023674826
    outer loop
      vertex 346.07278865273946 -231.63122911608542 100.85884802821519
      vertex 355.35809330679155 -258.5985054948539 88.552593311165722
      vertex 336.74969332127688 -258.53336388765126 113.21518852268076
    endloop
  endfacet
  facet normal -0.79826508428426912 1.7328313864108423e-17 -0.6023062802367487
    outer loop
      vertex 355.07039162955152 28.350852720169115 88.933897991469678
      vertex 336.62650973747463 28.499294525789409 113.37844956964788
      vertex 345.93012555197885 55.205549687626977 101.0479262030404
    endloop
  endfacet
  facet normal -0.79826510795258432 -2.4040812305045383e-08 -0.60230624886800577
    outer loop
      vertex 327.43993796520277 55.299243119406682 125.55385091411461
      vertex 336.68571105529435 82 113.29998718673964
      vertex 345.93012555197885 55.205549687626977 101.0479262030404
    endloop
  endfacet
  facet normal -0.79826518659321832 1.7492083654788343e-08 -0.60230614464182097
    outer loop
      vertex 262.7712731391216 28.870856204809854 211.26232211288351
      vertex 253.50873382449242 55.430006324393815 223.53840995404508
      vertex 272.00148618734943 55.432591760951809 199.02907936388195
    endloop
  endfacet
  facet normal -0.79826510937875195 -0 -0.60230624697783852
    outer loop
      vertex 430.97220009831989 -237.04869066640521 -11.662382610294532
      vertex 447.60000610351562 -221.07692307692307 -33.700004577636719
      vertex 447.60000610351562 -251.38461538461539 -33.700004577636719
    endloop
  endfacet
  facet normal -0.79826511394138622 -3.3234461596978162e-16 -0.60230624093076268
    outer loop
      vertex 413.35330538952434 -255.81506091732456 11.688776581466909
      vertex 420.11747708502395 -287.09927796334324 2.7238980491061726
      vertex 402.05196537176278 -284.87203195078172 26.666980132915484
    endloop
  endfacet
  facet normal -0.79826510937875228 -0 -0.60230624697783808
    outer loop
      vertex 431.41410733411118 -175.60199560747901 -12.248063283015764
      vertex 447.60000610351562 -160.46153846153845 -33.700004577636719
      vertex 447.60000610351562 -190.76923076923077 -33.700004577636719
    endloop
  endfacet
  facet normal -0.79826513613389671 3.5417778823057137e-09 -0.60230621151797159
    outer loop
      vertex 383.20869507877825 -285.30528298791887 51.640864811914554
      vertex 392.14285883937305 -312 39.799991500702333
      vertex 373.65714388980984 -312 64.299990800983792
    endloop
  endfacet
  facet normal -0.79826510911036219 -4.4368266566612828e-10 -0.60230624733354821
    outer loop
      vertex 435.41319702414489 61.678765170882414 -17.548247009895903
      vertex 429.11429005471666 82 -9.2000061067496226
      vertex 447.60000610351562 82 -33.700004577636719
    endloop
  endfacet
  facet normal -0.79826511199925365 -4.3681157124098172e-12 -0.60230624350476314
    outer loop
      vertex 415.58717681794184 -8.2363481664296216 8.7281205079379287
      vertex 431.5758234815853 -23.733031745317035 -12.462393383026274
      vertex 415.5622812991125 -38.740121776559775 8.7611157233688459
    endloop
  endfacet
  facet normal -0.79826510937875261 0 -0.60230624697783752
    outer loop
      vertex 431.72953207750163 -114.86145037126522 -12.666110694190284
      vertex 447.60000610351562 -99.84615384615384 -33.700004577636719
      vertex 447.60000610351562 -130.15384615384616 -33.700004577636719
    endloop
  endfacet
  facet normal -0.79826513888105721 1.0073615547918614e-09 -0.6023062078770286
    outer loop
      vertex 402.05196537176278 -284.87203195078172 26.666980132915484
      vertex 392.14285883937305 -312 39.799991500702333
      vertex 383.20869507877825 -285.30528298791887 51.640864811914554
    endloop
  endfacet
  facet normal -0.79826512481475465 3.9527425319857315e-09 -0.60230622651976995
    outer loop
      vertex 374.06309393808061 -258.63639996428952 63.761965707192374
      vertex 383.20869507877825 -285.30528298791887 51.640864811914554
      vertex 364.57469891450671 -285.29898233887985 76.337387309854449
    endloop
  endfacet
  facet normal -0.79826511378888132 3.409814371215688e-09 -0.60230624113288433
    outer loop
      vertex 420.11747708502395 -287.09927796334324 2.7238980491061726
      vertex 410.62857409871475 -312 15.29999243415466
      vertex 402.05196537176278 -284.87203195078172 26.666980132915484
    endloop
  endfacet
  facet normal -0.79826510937875284 -0 -0.60230624697783741
    outer loop
      vertex 432.67950570132575 -266.42083109243742 -13.925155910031773
      vertex 447.60000610351562 -251.38461538461539 -33.700004577636719
      vertex 447.60000610351562 -281.69230769230768 -33.700004577636719
    endloop
  endfacet
  facet normal -0.79826510059863209 -1.5306430718864415e-08 -0.60230625861454878
    outer loop
      vertex 355.07039162955152 28.350852720169115 88.933897991469678
      vertex 345.93012555197885 55.205549687626977 101.0479262030404
      vertex 364.51177550880141 54.862282454176651 76.420782694790901
    endloop
  endfacet
  facet normal -0.79826510937875261 1.3553296745190618e-15 -0.60230624697783808
    outer loop
      vertex 431.5758234815853 -23.733031745317035 -12.462393383026274
      vertex 447.60000610351562 -39.230769230769234 -33.700004577636719
      vertex 431.64606858931791 -54.184336480124983 -12.555492564528858
    endloop
  endfacet
  facet normal -0.7982651003968142 1.4808137844839016e-08 -0.60230625888202749
    outer loop
      vertex 364.51177550880141 54.862282454176651 76.420782694790901
      vertex 345.93012555197885 55.205549687626977 101.0479262030404
      vertex 355.17142813577834 82 88.799989494278677
    endloop
  endfacet
  facet normal -0.79826511394138533 8.6409600152143127e-16 -0.60230624093076357
    outer loop
      vertex 413.54352094009027 25.537139158494156 11.436674863391902
      vertex 402.05217186644688 54.45441424589572 26.666706455687279
      vertex 420.17474480053988 57.082157610416942 2.6479984214004784
    endloop
  endfacet
  facet normal -0.7982651119458245 2.3394154967554316e-11 -0.60230624357557516
    outer loop
      vertex 415.76327628817398 -69.263559902325227 8.4947275026576587
      vertex 431.71156421753722 -84.56187880811845 -12.642297034989927
      vertex 415.89264283776981 -99.683673266762639 8.3232718602692284
    endloop
  endfacet
  facet normal -0.79826510937875217 -4.2062365218260147e-16 -0.60230624697783841
    outer loop
      vertex 431.71156421753722 -84.56187880811845 -12.642297034989927
      vertex 431.64606858931791 -54.184336480124983 -12.555492564528858
      vertex 447.60000610351562 -69.538461538461533 -33.700004577636719
    endloop
  endfacet
  facet normal -0.79826511079939522 4.2342487490661485e-10 -0.60230624509499264
    outer loop
      vertex 432.676793420857 36.370931331579712 -13.921561195754954
      vertex 420.17474480053988 57.082157610416942 2.6479984214004784
      vertex 435.41319702414489 61.678765170882414 -17.548247009895903
    endloop
  endfacet
  facet normal -0.79826512472782796 7.4420721568436436e-09 -0.60230622663497801
    outer loop
      vertex 383.15668211543243 54.626498321135969 51.709800072564427
      vertex 364.51177550880141 54.862282454176651 76.420782694790901
      vertex 373.65714388980979 82 64.299990800983878
    endloop
  endfacet
  facet normal -0.79826513613389716 -3.4691512317353675e-09 -0.60230621151797092
    outer loop
      vertex 383.15668211543243 54.626498321135969 51.709800072564427
      vertex 373.65714388980979 82 64.299990800983878
      vertex 392.14285883937293 82 39.799991500702454
    endloop
  endfacet
  facet normal -0.7982651119950831 -1.6635378851115062e-11 -0.60230624351029061
    outer loop
      vertex 415.5622812991125 -38.740121776559775 8.7611157233688459
      vertex 431.5758234815853 -23.733031745317035 -12.462393383026274
      vertex 431.64606858931791 -54.184336480124983 -12.555492564528858
    endloop
  endfacet
  facet normal -0.79826512851832399 -9.4267833598004361e-09 -0.60230622161125269
    outer loop
      vertex 402.05196537176278 -284.87203195078172 26.666980132915484
      vertex 410.62857409871475 -312 15.29999243415466
      vertex 392.14285883937305 -312 39.799991500702333
    endloop
  endfacet
  facet normal -0.79826511139167866 8.9170789836987958e-10 -0.60230624431001123
    outer loop
      vertex 420.11747708502395 -287.09927796334324 2.7238980491061726
      vertex 429.11429005471666 -312 -9.2000061067495977
      vertex 410.62857409871475 -312 15.29999243415466
    endloop
  endfacet
  facet normal -0.79826515728639191 6.9647133094469721e-17 -0.60230618348356002
    outer loop
      vertex 290.4902996369695 55.420219446806186 174.52497168390076
      vertex 299.71428238572832 82 162.29998671502918
      vertex 308.96901794384826 55.374708297690688 150.03424357884199
    endloop
  endfacet
  facet normal -0.79826516497053379 -3.3659480121302055e-09 -0.60230617329939984
    outer loop
      vertex 271.96781794500697 -285.44897108327854 199.07370149379872
      vertex 281.22856821133894 -312 186.79998660019382
      vertex 262.74285443476322 -312 211.2999867855165
    endloop
  endfacet
  facet normal -0.79826514145136029 7.9344338325751528e-09 -0.60230620447048322
    outer loop
      vertex 327.43993796520277 55.299243119406682 125.55385091411461
      vertex 318.19999632202951 82 137.79998665022237
      vertex 336.68571105529435 82 113.29998718673964
    endloop
  endfacet
  facet normal -0.79826515729703462 -7.1810384385175748e-09 -0.60230618346945486
    outer loop
      vertex 327.43993796520277 55.299243119406682 125.55385091411461
      vertex 308.96901794384826 55.374708297690688 150.03424357884199
      vertex 318.19999632202951 82 137.79998665022237
    endloop
  endfacet
  facet normal -0.79826518659144707 -1.7432995284326471e-08 -0.60230614464416865
    outer loop
      vertex 253.50873382449242 55.430006324393815 223.53840995404508
      vertex 262.74285443476316 82 211.29998678551658
      vertex 272.00148618734943 55.432591760951809 199.02907936388195
    endloop
  endfacet
  facet normal -0.79826511206599005 -1.5520930285541014e-10 -0.60230624341631434
    outer loop
      vertex 414.78304758068816 -190.71681231989572 9.7938712400039289
      vertex 415.70826224220093 -159.90027290166245 8.5676402349069036
      vertex 431.41410733411118 -175.60199560747901 -12.248063283015764
    endloop
  endfacet
  facet normal -0.79826510937875239 1.0697342265384682e-15 -0.60230624697783808
    outer loop
      vertex 431.15824766893263 -206.16338611818452 -11.908960302373931
      vertex 447.60000610351562 -221.07692307692307 -33.700004577636719
      vertex 430.97220009831989 -237.04869066640521 -11.662382610294532
    endloop
  endfacet
  facet normal -0.79826515728639102 -1.7725047147507467e-16 -0.60230618348356146
    outer loop
      vertex 281.27764674587911 28.879666221928694 186.73494065117421
      vertex 290.4902996369695 55.420219446806186 174.52497168390076
      vertex 299.75970925371604 28.827308071755752 162.23978031683237
    endloop
  endfacet
  facet normal -0.79826515519071117 -2.0047377011503335e-09 -0.60230618626106591
    outer loop
      vertex 290.4902996369695 55.420219446806186 174.52497168390076
      vertex 281.22856821133888 82 186.7999866001939
      vertex 299.71428238572832 82 162.29998671502918
    endloop
  endfacet
  facet normal -0.79826515728736624 -4.0186156878941789e-09 -0.60230618348226861
    outer loop
      vertex 290.4902996369695 55.420219446806186 174.52497168390076
      vertex 272.00148618734943 55.432591760951809 199.02907936388195
      vertex 281.22856821133888 82 186.7999866001939
    endloop
  endfacet
  facet normal -0.79826510937875272 -0 -0.60230624697783763
    outer loop
      vertex 431.15824766893263 -206.16338611818452 -11.908960302373931
      vertex 447.60000610351562 -190.76923076923077 -33.700004577636719
      vertex 447.60000610351562 -221.07692307692307 -33.700004577636719
    endloop
  endfacet
  facet normal -0.7982651093787525 -5.3729045941349603e-16 -0.60230624697783786
    outer loop
      vertex 431.15824766893263 -206.16338611818452 -11.908960302373931
      vertex 431.41410733411118 -175.60199560747901 -12.248063283015764
      vertex 447.60000610351562 -190.76923076923077 -33.700004577636719
    endloop
  endfacet
  facet normal -0.79826510937875295 -0 -0.60230624697783719
    outer loop
      vertex 431.66605222001101 -145.14988406204822 -12.581977820527804
      vertex 447.60000610351562 -130.15384615384616 -33.700004577636719
      vertex 447.60000610351562 -160.46153846153845 -33.700004577636719
    endloop
  endfacet
  facet normal -0.79826510937875272 9.5549076545183599e-16 -0.60230624697783774
    outer loop
      vertex 431.66605222001101 -145.14988406204822 -12.581977820527804
      vertex 447.60000610351562 -160.46153846153845 -33.700004577636719
      vertex 431.41410733411118 -175.60199560747901 -12.248063283015764
    endloop
  endfacet
  facet normal -0.79826510937875217 -0 -0.60230624697783841
    outer loop
      vertex 432.676793420857 36.370931331579712 -13.921561195754954
      vertex 447.60000610351562 51.692307692307693 -33.700004577636719
      vertex 447.60000610351562 21.38461538461538 -33.700004577636719
    endloop
  endfacet
  facet normal -0.7982651093787525 1.0302683036176317e-15 -0.60230624697783786
    outer loop
      vertex 432.676793420857 36.370931331579712 -13.921561195754954
      vertex 435.41319702414489 61.678765170882414 -17.548247009895903
      vertex 447.60000610351562 51.692307692307693 -33.700004577636719
    endloop
  endfacet
  facet normal -0.79826513887127015 -1.6600422438923007e-10 -0.60230620788999989
    outer loop
      vertex 392.85233854013143 -258.94793936688603 38.859684258843657
      vertex 402.05196537176278 -284.87203195078172 26.666980132915484
      vertex 383.20869507877825 -285.30528298791887 51.640864811914554
    endloop
  endfacet
  facet normal -0.79826511219603757 4.6781928933161578e-11 -0.6023062432439561
    outer loop
      vertex 414.59431797637757 -221.57450807168283 10.044003562817524
      vertex 431.15824766893263 -206.16338611818452 -11.908960302373931
      vertex 430.97220009831989 -237.04869066640521 -11.662382610294532
    endloop
  endfacet
  facet normal -0.79826510937875228 0 -0.60230624697783841
    outer loop
      vertex 431.24069606411877 7.1194118635365271 -12.018233081017065
      vertex 447.60000610351562 21.38461538461538 -33.700004577636719
      vertex 447.60000610351562 -8.923076923076934 -33.700004577636719
    endloop
  endfacet
  facet normal -0.79826510937875217 -6.6468922814040727e-17 -0.60230624697783841
    outer loop
      vertex 431.24069606411877 7.1194118635365271 -12.018233081017065
      vertex 432.676793420857 36.370931331579712 -13.921561195754954
      vertex 447.60000610351562 21.38461538461538 -33.700004577636719
    endloop
  endfacet
  facet normal -0.79826508374748761 1.0198208185224319e-09 -0.60230628094817074
    outer loop
      vertex 346.00193715732723 -285.28548592593273 100.95275087600666
      vertex 355.1714281357784 -312 88.79998949427862
      vertex 336.68571105529435 -312 113.29998718673964
    endloop
  endfacet
  facet normal -0.79826510063141831 -1.495502743072244e-08 -0.60230625857109532
    outer loop
      vertex 346.00193715732723 -285.28548592593273 100.95275087600666
      vertex 364.57469891450671 -285.29898233887985 76.337387309854449
      vertex 355.1714281357784 -312 88.79998949427862
    endloop
  endfacet
  facet normal -0.79826513903586427 0 -0.60230620767185572
    outer loop
      vertex 400.15628117974154 -234.786908050774 29.179420777490222
      vertex 392.85233854013143 -258.94793936688603 38.859684258843657
      vertex 383.59121021456639 -231.78153179089577 51.133899261561794
    endloop
  endfacet
  facet normal -0.79826510937875239 -1.2453737192405943e-15 -0.60230624697783808
    outer loop
      vertex 432.67950570132575 -266.42083109243742 -13.925155910031773
      vertex 430.97220009831989 -237.04869066640521 -11.662382610294532
      vertex 447.60000610351562 -251.38461538461539 -33.700004577636719
    endloop
  endfacet
  facet normal -0.79826510937875295 -4.0989169068658487e-16 -0.60230624697783719
    outer loop
      vertex 435.15352514582491 -291.37836187940712 -17.20409152190323
      vertex 432.67950570132575 -266.42083109243742 -13.925155910031773
      vertex 447.60000610351562 -281.69230769230768 -33.700004577636719
    endloop
  endfacet
  facet normal -0.79826510911036253 4.4653549140485322e-10 -0.60230624733354787
    outer loop
      vertex 435.15352514582491 -291.37836187940712 -17.20409152190323
      vertex 447.60000610351562 -312 -33.700004577636719
      vertex 429.11429005471666 -312 -9.2000061067495977
    endloop
  endfacet
  facet normal -0.79826512477905698 -3.7247193667999486e-09 -0.60230622656708144
    outer loop
      vertex 373.8916678891834 27.138821668557654 63.989164810223485
      vertex 364.51177550880141 54.862282454176651 76.420782694790901
      vertex 383.15668211543243 54.626498321135969 51.709800072564427
    endloop
  endfacet
  facet normal -0.79826513417855605 -4.8989216636055134e-09 -0.60230621410947771
    outer loop
      vertex 374.06309393808061 -258.63639996428952 63.761965707192374
      vertex 392.85233854013143 -258.94793936688603 38.859684258843657
      vertex 383.20869507877825 -285.30528298791887 51.640864811914554
    endloop
  endfacet
  facet normal -0.79826516104385559 3.5944947847754157e-09 -0.60230617850361423
    outer loop
      vertex 308.95952748297685 -285.35959472869553 150.0468217399966
      vertex 318.19999632202956 -312 137.79998665022228
      vertex 299.71428238572838 -312 162.29998671502912
    endloop
  endfacet
  facet normal -0.79826515729490266 7.1789942685807604e-09 -0.60230618347228038
    outer loop
      vertex 308.95952748297685 -285.35959472869553 150.0468217399966
      vertex 327.46854079834634 -285.29910769409395 125.51594221298504
      vertex 318.19999632202956 -312 137.79998665022228
    endloop
  endfacet
  facet normal -0.79826510937875295 -0 -0.6023062469778373
    outer loop
      vertex 431.5758234815853 -23.733031745317035 -12.462393383026274
      vertex 447.60000610351562 -8.923076923076934 -33.700004577636719
      vertex 447.60000610351562 -39.230769230769234 -33.700004577636719
    endloop
  endfacet
  facet normal -0.79826510937875261 -1.1355853366245017e-15 -0.60230624697783786
    outer loop
      vertex 431.5758234815853 -23.733031745317035 -12.462393383026274
      vertex 431.24069606411877 7.1194118635365271 -12.018233081017065
      vertex 447.60000610351562 -8.923076923076934 -33.700004577636719
    endloop
  endfacet
  facet normal -0.79826512851832399 9.2835627610735225e-09 -0.6023062216112528
    outer loop
      vertex 402.05217186644688 54.45441424589572 26.666706455687279
      vertex 392.14285883937293 82 39.799991500702454
      vertex 410.62857409871469 82 15.29999243415471
    endloop
  endfacet
  facet normal -0.79826513887609463 -9.8768342945935974e-10 -0.60230620788360578
    outer loop
      vertex 402.05217186644688 54.45441424589572 26.666706455687279
      vertex 383.15668211543243 54.626498321135969 51.709800072564427
      vertex 392.14285883937293 82 39.799991500702454
    endloop
  endfacet
  facet normal -0.79826511182125359 1.2636228818127996e-09 -0.60230624374067487
    outer loop
      vertex 413.35330538952434 -255.81506091732456 11.688776581466909
      vertex 432.67950570132575 -266.42083109243742 -13.925155910031773
      vertex 420.11747708502395 -287.09927796334324 2.7238980491061726
    endloop
  endfacet
  facet normal -0.7982651077470726 2.4090570393261842e-08 -0.60230624914038033
    outer loop
      vertex 346.00193715732723 -285.28548592593273 100.95275087600666
      vertex 336.68571105529435 -312 113.29998718673964
      vertex 327.46854079834634 -285.29910769409395 125.51594221298504
    endloop
  endfacet
  facet normal -0.79826511061724603 1.6630119939697458e-09 -0.60230624533640342
    outer loop
      vertex 435.15352514582491 -291.37836187940712 -17.20409152190323
      vertex 429.11429005471666 -312 -9.2000061067495977
      vertex 420.11747708502395 -287.09927796334324 2.7238980491061726
    endloop
  endfacet
  facet normal -0.79826511082987461 -3.9652540032796182e-10 -0.60230624505459684
    outer loop
      vertex 435.15352514582491 -291.37836187940712 -17.20409152190323
      vertex 420.11747708502395 -287.09927796334324 2.7238980491061726
      vertex 432.67950570132575 -266.42083109243742 -13.925155910031773
    endloop
  endfacet
  facet normal -0.79826514454735886 1.2043035207402053e-08 -0.60230620036720872
    outer loop
      vertex 327.42334885676559 1.813898232798735 125.57583725199227
      vertex 318.2086620840621 28.68258351246137 137.7885018197266
      vertex 336.62650973747463 28.499294525789409 113.37844956964788
    endloop
  endfacet
  facet normal -0.79826511195969063 -2.5258263451384432e-11 -0.60230624355719764
    outer loop
      vertex 415.84762361025827 -129.76079704545521 8.3829379841392644
      vertex 431.66605222001101 -145.14988406204822 -12.581977820527804
      vertex 415.70826224220093 -159.90027290166245 8.5676402349069036
    endloop
  endfacet
  facet normal -0.79826510937875228 0 -0.60230624697783808
    outer loop
      vertex 431.71156421753722 -84.56187880811845 -12.642297034989927
      vertex 447.60000610351562 -69.538461538461533 -33.700004577636719
      vertex 447.60000610351562 -99.84615384615384 -33.700004577636719
    endloop
  endfacet
  facet normal -0.7982651093787525 -6.4088850708069244e-16 -0.60230624697783786
    outer loop
      vertex 431.71156421753722 -84.56187880811845 -12.642297034989927
      vertex 447.60000610351562 -99.84615384615384 -33.700004577636719
      vertex 431.72953207750163 -114.86145037126522 -12.666110694190284
    endloop
  endfacet
  facet normal -0.79826515728639202 -1.1078154467192182e-15 -0.60230618348356013
    outer loop
      vertex 299.75970925371604 28.827308071755752 162.23978031683237
      vertex 290.4902996369695 55.420219446806186 174.52497168390076
      vertex 308.96901794384826 55.374708297690688 150.03424357884199
    endloop
  endfacet
  facet normal -0.79826515728639091 -3.4877683943405777e-16 -0.60230618348356157
    outer loop
      vertex 281.27764674587911 28.879666221928694 186.73494065117421
      vertex 272.00148618734943 55.432591760951809 199.02907936388195
      vertex 290.4902996369695 55.420219446806186 174.52497168390076
    endloop
  endfacet
  facet normal -0.79826510062331346 1.5790282001770681e-08 -0.60230625858183751
    outer loop
      vertex 355.35809330679155 -258.5985054948539 88.552593311165722
      vertex 364.57469891450671 -285.29898233887985 76.337387309854449
      vertex 346.00193715732723 -285.28548592593273 100.95275087600666
    endloop
  endfacet
  facet normal -0.79826511193626182 -4.1812768488689274e-12 -0.60230624358824914
    outer loop
      vertex 415.89264283776981 -99.683673266762639 8.3232718602692284
      vertex 431.71156421753722 -84.56187880811845 -12.642297034989927
      vertex 431.72953207750163 -114.86145037126522 -12.666110694190284
    endloop
  endfacet
  facet normal -0.79826512575441655 1.2665029092965802e-08 -0.60230622527439093
    outer loop
      vertex 413.35330538952434 -255.81506091732456 11.688776581466909
      vertex 402.05196537176278 -284.87203195078172 26.666980132915484
      vertex 392.85233854013143 -258.94793936688603 38.859684258843657
    endloop
  endfacet
  facet normal -0.79826511712895487 3.1846494227916609e-10 -0.60230623670612593
    outer loop
      vertex 400.15628117974154 -234.786908050774 29.179420777490222
      vertex 414.59431797637757 -221.57450807168283 10.044003562817524
      vertex 413.35330538952434 -255.81506091732456 11.688776581466909
    endloop
  endfacet
  facet normal -0.79826510786676252 2.2646116147610645e-08 -0.60230624898174967
    outer loop
      vertex 336.62650973747463 28.499294525789409 113.37844956964788
      vertex 327.43993796520277 55.299243119406682 125.55385091411461
      vertex 345.93012555197885 55.205549687626977 101.0479262030404
    endloop
  endfacet
  facet normal -0.79826511193768246 -8.2676789442694304e-12 -0.60230624358636609
    outer loop
      vertex 415.84762361025827 -129.76079704545521 8.3829379841392644
      vertex 415.89264283776981 -99.683673266762639 8.3232718602692284
      vertex 431.72953207750163 -114.86145037126522 -12.666110694190284
    endloop
  endfacet
  facet normal -0.79826511202558403 -7.9253450448415268e-11 -0.60230624346986605
    outer loop
      vertex 415.58717681794184 -8.2363481664296216 8.7281205079379287
      vertex 431.24069606411877 7.1194118635365271 -12.018233081017065
      vertex 431.5758234815853 -23.733031745317035 -12.462393383026274
    endloop
  endfacet
  facet normal -0.79826511215955653 2.9720889324758612e-10 -0.60230624329230598
    outer loop
      vertex 415.58717681794184 -8.2363481664296216 8.7281205079379287
      vertex 413.54352094009027 25.537139158494156 11.436674863391902
      vertex 431.24069606411877 7.1194118635365271 -12.018233081017065
    endloop
  endfacet
  facet normal -0.7982651572863918 -6.5845458137246064e-16 -0.60230618348356035
    outer loop
      vertex 318.18835390145489 -258.64168110180719 137.81541722426283
      vertex 327.46854079834634 -285.29910769409395 125.51594221298504
      vertex 308.95952748297685 -285.35959472869553 150.0468217399966
    endloop
  endfacet
  facet normal -0.79826515728639169 7.0900188590029928e-16 -0.60230618348356046
    outer loop
      vertex 281.16758650825676 -258.87781272304403 186.88080874169995
      vertex 290.45745682349474 -285.40500469979946 174.56849983350816
      vertex 271.96781794500697 -285.44897108327854 199.07370149379872
    endloop
  endfacet
  facet normal -0.79826511213815765 6.3680402167042823e-11 -0.60230624332066696
    outer loop
      vertex 414.78304758068816 -190.71681231989572 9.7938712400039289
      vertex 431.41410733411118 -175.60199560747901 -12.248063283015764
      vertex 431.15824766893263 -206.16338611818452 -11.908960302373931
    endloop
  endfacet
  facet normal -0.79826511217016816 -2.9862522137242669e-11 -0.602306243278242
    outer loop
      vertex 414.78304758068816 -190.71681231989572 9.7938712400039289
      vertex 431.15824766893263 -206.16338611818452 -11.908960302373931
      vertex 414.59431797637757 -221.57450807168283 10.044003562817524
    endloop
  endfacet
  facet normal -0.79826516279475324 -5.3044916330287869e-09 -0.60230617618306559
    outer loop
      vertex 281.27764674587911 28.879666221928694 186.73494065117421
      vertex 262.7712731391216 28.870856204809854 211.26232211288351
      vertex 272.00148618734943 55.432591760951809 199.02907936388195
    endloop
  endfacet
  facet normal -0.79826515728639214 -4.431261786876873e-17 -0.6023061834835598
    outer loop
      vertex 308.82833954658685 -232.01122222035781 150.22069137897449
      vertex 318.18835390145489 -258.64168110180719 137.81541722426283
      vertex 299.66906663920338 -258.75873545474587 162.35991330386616
    endloop
  endfacet
  facet normal -0.79826511902891739 -1.7229915740984304e-09 -0.60230623418801532
    outer loop
      vertex 374.06309393808061 -258.63639996428952 63.761965707192374
      vertex 364.57469891450671 -285.29898233887985 76.337387309854449
      vertex 355.35809330679155 -258.5985054948539 88.552593311165722
    endloop
  endfacet
  facet normal -0.79826513412130962 4.6182896148399991e-09 -0.60230621418534902
    outer loop
      vertex 383.59121021456639 -231.78153179089577 51.133899261561794
      vertex 392.85233854013143 -258.94793936688603 38.859684258843657
      vertex 374.06309393808061 -258.63639996428952 63.761965707192374
    endloop
  endfacet
  facet normal -0.79826511195930272 -1.5337310832109585e-11 -0.60230624355771201
    outer loop
      vertex 415.76327628817398 -69.263559902325227 8.4947275026576587
      vertex 431.64606858931791 -54.184336480124983 -12.555492564528858
      vertex 431.71156421753722 -84.56187880811845 -12.642297034989927
    endloop
  endfacet
  facet normal -0.79826511197686667 3.565854851887572e-11 -0.60230624353443374
    outer loop
      vertex 415.76327628817398 -69.263559902325227 8.4947275026576587
      vertex 415.5622812991125 -38.740121776559775 8.7611157233688459
      vertex 431.64606858931791 -54.184336480124983 -12.555492564528858
    endloop
  endfacet
  facet normal -0.79826511179970006 -1.24103361769859e-09 -0.60230624376924125
    outer loop
      vertex 413.54352094009027 25.537139158494156 11.436674863391902
      vertex 420.17474480053988 57.082157610416942 2.6479984214004784
      vertex 432.676793420857 36.370931331579712 -13.921561195754954
    endloop
  endfacet
  facet normal -0.79826511213113627 3.7248576282776175e-10 -0.60230624332997285
    outer loop
      vertex 413.54352094009027 25.537139158494156 11.436674863391902
      vertex 432.676793420857 36.370931331579712 -13.921561195754954
      vertex 431.24069606411877 7.1194118635365271 -12.018233081017065
    endloop
  endfacet
  facet normal -0.79826515728639114 -9.73572986859669e-16 -0.60230618348356091
    outer loop
      vertex 318.2086620840621 28.68258351246137 137.7885018197266
      vertex 308.96901794384826 55.374708297690688 150.03424357884199
      vertex 327.43993796520277 55.299243119406682 125.55385091411461
    endloop
  endfacet
  facet normal -0.79826515728639169 -1.3942914123713815e-15 -0.60230618348356046
    outer loop
      vertex 318.2086620840621 28.68258351246137 137.7885018197266
      vertex 299.75970925371604 28.827308071755752 162.23978031683237
      vertex 308.96901794384826 55.374708297690688 150.03424357884199
    endloop
  endfacet
  facet normal -0.79826512516656112 -4.1396656289320079e-09 -0.60230622605350392
    outer loop
      vertex 364.87589904097774 -231.83368650709087 75.938192444154026
      vertex 383.59121021456639 -231.78153179089577 51.133899261561794
      vertex 374.06309393808061 -258.63639996428952 63.761965707192374
    endloop
  endfacet
  facet normal -0.79826511980395243 -6.1555424855259403e-09 -0.60230623316082466
    outer loop
      vertex 400.00716063554262 -173.52666110066397 29.377057345786927
      vertex 414.78304758068816 -190.71681231989572 9.7938712400039289
      vertex 396.25083666200231 -205.87741671497531 34.355492634694862
    endloop
  endfacet
  facet normal -0.79826515728639202 -2.4443520324810806e-16 -0.60230618348356002
    outer loop
      vertex 271.84175399868047 -232.42336210601502 199.24078006397121
      vertex 290.31560422893841 -232.26073767136472 174.75650385340725
      vertex 281.16758650825676 -258.87781272304403 186.88080874169995
    endloop
  endfacet
  facet normal -0.79826515728639214 -2.2156308934384365e-16 -0.6023061834835598
    outer loop
      vertex 299.66906663920338 -258.75873545474587 162.35991330386616
      vertex 318.18835390145489 -258.64168110180719 137.81541722426283
      vertex 308.95952748297685 -285.35959472869553 150.0468217399966
    endloop
  endfacet
  facet normal -0.79826516300283279 5.4557888654056871e-09 -0.60230617590728808
    outer loop
      vertex 262.69794822390674 -258.94893166830724 211.35950314170805
      vertex 281.16758650825676 -258.87781272304403 186.88080874169995
      vertex 271.96781794500697 -285.44897108327854 199.07370149379872
    endloop
  endfacet
  facet normal -0.79826511713137471 4.0659727325765196e-11 -0.60230623670291894
    outer loop
      vertex 399.91216982370287 -144.15124045279669 29.50295319851849
      vertex 415.84762361025827 -129.76079704545521 8.3829379841392644
      vertex 415.70826224220093 -159.90027290166245 8.5676402349069036
    endloop
  endfacet
  facet normal -0.79826512443179931 4.0291734907046182e-09 -0.60230622702731873
    outer loop
      vertex 363.73939884321516 1.8117823009008873 77.444450257289475
      vertex 373.8916678891834 27.138821668557654 63.989164810223485
      vertex 383.43993931872154 -3.3030745619284687 51.334385793438003
    endloop
  endfacet
  facet normal -0.7982651388723121 1.5723352451756815e-10 -0.60230620788861911
    outer loop
      vertex 392.67364569474773 27.338444172956613 39.096514408106621
      vertex 383.15668211543243 54.626498321135969 51.709800072564427
      vertex 402.05217186644688 54.45441424589572 26.666706455687279
    endloop
  endfacet
  facet normal -0.79826512546604433 -1.2624290683590394e-08 -0.60230622565658432
    outer loop
      vertex 392.67364569474773 27.338444172956613 39.096514408106621
      vertex 402.05217186644688 54.45441424589572 26.666706455687279
      vertex 413.54352094009027 25.537139158494156 11.436674863391902
    endloop
  endfacet
  facet normal -0.79826510773468828 -2.2356544302360897e-08 -0.60230624915679387
    outer loop
      vertex 336.74969332127688 -258.53336388765126 113.21518852268076
      vertex 346.00193715732723 -285.28548592593273 100.95275087600666
      vertex 327.46854079834634 -285.29910769409395 125.51594221298504
    endloop
  endfacet
  facet normal -0.79826514423102057 1.2528326076811505e-08 -0.60230620078646691
    outer loop
      vertex 336.74969332127688 -258.53336388765126 113.21518852268076
      vertex 327.46854079834634 -285.29910769409395 125.51594221298504
      vertex 318.18835390145489 -258.64168110180719 137.81541722426283
    endloop
  endfacet
  facet normal -0.79826511216158624 -4.4589171954312246e-10 -0.60230624328961635
    outer loop
      vertex 413.35330538952434 -255.81506091732456 11.688776581466909
      vertex 430.97220009831989 -237.04869066640521 -11.662382610294532
      vertex 432.67950570132575 -266.42083109243742 -13.925155910031773
    endloop
  endfacet
  facet normal -0.79826511226932995 -1.6705094371345389e-10 -0.60230624314681802
    outer loop
      vertex 413.35330538952434 -255.81506091732456 11.688776581466909
      vertex 414.59431797637757 -221.57450807168283 10.044003562817524
      vertex 430.97220009831989 -237.04869066640521 -11.662382610294532
    endloop
  endfacet
  facet normal -0.79826511842922099 2.197414500653045e-09 -0.60230623498282154
    outer loop
      vertex 373.8916678891834 27.138821668557654 63.989164810223485
      vertex 355.07039162955152 28.350852720169115 88.933897991469678
      vertex 364.51177550880141 54.862282454176651 76.420782694790901
    endloop
  endfacet
  facet normal -0.79826513396437904 -4.2127543282693446e-09 -0.60230621439333643
    outer loop
      vertex 383.43993931872154 -3.3030745619284687 51.334385793438003
      vertex 373.8916678891834 27.138821668557654 63.989164810223485
      vertex 392.67364569474773 27.338444172956613 39.096514408106621
    endloop
  endfacet
  facet normal -0.7982651170039865 1.2635745964146593e-11 -0.60230623687175255
    outer loop
      vertex 399.99153531296497 -114.67395794638065 29.397766330919453
      vertex 415.89264283776981 -99.683673266762639 8.3232718602692284
      vertex 415.84762361025827 -129.76079704545521 8.3829379841392644
    endloop
  endfacet
  facet normal -0.7982651190264296 1.6619255547756196e-09 -0.60230623419131235
    outer loop
      vertex 364.87589904097774 -231.83368650709087 75.938192444154026
      vertex 374.06309393808061 -258.63639996428952 63.761965707192374
      vertex 355.35809330679155 -258.5985054948539 88.552593311165722
    endloop
  endfacet
  facet normal -0.79826508428426901 6.8963152349511613e-16 -0.6023062802367487
    outer loop
      vertex 345.66260299943667 1.5094770185519337 101.40248653216243
      vertex 336.62650973747463 28.499294525789409 113.37844956964788
      vertex 355.07039162955152 28.350852720169115 88.933897991469678
    endloop
  endfacet
  facet normal -0.79826511719730664 4.2440596659994949e-10 -0.60230623661553584
    outer loop
      vertex 399.75836630474504 -53.866622246008397 29.706796336578904
      vertex 415.76327628817398 -69.263559902325227 8.4947275026576587
      vertex 399.97468305460745 -84.549644142770575 29.420101432549639
    endloop
  endfacet
  facet normal -0.79826515728639069 1.1521280645879849e-15 -0.60230618348356169
    outer loop
      vertex 299.66906663920338 -258.75873545474587 162.35991330386616
      vertex 308.95952748297685 -285.35959472869553 150.0468217399966
      vertex 290.45745682349474 -285.40500469979946 174.56849983350816
    endloop
  endfacet
  facet normal -0.79826515728639102 1.3736911539318287e-15 -0.60230618348356146
    outer loop
      vertex 299.66906663920338 -258.75873545474587 162.35991330386616
      vertex 290.45745682349474 -285.40500469979946 174.56849983350816
      vertex 281.16758650825676 -258.87781272304403 186.88080874169995
    endloop
  endfacet
  facet normal -0.79826513903586382 2.0910016078764984e-16 -0.60230620767185628
    outer loop
      vertex 384.15672290993149 -69.307183070406126 50.384398318948023
      vertex 399.75836630474504 -53.866622246008397 29.706796336578904
      vertex 399.97468305460745 -84.549644142770575 29.420101432549639
    endloop
  endfacet
  facet normal -0.79826512464605781 1.3563848033532934e-08 -0.60230622674335166
    outer loop
      vertex 400.78785582902793 3.609214305754179 28.342364777066546
      vertex 392.67364569474773 27.338444172956613 39.096514408106621
      vertex 413.54352094009027 25.537139158494156 11.436674863391902
    endloop
  endfacet
  facet normal -0.79826511736712291 -6.2183709371271243e-11 -0.60230623639047065
    outer loop
      vertex 399.75836630474504 -53.866622246008397 29.706796336578904
      vertex 415.5622812991125 -38.740121776559775 8.7611157233688459
      vertex 415.76327628817398 -69.263559902325227 8.4947275026576587
    endloop
  endfacet
  facet normal -0.79826511853855253 -2.4825898350276361e-09 -0.60230623483791923
    outer loop
      vertex 363.73939884321516 1.8117823009008873 77.444450257289475
      vertex 355.07039162955152 28.350852720169115 88.933897991469678
      vertex 373.8916678891834 27.138821668557654 63.989164810223485
    endloop
  endfacet
  facet normal -0.79826518639727606 -1.7598793827990569e-08 -0.60230614490151246
    outer loop
      vertex 272.08718690522176 2.3626887801815144 198.91549610854128
      vertex 253.55436181373358 2.319910547666268 223.47793699032385
      vertex 262.7712731391216 28.870856204809854 211.26232211288351
    endloop
  endfacet
  facet normal -0.79826518642699573 1.7892939079144797e-08 -0.60230614486212375
    outer loop
      vertex 262.91831066157403 -24.168289732971516 211.06744622839236
      vertex 253.55436181373358 2.319910547666268 223.47793699032385
      vertex 272.08718690522176 2.3626887801815144 198.91549610854128
    endloop
  endfacet
  facet normal -0.79826511709584236 2.6106456825317463e-10 -0.60230623675001171
    outer loop
      vertex 400.00716063554262 -173.52666110066397 29.377057345786927
      vertex 415.70826224220093 -159.90027290166245 8.5676402349069036
      vertex 414.78304758068816 -190.71681231989572 9.7938712400039289
    endloop
  endfacet
  facet normal -0.79826511703550496 -3.627047480944852e-11 -0.60230623682997964
    outer loop
      vertex 399.97468305460745 -84.549644142770575 29.420101432549639
      vertex 415.76327628817398 -69.263559902325227 8.4947275026576587
      vertex 415.89264283776981 -99.683673266762639 8.3232718602692284
    endloop
  endfacet
  facet normal -0.79826511707527925 1.9575136488673688e-10 -0.6023062367772648
    outer loop
      vertex 400.00716063554262 -173.52666110066397 29.377057345786927
      vertex 399.91216982370287 -144.15124045279669 29.50295319851849
      vertex 415.70826224220093 -159.90027290166245 8.5676402349069036
    endloop
  endfacet
  facet normal -0.79826513903586427 -4.2096986012877872e-16 -0.60230620767185572
    outer loop
      vertex 396.25083666200231 -205.87741671497531 34.355492634694862
      vertex 400.15628117974154 -234.786908050774 29.179420777490222
      vertex 383.59121021456639 -231.78153179089577 51.133899261561794
    endloop
  endfacet
  facet normal -0.79826516298747285 -5.540021336769929e-09 -0.60230617592764535
    outer loop
      vertex 271.84175399868047 -232.42336210601502 199.24078006397121
      vertex 281.16758650825676 -258.87781272304403 186.88080874169995
      vertex 262.69794822390674 -258.94893166830724 211.35950314170805
    endloop
  endfacet
  facet normal -0.79826511701128067 3.3964014588993763e-11 -0.6023062368620854
    outer loop
      vertex 399.99153531296497 -114.67395794638065 29.397766330919453
      vertex 399.97468305460745 -84.549644142770575 29.420101432549639
      vertex 415.89264283776981 -99.683673266762639 8.3232718602692284
    endloop
  endfacet
  facet normal -0.79826515728639114 9.9839624717218619e-16 -0.60230618348356113
    outer loop
      vertex 327.40124247895261 -231.73012387694405 125.60513589053498
      vertex 318.18835390145489 -258.64168110180719 137.81541722426283
      vertex 308.82833954658685 -232.01122222035781 150.22069137897449
    endloop
  endfacet
  facet normal -0.79826513903586438 1.152128038247184e-15 -0.60230620767185539
    outer loop
      vertex 400.78785582902793 3.609214305754179 28.342364777066546
      vertex 383.43993931872154 -3.3030745619284687 51.334385793438003
      vertex 392.67364569474773 27.338444172956613 39.096514408106621
    endloop
  endfacet
  facet normal -0.79826509947827984 1.4679810792655864e-08 -0.60230626009940469
    outer loop
      vertex 363.73939884321516 1.8117823009008873 77.444450257289475
      vertex 345.66260299943667 1.5094770185519337 101.40248653216243
      vertex 355.07039162955152 28.350852720169115 88.933897991469678
    endloop
  endfacet
  facet normal -0.7982651572863908 7.0013120355074252e-17 -0.60230618348356157
    outer loop
      vertex 318.34902976233076 -24.611878829714968 137.60246583031835
      vertex 309.04630244570671 2.1866699622149071 149.93181473662918
      vertex 327.42334885676559 1.813898232798735 125.57583725199227
    endloop
  endfacet
  facet normal -0.79826511597559024 -3.3930713649565235e-10 -0.60230623823473484
    outer loop
      vertex 400.78785582902793 3.609214305754179 28.342364777066546
      vertex 413.54352094009027 25.537139158494156 11.436674863391902
      vertex 415.58717681794184 -8.2363481664296216 8.7281205079379287
    endloop
  endfacet
  facet normal -0.79826513903586438 3.9500543618991495e-16 -0.60230620767185516
    outer loop
      vertex 384.23722530285903 -100.5802537165012 50.277704658706
      vertex 399.97468305460745 -84.549644142770575 29.420101432549639
      vertex 399.99153531296497 -114.67395794638065 29.397766330919453
    endloop
  endfacet
  facet normal -0.79826509930845657 -1.3312473661702571e-08 -0.60230626032447976
    outer loop
      vertex 354.51660759855201 -26.035171486879392 89.667854237131522
      vertex 345.66260299943667 1.5094770185519337 101.40248653216243
      vertex 363.73939884321516 1.8117823009008873 77.444450257289475
    endloop
  endfacet
  facet normal -0.79826514530267867 1.1795714626402831e-08 -0.60230619936614727
    outer loop
      vertex 317.85290820030752 -204.99020492513802 138.25999943631774
      vertex 336.52181185349673 -204.41559894256363 113.5172106417475
      vertex 327.40124247895261 -231.73012387694405 125.60513589053498
    endloop
  endfacet
  facet normal -0.79826510843475806 -2.2288041432959896e-08 -0.60230624822895806
    outer loop
      vertex 327.42334885676559 1.813898232798735 125.57583725199227
      vertex 336.62650973747463 28.499294525789409 113.37844956964788
      vertex 345.66260299943667 1.5094770185519337 101.40248653216243
    endloop
  endfacet
  facet normal -0.79826515728639102 5.7606403229399272e-16 -0.60230618348356146
    outer loop
      vertex 299.32905778977874 -205.56787542215272 162.81054327431559
      vertex 308.82833954658685 -232.01122222035781 150.22069137897449
      vertex 290.31560422893841 -232.26073767136472 174.75650385340725
    endloop
  endfacet
  facet normal -0.79826512575406228 3.8138882565334266e-10 -0.60230622527486022
    outer loop
      vertex 365.94102808106311 -55.672787759387553 74.526526223783364
      vertex 383.8293090311825 -37.876634617478231 50.818335545748511
      vertex 384.15672290993149 -69.307183070406126 50.384398318948023
    endloop
  endfacet
  facet normal -0.79826510094952308 1.5984459986018173e-08 -0.60230625814949623
    outer loop
      vertex 355.50280390250731 -204.52983896939588 88.360801494151161
      vertex 364.87589904097774 -231.83368650709087 75.938192444154026
      vertex 346.07278865273946 -231.63122911608542 100.85884802821519
    endloop
  endfacet
  facet normal -0.79826515728639191 -3.5213553114859987e-16 -0.60230618348356024
    outer loop
      vertex 299.99383496984319 -24.090872200089237 161.92948232100554
      vertex 290.61044302595081 2.3730057197067396 174.36573991120434
      vertex 309.04630244570671 2.1866699622149071 149.93181473662918
    endloop
  endfacet
  facet normal -0.79826513903586427 9.0414354647705595e-16 -0.6023062076718555
    outer loop
      vertex 383.78947899859133 -129.02280717118148 50.871124187305227
      vertex 384.23722530285903 -100.5802537165012 50.277704658706
      vertex 399.99153531296497 -114.67395794638065 29.397766330919453
    endloop
  endfacet
  facet normal -0.79826515728639114 -1.2193559186394211e-15 -0.60230618348356146
    outer loop
      vertex 290.31560422893841 -232.26073767136472 174.75650385340725
      vertex 299.66906663920338 -258.75873545474587 162.35991330386616
      vertex 281.16758650825676 -258.87781272304403 186.88080874169995
    endloop
  endfacet
  facet normal -0.79826515728639102 -1.1808683724088147e-15 -0.60230618348356146
    outer loop
      vertex 290.31560422893841 -232.26073767136472 174.75650385340725
      vertex 308.82833954658685 -232.01122222035781 150.22069137897449
      vertex 299.66906663920338 -258.75873545474587 162.35991330386616
    endloop
  endfacet
  facet normal -0.79826513903586427 -3.4342278063137213e-16 -0.60230620767185572
    outer loop
      vertex 399.06320466543292 -23.237651058347751 30.628127207138672
      vertex 383.43993931872154 -3.3030745619284687 51.334385793438003
      vertex 400.78785582902793 3.609214305754179 28.342364777066546
    endloop
  endfacet
  facet normal -0.79826511784896514 1.3255186283064007e-09 -0.60230623575186237
    outer loop
      vertex 399.06320466543292 -23.237651058347751 30.628127207138672
      vertex 415.5622812991125 -38.740121776559775 8.7611157233688459
      vertex 399.75836630474504 -53.866622246008397 29.706796336578904
    endloop
  endfacet
  facet normal -0.79826510107420545 -1.593578059041616e-08 -0.60230625798424886
    outer loop
      vertex 346.07278865273946 -231.63122911608542 100.85884802821519
      vertex 364.87589904097774 -231.83368650709087 75.938192444154026
      vertex 355.35809330679155 -258.5985054948539 88.552593311165722
    endloop
  endfacet
  facet normal -0.7982651170646341 -1.6306608325038649e-10 -0.60230623679137352
    outer loop
      vertex 399.99153531296497 -114.67395794638065 29.397766330919453
      vertex 415.84762361025827 -129.76079704545521 8.3829379841392644
      vertex 399.91216982370287 -144.15124045279669 29.50295319851849
    endloop
  endfacet
  facet normal -0.79826515728639169 1.3736911539318299e-15 -0.60230618348356046
    outer loop
      vertex 309.04630244570671 2.1866699622149071 149.93181473662918
      vertex 299.75970925371604 28.827308071755752 162.23978031683237
      vertex 318.2086620840621 28.68258351246137 137.7885018197266
    endloop
  endfacet
  facet normal -0.7982651572863908 5.3175141442522387e-16 -0.60230618348356157
    outer loop
      vertex 309.04630244570671 2.1866699622149071 149.93181473662918
      vertex 318.2086620840621 28.68258351246137 137.7885018197266
      vertex 327.42334885676559 1.813898232798735 125.57583725199227
    endloop
  endfacet
  facet normal -0.79826512775319092 8.005929701517028e-11 -0.6023062226253203
    outer loop
      vertex 370.83018380489432 -85.219581791183202 68.046695403556029
      vertex 384.15672290993149 -69.307183070406126 50.384398318948023
      vertex 384.23722530285903 -100.5802537165012 50.277704658706
    endloop
  endfacet
  facet normal -0.79826511695079938 2.7942129819916971e-09 -0.60230623694224394
    outer loop
      vertex 370.17333218199013 -22.52678116071921 68.917252127626938
      vertex 354.51660759855201 -26.035171486879392 89.667854237131522
      vertex 363.73939884321516 1.8117823009008873 77.444450257289475
    endloop
  endfacet
  facet normal -0.79826515728639102 4.1973647920759034e-16 -0.60230618348356146
    outer loop
      vertex 290.61044302595081 2.3730057197067396 174.36573991120434
      vertex 281.27764674587911 28.879666221928694 186.73494065117421
      vertex 299.75970925371604 28.827308071755752 162.23978031683237
    endloop
  endfacet
  facet normal -0.7982651572863918 1.2592003647146721e-15 -0.60230618348356024
    outer loop
      vertex 290.61044302595081 2.3730057197067396 174.36573991120434
      vertex 299.75970925371604 28.827308071755752 162.23978031683237
      vertex 309.04630244570671 2.1866699622149071 149.93181473662918
    endloop
  endfacet
  facet normal -0.79826516279657844 5.2643518011819216e-09 -0.60230617618064652
    outer loop
      vertex 272.08718690522176 2.3626887801815144 198.91549610854128
      vertex 262.7712731391216 28.870856204809854 211.26232211288351
      vertex 281.27764674587911 28.879666221928694 186.73494065117421
    endloop
  endfacet
  facet normal -0.79826515728639158 -1.3293785360630609e-16 -0.60230618348356058
    outer loop
      vertex 272.08718690522176 2.3626887801815144 198.91549610854128
      vertex 281.27764674587911 28.879666221928694 186.73494065117421
      vertex 290.61044302595081 2.3730057197067396 174.36573991120434
    endloop
  endfacet
  facet normal -0.79826512166941566 1.3028904921407689e-10 -0.60230623068843725
    outer loop
      vertex 396.25083666200231 -205.87741671497531 34.355492634694862
      vertex 414.78304758068816 -190.71681231989572 9.7938712400039289
      vertex 414.59431797637757 -221.57450807168283 10.044003562817524
    endloop
  endfacet
  facet normal -0.79826511944512235 7.2953510205616127e-09 -0.60230623363639935
    outer loop
      vertex 396.25083666200231 -205.87741671497531 34.355492634694862
      vertex 414.59431797637757 -221.57450807168283 10.044003562817524
      vertex 400.15628117974154 -234.786908050774 29.179420777490222
    endloop
  endfacet
  facet normal -0.79826515728639069 -7.9762712163783571e-16 -0.60230618348356169
    outer loop
      vertex 289.41207242982904 -179.36800013053067 175.95399770870486
      vertex 280.79962796349349 -205.88417286333913 187.36848177854557
      vertex 271.10785189689148 -179.6683818803379 200.21345557815735
    endloop
  endfacet
  facet normal -0.79826513903586405 1.1078154213915226e-16 -0.60230620767185583
    outer loop
      vertex 383.78947899859133 -129.02280717118148 50.871124187305227
      vertex 399.99153531296497 -114.67395794638065 29.397766330919453
      vertex 399.91216982370287 -144.15124045279669 29.50295319851849
    endloop
  endfacet
  facet normal -0.7982651182974404 9.8011853357220293e-12 -0.60230623515747639
    outer loop
      vertex 399.06320466543292 -23.237651058347751 30.628127207138672
      vertex 415.58717681794184 -8.2363481664296216 8.7281205079379287
      vertex 415.5622812991125 -38.740121776559775 8.7611157233688459
    endloop
  endfacet
  facet normal -0.79826511700962832 -3.9004374171825297e-09 -0.60230623686427509
    outer loop
      vertex 399.06320466543292 -23.237651058347751 30.628127207138672
      vertex 400.78785582902793 3.609214305754179 28.342364777066546
      vertex 415.58717681794184 -8.2363481664296216 8.7281205079379287
    endloop
  endfacet
  facet normal -0.79826513903586438 -8.6617318260049708e-16 -0.6023062076718555
    outer loop
      vertex 383.92863875223162 -158.0702022664953 50.686689129733388
      vertex 399.91216982370287 -144.15124045279669 29.50295319851849
      vertex 400.00716063554262 -173.52666110066397 29.377057345786927
    endloop
  endfacet
  facet normal -0.79826512517555936 4.7612254986954339e-09 -0.6023062260415778
    outer loop
      vertex 375.22383180781537 -205.5317925104078 62.223584553601619
      vertex 383.59121021456639 -231.78153179089577 51.133899261561794
      vertex 364.87589904097774 -231.83368650709087 75.938192444154026
    endloop
  endfacet
  facet normal -0.79826515728639136 -1.1964406824567545e-15 -0.6023061834835608
    outer loop
      vertex 307.93913732926421 -178.67629133240985 151.3991935550024
      vertex 326.59366478798495 -177.31021451516295 126.67545718256076
      vertex 317.85290820030752 -204.99020492513802 138.25999943631774
    endloop
  endfacet
  facet normal -0.79826515728639158 -6.2037665016276177e-16 -0.60230618348356058
    outer loop
      vertex 318.34902976233076 -24.611878829714968 137.60246583031835
      vertex 299.99383496984319 -24.090872200089237 161.92948232100554
      vertex 309.04630244570671 2.1866699622149071 149.93181473662918
    endloop
  endfacet
  facet normal -0.79826514417831096 -1.2369763254409677e-08 -0.60230620085632525
    outer loop
      vertex 327.40124247895261 -231.73012387694405 125.60513589053498
      vertex 336.74969332127688 -258.53336388765126 113.21518852268076
      vertex 318.18835390145489 -258.64168110180719 137.81541722426283
    endloop
  endfacet
  facet normal -0.79826510787352023 2.2534750648676363e-08 -0.60230624897279361
    outer loop
      vertex 327.40124247895261 -231.73012387694405 125.60513589053498
      vertex 346.07278865273946 -231.63122911608542 100.85884802821519
      vertex 336.74969332127688 -258.53336388765126 113.21518852268076
    endloop
  endfacet
  facet normal -0.79826516236179557 -5.0325023596229995e-09 -0.60230617675688536
    outer loop
      vertex 262.91831066157403 -24.168289732971516 211.06744622839236
      vertex 272.08718690522176 2.3626887801815144 198.91549610854128
      vertex 281.56779875919295 -23.993843801884069 186.35038832729578
    endloop
  endfacet
  facet normal -0.79826513903586405 -7.0311660026443199e-16 -0.60230620767185583
    outer loop
      vertex 384.15672290993149 -69.307183070406126 50.384398318948023
      vertex 399.97468305460745 -84.549644142770575 29.420101432549639
      vertex 384.23722530285903 -100.5802537165012 50.277704658706
    endloop
  endfacet
  facet normal -0.79826512510797276 -3.1498936618155675e-09 -0.60230622613115392
    outer loop
      vertex 370.17333218199013 -22.52678116071921 68.917252127626938
      vertex 363.73939884321516 1.8117823009008873 77.444450257289475
      vertex 383.43993931872154 -3.3030745619284687 51.334385793438003
    endloop
  endfacet
  facet normal -0.79826515728639147 8.0631129933497176e-16 -0.60230618348356046
    outer loop
      vertex 281.56779875919295 -23.993843801884069 186.35038832729578
      vertex 272.08718690522176 2.3626887801815144 198.91549610854128
      vertex 290.61044302595081 2.3730057197067396 174.36573991120434
    endloop
  endfacet
  facet normal -0.79826516239489553 4.7218930341553668e-09 -0.60230617671301623
    outer loop
      vertex 272.75708168347546 -50.269535449126977 198.02765255788208
      vertex 262.91831066157403 -24.168289732971516 211.06744622839236
      vertex 281.56779875919295 -23.993843801884069 186.35038832729578
    endloop
  endfacet
  facet normal -0.7982651357033953 -4.4893514955371208e-09 -0.60230621208853563
    outer loop
      vertex 375.22383180781537 -205.5317925104078 62.223584553601619
      vertex 396.25083666200231 -205.87741671497531 34.355492634694862
      vertex 383.59121021456639 -231.78153179089577 51.133899261561794
    endloop
  endfacet
  facet normal -0.79826513903586449 -8.8123302126932509e-16 -0.6023062076718555
    outer loop
      vertex 383.78947899859133 -129.02280717118148 50.871124187305227
      vertex 399.91216982370287 -144.15124045279669 29.50295319851849
      vertex 383.92863875223162 -158.0702022664953 50.686689129733388
    endloop
  endfacet
  facet normal -0.79826514466887999 -1.194332666537384e-08 -0.60230620020615089
    outer loop
      vertex 336.64146919165267 -25.560893066171758 113.35862309540693
      vertex 318.34902976233076 -24.611878829714968 137.60246583031835
      vertex 327.42334885676559 1.813898232798735 125.57583725199227
    endloop
  endfacet
  facet normal -0.79826515728639114 3.5450094295014939e-16 -0.60230618348356124
    outer loop
      vertex 299.99383496984319 -24.090872200089237 161.92948232100554
      vertex 281.56779875919295 -23.993843801884069 186.35038832729578
      vertex 290.61044302595081 2.3730057197067396 174.36573991120434
    endloop
  endfacet
  facet normal -0.79826510778653592 -2.2735494198089405e-08 -0.60230624908807806
    outer loop
      vertex 336.52181185349673 -204.41559894256363 113.5172106417475
      vertex 346.07278865273946 -231.63122911608542 100.85884802821519
      vertex 327.40124247895261 -231.73012387694405 125.60513589053498
    endloop
  endfacet
  facet normal -0.7982650842842689 -8.8625227632673658e-16 -0.60230628023674881
    outer loop
      vertex 336.52181185349673 -204.41559894256363 113.5172106417475
      vertex 355.50280390250731 -204.52983896939588 88.360801494151161
      vertex 346.07278865273946 -231.63122911608542 100.85884802821519
    endloop
  endfacet
  facet normal -0.79826515728639158 -5.0342705302029569e-16 -0.60230618348356024
    outer loop
      vertex 309.37511905837187 -50.461009528041387 149.49601837221303
      vertex 291.22851330000015 -50.197566486228283 173.54658185163666
      vertex 299.99383496984319 -24.090872200089237 161.92948232100554
    endloop
  endfacet
  facet normal -0.79826512630833291 2.3938872277340617e-09 -0.60230622454025928
    outer loop
      vertex 370.12664522673595 -144.24742622112663 68.979128571873545
      vertex 383.92863875223162 -158.0702022664953 50.686689129733388
      vertex 365.39710714677921 -174.32586750328176 75.24741053036422
    endloop
  endfacet
  facet normal -0.79826513903586438 -7.0739231942718208e-16 -0.6023062076718555
    outer loop
      vertex 383.8293090311825 -37.876634617478231 50.818335545748511
      vertex 383.43993931872154 -3.3030745619284687 51.334385793438003
      vertex 399.06320466543292 -23.237651058347751 30.628127207138672
    endloop
  endfacet
  facet normal -0.79826510816697094 2.1938938418483598e-08 -0.60230624858386927
    outer loop
      vertex 336.64146919165267 -25.560893066171758 113.35862309540693
      vertex 327.42334885676559 1.813898232798735 125.57583725199227
      vertex 345.66260299943667 1.5094770185519337 101.40248653216243
    endloop
  endfacet
  facet normal -0.79826508428426879 -8.4161228129914028e-16 -0.60230628023674893
    outer loop
      vertex 336.64146919165267 -25.560893066171758 113.35862309540693
      vertex 345.66260299943667 1.5094770185519337 101.40248653216243
      vertex 354.51660759855201 -26.035171486879392 89.667854237131522
    endloop
  endfacet
  facet normal -0.79826515728639114 4.4312617868768674e-17 -0.60230618348356124
    outer loop
      vertex 317.85290820030752 -204.99020492513802 138.25999943631774
      vertex 327.40124247895261 -231.73012387694405 125.60513589053498
      vertex 308.82833954658685 -232.01122222035781 150.22069137897449
    endloop
  endfacet
  facet normal -0.79826515728639125 2.6587570721261208e-16 -0.60230618348356091
    outer loop
      vertex 317.85290820030752 -204.99020492513802 138.25999943631774
      vertex 308.82833954658685 -232.01122222035781 150.22069137897449
      vertex 299.32905778977874 -205.56787542215272 162.81054327431559
    endloop
  endfacet
  facet normal -0.79826513903586438 -8.1424433472276943e-16 -0.6023062076718555
    outer loop
      vertex 383.8293090311825 -37.876634617478231 50.818335545748511
      vertex 399.06320466543292 -23.237651058347751 30.628127207138672
      vertex 399.75836630474504 -53.866622246008397 29.706796336578904
    endloop
  endfacet
  facet normal -0.79826513903586382 4.5558909204726359e-16 -0.60230620767185605
    outer loop
      vertex 383.8293090311825 -37.876634617478231 50.818335545748511
      vertex 399.75836630474504 -53.866622246008397 29.706796336578904
      vertex 384.15672290993149 -69.307183070406126 50.384398318948023
    endloop
  endfacet
  facet normal -0.79826511941346878 -1.4877951148597431e-09 -0.60230623367835101
    outer loop
      vertex 375.22383180781537 -205.5317925104078 62.223584553601619
      vertex 364.87589904097774 -231.83368650709087 75.938192444154026
      vertex 355.50280390250731 -204.52983896939588 88.360801494151161
    endloop
  endfacet
  facet normal -0.79826511936329603 1.2343781626017441e-09 -0.60230623374484749
    outer loop
      vertex 365.39710714677921 -174.32586750328176 75.24741053036422
      vertex 375.22383180781537 -205.5317925104078 62.223584553601619
      vertex 355.50280390250731 -204.52983896939588 88.360801494151161
    endloop
  endfacet
  facet normal -0.79826515728639114 -1.1367541165024113e-15 -0.60230618348356124
    outer loop
      vertex 291.22851330000015 -50.197566486228283 173.54658185163666
      vertex 281.56779875919295 -23.993843801884069 186.35038832729578
      vertex 299.99383496984319 -24.090872200089237 161.92948232100554
    endloop
  endfacet
  facet normal -0.79826516373165635 -6.5682040704156953e-09 -0.6023061749413432
    outer loop
      vertex 271.10785189689148 -179.6683818803379 200.21345557815735
      vertex 280.79962796349349 -205.88417286333913 187.36848177854557
      vertex 262.40995542870564 -206.1333842577007 211.74119381328515
    endloop
  endfacet
  facet normal -0.79826515728639125 9.3056497524414236e-16 -0.6023061834835608
    outer loop
      vertex 280.79962796349349 -205.88417286333913 187.36848177854557
      vertex 299.32905778977874 -205.56787542215272 162.81054327431559
      vertex 290.31560422893841 -232.26073767136472 174.75650385340725
    endloop
  endfacet
  facet normal -0.7982651390358636 5.770982613088342e-16 -0.60230620767185616
    outer loop
      vertex 385.15131281338051 -183.01735990527186 49.066220891175348
      vertex 400.00716063554262 -173.52666110066397 29.377057345786927
      vertex 396.25083666200231 -205.87741671497531 34.355492634694862
    endloop
  endfacet
  facet normal -0.79826513903586382 8.0870525761581133e-16 -0.60230620767185628
    outer loop
      vertex 385.15131281338051 -183.01735990527186 49.066220891175348
      vertex 383.92863875223162 -158.0702022664953 50.686689129733388
      vertex 400.00716063554262 -173.52666110066397 29.377057345786927
    endloop
  endfacet
  facet normal -0.79826508428426879 5.3175136579604187e-16 -0.60230628023674893
    outer loop
      vertex 346.11781914577108 -54.133261432488588 100.79916697972749
      vertex 336.64146919165267 -25.560893066171758 113.35862309540693
      vertex 354.51660759855201 -26.035171486879392 89.667854237131522
    endloop
  endfacet
  facet normal -0.79826510602747058 2.2328744070823742e-08 -0.60230625141945082
    outer loop
      vertex 336.41510014023743 -80.17787317826145 113.65864073732209
      vertex 327.66803186412386 -51.786955751439386 125.25154717377247
      vertex 346.11781914577108 -54.133261432488588 100.79916697972749
    endloop
  endfacet
  facet normal -0.79826515728639125 -6.00335886319209e-16 -0.60230618348356124
    outer loop
      vertex 309.37511905837187 -50.461009528041387 149.49601837221303
      vertex 318.34902976233076 -24.611878829714968 137.60246583031835
      vertex 327.66803186412386 -51.786955751439386 125.25154717377247
    endloop
  endfacet
  facet normal -0.79826515728639136 -2.2156308934384343e-16 -0.60230618348356058
    outer loop
      vertex 309.37511905837187 -50.461009528041387 149.49601837221303
      vertex 299.99383496984319 -24.090872200089237 161.92948232100554
      vertex 318.34902976233076 -24.611878829714968 137.60246583031835
    endloop
  endfacet
  facet normal -0.79826515728639202 2.6587570721261233e-16 -0.60230618348356002
    outer loop
      vertex 280.79962796349349 -205.88417286333913 187.36848177854557
      vertex 290.31560422893841 -232.26073767136472 174.75650385340725
      vertex 271.84175399868047 -232.42336210601502 199.24078006397121
    endloop
  endfacet
  facet normal -0.79826516379371237 6.0545917837193353e-09 -0.60230617485909732
    outer loop
      vertex 280.79962796349349 -205.88417286333913 187.36848177854557
      vertex 271.84175399868047 -232.42336210601502 199.24078006397121
      vertex 262.40995542870564 -206.1333842577007 211.74119381328515
    endloop
  endfacet
  facet normal -0.7982650842842689 1.5509414835717889e-15 -0.60230628023674881
    outer loop
      vertex 345.35734428555742 -176.18072192143637 101.8070603859625
      vertex 355.50280390250731 -204.52983896939588 88.360801494151161
      vertex 336.52181185349673 -204.41559894256363 113.5172106417475
    endloop
  endfacet
  facet normal -0.79826513564959989 4.5322432888724325e-09 -0.60230621215983327
    outer loop
      vertex 385.15131281338051 -183.01735990527186 49.066220891175348
      vertex 396.25083666200231 -205.87741671497531 34.355492634694862
      vertex 375.22383180781537 -205.5317925104078 62.223584553601619
    endloop
  endfacet
  facet normal -0.7982650842842689 1.7725045526534731e-16 -0.60230628023674893
    outer loop
      vertex 354.19870837823754 -84.701944896446463 90.089181153726955
      vertex 336.41510014023743 -80.17787317826145 113.65864073732209
      vertex 346.11781914577108 -54.133261432488588 100.79916697972749
    endloop
  endfacet
  facet normal -0.79826514421148298 1.23595484394309e-08 -0.60230620081236119
    outer loop
      vertex 327.66803186412386 -51.786955751439386 125.25154717377247
      vertex 318.34902976233076 -24.611878829714968 137.60246583031835
      vertex 336.64146919165267 -25.560893066171758 113.35862309540693
    endloop
  endfacet
  facet normal -0.79826514505206214 -1.0649486013530406e-08 -0.60230619969830101
    outer loop
      vertex 326.59366478798495 -177.31021451516295 126.67545718256076
      vertex 336.52181185349673 -204.41559894256363 113.5172106417475
      vertex 317.85290820030752 -204.99020492513802 138.25999943631774
    endloop
  endfacet
  facet normal -0.79826510039536769 -1.5893609329165346e-08 -0.60230625888394473
    outer loop
      vertex 345.35734428555742 -176.18072192143637 101.8070603859625
      vertex 365.39710714677921 -174.32586750328176 75.24741053036422
      vertex 355.50280390250731 -204.52983896939588 88.360801494151161
    endloop
  endfacet
  facet normal -0.79826511136672573 2.3361468901061222e-08 -0.60230624434308189
    outer loop
      vertex 345.35734428555742 -176.18072192143637 101.8070603859625
      vertex 336.52181185349673 -204.41559894256363 113.5172106417475
      vertex 326.59366478798495 -177.31021451516295 126.67545718256076
    endloop
  endfacet
  facet normal -0.79826512696082552 3.7486171817121316e-10 -0.60230622367547959
    outer loop
      vertex 370.17333218199013 -22.52678116071921 68.917252127626938
      vertex 383.43993931872154 -3.3030745619284687 51.334385793438003
      vertex 383.8293090311825 -37.876634617478231 50.818335545748511
    endloop
  endfacet
  facet normal -0.79826510170793363 1.4356368412113501e-08 -0.60230625714433883
    outer loop
      vertex 346.11781914577108 -54.133261432488588 100.79916697972749
      vertex 354.51660759855201 -26.035171486879392 89.667854237131522
      vertex 365.94102808106311 -55.672787759387553 74.526526223783364
    endloop
  endfacet
  facet normal -0.79826515728639102 -1.0191902109816793e-15 -0.60230618348356135
    outer loop
      vertex 272.75708168347546 -50.269535449126977 198.02765255788208
      vertex 281.56779875919295 -23.993843801884069 186.35038832729578
      vertex 291.22851330000015 -50.197566486228283 173.54658185163666
    endloop
  endfacet
  facet normal -0.7982651850028617 -1.8769376912796349e-08 -0.6023061467495967
    outer loop
      vertex 253.80739206021801 -50.642871970097929 223.14258386233143
      vertex 262.91831066157403 -24.168289732971516 211.06744622839236
      vertex 272.75708168347546 -50.269535449126977 198.02765255788208
    endloop
  endfacet
  facet normal -0.79826515728639125 -2.215630893438434e-16 -0.6023061834835608
    outer loop
      vertex 289.41207242982904 -179.36800013053067 175.95399770870486
      vertex 299.32905778977874 -205.56787542215272 162.81054327431559
      vertex 280.79962796349349 -205.88417286333913 187.36848177854557
    endloop
  endfacet
  facet normal -0.79826514589192776 -1.1527146720626157e-08 -0.60230619858518752
    outer loop
      vertex 318.69126266462047 -76.247013752291451 137.1488882163633
      vertex 327.66803186412386 -51.786955751439386 125.25154717377247
      vertex 336.41510014023743 -80.17787317826145 113.65864073732209
    endloop
  endfacet
  facet normal -0.79826515142654075 -4.2376861097879154e-09 -0.60230619124990104
    outer loop
      vertex 323.2612663688754 -124.31729167986168 131.09204399690492
      vertex 334.85047991108428 -147.90370804647208 115.73230614656686
      vertex 316.13440222218168 -151.48303272802622 140.53761750258431
    endloop
  endfacet
  facet normal -0.79826515728639114 2.6587570721261203e-16 -0.60230618348356135
    outer loop
      vertex 283.10285064028847 -76.181970136766466 184.31591073947121
      vertex 272.75708168347546 -50.269535449126977 198.02765255788208
      vertex 291.22851330000015 -50.197566486228283 173.54658185163666
    endloop
  endfacet
  facet normal -0.79826512657465987 -2.6406867945589442e-09 -0.60230622418728341
    outer loop
      vertex 370.83018380489432 -85.219581791183202 68.046695403556029
      vertex 365.94102808106311 -55.672787759387553 74.526526223783364
      vertex 384.15672290993149 -69.307183070406126 50.384398318948023
    endloop
  endfacet
  facet normal -0.79826510806043716 -2.1737116698543203e-08 -0.60230624872506366
    outer loop
      vertex 346.11781914577108 -54.133261432488588 100.79916697972749
      vertex 327.66803186412386 -51.786955751439386 125.25154717377247
      vertex 336.64146919165267 -25.560893066171758 113.35862309540693
    endloop
  endfacet
  facet normal -0.7982651255403469 -5.8562229883910247e-10 -0.60230622555810764
    outer loop
      vertex 365.13381569477059 -114.83088983282187 75.596363225225616
      vertex 384.23722530285903 -100.5802537165012 50.277704658706
      vertex 383.78947899859133 -129.02280717118148 50.871124187305227
    endloop
  endfacet
  facet normal -0.79826512894387014 2.6213570919074847e-08 -0.60230622104725562
    outer loop
      vertex 323.2612663688754 -124.31729167986168 131.09204399690492
      vertex 342.12637007872223 -113.7340976611091 106.08922376723385
      vertex 334.85047991108428 -147.90370804647208 115.73230614656686
    endloop
  endfacet
  facet normal -0.79826512652207171 3.0420802646595438e-09 -0.60230622425698122
    outer loop
      vertex 365.13381569477059 -114.83088983282187 75.596363225225616
      vertex 370.83018380489432 -85.219581791183202 68.046695403556029
      vertex 384.23722530285903 -100.5802537165012 50.277704658706
    endloop
  endfacet
  facet normal -0.79826515728639147 8.9719608782329766e-16 -0.60230618348356069
    outer loop
      vertex 316.13440222218168 -151.48303272802622 140.53761750258431
      vertex 326.59366478798495 -177.31021451516295 126.67545718256076
      vertex 307.93913732926421 -178.67629133240985 151.3991935550024
    endloop
  endfacet
  facet normal -0.79826515906232054 -1.9545447366297814e-09 -0.60230618112983692
    outer loop
      vertex 264.20902241302809 -76.332083574455851 209.35680400596806
      vertex 272.75708168347546 -50.269535449126977 198.02765255788208
      vertex 283.10285064028847 -76.181970136766466 184.31591073947121
    endloop
  endfacet
  facet normal -0.79826518529253232 2.1760165619053789e-08 -0.60230614636568214
    outer loop
      vertex 264.20902241302809 -76.332083574455851 209.35680400596806
      vertex 253.80739206021801 -50.642871970097929 223.14258386233143
      vertex 272.75708168347546 -50.269535449126977 198.02765255788208
    endloop
  endfacet
  facet normal -0.79826512631940594 1.9478520967596092e-09 -0.60230622452558358
    outer loop
      vertex 370.17333218199013 -22.52678116071921 68.917252127626938
      vertex 383.8293090311825 -37.876634617478231 50.818335545748511
      vertex 365.94102808106311 -55.672787759387553 74.526526223783364
    endloop
  endfacet
  facet normal -0.79826511660401855 -1.4717145135515108e-09 -0.60230623740184941
    outer loop
      vertex 370.17333218199013 -22.52678116071921 68.917252127626938
      vertex 365.94102808106311 -55.672787759387553 74.526526223783364
      vertex 354.51660759855201 -26.035171486879392 89.667854237131522
    endloop
  endfacet
  facet normal -0.79826511629092223 -2.3832998353440232e-09 -0.60230623781681036
    outer loop
      vertex 354.19870837823754 -84.701944896446463 90.089181153726955
      vertex 370.83018380489432 -85.219581791183202 68.046695403556029
      vertex 365.13381569477059 -114.83088983282187 75.596363225225616
    endloop
  endfacet
  facet normal -0.79826511387487609 3.2331609896504687e-09 -0.60230624101891173
    outer loop
      vertex 352.99934233069501 -144.77336712334764 91.678757869833731
      vertex 365.13381569477059 -114.83088983282187 75.596363225225616
      vertex 370.12664522673595 -144.24742622112663 68.979128571873545
    endloop
  endfacet
  facet normal -0.79826512106061975 -1.2522276555191281e-08 -0.60230623149530316
    outer loop
      vertex 326.35985621094272 -99.607800578749874 126.98533485880853
      vertex 342.12637007872223 -113.7340976611091 106.08922376723385
      vertex 323.2612663688754 -124.31729167986168 131.09204399690492
    endloop
  endfacet
  facet normal -0.79826511027523672 -2.662117841301943e-08 -0.60230624578968417
    outer loop
      vertex 334.85047991108428 -147.90370804647208 115.73230614656686
      vertex 345.35734428555742 -176.18072192143637 101.8070603859625
      vertex 326.59366478798495 -177.31021451516295 126.67545718256076
    endloop
  endfacet
  facet normal -0.79826510131253803 1.1421186975911963e-08 -0.60230625766837542
    outer loop
      vertex 352.99934233069501 -144.77336712334764 91.678757869833731
      vertex 365.39710714677921 -174.32586750328176 75.24741053036422
      vertex 345.35734428555742 -176.18072192143637 101.8070603859625
    endloop
  endfacet
  facet normal -0.79826515728639125 -1.0066442211314602e-15 -0.60230618348356091
    outer loop
      vertex 307.93913732926421 -178.67629133240985 151.3991935550024
      vertex 317.85290820030752 -204.99020492513802 138.25999943631774
      vertex 299.32905778977874 -205.56787542215272 162.81054327431559
    endloop
  endfacet
  facet normal -0.79826515728639169 -6.6072520575508786e-16 -0.60230618348356046
    outer loop
      vertex 307.93913732926421 -178.67629133240985 151.3991935550024
      vertex 299.32905778977874 -205.56787542215272 162.81054327431559
      vertex 289.41207242982904 -179.36800013053067 175.95399770870486
    endloop
  endfacet
  facet normal -0.79826512712091013 1.5734822521259021e-10 -0.60230622346331197
    outer loop
      vertex 370.12664522673595 -144.24742622112663 68.979128571873545
      vertex 383.78947899859133 -129.02280717118148 50.871124187305227
      vertex 383.92863875223162 -158.0702022664953 50.686689129733388
    endloop
  endfacet
  facet normal -0.79826512605975186 -2.4677150751655262e-09 -0.60230622486971552
    outer loop
      vertex 370.12664522673595 -144.24742622112663 68.979128571873545
      vertex 365.13381569477059 -114.83088983282187 75.596363225225616
      vertex 383.78947899859133 -129.02280717118148 50.871124187305227
    endloop
  endfacet
  facet normal -0.79826515728639114 -4.8743879655645541e-16 -0.60230618348356102
    outer loop
      vertex 318.69126266462047 -76.247013752291451 137.1488882163633
      vertex 309.37511905837187 -50.461009528041387 149.49601837221303
      vertex 327.66803186412386 -51.786955751439386 125.25154717377247
    endloop
  endfacet
  facet normal -0.79826515728639114 4.4312617868768674e-17 -0.60230618348356124
    outer loop
      vertex 311.29025244575467 -101.50514457892268 146.95780060751815
      vertex 301.20801356015841 -76.09268105727574 160.32027343364868
      vertex 318.69126266462047 -76.247013752291451 137.1488882163633
    endloop
  endfacet
  facet normal -0.7982651572863918 -5.7606403229399322e-16 -0.60230618348356002
    outer loop
      vertex 279.12587626609985 -153.31937947359486 189.58678485863467
      vertex 297.45430101501637 -152.89399575190257 165.29524798550378
      vertex 289.41207242982904 -179.36800013053067 175.95399770870486
    endloop
  endfacet
  facet normal -0.79826515728639069 7.0900188590029839e-16 -0.60230618348356169
    outer loop
      vertex 279.12587626609985 -153.31937947359486 189.58678485863467
      vertex 289.41207242982904 -179.36800013053067 175.95399770870486
      vertex 271.10785189689148 -179.6683818803379 200.21345557815735
    endloop
  endfacet
  facet normal -0.79826511380515508 -3.0254864267750197e-09 -0.60230624111131614
    outer loop
      vertex 352.99934233069501 -144.77336712334764 91.678757869833731
      vertex 370.12664522673595 -144.24742622112663 68.979128571873545
      vertex 365.39710714677921 -174.32586750328176 75.24741053036422
    endloop
  endfacet
  facet normal -0.7982651572863908 8.8625235737537312e-17 -0.60230618348356157
    outer loop
      vertex 323.2612663688754 -124.31729167986168 131.09204399690492
      vertex 316.13440222218168 -151.48303272802622 140.53761750258431
      vertex 304.86330683254124 -126.76579626738555 155.47573864549435
    endloop
  endfacet
  facet normal -0.7982651572863908 2.8672908360915465e-16 -0.60230618348356169
    outer loop
      vertex 304.86330683254124 -126.76579626738555 155.47573864549435
      vertex 316.13440222218168 -151.48303272802622 140.53761750258431
      vertex 297.45430101501637 -152.89399575190257 165.29524798550378
    endloop
  endfacet
  facet normal -0.79826508428426934 -1.0188028284679179e-15 -0.60230628023674837
    outer loop
      vertex 334.85047991108428 -147.90370804647208 115.73230614656686
      vertex 352.99934233069501 -144.77336712334764 91.678757869833731
      vertex 345.35734428555742 -176.18072192143637 101.8070603859625
    endloop
  endfacet
  facet normal -0.79826515212062099 5.766662990767449e-09 -0.6023061903300031
    outer loop
      vertex 334.85047991108428 -147.90370804647208 115.73230614656686
      vertex 326.59366478798495 -177.31021451516295 126.67545718256076
      vertex 316.13440222218168 -151.48303272802622 140.53761750258431
    endloop
  endfacet
  facet normal -0.79826510248609839 -1.3263638795698753e-08 -0.60230625611299959
    outer loop
      vertex 354.19870837823754 -84.701944896446463 90.089181153726955
      vertex 346.11781914577108 -54.133261432488588 100.79916697972749
      vertex 365.94102808106311 -55.672787759387553 74.526526223783364
    endloop
  endfacet
  facet normal -0.79826511624060681 2.0729865644859472e-09 -0.60230623788349613
    outer loop
      vertex 354.19870837823754 -84.701944896446463 90.089181153726955
      vertex 365.94102808106311 -55.672787759387553 74.526526223783364
      vertex 370.83018380489432 -85.219581791183202 68.046695403556029
    endloop
  endfacet
  facet normal -0.79826515728639169 -7.5331450376906794e-16 -0.60230618348356046
    outer loop
      vertex 297.45430101501637 -152.89399575190257 165.29524798550378
      vertex 307.93913732926421 -178.67629133240985 151.3991935550024
      vertex 289.41207242982904 -179.36800013053067 175.95399770870486
    endloop
  endfacet
  facet normal -0.79826515728639069 2.7587816333314558e-16 -0.60230618348356157
    outer loop
      vertex 297.45430101501637 -152.89399575190257 165.29524798550378
      vertex 316.13440222218168 -151.48303272802622 140.53761750258431
      vertex 307.93913732926421 -178.67629133240985 151.3991935550024
    endloop
  endfacet
  facet normal -0.79826516733162223 8.4261375194127987e-09 -0.60230617017013632
    outer loop
      vertex 261.12146987352713 -153.49355583730716 213.44888555095557
      vertex 279.12587626609985 -153.31937947359486 189.58678485863467
      vertex 271.10785189689148 -179.6683818803379 200.21345557815735
    endloop
  endfacet
  facet normal -0.79826515728639114 -3.9881356081891805e-16 -0.60230618348356124
    outer loop
      vertex 301.20801356015841 -76.09268105727574 160.32027343364868
      vertex 309.37511905837187 -50.461009528041387 149.49601837221303
      vertex 318.69126266462047 -76.247013752291451 137.1488882163633
    endloop
  endfacet
  facet normal -0.7982651572863918 4.4312617868768711e-17 -0.60230618348356002
    outer loop
      vertex 286.64813470320047 -127.36630209776578 179.61717641179575
      vertex 297.45430101501637 -152.89399575190257 165.29524798550378
      vertex 279.12587626609985 -153.31937947359486 189.58678485863467
    endloop
  endfacet
  facet normal -0.79826515728639169 1.3293785360630612e-16 -0.60230618348356024
    outer loop
      vertex 301.20801356015841 -76.09268105727574 160.32027343364868
      vertex 291.22851330000015 -50.197566486228283 173.54658185163666
      vertex 309.37511905837187 -50.461009528041387 149.49601837221303
    endloop
  endfacet
  facet normal -0.79826515728639136 5.4665568955955093e-16 -0.6023061834835608
    outer loop
      vertex 301.20801356015841 -76.09268105727574 160.32027343364868
      vertex 283.10285064028847 -76.181970136766466 184.31591073947121
      vertex 291.22851330000015 -50.197566486228283 173.54658185163666
    endloop
  endfacet
  facet normal -0.7982650842842689 -3.7665721743886303e-16 -0.60230628023674893
    outer loop
      vertex 342.12637007872223 -113.7340976611091 106.08922376723385
      vertex 336.41510014023743 -80.17787317826145 113.65864073732209
      vertex 354.19870837823754 -84.701944896446463 90.089181153726955
    endloop
  endfacet
  facet normal -0.79826508428426934 6.6468920724505283e-17 -0.60230628023674815
    outer loop
      vertex 342.12637007872223 -113.7340976611091 106.08922376723385
      vertex 352.99934233069501 -144.77336712334764 91.678757869833731
      vertex 334.85047991108428 -147.90370804647208 115.73230614656686
    endloop
  endfacet
  facet normal -0.79826517863762492 1.6742326223933177e-08 -0.60230615518574959
    outer loop
      vertex 275.55280669042554 -101.85105066631783 194.32234465369481
      vertex 268.31086333478407 -127.30925006481786 203.92043813235497
      vertex 256.26536731331572 -101.98428191560828 219.88491130694791
    endloop
  endfacet
  facet normal -0.7982651572863908 1.3293785360630597e-16 -0.60230618348356157
    outer loop
      vertex 323.2612663688754 -124.31729167986168 131.09204399690492
      vertex 304.86330683254124 -126.76579626738555 155.47573864549435
      vertex 311.29025244575467 -101.50514457892268 146.95780060751815
    endloop
  endfacet
  facet normal -0.79826515728639114 -5.7606403229399272e-16 -0.60230618348356124
    outer loop
      vertex 268.31086333478407 -127.30925006481786 203.92043813235497
      vertex 286.64813470320047 -127.36630209776578 179.61717641179575
      vertex 279.12587626609985 -153.31937947359486 189.58678485863467
    endloop
  endfacet
  facet normal -0.79826509860347339 -1.3826774783715398e-08 -0.60230626125882725
    outer loop
      vertex 342.12637007872223 -113.7340976611091 106.08922376723385
      vertex 365.13381569477059 -114.83088983282187 75.596363225225616
      vertex 352.99934233069501 -144.77336712334764 91.678757869833731
    endloop
  endfacet
  facet normal -0.79826509809067225 1.5825517820924143e-08 -0.60230626193846692
    outer loop
      vertex 342.12637007872223 -113.7340976611091 106.08922376723385
      vertex 354.19870837823754 -84.701944896446463 90.089181153726955
      vertex 365.13381569477059 -114.83088983282187 75.596363225225616
    endloop
  endfacet
  facet normal -0.79826515728639136 -8.8625235737537373e-17 -0.6023061834835608
    outer loop
      vertex 294.01879888237647 -102.11321631976165 169.84848307667963
      vertex 283.10285064028847 -76.181970136766466 184.31591073947121
      vertex 301.20801356015841 -76.09268105727574 160.32027343364868
    endloop
  endfacet
  facet normal -0.79826515728639125 6.5354618935515851e-16 -0.6023061834835608
    outer loop
      vertex 286.64813470320047 -127.36630209776578 179.61717641179575
      vertex 304.86330683254124 -126.76579626738555 155.47573864549435
      vertex 297.45430101501637 -152.89399575190257 165.29524798550378
    endloop
  endfacet
  facet normal -0.79826516726192409 -1.1433679857050455e-08 -0.60230617026251032
    outer loop
      vertex 268.31086333478407 -127.30925006481786 203.92043813235497
      vertex 279.12587626609985 -153.31937947359486 189.58678485863467
      vertex 261.12146987352713 -153.49355583730716 213.44888555095557
    endloop
  endfacet
  facet normal -0.79826515728639114 1.3293785360630602e-16 -0.60230618348356102
    outer loop
      vertex 275.55280669042554 -101.85105066631783 194.32234465369481
      vertex 283.10285064028847 -76.181970136766466 184.31591073947121
      vertex 294.01879888237647 -102.11321631976165 169.84848307667963
    endloop
  endfacet
  facet normal -0.79826515728639136 -1.9232581791751339e-16 -0.60230618348356102
    outer loop
      vertex 294.01879888237647 -102.11321631976165 169.84848307667963
      vertex 301.20801356015841 -76.09268105727574 160.32027343364868
      vertex 311.29025244575467 -101.50514457892268 146.95780060751815
    endloop
  endfacet
  facet normal -0.79826515907212725 1.4478441577879918e-09 -0.60230618111683976
    outer loop
      vertex 275.55280669042554 -101.85105066631783 194.32234465369481
      vertex 264.20902241302809 -76.332083574455851 209.35680400596806
      vertex 283.10285064028847 -76.181970136766466 184.31591073947121
    endloop
  endfacet
  facet normal -0.79826517853952117 -2.2406531894514858e-08 -0.60230615531577103
    outer loop
      vertex 275.55280669042554 -101.85105066631783 194.32234465369481
      vertex 256.26536731331572 -101.98428191560828 219.88491130694791
      vertex 264.20902241302809 -76.332083574455851 209.35680400596806
    endloop
  endfacet
  facet normal -0.79826515728639125 4.5092067620596176e-16 -0.6023061834835608
    outer loop
      vertex 294.01879888237647 -102.11321631976165 169.84848307667963
      vertex 304.86330683254124 -126.76579626738555 155.47573864549435
      vertex 286.64813470320047 -127.36630209776578 179.61717641179575
    endloop
  endfacet
  facet normal -0.79826515728639125 4.431261786876868e-16 -0.60230618348356102
    outer loop
      vertex 294.01879888237647 -102.11321631976165 169.84848307667963
      vertex 311.29025244575467 -101.50514457892268 146.95780060751815
      vertex 304.86330683254124 -126.76579626738555 155.47573864549435
    endloop
  endfacet
  facet normal -0.79826515728639114 4.8743879655645541e-16 -0.60230618348356124
    outer loop
      vertex 275.55280669042554 -101.85105066631783 194.32234465369481
      vertex 286.64813470320047 -127.36630209776578 179.61717641179575
      vertex 268.31086333478407 -127.30925006481786 203.92043813235497
    endloop
  endfacet
  facet normal -0.79826515728639125 3.6558175944108199e-16 -0.60230618348356102
    outer loop
      vertex 275.55280669042554 -101.85105066631783 194.32234465369481
      vertex 294.01879888237647 -102.11321631976165 169.84848307667963
      vertex 286.64813470320047 -127.36630209776578 179.61717641179575
    endloop
  endfacet
  facet normal -0.79826514399695669 1.2025416280266166e-08 -0.60230620109668309
    outer loop
      vertex 326.35985621094272 -99.607800578749874 126.98533485880853
      vertex 318.69126266462047 -76.247013752291451 137.1488882163633
      vertex 336.41510014023743 -80.17787317826145 113.65864073732209
    endloop
  endfacet
  facet normal -0.79826512287537177 -1.8105562927522484e-08 -0.60230622909012588
    outer loop
      vertex 326.35985621094272 -99.607800578749874 126.98533485880853
      vertex 336.41510014023743 -80.17787317826145 113.65864073732209
      vertex 342.12637007872223 -113.7340976611091 106.08922376723385
    endloop
  endfacet
  facet normal -0.79826515728639125 2.3348530901599959e-16 -0.60230618348356069
    outer loop
      vertex 326.35985621094272 -99.607800578749874 126.98533485880853
      vertex 311.29025244575467 -101.50514457892268 146.95780060751815
      vertex 318.69126266462047 -76.247013752291451 137.1488882163633
    endloop
  endfacet
  facet normal -0.79826515728639125 -5.0213670726806761e-16 -0.60230618348356091
    outer loop
      vertex 326.35985621094272 -99.607800578749874 126.98533485880853
      vertex 323.2612663688754 -124.31729167986168 131.09204399690492
      vertex 311.29025244575467 -101.50514457892268 146.95780060751815
    endloop
  endfacet
  facet normal -0.79826512728150656 -5.6389023045555661e-09 -0.60230622325046579
    outer loop
      vertex 385.15131281338051 -183.01735990527186 49.066220891175348
      vertex 375.22383180781537 -205.5317925104078 62.223584553601619
      vertex 365.39710714677921 -174.32586750328176 75.24741053036422
    endloop
  endfacet
  facet normal -0.7982651261025715 1.7472869417357865e-09 -0.60230622481296481
    outer loop
      vertex 385.15131281338051 -183.01735990527186 49.066220891175348
      vertex 365.39710714677921 -174.32586750328176 75.24741053036422
      vertex 383.92863875223162 -158.0702022664953 50.686689129733388
    endloop
  endfacet
  facet normal -0.79826520478856 1.5463138308100432e-09 -0.60230612052666233
    outer loop
      vertex 253.49999179840134 -312 223.54999618073288
      vertex 253.49999179840128 -311.99999633191186 223.54999618073296
      vertex 262.74285443476322 -312 211.2999867855165
    endloop
  endfacet
  facet normal -0.79826520478856022 -7.9762716910203778e-16 -0.6023061205266621
    outer loop
      vertex 253.49999258377085 -285.51721768536112 223.54999513984495
      vertex 262.74285443476322 -312 211.2999867855165
      vertex 253.49999179840128 -311.99999633191186 223.54999618073296
    endloop
  endfacet
  facet normal -0.79826520478855867 -5.0054183607711694e-15 -0.60230612052666421
    outer loop
      vertex 262.69794822390674 -258.94893166830724 211.35950314170805
      vertex 253.49999285691109 -276.30689056713243 223.54999477783917
      vertex 253.49999261964692 -258.95801162231822 223.54999509229663
    endloop
  endfacet
  facet normal -0.79826520478856322 1.7335068751757975e-15 -0.602306120526658
    outer loop
      vertex 262.69794822390674 -258.94893166830724 211.35950314170805
      vertex 253.49999258627849 -285.43266133192003 223.54999513652152
      vertex 253.49999285691109 -276.30689056713243 223.54999477783917
    endloop
  endfacet
  facet normal -0.79826518663498014 -1.7401994401435715e-08 -0.6023061445864718
    outer loop
      vertex 253.49999267679357 55.40487062980209 223.54999501655749
      vertex 253.49999267580233 55.430004336294928 223.54999501714505
      vertex 253.50873382449242 55.430006324393815 223.53840995404508
    endloop
  endfacet
  facet normal -0.79826520478855822 3.088259867701497e-15 -0.60230612052666477
    outer loop
      vertex 253.49999289489045 48.304959669504903 223.54999472750325
      vertex 262.7712731391216 28.870856204809854 211.26232211288351
      vertex 253.49999261019511 28.864845738458627 223.54999510482355
    endloop
  endfacet
  facet normal -0.7982652047882961 -2.3356493994076815e-15 -0.60230612052701238
    outer loop
      vertex 253.50873382449242 55.430006324393815 223.53840995404508
      vertex 253.49999289489045 48.304959669504903 223.54999472750325
      vertex 253.49999267679357 55.40487062980209 223.54999501655749
    endloop
  endfacet
  facet normal -0.79826520478856189 -1.421632567734393e-15 -0.60230612052666022
    outer loop
      vertex 262.7712731391216 28.870856204809854 211.26232211288351
      vertex 253.49999289489045 48.304959669504903 223.54999472750325
      vertex 253.50873382449242 55.430006324393815 223.53840995404508
    endloop
  endfacet
  facet normal -0.79826518665827895 -1.7398876521723038e-08 -0.60230614455559306
    outer loop
      vertex 253.49999255226157 2.1637394926931686 223.54999518160571
      vertex 253.49999254809495 2.3198148555014839 223.54999518261937
      vertex 253.55436181373358 2.319910547666268 223.47793699032385
    endloop
  endfacet
  facet normal -0.79826518667772983 1.7424735169747756e-08 -0.60230614452981401
    outer loop
      vertex 253.49999258377085 -285.51721768536112 223.54999513984495
      vertex 253.49999258539063 -285.47502245842384 223.54999513891889
      vertex 271.96781794500697 -285.44897108327854 199.07370149379872
    endloop
  endfacet
  facet normal -0.79826518667772861 1.7423951691321304e-08 -0.60230614452981523
    outer loop
      vertex 262.74285443476322 -312 211.2999867855165
      vertex 253.49999258377085 -285.51721768536112 223.54999513984495
      vertex 271.96781794500697 -285.44897108327854 199.07370149379872
    endloop
  endfacet
  facet normal -0.79826520478888352 2.9510579414853514e-13 -0.60230612052623367
    outer loop
      vertex 262.74285443476316 82 211.29998678551658
      vertex 253.50873382449242 55.430006324393815 223.53840995404508
      vertex 253.49999267525033 55.45511035961956 223.54999501860286
    endloop
  endfacet
  facet normal -0.79826520478855989 -5.4156837758257208e-16 -0.60230612052666288
    outer loop
      vertex 253.49999267525033 55.45511035961956 223.54999501860286
      vertex 253.49999185983768 81.999999999999986 223.54999609930834
      vertex 262.74285443476316 82 211.29998678551658
    endloop
  endfacet
  facet normal -0.79826518663785351 1.7422041486129512e-08 -0.60230614458266374
    outer loop
      vertex 253.49999267580233 55.430004336294928 223.54999501714505
      vertex 253.49999267525033 55.45511035961956 223.54999501860286
      vertex 253.50873382449242 55.430006324393815 223.53840995404508
    endloop
  endfacet
  facet normal -0.79826519571967547 -5.6542275931235974e-09 -0.60230613254609011
    outer loop
      vertex 268.31086333478407 -127.30925006481786 203.92043813235497
      vertex 253.4999926537879 -126.97956583675206 223.54999516691726
      vertex 253.49999269340992 -119.09878826607846 223.54999504042246
    endloop
  endfacet
  facet normal -0.79826519571967425 -5.6542260146747703e-09 -0.60230613254609155
    outer loop
      vertex 256.26536731331572 -101.98428191560828 219.88491130694791
      vertex 268.31086333478407 -127.30925006481786 203.92043813235497
      vertex 253.49999287863085 -114.2107183039822 223.54999474905284
    endloop
  endfacet
  facet normal -0.79826519571967658 -5.6542332269173021e-09 -0.60230613254608867
    outer loop
      vertex 253.49999269340992 -119.09878826607846 223.54999504042246
      vertex 253.49999287863085 -114.2107183039822 223.54999474905284
      vertex 268.31086333478407 -127.30925006481786 203.92043813235497
    endloop
  endfacet
  facet normal -0.79826520586530447 -1.499943742785496e-09 -0.60230611909960119
    outer loop
      vertex 253.4999923706055 -240.74796378414206 223.54999542236322
      vertex 262.69794822390674 -258.94893166830724 211.35950314170805
      vertex 253.49999237060561 -240.74796675296446 223.54999542236308
    endloop
  endfacet
  facet normal -0.79826520478855978 1.3293786151700623e-16 -0.60230612052666255
    outer loop
      vertex 262.69794822390674 -258.94893166830724 211.35950314170805
      vertex 253.4999923706055 -240.74796378414206 223.54999542236322
      vertex 253.49999245937019 -232.82866226927197 223.54999530471912
    endloop
  endfacet
  facet normal -0.79826520478855867 2.9895908993580261e-15 -0.60230612052666421
    outer loop
      vertex 253.49999261964692 -258.95801162231822 223.54999509229663
      vertex 253.49999237060553 -240.74796968909902 223.54999542236322
      vertex 262.69794822390674 -258.94893166830724 211.35950314170805
    endloop
  endfacet
  facet normal -0.79826520921230992 -6.16244299344102e-09 -0.60230611466365425
    outer loop
      vertex 253.49999237060561 -240.74796675296446 223.54999542236308
      vertex 262.69794822390674 -258.94893166830724 211.35950314170805
      vertex 253.49999237060553 -240.74796968909902 223.54999542236322
    endloop
  endfacet
  facet normal -0.7982651866599314 -1.7355718187286108e-08 -0.60230614455340303
    outer loop
      vertex 271.96781794500697 -285.44897108327854 199.07370149379872
      vertex 253.49999258627849 -285.43266133192003 223.54999513652152
      vertex 262.69794822390674 -258.94893166830724 211.35950314170805
    endloop
  endfacet
  facet normal -0.79826518665993118 -1.7355509493755899e-08 -0.60230614455340303
    outer loop
      vertex 253.49999258627849 -285.43266133192003 223.54999513652152
      vertex 271.96781794500697 -285.44897108327854 199.07370149379872
      vertex 253.49999258539063 -285.47502245842384 223.54999513891889
    endloop
  endfacet
  facet normal -0.79826520478855123 -8.0605033570488431e-15 -0.60230612052667409
    outer loop
      vertex 262.91831066157403 -24.168289732971516 211.06744622839236
      vertex 253.80739206021801 -50.642871970097929 223.14258386233143
      vertex 253.49999254859836 -49.787862505176093 223.54999518646073
    endloop
  endfacet
  facet normal -0.79826520478856033 1.4952218165158476e-15 -0.60230612052666199
    outer loop
      vertex 262.91831066157403 -24.168289732971516 211.06744622839236
      vertex 253.49999254859836 -49.787862505176093 223.54999518646073
      vertex 253.49999300188844 -24.199570454893731 223.5499945856937
    endloop
  endfacet
  facet normal -0.79826520478852803 5.0315595814794054e-15 -0.60230612052670496
    outer loop
      vertex 253.4999923826912 11.595789731555122 223.54999540634554
      vertex 253.55436181373358 2.319910547666268 223.47793699032385
      vertex 253.49999254666039 2.4752959256125564 223.54999518902923
    endloop
  endfacet
  facet normal -0.79826520478856489 4.4755746710725718e-15 -0.602306120526656
    outer loop
      vertex 262.7712731391216 28.870856204809854 211.26232211288351
      vertex 253.55436181373358 2.319910547666268 223.47793699032385
      vertex 253.4999923826912 11.595789731555122 223.54999540634554
    endloop
  endfacet
  facet normal -0.7982652047885368 -3.7045350742738002e-14 -0.6023061205266933
    outer loop
      vertex 253.49999241044316 12.444964080824485 223.5499953695645
      vertex 262.7712731391216 28.870856204809854 211.26232211288351
      vertex 253.4999923826912 11.595789731555122 223.54999540634554
    endloop
  endfacet
  facet normal -0.79826520478855834 -2.4874844610078766e-15 -0.60230612052666477
    outer loop
      vertex 253.49999238228341 13.302137716306126 223.54999540688593
      vertex 253.49999261019511 28.864845738458627 223.54999510482355
      vertex 262.7712731391216 28.870856204809854 211.26232211288351
    endloop
  endfacet
  facet normal -0.79826520478854412 -2.5612694652276031e-14 -0.60230612052668342
    outer loop
      vertex 253.49999241044316 12.444964080824485 223.5499953695645
      vertex 253.49999238228341 13.302137716306126 223.54999540688593
      vertex 262.7712731391216 28.870856204809854 211.26232211288351
    endloop
  endfacet
  facet normal -0.79826518699467663 1.727234340760772e-08 -0.6023061441097487
    outer loop
      vertex 253.49999245937019 -232.82866226927197 223.54999530471912
      vertex 253.49999246520181 -232.53507896548311 223.54999530540928
      vertex 271.84175399868047 -232.42336210601502 199.24078006397121
    endloop
  endfacet
  facet normal -0.79826518699467619 1.7272287126405105e-08 -0.60230614410974936
    outer loop
      vertex 262.69794822390674 -258.94893166830724 211.35950314170805
      vertex 253.49999245937019 -232.82866226927197 223.54999530471912
      vertex 271.84175399868047 -232.42336210601502 199.24078006397121
    endloop
  endfacet
  facet normal -0.79826520478852547 3.3234465379250129e-14 -0.60230612052670829
    outer loop
      vertex 253.55436181373358 2.319910547666268 223.47793699032385
      vertex 262.91831066157403 -24.168289732971516 211.06744622839236
      vertex 253.49999255226157 2.1637394926931686 223.54999518160571
    endloop
  endfacet
  facet normal -0.79826520478856022 -1.1254167832528435e-15 -0.60230612052666199
    outer loop
      vertex 253.49999301396645 -23.517764134572385 223.54999456968613
      vertex 253.49999255226157 2.1637394926931686 223.54999518160571
      vertex 262.91831066157403 -24.168289732971516 211.06744622839236
    endloop
  endfacet
  facet normal -0.79826520478856033 -2.0797751707501059e-15 -0.60230612052666199
    outer loop
      vertex 262.91831066157403 -24.168289732971516 211.06744622839236
      vertex 253.49999300188844 -24.199570454893731 223.5499945856937
      vertex 253.49999301396645 -23.517764134572385 223.54999456968613
    endloop
  endfacet
  facet normal -0.79826518668053958 1.7465422547110896e-08 -0.60230614452608977
    outer loop
      vertex 253.49999254809495 2.3198148555014839 223.54999518261937
      vertex 253.49999254666039 2.4752959256125564 223.54999518902923
      vertex 253.55436181373358 2.319910547666268 223.47793699032385
    endloop
  endfacet
  facet normal -0.79826518869605789 1.6048475536992136e-08 -0.60230614185482678
    outer loop
      vertex 253.49999250438793 -181.50527323391708 223.5499952450549
      vertex 271.10785189689148 -179.6683818803379 200.21345557815735
      vertex 262.40995542870564 -206.1333842577007 211.74119381328515
    endloop
  endfacet
  facet normal -0.79826518869605823 1.6048483086482819e-08 -0.60230614185482645
    outer loop
      vertex 253.49999249990086 -180.05698563421561 223.54999528959155
      vertex 271.10785189689148 -179.6683818803379 200.21345557815735
      vertex 253.49999250438793 -181.50527323391708 223.5499952450549
    endloop
  endfacet
  facet normal -0.79826518691935644 -1.6815269047889914e-08 -0.6023061442095744
    outer loop
      vertex 271.84175399868047 -232.42336210601502 199.24078006397121
      vertex 253.49999246604096 -232.23351641256986 223.54999529587801
      vertex 262.40995542870564 -206.1333842577007 211.74119381328515
    endloop
  endfacet
  facet normal -0.79826518691935666 -1.6815359841068923e-08 -0.60230614420957396
    outer loop
      vertex 271.84175399868047 -232.42336210601502 199.24078006397121
      vertex 253.49999246520181 -232.53507896548311 223.54999530540928
      vertex 253.49999246604096 -232.23351641256986 223.54999529587801
    endloop
  endfacet
  facet normal -0.79826520478855933 -4.3213329483324894e-16 -0.6023061205266631
    outer loop
      vertex 262.40995542870564 -206.1333842577007 211.74119381328515
      vertex 253.49999246604096 -232.23351641256986 223.54999529587801
      vertex 253.49999275787553 -206.19697496676503 223.54999490909563
    endloop
  endfacet
  facet normal -0.79826520478855945 9.4650864883633826e-15 -0.6023061205266631
    outer loop
      vertex 253.49999275787553 -206.19697496676503 223.54999490909563
      vertex 253.49999276869607 -205.23159825561197 223.54999489475466
      vertex 262.40995542870564 -206.1333842577007 211.74119381328515
    endloop
  endfacet
  facet normal -0.79826520478855978 -6.2037668707936235e-16 -0.60230612052666255
    outer loop
      vertex 253.49999250438793 -181.50527323391708 223.5499952450549
      vertex 262.40995542870564 -206.1333842577007 211.74119381328515
      vertex 253.49999276869607 -205.23159825561197 223.54999489475466
    endloop
  endfacet
  facet normal -0.79826520478856022 -7.5331454859636902e-16 -0.60230612052666199
    outer loop
      vertex 253.49999245274205 -154.01232748223003 223.54999531350376
      vertex 261.12146987352713 -153.49355583730716 213.44888555095557
      vertex 253.49999237060553 -169.49593114661968 223.54999542236325
    endloop
  endfacet
  facet normal -0.79826521024044483 7.1575892962311526e-09 -0.6023061133010178
    outer loop
      vertex 253.49999237060561 -169.49593359558125 223.54999542236311
      vertex 253.49999237060553 -169.49593114661968 223.54999542236325
      vertex 261.12146987352713 -153.49355583730716 213.44888555095557
    endloop
  endfacet
  facet normal -0.79826520035891146 -5.8155308537368653e-09 -0.60230612639748804
    outer loop
      vertex 253.49999237060553 -169.49593655094418 223.54999542236325
      vertex 253.49999237060561 -169.49593359558125 223.54999542236311
      vertex 261.12146987352713 -153.49355583730716 213.44888555095557
    endloop
  endfacet
  facet normal -0.79826520478856533 5.9378911477596529e-15 -0.60230612052665533
    outer loop
      vertex 253.49999246948013 -178.37168281975335 223.5499952913199
      vertex 253.49999237060553 -169.49593655094418 223.54999542236325
      vertex 261.12146987352713 -153.49355583730716 213.44888555095557
    endloop
  endfacet
  facet normal -0.79826518683685033 1.779111190796889e-08 -0.60230614431892371
    outer loop
      vertex 253.80739206021801 -50.642871970097929 223.14258386233143
      vertex 253.49999252577967 -50.644752780545161 223.54999519139233
      vertex 253.49999254859836 -49.787862505176093 223.54999518646073
    endloop
  endfacet
  facet normal -0.79826518675904279 -1.7263451592507903e-08 -0.60230614442204555
    outer loop
      vertex 253.80739206021801 -50.642871970097929 223.14258386233143
      vertex 253.49999251777518 -51.527833207975533 223.54999522731214
      vertex 253.49999252577967 -50.644752780545161 223.54999519139233
    endloop
  endfacet
  facet normal -0.79826520478856067 -3.4920211045366409e-15 -0.60230612052666144
    outer loop
      vertex 253.49999240592223 -62.140616903234942 223.54999537555625
      vertex 264.20902241302809 -76.332083574455851 209.35680400596806
      vertex 253.49999282336586 -76.789026360746817 223.54999482229826
    endloop
  endfacet
  facet normal -0.79826520478855945 -8.5555917259848711e-16 -0.6023061205266631
    outer loop
      vertex 264.20902241302809 -76.332083574455851 209.35680400596806
      vertex 253.49999240592223 -62.140616903234942 223.54999537555625
      vertex 253.49999246019846 -60.272228050406326 223.54999530362136
    endloop
  endfacet
  facet normal -0.79826520478852281 -1.0880727720634316e-15 -0.60230612052671173
    outer loop
      vertex 253.49999239591378 -58.406929671317847 223.54999538882092
      vertex 253.49999251777518 -51.527833207975533 223.54999522731214
      vertex 253.80739206021801 -50.642871970097929 223.14258386233143
    endloop
  endfacet
  facet normal -0.79826520478855711 2.6587572303401157e-15 -0.60230612052666599
    outer loop
      vertex 264.20902241302809 -76.332083574455851 209.35680400596806
      vertex 253.49999239591378 -58.406929671317847 223.54999538882092
      vertex 253.80739206021801 -50.642871970097929 223.14258386233143
    endloop
  endfacet
  facet normal -0.79826520478856067 -3.0132581943854777e-15 -0.60230612052666155
    outer loop
      vertex 253.49999239591378 -58.406929671317847 223.54999538882092
      vertex 264.20902241302809 -76.332083574455851 209.35680400596806
      vertex 253.49999246019846 -60.272228050406326 223.54999530362136
    endloop
  endfacet
  facet normal -0.79826518845714889 -1.3791471048049155e-08 -0.60230614217146461
    outer loop
      vertex 271.10785189689148 -179.6683818803379 200.21345557815735
      vertex 253.49999246948013 -178.37168281975335 223.5499952913199
      vertex 261.12146987352713 -153.49355583730716 213.44888555095557
    endloop
  endfacet
  facet normal -0.79826518845714889 -1.3791471635902223e-08 -0.6023061421714645
    outer loop
      vertex 253.49999246948013 -178.37168281975335 223.5499952913199
      vertex 271.10785189689148 -179.6683818803379 200.21345557815735
      vertex 253.49999249990086 -180.05698563421561 223.54999528959155
    endloop
  endfacet
  facet normal -0.79826520478857299 -1.6395669587097705e-14 -0.60230612052664523
    outer loop
      vertex 261.12146987352713 -153.49355583730716 213.44888555095557
      vertex 253.49999255159545 -135.37741528106449 223.54999518248854
      vertex 253.49999256090805 -134.19274589524741 223.54999517014608
    endloop
  endfacet
  facet normal -0.79826520478856022 -1.6451713534284899e-15 -0.6023061205266621
    outer loop
      vertex 261.12146987352713 -153.49355583730716 213.44888555095557
      vertex 253.49999245274205 -154.01232748223003 223.54999531350376
      vertex 253.49999255159545 -135.37741528106449 223.54999518248854
    endloop
  endfacet
  facet normal -0.79826519005210961 1.9106864466633481e-08 -0.60230614005758643
    outer loop
      vertex 256.26536731331572 -101.98428191560828 219.88491130694791
      vertex 253.49999329638302 -102.45921181503076 223.54999399381288
      vertex 253.49999344002649 -99.603471446382628 223.54999389402752
    endloop
  endfacet
  facet normal -0.79826519005211438 1.9106848959461392e-08 -0.60230614005757988
    outer loop
      vertex 253.49999344002649 -99.603471446382628 223.54999389402752
      vertex 253.499993373824 -96.105016780549164 223.5499940927497
      vertex 256.26536731331572 -101.98428191560828 219.88491130694791
    endloop
  endfacet
  facet normal -0.79826520478856178 7.533145485963705e-16 -0.60230612052665999
    outer loop
      vertex 264.20902241302809 -76.332083574455851 209.35680400596806
      vertex 256.26536731331572 -101.98428191560828 219.88491130694791
      vertex 253.499993373824 -96.105016780549164 223.5499940927497
    endloop
  endfacet
  facet normal -0.79826520478856067 -8.5002625190725249e-16 -0.60230612052666133
    outer loop
      vertex 253.499993373824 -96.105016780549164 223.5499940927497
      vertex 253.49999282336586 -76.789026360746817 223.54999482229826
      vertex 264.20902241302809 -76.332083574455851 209.35680400596806
    endloop
  endfacet
  facet normal -0.79826519559318942 1.0009172961946523e-08 -0.60230613271372757
    outer loop
      vertex 261.12146987352713 -153.49355583730716 213.44888555095557
      vertex 253.49999256090805 -134.19274589524741 223.54999517014608
      vertex 268.31086333478407 -127.30925006481786 203.92043813235497
    endloop
  endfacet
  facet normal -0.79826519559319065 1.0009178815090411e-08 -0.60230613271372646
    outer loop
      vertex 253.4999926537879 -126.97956583675206 223.54999516691726
      vertex 268.31086333478407 -127.30925006481786 203.92043813235497
      vertex 253.49999256090805 -134.19274589524741 223.54999517014608
    endloop
  endfacet
  facet normal -0.79826518821801662 -1.0331326596786716e-08 -0.60230614248839764
    outer loop
      vertex 253.49999287863085 -114.2107183039822 223.54999474905284
      vertex 253.49999329638302 -102.45921181503076 223.54999399381288
      vertex 256.26536731331572 -101.98428191560828 219.88491130694791
    endloop
  endfacet
endsolid OBJECT
