solid OBJECT
  facet normal -0.081703175702350944 0.018708489611251398 0.99648110042118543
    outer loop
      vertex 348.9378448253488 -266.86411012836737 254.29862956899092
      vertex 322.79322194436918 -312 253.00239385552641
      vertex 374.50579223918032 -312 257.24239521132864
    endloop
  endfacet
  facet normal -0.22902106291270374 -0.0028488773610256218 0.97341729830536583
    outer loop
      vertex 496.23457786801407 -275.40920706454665 283.08307157659067
      vertex 451.72094165821653 -268.05648163836747 272.63163077768547
      vertex 476.20952347994864 -312 278.26458116079385
    endloop
  endfacet
  facet normal -6.221008744796421e-05 -0.0011524892355968821 0.99999933394901164
    outer loop
      vertex 295.60777285227709 -63.945581015656899 253.08122955174156
      vertex 321.91005443424916 -14.052330812287266 253.14036729215593
      vertex 269.75444786879075 -14.609492124845161 253.13648056230662
    endloop
  endfacet
  facet normal -0.2078488318530422 -0.0049938448096662792 0.97814821198596635
    outer loop
      vertex 451.72094165821653 -268.05648163836747 272.63163077768547
      vertex 400.90887006559757 -267.88397764590496 261.83534434891357
      vertex 425.54215545197741 -312 266.84449425377056
    endloop
  endfacet
  facet normal -0.24695589444083468 -0 0.9690267210974769
    outer loop
      vertex 530.59076947885876 -44.323970636662864 291.57262857813913
      vertex 577 -68.874999999999972 303.39999389648563
      vertex 577 -20.249999999999979 303.39999389648563
    endloop
  endfacet
  facet normal -0.2370010059998362 -0.0015255684326401244 0.97150820675690797
    outer loop
      vertex 500.42679065288411 36.752208788032021 284.10932900681667
      vertex 526.65900401144745 77 290.57192157337573
      vertex 476.1895439062294 77 278.25981475429433
    endloop
  endfacet
  facet normal -0.24693217981687798 -0.0012602298835052018 0.96903194497989897
    outer loop
      vertex 543.18290026320187 43.968840460782701 294.7396426553255
      vertex 577 77 303.39999389648563
      vertex 526.65900401144745 77 290.57192157337573
    endloop
  endfacet
  facet normal -0.20586298419537583 -0.0029912683867408282 0.97857625357026368
    outer loop
      vertex 400.49918533248558 -52.835859483640775 261.7645261416144
      vertex 434.08039878643325 -98.395628796058958 268.68973742908975
      vertex 445.58602597819504 -49.137784510906471 271.26074420752479
    endloop
  endfacet
  facet normal -0.022636059443384003 0.014645417410086629 0.99963649421265111
    outer loop
      vertex 296.4706682503242 31.491743318188924 253.07393036074592
      vertex 348.40593329597897 32.176823742639044 254.23993066661095
      vertex 322.74187219084132 77 253.00209336691924
    endloop
  endfacet
  facet normal -0.22958700856430761 0.0031970738584565215 0.97328289012868008
    outer loop
      vertex 451.6697554368393 33.0606292045141 272.62019288560629
      vertex 500.42679065288411 36.752208788032021 284.10932900681667
      vertex 476.1895439062294 77 278.25981475429433
    endloop
  endfacet
  facet normal -0.2471211162879155 0.00033923401672756237 0.96898454002367673
    outer loop
      vertex 535.23334211551639 2.4027478771440371 292.7402699524597
      vertex 530.59076947885876 -44.323970636662864 291.57262857813913
      vertex 577 -20.249999999999979 303.39999389648563
    endloop
  endfacet
  facet normal -0.2198767003060243 0.0025171427442456568 0.97552442340258183
    outer loop
      vertex 451.72094165821653 -268.05648163836747 272.63163077768547
      vertex 425.54215545197741 -312 266.84449425377056
      vertex 476.20952347994864 -312 278.26458116079385
    endloop
  endfacet
  facet normal -0.24153679845327525 0.0016102133848938621 0.97039032466621244
    outer loop
      vertex 543.18290026320187 43.968840460782701 294.7396426553255
      vertex 526.65900401144745 77 290.57192157337573
      vertex 500.42679065288411 36.752208788032021 284.10932900681667
    endloop
  endfacet
  facet normal -0.24709882295354912 0 0.96899028462362324
    outer loop
      vertex 532.67422342494172 -143.80064335897416 292.09663266366044
      vertex 577 -166.125 303.39999389648563
      vertex 577 -117.49999999999999 303.39999389648563
    endloop
  endfacet
  facet normal -0.23700396153707431 0.0017714762776193398 0.97150706847018398
    outer loop
      vertex 496.23457786801407 -275.40920706454665 283.08307157659067
      vertex 476.20952347994864 -312 278.26458116079385
      vertex 526.66896749163993 -312 290.57441246913504
    endloop
  endfacet
  facet normal -0.24773941484901144 -0 0.96882670397252635
    outer loop
      vertex 540.10086863106631 -259.32530052651566 293.9644888920368
      vertex 577 -263.375 303.39999389648563
      vertex 577 -214.75 303.39999389648563
    endloop
  endfacet
  facet normal -0.24808773283014404 0 0.9687375686011146
    outer loop
      vertex 543.18290026320187 43.968840460782701 294.7396426553255
      vertex 577 28.375000000000011 303.39999389648563
      vertex 577 77 303.39999389648563
    endloop
  endfacet
  facet normal -0.23862058450102477 0.00014084113861281974 0.97111286512751083
    outer loop
      vertex 485.0133644840181 -70.308115284762096 280.37717666538629
      vertex 531.83225494165276 -93.876219008258488 291.88487135933542
      vertex 530.59076947885876 -44.323970636662864 291.57262857813913
    endloop
  endfacet
  facet normal -0.083679603112891895 -0.020983728293809904 0.99627175367454857
    outer loop
      vertex 375.77045419900003 -222.35143770666383 257.48991138027611
      vertex 323.69802995527766 -219.45182810151425 253.17727764567383
      vertex 348.9378448253488 -266.86411012836737 254.29862956899092
    endloop
  endfacet
  facet normal -0.24035323197819203 -0.0011826305124565631 0.97068477131492503
    outer loop
      vertex 496.23457786801407 -275.40920706454665 283.08307157659067
      vertex 526.66896749163993 -312 290.57441246913504
      vertex 540.10086863106631 -259.32530052651566 293.9644888920368
    endloop
  endfacet
  facet normal -0.24731288614727479 -0.00037612797475981439 0.96893559892969749
    outer loop
      vertex 533.64329302593774 -197.20236677281588 292.34036083966885
      vertex 540.10086863106631 -259.32530052651566 293.9644888920368
      vertex 577 -214.75 303.39999389648563
    endloop
  endfacet
  facet normal -0.07893458146584309 0.021535422959654278 0.99664715792840186
    outer loop
      vertex 374.27119393650599 -11.431650554473748 257.23074886948854
      vertex 348.40593329597897 32.176823742639044 254.23993066661095
      vertex 321.91005443424916 -14.052330812287266 253.14036729215593
    endloop
  endfacet
  facet normal -8.9570483723687839e-05 0.0014087068037214514 0.99999900376063855
    outer loop
      vertex 269.75444786879075 -14.609492124845161 253.13648056230662
      vertex 321.91005443424916 -14.052330812287266 253.14036729215593
      vertex 296.4706682503242 31.491743318188924 253.07393036074592
    endloop
  endfacet
  facet normal -0.24706728059142125 -5.6615858046869985e-05 0.96899832593034174
    outer loop
      vertex 531.83225494165276 -93.876219008258488 291.88487135933542
      vertex 532.67422342494172 -143.80064335897416 292.09663266366044
      vertex 577 -117.49999999999999 303.39999389648563
    endloop
  endfacet
  facet normal -0.076780474631319637 -0.021758649665433991 0.99681057372006554
    outer loop
      vertex 348.15237037454926 -57.563012183705354 254.21194882310812
      vertex 374.27119393650599 -11.431650554473748 257.23074886948854
      vertex 321.91005443424916 -14.052330812287266 253.14036729215593
    endloop
  endfacet
  facet normal -0.081566368807046097 -0.019182935326514893 0.99648328760290383
    outer loop
      vertex 348.40593329597897 32.176823742639044 254.23993066661095
      vertex 374.46523342000899 77 257.23586909647224
      vertex 322.74187219084132 77 253.00209336691924
    endloop
  endfacet
  facet normal -0.1848918552444733 0.0083442525123244189 0.98272344803320288
    outer loop
      vertex 400.90887006559757 -267.88397764590496 261.83534434891357
      vertex 374.50579223918032 -312 257.24239521132864
      vertex 425.54215545197741 -312 266.84449425377056
    endloop
  endfacet
  facet normal -0.14382132996427555 -0.016937333668811762 0.98945871655946238
    outer loop
      vertex 400.90887006559757 -267.88397764590496 261.83534434891357
      vertex 348.9378448253488 -266.86411012836737 254.29862956899092
      vertex 374.50579223918032 -312 257.24239521132864
    endloop
  endfacet
  facet normal -0.023694842856258291 0.011029113091732075 0.9996583981973175
    outer loop
      vertex 323.69802995527766 -219.45182810151425 253.17727764567383
      vertex 297.1056695917307 -266.72854048950649 253.06855891470056
      vertex 348.9378448253488 -266.86411012836737 254.29862956899092
    endloop
  endfacet
  facet normal -0.022299027117850024 -0.010997197305238684 0.99969085973666216
    outer loop
      vertex 321.91005443424916 -14.052330812287266 253.14036729215593
      vertex 348.40593329597897 32.176823742639044 254.23993066661095
      vertex 296.4706682503242 31.491743318188924 253.07393036074592
    endloop
  endfacet
  facet normal -0.023761531166946896 -0.014943511228316931 0.99960596292177628
    outer loop
      vertex 297.1056695917307 -266.72854048950649 253.06855891470056
      vertex 322.79322194436918 -312 253.00239385552641
      vertex 348.9378448253488 -266.86411012836737 254.29862956899092
    endloop
  endfacet
  facet normal -0.2073031928133183 -0.0047491318762275907 0.97826521557082158
    outer loop
      vertex 425.98406887646917 -9.4760041997091093 266.97066469304002
      vertex 451.6697554368393 33.0606292045141 272.62019288560629
      vertex 400.18352111045596 33.094271639596286 261.70996034380494
    endloop
  endfacet
  facet normal -0.23889864387336771 8.982621362707766e-05 0.9710445045860242
    outer loop
      vertex 485.8426047971609 -119.80132471217964 280.57278808635567
      vertex 532.67422342494172 -143.80064335897416 292.09663266366044
      vertex 531.83225494165276 -93.876219008258488 291.88487135933542
    endloop
  endfacet
  facet normal 0.0020532140340572208 0.00039325681828218098 0.99999781482821504
    outer loop
      vertex 296.4706682503242 31.491743318188924 253.07393036074592
      vertex 322.74187219084132 77 253.00209336691924
      vertex 270.79360069937059 77 253.10875452006348
    endloop
  endfacet
  facet normal 0.0020567583279709682 -0.00029448639993389931 0.99999784150914073
    outer loop
      vertex 297.1056695917307 -266.72854048950649 253.06855891470056
      vertex 270.85521971554476 -312 253.10921800472767
      vertex 322.79322194436918 -312 253.00239385552641
    endloop
  endfacet
  facet normal -0.24693319963267998 0.00060159264520713996 0.96903231783334065
    outer loop
      vertex 540.10086863106631 -259.32530052651566 293.9644888920368
      vertex 526.66896749163993 -312 290.57441246913504
      vertex 577 -312 303.39999389648563
    endloop
  endfacet
  facet normal -0.24773941484901138 2.6890342840549984e-17 0.96882670397252635
    outer loop
      vertex 540.10086863106631 -259.32530052651566 293.9644888920368
      vertex 577 -312 303.39999389648563
      vertex 577 -263.375 303.39999389648563
    endloop
  endfacet
  facet normal -0.23876455090655302 -0.00016243331678060223 0.97107747520257603
    outer loop
      vertex 485.8426047971609 -119.80132471217964 280.57278808635567
      vertex 531.83225494165276 -93.876219008258488 291.88487135933542
      vertex 485.0133644840181 -70.308115284762096 280.37717666538629
    endloop
  endfacet
  facet normal -0.23984066645321317 7.8499395087725633e-05 0.97081226225935324
    outer loop
      vertex 490.41806788026349 -168.54068591275615 281.6591847418249
      vertex 533.64329302593774 -197.20236677281588 292.34036083966885
      vertex 532.67422342494172 -143.80064335897416 292.09663266366044
    endloop
  endfacet
  facet normal -0.18485816834033519 -0.0081402856450474553 0.98273149605956622
    outer loop
      vertex 400.18352111045596 33.094271639596286 261.70996034380494
      vertex 425.51201590005456 77 266.8380999670261
      vertex 374.46523342000899 77 257.23586909647224
    endloop
  endfacet
  facet normal -0.14306804178657886 0.017035239056414925 0.98956623631247864
    outer loop
      vertex 400.18352111045596 33.094271639596286 261.70996034380494
      vertex 374.46523342000899 77 257.23586909647224
      vertex 348.40593329597897 32.176823742639044 254.23993066661095
    endloop
  endfacet
  facet normal -0.21986457142139379 -0.0025164565049149478 0.97552715886352726
    outer loop
      vertex 451.6697554368393 33.0606292045141 272.62019288560629
      vertex 476.1895439062294 77 278.25981475429433
      vertex 425.51201590005456 77 266.8380999670261
    endloop
  endfacet
  facet normal -0.20729629041000594 0.0053257315532205581 0.97826370911205407
    outer loop
      vertex 451.6697554368393 33.0606292045141 272.62019288560629
      vertex 425.51201590005456 77 266.8380999670261
      vertex 400.18352111045596 33.094271639596286 261.70996034380494
    endloop
  endfacet
  facet normal -0.2471699772814071 -0 0.96897213702495533
    outer loop
      vertex 533.64329302593774 -197.20236677281588 292.34036083966885
      vertex 577 -214.75 303.39999389648563
      vertex 577 -166.125 303.39999389648563
    endloop
  endfacet
  facet normal -0.24712818677248019 -6.2095455459596912e-05 0.96898279419538746
    outer loop
      vertex 533.64329302593774 -197.20236677281588 292.34036083966885
      vertex 577 -166.125 303.39999389648563
      vertex 532.67422342494172 -143.80064335897416 292.09663266366044
    endloop
  endfacet
  facet normal -0.0006011622709042949 -0.0019614768827431639 0.99999789560396701
    outer loop
      vertex 271.16113999029335 -220.80200947895474 253.14304602799999
      vertex 297.1056695917307 -266.72854048950649 253.06855891470056
      vertex 323.69802995527766 -219.45182810151425 253.17727764567383
    endloop
  endfacet
  facet normal -0.23934124672869939 -0.00082636143108468494 0.97093515990571533
    outer loop
      vertex 490.41806788026349 -168.54068591275615 281.6591847418249
      vertex 532.67422342494172 -143.80064335897416 292.09663266366044
      vertex 485.8426047971609 -119.80132471217964 280.57278808635567
    endloop
  endfacet
  facet normal -0.2283659738738423 0.0013404162503700293 0.97357443745248762
    outer loop
      vertex 488.06095039318512 -224.74807775825857 281.09607877466641
      vertex 451.72094165821653 -268.05648163836747 272.63163077768547
      vertex 496.23457786801407 -275.40920706454665 283.08307157659067
    endloop
  endfacet
  facet normal -0.24119329849311935 -0.00055249233934588919 0.97047693816711811
    outer loop
      vertex 535.23334211551639 2.4027478771440371 292.7402699524597
      vertex 543.18290026320187 43.968840460782701 294.7396426553255
      vertex 500.42679065288411 36.752208788032021 284.10932900681667
    endloop
  endfacet
  facet normal -0.2381276516377844 -0.00061052226313135054 0.97123367362753643
    outer loop
      vertex 535.23334211551639 2.4027478771440371 292.7402699524597
      vertex 480.72107745696195 -13.921104149510967 279.36465912220422
      vertex 530.59076947885876 -44.323970636662864 291.57262857813913
    endloop
  endfacet
  facet normal -0.24703947681878996 -0 0.96900541633837045
    outer loop
      vertex 531.83225494165276 -93.876219008258488 291.88487135933542
      vertex 577 -117.49999999999999 303.39999389648563
      vertex 577 -68.874999999999972 303.39999389648563
    endloop
  endfacet
  facet normal -0.24699673936847025 -8.2226630972153332e-05 0.96901630738606515
    outer loop
      vertex 531.83225494165276 -93.876219008258488 291.88487135933542
      vertex 577 -68.874999999999972 303.39999389648563
      vertex 530.59076947885876 -44.323970636662864 291.57262857813913
    endloop
  endfacet
  facet normal -0.23968649277753878 0.00032518203053281145 0.9708502868293597
    outer loop
      vertex 490.41806788026349 -168.54068591275615 281.6591847418249
      vertex 488.06095039318512 -224.74807775825857 281.09607877466641
      vertex 533.64329302593774 -197.20236677281588 292.34036083966885
    endloop
  endfacet
  facet normal -0.22921471994679979 -0.0020029859747745359 0.97337382346501145
    outer loop
      vertex 480.72107745696195 -13.921104149510967 279.36465912220422
      vertex 500.42679065288411 36.752208788032021 284.10932900681667
      vertex 451.6697554368393 33.0606292045141 272.62019288560629
    endloop
  endfacet
  facet normal -0.22055518711977559 0.0036378998950179309 0.97536771277242651
    outer loop
      vertex 480.72107745696195 -13.921104149510967 279.36465912220422
      vertex 451.6697554368393 33.0606292045141 272.62019288560629
      vertex 425.98406887646917 -9.4760041997091093 266.97066469304002
    endloop
  endfacet
  facet normal -0.22370880889836342 0.00010396348132832229 0.97465602035429399
    outer loop
      vertex 434.08039878643325 -98.395628796058958 268.68973742908975
      vertex 485.8426047971609 -119.80132471217964 280.57278808635567
      vertex 485.0133644840181 -70.308115284762096 280.37717666538629
    endloop
  endfacet
  facet normal -0.2388540259090739 0.0019627812346571872 0.97105350099613574
    outer loop
      vertex 535.23334211551639 2.4027478771440371 292.7402699524597
      vertex 500.42679065288411 36.752208788032021 284.10932900681667
      vertex 480.72107745696195 -13.921104149510967 279.36465912220422
    endloop
  endfacet
  facet normal -0.23817357988794749 -0.00069040174830040514 0.97122235826240388
    outer loop
      vertex 480.72107745696195 -13.921104149510967 279.36465912220422
      vertex 485.0133644840181 -70.308115284762096 280.37717666538629
      vertex 530.59076947885876 -44.323970636662864 291.57262857813913
    endloop
  endfacet
  facet normal -0.10730954540758401 0.016209978007609704 0.99409350570125454
    outer loop
      vertex 379.37405532903728 -90.102020537708967 258.11283078933445
      vertex 348.15237037454926 -57.563012183705354 254.21194882310812
      vertex 331.35623993869115 -114.99584187745242 253.33537110639395
    endloop
  endfacet
  facet normal -0.14320385638985803 0.015378193608388425 0.98957372978288771
    outer loop
      vertex 375.77045419900003 -222.35143770666383 257.48991138027611
      vertex 348.9378448253488 -266.86411012836737 254.29862956899092
      vertex 400.90887006559757 -267.88397764590496 261.83534434891357
    endloop
  endfacet
  facet normal -0.24729387121973215 -0 0.96894052513926698
    outer loop
      vertex 535.23334211551639 2.4027478771440371 292.7402699524597
      vertex 577 -20.249999999999979 303.39999389648563
      vertex 577 28.375000000000011 303.39999389648563
    endloop
  endfacet
  facet normal -0.24774969451565138 0.00078094475300241855 0.96882376054300734
    outer loop
      vertex 535.23334211551639 2.4027478771440371 292.7402699524597
      vertex 577 28.375000000000011 303.39999389648563
      vertex 543.18290026320187 43.968840460782701 294.7396426553255
    endloop
  endfacet
  facet normal -0.18827941803323855 0.010498679627247969 0.98205938642790291
    outer loop
      vertex 400.49918533248558 -52.835859483640775 261.7645261416144
      vertex 379.37405532903728 -90.102020537708967 258.11283078933445
      vertex 434.08039878643325 -98.395628796058958 268.68973742908975
    endloop
  endfacet
  facet normal -0.23976231035253262 0.00045830814015220038 0.97083151189486239
    outer loop
      vertex 488.06095039318512 -224.74807775825857 281.09607877466641
      vertex 540.10086863106631 -259.32530052651566 293.9644888920368
      vertex 533.64329302593774 -197.20236677281588 292.34036083966885
    endloop
  endfacet
  facet normal -0.24050848872113362 -0.00073347496274731722 0.97064675802660327
    outer loop
      vertex 488.06095039318512 -224.74807775825857 281.09607877466641
      vertex 496.23457786801407 -275.40920706454665 283.08307157659067
      vertex 540.10086863106631 -259.32530052651566 293.9644888920368
    endloop
  endfacet
  facet normal -0.14248452586246937 -0.016637010297690425 0.98965719811362041
    outer loop
      vertex 374.27119393650599 -11.431650554473748 257.23074886948854
      vertex 400.18352111045596 33.094271639596286 261.70996034380494
      vertex 348.40593329597897 32.176823742639044 254.23993066661095
    endloop
  endfacet
  facet normal -0.18541476713442673 0.0090547581890300984 0.98261863176037145
    outer loop
      vertex 374.27119393650599 -11.431650554473748 257.23074886948854
      vertex 425.98406887646917 -9.4760041997091093 266.97066469304002
      vertex 400.18352111045596 33.094271639596286 261.70996034380494
    endloop
  endfacet
  facet normal -0.22298220359417736 -0.0034198555848192085 0.9748165168215317
    outer loop
      vertex 429.45860488023277 -226.30783987745295 267.68574557464626
      vertex 451.72094165821653 -268.05648163836747 272.63163077768547
      vertex 488.06095039318512 -224.74807775825857 281.09607877466641
    endloop
  endfacet
  facet normal -0.2078160923697201 0.0050629091641722929 0.97815481325962672
    outer loop
      vertex 429.45860488023277 -226.30783987745295 267.68574557464626
      vertex 400.90887006559757 -267.88397764590496 261.83534434891357
      vertex 451.72094165821653 -268.05648163836747 272.63163077768547
    endloop
  endfacet
  facet normal -0.18725062272535295 -0.0096374541739203054 0.98226489490667079
    outer loop
      vertex 429.45860488023277 -226.30783987745295 267.68574557464626
      vertex 375.77045419900003 -222.35143770666383 257.48991138027611
      vertex 400.90887006559757 -267.88397764590496 261.83534434891357
    endloop
  endfacet
  facet normal -0.10607085532632266 0.013788139377952972 0.99426297369601191
    outer loop
      vertex 379.37405532903728 -90.102020537708967 258.11283078933445
      vertex 331.35623993869115 -114.99584187745242 253.33537110639395
      vertex 388.34161579449852 -132.89567070535628 259.66296557514022
    endloop
  endfacet
  facet normal -0.20925060915478796 -0.0044697728888811981 0.97785183115780472
    outer loop
      vertex 450.6296293258805 -188.75930683096828 272.38776998182777
      vertex 403.96801043902019 -180.66944474291046 262.43962444481929
      vertex 429.45860488023277 -226.30783987745295 267.68574557464626
    endloop
  endfacet
  facet normal -0.22509334523414989 0.0003612214512918606 0.97433713644218789
    outer loop
      vertex 445.58602597819504 -49.137784510906471 271.26074420752479
      vertex 485.0133644840181 -70.308115284762096 280.37717666538629
      vertex 480.72107745696195 -13.921104149510967 279.36465912220422
    endloop
  endfacet
  facet normal -0.221129643101245 -0.0038003698028449442 0.97523701638692828
    outer loop
      vertex 445.58602597819504 -49.137784510906471 271.26074420752479
      vertex 480.72107745696195 -13.921104149510967 279.36465912220422
      vertex 425.98406887646917 -9.4760041997091093 266.97066469304002
    endloop
  endfacet
  facet normal -0.022830372120181609 0.010850606643092444 0.99968046817187084
    outer loop
      vertex 348.15237037454926 -57.563012183705354 254.21194882310812
      vertex 321.91005443424916 -14.052330812287266 253.14036729215593
      vertex 295.60777285227709 -63.945581015656899 253.08122955174156
    endloop
  endfacet
  facet normal -0.22447669139737911 0.0015704114884501348 0.97447819309979578
    outer loop
      vertex 445.58602597819504 -49.137784510906471 271.26074420752479
      vertex 434.08039878643325 -98.395628796058958 268.68973742908975
      vertex 485.0133644840181 -70.308115284762096 280.37717666538629
    endloop
  endfacet
  facet normal -0.081540815910813483 0.017781899895663793 0.99651136439917209
    outer loop
      vertex 352.7873139840454 -172.70770863450144 254.72343633080104
      vertex 323.69802995527766 -219.45182810151425 253.17727764567383
      vertex 375.77045419900003 -222.35143770666383 257.48991138027611
    endloop
  endfacet
  facet normal -0.020384474176989291 -0.0092974244422766132 0.99974898405113066
    outer loop
      vertex 331.35623993869115 -114.99584187745242 253.33537110639395
      vertex 348.15237037454926 -57.563012183705354 254.21194882310812
      vertex 295.60777285227709 -63.945581015656899 253.08122955174156
    endloop
  endfacet
  facet normal -0.20639804271728074 0.0038290839135489054 0.97846062060711392
    outer loop
      vertex 400.49918533248558 -52.835859483640775 261.7645261416144
      vertex 445.58602597819504 -49.137784510906471 271.26074420752479
      vertex 425.98406887646917 -9.4760041997091093 266.97066469304002
    endloop
  endfacet
  facet normal -0.1859189207538178 0.0090987129505611542 0.98252296071307088
    outer loop
      vertex 403.96801043902019 -180.66944474291046 262.43962444481929
      vertex 375.77045419900003 -222.35143770666383 257.48991138027611
      vertex 429.45860488023277 -226.30783987745295 267.68574557464626
    endloop
  endfacet
  facet normal -0.15134132521186427 -0.014986860342467439 0.98836794631361469
    outer loop
      vertex 403.96801043902019 -180.66944474291046 262.43962444481929
      vertex 352.7873139840454 -172.70770863450144 254.72343633080104
      vertex 375.77045419900003 -222.35143770666383 257.48991138027611
    endloop
  endfacet
  facet normal -0.18473960786145463 -0.0094148316563218669 0.98274240685546854
    outer loop
      vertex 400.49918533248558 -52.835859483640775 261.7645261416144
      vertex 425.98406887646917 -9.4760041997091093 266.97066469304002
      vertex 374.27119393650599 -11.431650554473748 257.23074886948854
    endloop
  endfacet
  facet normal -0.14427914298843783 0.016943462341109446 0.98939195872132368
    outer loop
      vertex 400.49918533248558 -52.835859483640775 261.7645261416144
      vertex 374.27119393650599 -11.431650554473748 257.23074886948854
      vertex 348.15237037454926 -57.563012183705354 254.21194882310812
    endloop
  endfacet
  facet normal -0.028825839713943879 0.013335147114090248 0.9994954951455417
    outer loop
      vertex 331.35623993869115 -114.99584187745242 253.33537110639395
      vertex 297.01939806807457 -169.27646651069182 253.06928868140238
      vertex 352.7873139840454 -172.70770863450144 254.72343633080104
    endloop
  endfacet
  facet normal -0.1163313586316967 -0.019315365312668094 0.99302262394254714
    outer loop
      vertex 331.35623993869115 -114.99584187745242 253.33537110639395
      vertex 352.7873139840454 -172.70770863450144 254.72343633080104
      vertex 388.34161579449852 -132.89567070535628 259.66296557514022
    endloop
  endfacet
  facet normal -0.14767653797493874 0.0091775183375455358 0.98899313106254705
    outer loop
      vertex 388.34161579449852 -132.89567070535628 259.66296557514022
      vertex 352.7873139840454 -172.70770863450144 254.72343633080104
      vertex 403.96801043902019 -180.66944474291046 262.43962444481929
    endloop
  endfacet
  facet normal -0.22316352633378797 0.0037602112567529135 0.97477376930525428
    outer loop
      vertex 450.6296293258805 -188.75930683096828 272.38776998182777
      vertex 429.45860488023277 -226.30783987745295 267.68574557464626
      vertex 488.06095039318512 -224.74807775825857 281.09607877466641
    endloop
  endfacet
  facet normal -0.20816993137679077 0.0020569885954156426 0.97809051138864478
    outer loop
      vertex 450.6296293258805 -188.75930683096828 272.38776998182777
      vertex 442.21261380701401 -146.24141281681989 270.50693344918807
      vertex 403.96801043902019 -180.66944474291046 262.43962444481929
    endloop
  endfacet
  facet normal -0.00069735418072464203 0.0017814383064592451 0.99999817008567926
    outer loop
      vertex 297.01939806807457 -169.27646651069182 253.06928868140238
      vertex 271.16113999029335 -220.80200947895474 253.14304602799999
      vertex 323.69802995527766 -219.45182810151425 253.17727764567383
    endloop
  endfacet
  facet normal -0.030510314078364714 -0.014071556683131365 0.99943539662519099
    outer loop
      vertex 297.01939806807457 -169.27646651069182 253.06928868140238
      vertex 323.69802995527766 -219.45182810151425 253.17727764567383
      vertex 352.7873139840454 -172.70770863450144 254.72343633080104
    endloop
  endfacet
  facet normal -0.19641724518465573 0.0038556528060700378 0.98051282487049085
    outer loop
      vertex 442.21261380701401 -146.24141281681989 270.50693344918807
      vertex 434.08039878643325 -98.395628796058958 268.68973742908975
      vertex 388.34161579449852 -132.89567070535628 259.66296557514022
    endloop
  endfacet
  facet normal -0.22613034267912571 -0.0016752473658051227 0.97409561217884799
    outer loop
      vertex 450.6296293258805 -188.75930683096828 272.38776998182777
      vertex 490.41806788026349 -168.54068591275615 281.6591847418249
      vertex 442.21261380701401 -146.24141281681989 270.50693344918807
    endloop
  endfacet
  facet normal -0.2251393517354095 0.00058244812399095265 0.97432639964969781
    outer loop
      vertex 442.21261380701401 -146.24141281681989 270.50693344918807
      vertex 490.41806788026349 -168.54068591275615 281.6591847418249
      vertex 485.8426047971609 -119.80132471217964 280.57278808635567
    endloop
  endfacet
  facet normal -0.19928985753205422 -0.0082329118800562578 0.97990600153628449
    outer loop
      vertex 442.21261380701401 -146.24141281681989 270.50693344918807
      vertex 388.34161579449852 -132.89567070535628 259.66296557514022
      vertex 403.96801043902019 -180.66944474291046 262.43962444481929
    endloop
  endfacet
  facet normal -0.22681993509990908 -0.00024531152059769116 0.97393668010991907
    outer loop
      vertex 450.6296293258805 -188.75930683096828 272.38776998182777
      vertex 488.06095039318512 -224.74807775825857 281.09607877466641
      vertex 490.41806788026349 -168.54068591275615 281.6591847418249
    endloop
  endfacet
  facet normal -0.22417737924362052 -0.0010892152749015106 0.97454774959749746
    outer loop
      vertex 442.21261380701401 -146.24141281681989 270.50693344918807
      vertex 485.8426047971609 -119.80132471217964 280.57278808635567
      vertex 434.08039878643325 -98.395628796058958 268.68973742908975
    endloop
  endfacet
  facet normal -0.14128517879153532 -0.016901936208843834 0.98982464245250834
    outer loop
      vertex 379.37405532903728 -90.102020537708967 258.11283078933445
      vertex 400.49918533248558 -52.835859483640775 261.7645261416144
      vertex 348.15237037454926 -57.563012183705354 254.21194882310812
    endloop
  endfacet
  facet normal -0.19045842552058487 -0.0043511693631610301 0.9816856194695901
    outer loop
      vertex 388.34161579449852 -132.89567070535628 259.66296557514022
      vertex 434.08039878643325 -98.395628796058958 268.68973742908975
      vertex 379.37405532903728 -90.102020537708967 258.11283078933445
    endloop
  endfacet
  facet normal 0.0037807223037604654 0.0013679711919907485 0.99999191736417536
    outer loop
      vertex 268.39266557643197 48.411797283638691 253.1569400162453
      vertex 268.40411213108035 31.745455357590131 253.17969599955987
      vertex 296.4706682503242 31.491743318188924 253.07393036074592
    endloop
  endfacet
  facet normal 0.0037807223037534974 0.0013679711919946092 0.99999191736417536
    outer loop
      vertex 268.37777431805887 70.093435534072455 253.12733622015946
      vertex 270.79360069937059 77 253.10875452006348
      vertex 268.3759770777462 72.710379756828374 253.12376308183784
    endloop
  endfacet
  facet normal 0.0037807223037615344 0.0013679711919925221 0.99999191736417536
    outer loop
      vertex 268.37777431805887 70.093435534072455 253.12733622015946
      vertex 268.39266557643197 48.411797283638691 253.1569400162453
      vertex 296.4706682503242 31.491743318188924 253.07393036074592
    endloop
  endfacet
  facet normal 0.0037807223037608622 0.0013679711919920329 0.99999191736417548
    outer loop
      vertex 270.79360069937059 77 253.10875452006348
      vertex 268.37777431805887 70.093435534072455 253.12733622015946
      vertex 296.4706682503242 31.491743318188924 253.07393036074592
    endloop
  endfacet
  facet normal 0.0033883741050878113 -0.0010666214793349838 0.99999369059986765
    outer loop
      vertex 268.3803335340167 -298.10565908222429 253.13242399385817
      vertex 270.85521971554476 -312 253.10921800472767
      vertex 297.1056695917307 -266.72854048950649 253.06855891470056
    endloop
  endfacet
  facet normal 0.0033883741050889328 -0.0010666214793381608 0.99999369059986765
    outer loop
      vertex 268.3967838757485 -267.39296545149512 253.16512727899914
      vertex 268.3920425033653 -276.24516928370929 253.15570133432357
      vertex 297.1056695917307 -266.72854048950649 253.06855891470056
    endloop
  endfacet
  facet normal 0.0033883741050857678 -0.0010666214793353479 0.99999369059986765
    outer loop
      vertex 268.3803335340167 -298.10565908222429 253.13242399385817
      vertex 268.37527330734679 -307.55380431230139 253.12236348168111
      vertex 270.85521971554476 -312 253.10921800472767
    endloop
  endfacet
  facet normal 0.0033883741050879097 -0.0010666214793350745 0.99999369059986765
    outer loop
      vertex 268.3920425033653 -276.24516928370929 253.15570133432357
      vertex 268.3803335340167 -298.10565908222429 253.13242399385817
      vertex 297.1056695917307 -266.72854048950649 253.06855891470056
    endloop
  endfacet
  facet normal 0.0033573324714792716 0.00027473707947092718 0.99999432640301167
    outer loop
      vertex 268.39129324453177 -227.59543090375092 253.15421179253246
      vertex 271.16113999029335 -220.80200947895474 253.14304602799999
      vertex 268.39107892824353 -226.04201025868517 253.15378572739496
    endloop
  endfacet
  facet normal 0.0033573324715237946 0.00027473707945277438 0.99999432640301178
    outer loop
      vertex 271.16113999029335 -220.80200947895474 253.14304602799999
      vertex 268.39129324453177 -227.59543090375092 253.15421179253246
      vertex 268.39310274181997 -240.70593917585296 253.1578076806029
    endloop
  endfacet
  facet normal 0.0033573324715078629 0.00027473707945498995 0.99999432640301167
    outer loop
      vertex 297.1056695917307 -266.72854048950649 253.06855891470056
      vertex 271.16113999029335 -220.80200947895474 253.14304602799999
      vertex 268.39310274181997 -240.70593917585296 253.1578076806029
    endloop
  endfacet
  facet normal 0.0033573324715060089 0.0002747370794548715 0.99999432640301167
    outer loop
      vertex 268.39497400142619 -254.27452186513216 253.16152921205708
      vertex 268.3967838757485 -267.39296545149512 253.16512727899914
      vertex 297.1056695917307 -266.72854048950649 253.06855891470056
    endloop
  endfacet
  facet normal 0.0033573324715044056 0.0002747370794511754 0.99999432640301156
    outer loop
      vertex 268.39310274181997 -240.70593917585296 253.1578076806029
      vertex 268.39497400142619 -254.27452186513216 253.16152921205708
      vertex 297.1056695917307 -266.72854048950649 253.06855891470056
    endloop
  endfacet
  facet normal 0.0037609218427804804 -0.00082270851108619974 0.99999258928133972
    outer loop
      vertex 268.39017725527685 -1.9906962172417266 253.15199318320896
      vertex 268.38604588475243 -11.992690077143543 253.14377993462816
      vertex 269.75444786879075 -14.609492124845161 253.13648056230662
    endloop
  endfacet
  facet normal 0.0037609218427766518 -0.00082270851108664058 0.99999258928133972
    outer loop
      vertex 268.39017725527685 -1.9906962172417266 253.15199318320896
      vertex 296.4706682503242 31.491743318188924 253.07393036074592
      vertex 268.39623769692582 12.679625668456206 253.164039878312
    endloop
  endfacet
  facet normal 0.0037609218427766215 -0.00082270851108661597 0.99999258928133972
    outer loop
      vertex 296.4706682503242 31.491743318188924 253.07393036074592
      vertex 268.39017725527685 -1.9906962172417266 253.15199318320896
      vertex 269.75444786879075 -14.609492124845161 253.13648056230662
    endloop
  endfacet
  facet normal 0.0037609218427764163 -0.00082270851109153055 0.99999258928133972
    outer loop
      vertex 268.40411213108035 31.745455357590131 253.17969599955987
      vertex 268.40224635201525 27.228428709310176 253.17598679285285
      vertex 296.4706682503242 31.491743318188924 253.07393036074592
    endloop
  endfacet
  facet normal 0.0037609218427753868 -0.00082270851108475287 0.99999258928133972
    outer loop
      vertex 268.39623769692582 12.679625668456206 253.164039878312
      vertex 296.4706682503242 31.491743318188924 253.07393036074592
      vertex 268.40224635201525 27.228428709310176 253.17598679285285
    endloop
  endfacet
  facet normal -0.0033186836285164318 -0.0028025985475630746 0.99999056584567581
    outer loop
      vertex 331.35623993869115 -114.99584187745242 253.33537110639395
      vertex 268.36201688938525 -125.80764655854453 253.09600980340187
      vertex 297.01939806807457 -169.27646651069182 253.06928868140238
    endloop
  endfacet
  facet normal -0.0033186836285162449 -0.0028025985475641653 0.99999056584567581
    outer loop
      vertex 268.37521157130408 -116.46372556058294 253.12224109926427
      vertex 268.36201688938525 -125.80764655854453 253.09600980340187
      vertex 331.35623993869115 -114.99584187745242 253.33537110639395
    endloop
  endfacet
  facet normal -0.0034438239565868722 0.0025666427735710736 0.99999077616817489
    outer loop
      vertex 331.35623993869115 -114.99584187745242 253.33537110639395
      vertex 268.37040037753161 -112.74365435046224 253.11267634824762
      vertex 268.37521157130408 -116.46372556058294 253.12224109926427
    endloop
  endfacet
  facet normal -0.0034438239565868969 0.002566642773573732 0.99999077616817489
    outer loop
      vertex 295.60777285227709 -63.945581015656899 253.08122955174156
      vertex 268.36298986843093 -107.01376217379705 253.09794410552252
      vertex 331.35623993869115 -114.99584187745242 253.33537110639395
    endloop
  endfacet
  facet normal -0.0034438239565867299 0.00256664277357505 0.99999077616817489
    outer loop
      vertex 268.37040037753161 -112.74365435046224 253.11267634824762
      vertex 331.35623993869115 -114.99584187745242 253.33537110639395
      vertex 268.36298986843093 -107.01376217379705 253.09794410552252
    endloop
  endfacet
  facet normal 0.0059590714020408622 0.0020028318627573439 0.99998023887102627
    outer loop
      vertex 295.60777285227709 -63.945581015656899 253.08122955174156
      vertex 268.43282932092075 -60.757181671716083 253.23678422673009
      vertex 268.43393373732988 -61.856747977228707 253.23897993525543
    endloop
  endfacet
  facet normal 0.0059590714020428216 0.0020028318627740402 0.99998023887102616
    outer loop
      vertex 268.43164244661193 -59.575643731585913 253.23442483094095
      vertex 268.43282932092075 -60.757181671716083 253.23678422673009
      vertex 295.60777285227709 -63.945581015656899 253.08122955174156
    endloop
  endfacet
  facet normal 0.0059590714020384978 0.0020028318627471385 0.99998023887102649
    outer loop
      vertex 295.60777285227709 -63.945581015656899 253.08122955174156
      vertex 268.41402849481005 -42.04088695412257 253.19940993222406
      vertex 268.43164244661193 -59.575643731585913 253.23442483094095
    endloop
  endfacet
  facet normal 0.0059590714020532672 0.0020028318627466181 0.99998023887102661
    outer loop
      vertex 268.39490209111949 -22.999396631294143 253.1613862529056
      vertex 269.75444786879075 -14.609492124845161 253.13648056230662
      vertex 268.38864717259122 -16.772247369335449 253.14895134772803
    endloop
  endfacet
  facet normal 0.0059590714020439865 0.0020028318627539534 0.99998023887102627
    outer loop
      vertex 268.39490209111949 -22.999396631294143 253.1613862529056
      vertex 268.41402849481005 -42.04088695412257 253.19940993222406
      vertex 295.60777285227709 -63.945581015656899 253.08122955174156
    endloop
  endfacet
  facet normal 0.0059590714020369305 0.0020028318627492636 0.99998023887102649
    outer loop
      vertex 269.75444786879075 -14.609492124845161 253.13648056230662
      vertex 268.39490209111949 -22.999396631294143 253.1613862529056
      vertex 295.60777285227709 -63.945581015656899 253.08122955174156
    endloop
  endfacet
  facet normal 0.021115725357320154 0.0088218863156047291 0.99973811594060413
    outer loop
      vertex 268.38107089541279 -308.87382043550173 253.13388911195625
      vertex 268.39480125901719 -312 253.16118513448268
      vertex 270.85521971554476 -312 253.10921800472767
    endloop
  endfacet
  facet normal 0.02111572535731935 0.0088218863156040907 0.99973811594060413
    outer loop
      vertex 270.85521971554476 -312 253.10921800472767
      vertex 268.37527330734679 -307.55380431230139 253.12236348168111
      vertex 268.38107089541279 -308.87382043550173 253.13388911195625
    endloop
  endfacet
  facet normal 0.021207393844488498 -0.0084545587888009751 0.99973934947165677
    outer loop
      vertex 268.3831868204303 74.423320554386933 253.13809607656177
      vertex 268.38298355161112 74.375026534966921 253.13769197740868
      vertex 270.79360069937059 77 253.10875452006348
    endloop
  endfacet
  facet normal 0.021207393843967373 -0.0084545587883222383 0.99973934947167187
    outer loop
      vertex 268.3759770777462 72.710379756828374 253.12376308183784
      vertex 270.79360069937059 77 253.10875452006348
      vertex 268.38298355161112 74.375026534966921 253.13769197740868
    endloop
  endfacet
  facet normal 0.02120739384397699 -0.0084545587883258742 0.99973934947167153
    outer loop
      vertex 268.38339947122171 74.473843608011791 253.13851882710986
      vertex 270.79360069937059 77 253.10875452006348
      vertex 268.39403202641097 77 253.15965638556474
    endloop
  endfacet
  facet normal 0.021207393843785623 -0.0084545587881432217 0.9997393494716772
    outer loop
      vertex 268.38339947122171 74.473843608011791 253.13851882710986
      vertex 268.3831868204303 74.423320554386933 253.13809607656177
      vertex 270.79360069937059 77 253.10875452006348
    endloop
  endfacet
  facet normal 0.022574692290221951 0.0098662083970947716 0.9996964745360799
    outer loop
      vertex 268.39596672971686 -216.54785277932541 253.16350277607816
      vertex 268.40739468161235 -218.87601030867822 253.18622177674169
      vertex 271.16113999029335 -220.80200947895474 253.14304602799999
    endloop
  endfacet
  facet normal 0.0225746922902226 0.0098662083970956979 0.9996964745360799
    outer loop
      vertex 271.16113999029335 -220.80200947895474 253.14304602799999
      vertex 268.40739468161235 -218.87601030867822 253.18622177674169
      vertex 268.40895123140194 -219.19311814616302 253.1893162293633
    endloop
  endfacet
  facet normal 0.022574692290230802 0.0098662083970707058 0.9996964745360799
    outer loop
      vertex 268.41020653679999 -219.44885502193233 253.19181180201127
      vertex 268.41826155410718 -221.08986203389938 253.20782534015189
      vertex 271.16113999029335 -220.80200947895474 253.14304602799999
    endloop
  endfacet
  facet normal 0.022574692290351729 0.0098662083973167329 0.9996964745360748
    outer loop
      vertex 271.16113999029335 -220.80200947895474 253.14304602799999
      vertex 268.40895123140194 -219.19311814616302 253.1893162293633
      vertex 268.41020653679999 -219.44885502193233 253.19181180201127
    endloop
  endfacet
  facet normal 0.029076238424442853 -0.012598662838886273 0.99949779692291307
    outer loop
      vertex 268.38864717259122 -16.772247369335449 253.14895134772803
      vertex 269.75444786879075 -14.609492124845161 253.13648056230662
      vertex 268.39814483665867 -15.252385821943278 253.16783289695263
    endloop
  endfacet
  facet normal 0.029076238424385833 -0.012598662838733326 0.99949779692291696
    outer loop
      vertex 268.39909290380973 -15.100671590211672 253.16971767372024
      vertex 269.75444786879075 -14.609492124845161 253.13648056230662
      vertex 268.40003998585803 -14.949114999327398 253.17160049208351
    endloop
  endfacet
  facet normal 0.029076238424435699 -0.012598662838871153 0.99949779692291352
    outer loop
      vertex 268.39909290380973 -15.100671590211672 253.16971767372024
      vertex 268.39814483665867 -15.252385821943278 253.16783289695263
      vertex 269.75444786879075 -14.609492124845161 253.13648056230662
    endloop
  endfacet
  facet normal 0.029076238424408433 -0.012598662838823641 0.99949779692291507
    outer loop
      vertex 268.40253321910228 -14.550135912490999 253.176557090453
      vertex 268.40003998585803 -14.949114999327398 253.17160049208351
      vertex 269.75444786879075 -14.609492124845161 253.13648056230662
    endloop
  endfacet
  facet normal 0.0054174096495033658 -0.0012872949970100466 0.99998449715197091
    outer loop
      vertex 297.01939806807457 -169.27646651069182 253.06928868140238
      vertex 268.42319769434687 -174.38066632619552 253.21763770219223
      vertex 268.41833116039061 -181.91600002227176 253.2079637188582
    endloop
  endfacet
  facet normal 0.0054174096495011748 -0.0012872949970097719 0.99998449715197102
    outer loop
      vertex 268.4031665251099 -205.39879839163558 253.17781611566932
      vertex 268.39596672971686 -216.54785277932541 253.16350277607816
      vertex 271.16113999029335 -220.80200947895474 253.14304602799999
    endloop
  endfacet
  facet normal 0.0054174096495029035 -0.0012872949970094631 0.99998449715197102
    outer loop
      vertex 271.16113999029335 -220.80200947895474 253.14304602799999
      vertex 297.01939806807457 -169.27646651069182 253.06928868140238
      vertex 268.4031665251099 -205.39879839163558 253.17781611566932
    endloop
  endfacet
  facet normal 0.0054174096495032192 -0.0012872949970097137 0.99998449715197102
    outer loop
      vertex 268.41833116039061 -181.91600002227176 253.2079637188582
      vertex 268.4031665251099 -205.39879839163558 253.17781611566932
      vertex 297.01939806807457 -169.27646651069182 253.06928868140238
    endloop
  endfacet
  facet normal 0.0054174096495040493 -0.0012872949970138771 0.99998449715197091
    outer loop
      vertex 268.42319769434687 -174.38066632619552 253.21763770219223
      vertex 297.01939806807457 -169.27646651069182 253.06928868140238
      vertex 268.42392343693757 -173.2569276144057 253.21908037613451
    endloop
  endfacet
  facet normal 0.024767636716601153 -0.011044295389481366 0.99963222622663783
    outer loop
      vertex 268.41826155410718 -221.08986203389938 253.20782534015189
      vertex 268.40888618025224 -222.79787365960905 253.18918690635547
      vertex 271.16113999029335 -220.80200947895474 253.14304602799999
    endloop
  endfacet
  facet normal 0.024767636716599636 -0.011044295389479271 0.99963222622663805
    outer loop
      vertex 268.40888618025224 -222.79787365960905 253.18918690635547
      vertex 268.39107892824353 -226.04201025868517 253.15378572739496
      vertex 271.16113999029335 -220.80200947895474 253.14304602799999
    endloop
  endfacet
  facet normal 0.030199195181698869 0.013004121977362837 0.99945930453519505
    outer loop
      vertex 268.39371488623573 -13.182273274070701 253.15902606546442
      vertex 268.40253321910228 -14.550135912490999 253.176557090453
      vertex 269.75444786879075 -14.609492124845161 253.13648056230662
    endloop
  endfacet
  facet normal 0.03019919518173618 0.01300412197739844 0.99945930453519327
    outer loop
      vertex 268.38604588475243 -11.992690077143543 253.14377993462816
      vertex 268.39371488623573 -13.182273274070701 253.15902606546442
      vertex 269.75444786879075 -14.609492124845161 253.13648056230662
    endloop
  endfacet
  facet normal 0.0048762961958478757 0.0026000513692746607 0.99998473061756676
    outer loop
      vertex 268.42120000982322 -171.16941300372446 253.21366592847451
      vertex 268.42138037756598 -171.30766539033999 253.21402451773054
      vertex 297.01939806807457 -169.27646651069182 253.06928868140238
    endloop
  endfacet
  facet normal 0.0048762961958425163 0.0026000513693369208 0.99998473061756654
    outer loop
      vertex 268.37944186219676 -139.1633982696398 253.13065100354788
      vertex 268.40953384691943 -162.22805844417667 253.1904744808549
      vertex 297.01939806807457 -169.27646651069182 253.06928868140238
    endloop
  endfacet
  facet normal 0.004876296195843492 0.0026000513693408777 0.99998473061756654
    outer loop
      vertex 268.42120000982322 -171.16941300372446 253.21366592847451
      vertex 297.01939806807457 -169.27646651069182 253.06928868140238
      vertex 268.40953384691943 -162.22805844417667 253.1904744808549
    endloop
  endfacet
  facet normal 0.0048762961958390182 0.0026000513693335936 0.99998473061756654
    outer loop
      vertex 297.01939806807457 -169.27646651069182 253.06928868140238
      vertex 268.36201688938525 -125.80764655854453 253.09600980340187
      vertex 268.37944186219676 -139.1633982696398 253.13065100354788
    endloop
  endfacet
  facet normal 0.0048762961958433455 0.0026000513693384218 0.99998473061756654
    outer loop
      vertex 268.42392343693757 -173.2569276144057 253.21908037613451
      vertex 297.01939806807457 -169.27646651069182 253.06928868140238
      vertex 268.42138037756598 -171.30766539033999 253.21402451773054
    endloop
  endfacet
  facet normal 0.0055643639302761774 -0.0031319101725085351 0.99997961428857274
    outer loop
      vertex 268.40069631249855 -83.012607171409257 253.17290528278608
      vertex 295.60777285227709 -63.945581015656899 253.08122955174156
      vertex 268.42828857975417 -65.449931245984274 253.22775759096004
    endloop
  endfacet
  facet normal 0.0055643639302765842 -0.0031319101725091145 0.99997961428857274
    outer loop
      vertex 268.3726134609941 -100.88808942744276 253.11707600315628
      vertex 295.60777285227709 -63.945581015656899 253.08122955174156
      vertex 268.40069631249855 -83.012607171409257 253.17290528278608
    endloop
  endfacet
  facet normal 0.0055643639302754584 -0.003131910172508284 0.99997961428857274
    outer loop
      vertex 295.60777285227709 -63.945581015656899 253.08122955174156
      vertex 268.3726134609941 -100.88808942744276 253.11707600315628
      vertex 268.36298986843093 -107.01376217379705 253.09794410552252
    endloop
  endfacet
  facet normal 0.0055643639302807336 -0.0031319101724541403 0.99997961428857296
    outer loop
      vertex 295.60777285227709 -63.945581015656899 253.08122955174156
      vertex 268.43393373732988 -61.856747977228707 253.23897993525543
      vertex 268.43352516647269 -62.116806257018865 253.23816771296273
    endloop
  endfacet
  facet normal 0.0055643639302765807 -0.0031319101725158218 0.99997961428857263
    outer loop
      vertex 268.43352516647269 -62.116806257018865 253.23816771296273
      vertex 268.42828857975417 -65.449931245984274 253.22775759096004
      vertex 295.60777285227709 -63.945581015656899 253.08122955174156
    endloop
  endfacet
  facet normal 0.2845237220358045 0 0.95866900001976285
    outer loop
      vertex 68.788544059389253 -0.31723001865151446 290.58299354484444
      vertex 37.340591430664062 9.5439146502930363 299.91644287109375
      vertex 37.340591430664062 -29.099887850828619 299.91644287109375
    endloop
  endfacet
  facet normal 0.44535524159477258 -0.043096195601068032 0.89431617826626419
    outer loop
      vertex 171.805763380044 -6.5430258116006748 220.78109856055306
      vertex 197.24560895937668 33.865356664444903 210.05969906893807
      vertex 156.79932535511489 36.797780698644829 230.34261596876993
    endloop
  endfacet
  facet normal 0.2815613746427717 0.043902205370158882 0.95853836056409825
    outer loop
      vertex 197.84518889749037 -270.05624037681883 209.89541173339381
      vertex 176.64971531816977 -312 218.04245158850802
      vertex 220.45991093657128 -312 205.17363025680191
    endloop
  endfacet
  facet normal 0.24126846031192453 0 0.97045841232827357
    outer loop
      vertex 37.340591430664062 44.81226461375951 299.91644287109375
      vertex 59.39920279143594 42.826150088901613 294.43238798319373
      vertex 37.340591430664062 77 299.91644287109375
    endloop
  endfacet
  facet normal 0.44323483463037655 0.046781084421527376 0.8951840098608379
    outer loop
      vertex 172.87393508106149 -230.61300035477689 220.19824546692092
      vertex 156.78999770076194 -272.46642961063111 230.34913068405473
      vertex 197.84518889749037 -270.05624037681883 209.89541173339381
    endloop
  endfacet
  facet normal 0.29329658830581351 0.036008859451327306 0.95534311811473505
    outer loop
      vertex 70.691738100743393 77 289.67742261863793
      vertex 37.340591430664062 77 299.91644287109375
      vertex 59.39920279143594 42.826150088901613 294.43238798319373
    endloop
  endfacet
  facet normal 0.27710595297055296 -0.025392436878450268 0.96050378186535823
    outer loop
      vertex 59.39920279143594 42.826150088901613 294.43238798319373
      vertex 37.340591430664062 9.5439146502930363 299.91644287109375
      vertex 68.788544059389253 -0.31723001865151446 290.58299354484444
    endloop
  endfacet
  facet normal 0.53313228638728749 -0.00022060996047960332 0.8460318649688725
    outer loop
      vertex 108.76174698492713 -116.45754464241818 265.84810821004623
      vertex 74.828109678620322 -93.047745557515128 287.2377069080398
      vertex 74.662019453266353 -141.62224896659836 287.32970349296158
    endloop
  endfacet
  facet normal 0.29324596363598071 -0.037401481051122454 0.95530515230809243
    outer loop
      vertex 70.685299336850193 -312 289.68075956248293
      vertex 59.958348894638675 -279.93993637330851 294.22876055571112
      vertex 37.340591430664062 -312 299.91644287109375
    endloop
  endfacet
  facet normal 0.60090102129805933 0.00092049526432434064 0.79932291052578852
    outer loop
      vertex 142.21759467746034 -192.45818538671864 240.52693671329385
      vertex 104.59938616889595 -222.12017432229658 268.84105524351099
      vertex 138.87713340187955 -237.19154909302699 243.08968502761979
    endloop
  endfacet
  facet normal 0.55419860793888531 0.019353388763897104 0.83215944944581088
    outer loop
      vertex 156.78999770076194 -272.46642961063111 230.34913068405473
      vertex 137.73561001833053 -312 243.95832985044495
      vertex 176.64971531816977 -312 218.04245158850802
    endloop
  endfacet
  facet normal 0.44778675969049225 -0.052909416133954168 0.89257358885990667
    outer loop
      vertex 156.78999770076194 -272.46642961063111 230.34913068405473
      vertex 176.64971531816977 -312 218.04245158850802
      vertex 197.84518889749037 -270.05624037681883 209.89541173339381
    endloop
  endfacet
  facet normal 0.32038424636805346 0 0.94728767261016034
    outer loop
      vertex 74.828109678620322 -93.047745557515128 287.2377069080398
      vertex 37.340591430664062 -71.442199242234807 299.91644287109375
      vertex 37.340591430664062 -117.63598217220643 299.91644287109375
    endloop
  endfacet
  facet normal 0.51606792258078249 -0.016237237435953979 0.85639374787746081
    outer loop
      vertex 89.273009713119293 -272.07123805597195 279.23674556381303
      vertex 70.685299336850193 -312 289.68075956248293
      vertex 103.74912189635727 -312 269.75630511246521
    endloop
  endfacet
  facet normal 0.31814835857758139 -0.0043157345735516297 0.94803111571798182
    outer loop
      vertex 74.828109678620322 -93.047745557515128 287.2377069080398
      vertex 73.829921726953586 -45.179524253862951 287.79059846121663
      vertex 37.340591430664062 -71.442199242234807 299.91644287109375
    endloop
  endfacet
  facet normal 0.60462311277494407 0.0038596162494075113 0.79650235081934606
    outer loop
      vertex 120.93632364827678 35.254587941774957 256.91272881964761
      vertex 137.75667873337656 77 243.94214975026554
      vertex 103.76231501552672 77 269.74719349777831
    endloop
  endfacet
  facet normal 0.31535538447483258 0 0.94897364635838588
    outer loop
      vertex 73.829921726953586 -45.179524253862951 287.79059846121663
      vertex 37.340591430664062 -29.099887850828619 299.91644287109375
      vertex 37.340591430664062 -71.442199242234807 299.91644287109375
    endloop
  endfacet
  facet normal 0.31649463782269971 0.005744780966570758 0.948576903430146
    outer loop
      vertex 73.346427180201303 -189.46573879026511 288.05840378831965
      vertex 74.662019453266353 -141.62224896659836 287.32970349296158
      vertex 37.340591430664062 -163.80906849777145 299.91644287109375
    endloop
  endfacet
  facet normal 0.60460697368045357 -0.0038295919283178556 0.79651474663224298
    outer loop
      vertex 120.86477706515535 -269.68357782022849 256.96785406567835
      vertex 103.74912189635727 -312 269.75630511246521
      vertex 137.73561001833053 -312 243.95832985044495
    endloop
  endfacet
  facet normal 0.28162376863320038 -0.042841453243525791 0.95856802722854084
    outer loop
      vertex 197.24560895937668 33.865356664444903 210.05969906893807
      vertex 220.42604059640306 77 205.1771976944045
      vertex 176.66839923025393 77 218.03303214536606
    endloop
  endfacet
  facet normal 0.5956055631169942 -0.012798695615827058 0.80317507840733071
    outer loop
      vertex 138.84059354905054 2.7645941207724434 243.11783827113257
      vertex 156.79932535511489 36.797780698644829 230.34261596876993
      vertex 120.93632364827678 35.254587941774957 256.91272881964761
    endloop
  endfacet
  facet normal 0.45679575777718678 0.020062643878156886 0.88934533562468532
    outer loop
      vertex 59.39920279143594 42.826150088901613 294.43238798319373
      vertex 68.788544059389253 -0.31723001865151446 290.58299354484444
      vertex 89.559263972053785 36.754953293483709 279.07819069289769
    endloop
  endfacet
  facet normal 0.30534372669456011 -0.024937899769625165 0.95191560010505027
    outer loop
      vertex 68.788544059389253 -0.31723001865151446 290.58299354484444
      vertex 37.340591430664062 -29.099887850828619 299.91644287109375
      vertex 73.829921726953586 -45.179524253862951 287.79059846121663
    endloop
  endfacet
  facet normal 0.28291658153302163 0 0.95914451877371909
    outer loop
      vertex 68.567164031387406 -235.37707815979846 290.70561488816952
      vertex 37.340591430664062 -206.12943219965283 299.91644287109375
      vertex 37.340591430664062 -244.75320409308705 299.91644287109375
    endloop
  endfacet
  facet normal 0.57535605301449488 0.014426790238324282 0.81777581278917821
    outer loop
      vertex 120.86477706515535 -269.68357782022849 256.96785406567835
      vertex 89.273009713119293 -272.07123805597195 279.23674556381303
      vertex 103.74912189635727 -312 269.75630511246521
    endloop
  endfacet
  facet normal 0.59480633903101632 -0.0099788551004165657 0.80380709221765689
    outer loop
      vertex 120.86477706515535 -269.68357782022849 256.96785406567835
      vertex 137.73561001833053 -312 243.95832985044495
      vertex 156.78999770076194 -272.46642961063111 230.34913068405473
    endloop
  endfacet
  facet normal 0.45008999986168818 0.023963372188832713 0.89266160935588856
    outer loop
      vertex 89.273009713119293 -272.07123805597195 279.23674556381303
      vertex 59.958348894638675 -279.93993637330851 294.22876055571112
      vertex 70.685299336850193 -312 289.68075956248293
    endloop
  endfacet
  facet normal 0.45917849491964674 -0.018488384713463028 0.88815161399054754
    outer loop
      vertex 59.958348894638675 -279.93993637330851 294.22876055571112
      vertex 89.273009713119293 -272.07123805597195 279.23674556381303
      vertex 68.567164031387406 -235.37707815979846 290.70561488816952
    endloop
  endfacet
  facet normal 0.27661937005039994 0.022515982073565321 0.96071575123143627
    outer loop
      vertex 59.958348894638675 -279.93993637330851 294.22876055571112
      vertex 68.567164031387406 -235.37707815979846 290.70561488816952
      vertex 37.340591430664062 -244.75320409308705 299.91644287109375
    endloop
  endfacet
  facet normal 0.55412523257504265 -0.01904696327742407 0.83221538066390199
    outer loop
      vertex 156.79932535511489 36.797780698644829 230.34261596876993
      vertex 176.66839923025393 77 218.03303214536606
      vertex 137.75667873337656 77 243.94214975026554
    endloop
  endfacet
  facet normal 0.59499231741759673 0.0099670314550115539 0.80366958415633272
    outer loop
      vertex 156.79932535511489 36.797780698644829 230.34261596876993
      vertex 137.75667873337656 77 243.94214975026554
      vertex 120.93632364827678 35.254587941774957 256.91272881964761
    endloop
  endfacet
  facet normal 0.4506110307763937 0.050206192708437417 0.89130748743425203
    outer loop
      vertex 197.24560895937668 33.865356664444903 210.05969906893807
      vertex 176.66839923025393 77 218.03303214536606
      vertex 156.79932535511489 36.797780698644829 230.34261596876993
    endloop
  endfacet
  facet normal 0.51609880295156352 0.016415057125057454 0.85637174841977604
    outer loop
      vertex 89.559263972053785 36.754953293483709 279.07819069289769
      vertex 103.76231501552672 77 269.74719349777831
      vertex 70.691738100743393 77 289.67742261863793
    endloop
  endfacet
  facet normal 0.57647354979927601 -0.014021615489788234 0.81699549612031408
    outer loop
      vertex 89.559263972053785 36.754953293483709 279.07819069289769
      vertex 120.93632364827678 35.254587941774957 256.91272881964761
      vertex 103.76231501552672 77 269.74719349777831
    endloop
  endfacet
  facet normal 0.31956797020105815 0 0.94756335536025027
    outer loop
      vertex 74.662019453266353 -141.62224896659836 287.32970349296158
      vertex 37.340591430664062 -117.63598217220643 299.91644287109375
      vertex 37.340591430664062 -163.80906849777145 299.91644287109375
    endloop
  endfacet
  facet normal 0.31997196698232794 0.00070028115853294727 0.94742675176066193
    outer loop
      vertex 74.662019453266353 -141.62224896659836 287.32970349296158
      vertex 74.828109678620322 -93.047745557515128 287.2377069080398
      vertex 37.340591430664062 -117.63598217220643 299.91644287109375
    endloop
  endfacet
  facet normal 0.31280915964529366 0 0.94981599778167825
    outer loop
      vertex 73.346427180201303 -189.46573879026511 288.05840378831965
      vertex 37.340591430664062 -163.80906849777145 299.91644287109375
      vertex 37.340591430664062 -206.12943219965283 299.91644287109375
    endloop
  endfacet
  facet normal 0.30293777976229436 0.023398134466202765 0.9527230599162555
    outer loop
      vertex 73.346427180201303 -189.46573879026511 288.05840378831965
      vertex 37.340591430664062 -206.12943219965283 299.91644287109375
      vertex 68.567164031387406 -235.37707815979846 290.70561488816952
    endloop
  endfacet
  facet normal 0.53312507974474188 -0.00023520211552310771 0.84603640230614618
    outer loop
      vertex 108.76174698492713 -116.45754464241818 265.84810821004623
      vertex 108.60186311059682 -65.326639907268799 265.96307276706699
      vertex 74.828109678620322 -93.047745557515128 287.2377069080398
    endloop
  endfacet
  facet normal 0.595917955362119 0.012604301152997915 0.80294640049599586
    outer loop
      vertex 138.87713340187955 -237.19154909302699 243.08968502761979
      vertex 120.86477706515535 -269.68357782022849 256.96785406567835
      vertex 156.78999770076194 -272.46642961063111 230.34913068405473
    endloop
  endfacet
  facet normal 0.52258326383090681 0.0056579533628378304 0.8525694809970511
    outer loop
      vertex 105.87213270776056 -11.364458251620817 267.92588638953367
      vertex 68.788544059389253 -0.31723001865151446 290.58299354484444
      vertex 73.829921726953586 -45.179524253862951 287.79059846121663
    endloop
  endfacet
  facet normal 0.31765728060830178 0.051229239111444912 0.94682068900959337
    outer loop
      vertex 171.805763380044 -6.5430258116006748 220.78109856055306
      vertex 217.75544675984102 -12.326460608958826 205.6779531929991
      vertex 197.24560895937668 33.865356664444903 210.05969906893807
    endloop
  endfacet
  facet normal 0.53098900147699224 -0.0016947163648573236 0.84737701659114484
    outer loop
      vertex 108.09143373514277 -167.54542305948812 266.33009719204591
      vertex 74.662019453266353 -141.62224896659836 287.32970349296158
      vertex 73.346427180201303 -189.46573879026511 288.05840378831965
    endloop
  endfacet
  facet normal 0.56039935124151363 -0.014515596637760099 0.82809532336702663
    outer loop
      vertex 172.87393508106149 -230.61300035477689 220.19824546692092
      vertex 138.87713340187955 -237.19154909302699 243.08968502761979
      vertex 156.78999770076194 -272.46642961063111 230.34913068405473
    endloop
  endfacet
  facet normal 0.56337406061797102 0.012815728338900864 0.82610255109759945
    outer loop
      vertex 138.84059354905054 2.7645941207724434 243.11783827113257
      vertex 171.805763380044 -6.5430258116006748 220.78109856055306
      vertex 156.79932535511489 36.797780698644829 230.34261596876993
    endloop
  endfacet
  facet normal 0.55773136517108046 0.0059016901975658719 0.83000053876923163
    outer loop
      vertex 142.21759467746034 -192.45818538671864 240.52693671329385
      vertex 138.87713340187955 -237.19154909302699 243.08968502761979
      vertex 172.87393508106149 -230.61300035477689 220.19824546692092
    endloop
  endfacet
  facet normal 0.57717016915028607 0.0064078784765007526 0.81659876006301935
    outer loop
      vertex 105.87213270776056 -11.364458251620817 267.92588638953367
      vertex 120.93632364827678 35.254587941774957 256.91272881964761
      vertex 89.559263972053785 36.754953293483709 279.07819069289769
    endloop
  endfacet
  facet normal 0.51612191035216648 -0.02346461110332268 0.85619366131746155
    outer loop
      vertex 105.87213270776056 -11.364458251620817 267.92588638953367
      vertex 89.559263972053785 36.754953293483709 279.07819069289769
      vertex 68.788544059389253 -0.31723001865151446 290.58299354484444
    endloop
  endfacet
  facet normal 0.52007610625313128 -0.0048916435750769134 0.85410591587209839
    outer loop
      vertex 104.59938616889595 -222.12017432229658 268.84105524351099
      vertex 73.346427180201303 -189.46573879026511 288.05840378831965
      vertex 68.567164031387406 -235.37707815979846 290.70561488816952
    endloop
  endfacet
  facet normal 0.3056064477638184 -0.054819938699514736 0.95057849407934847
    outer loop
      vertex 172.87393508106149 -230.61300035477689 220.19824546692092
      vertex 197.84518889749037 -270.05624037681883 209.89541173339381
      vertex 219.83644513189961 -226.18830161346321 205.35519542021026
    endloop
  endfacet
  facet normal 0.53221083095186694 0.0013195072447621922 0.84661082577424807
    outer loop
      vertex 108.60186311059682 -65.326639907268799 265.96307276706699
      vertex 73.829921726953586 -45.179524253862951 287.79059846121663
      vertex 74.828109678620322 -93.047745557515128 287.2377069080398
    endloop
  endfacet
  facet normal 0.52998034810580996 -0.0040354764655031738 0.84800032166936168
    outer loop
      vertex 108.60186311059682 -65.326639907268799 265.96307276706699
      vertex 105.87213270776056 -11.364458251620817 267.92588638953367
      vertex 73.829921726953586 -45.179524253862951 287.79059846121663
    endloop
  endfacet
  facet normal 0.60300452775451341 -0.0064018159879389884 0.79771207603972816
    outer loop
      vertex 138.84059354905054 2.7645941207724434 243.11783827113257
      vertex 120.93632364827678 35.254587941774957 256.91272881964761
      vertex 105.87213270776056 -11.364458251620817 267.92588638953367
    endloop
  endfacet
  facet normal 0.53248756850848711 0.00099906180980646199 0.8464372340932429
    outer loop
      vertex 108.76174698492713 -116.45754464241818 265.84810821004623
      vertex 74.662019453266353 -141.62224896659836 287.32970349296158
      vertex 108.09143373514277 -167.54542305948812 266.33009719204591
    endloop
  endfacet
  facet normal 0.52780551607070858 0.0053056943320797271 0.84934868388253093
    outer loop
      vertex 104.59938616889595 -222.12017432229658 268.84105524351099
      vertex 108.09143373514277 -167.54542305948812 266.33009719204591
      vertex 73.346427180201303 -189.46573879026511 288.05840378831965
    endloop
  endfacet
  facet normal 0.51293389250326804 0.021216939804981193 0.85816587172105474
    outer loop
      vertex 104.59938616889595 -222.12017432229658 268.84105524351099
      vertex 68.567164031387406 -235.37707815979846 290.70561488816952
      vertex 89.273009713119293 -272.07123805597195 279.23674556381303
    endloop
  endfacet
  facet normal 0.57647598186505189 -0.0068290739630460021 0.81708555615769596
    outer loop
      vertex 104.59938616889595 -222.12017432229658 268.84105524351099
      vertex 89.273009713119293 -272.07123805597195 279.23674556381303
      vertex 120.86477706515535 -269.68357782022849 256.96785406567835
    endloop
  endfacet
  facet normal 0.60254876061851481 0.0068382405258141455 0.79805277365823557
    outer loop
      vertex 104.59938616889595 -222.12017432229658 268.84105524351099
      vertex 120.86477706515535 -269.68357782022849 256.96785406567835
      vertex 138.87713340187955 -237.19154909302699 243.08968502761979
    endloop
  endfacet
  facet normal 0.60227366532768922 -0.0018085561551936067 0.79828764313208789
    outer loop
      vertex 142.21759467746034 -192.45818538671864 240.52693671329385
      vertex 108.09143373514277 -167.54542305948812 266.33009719204591
      vertex 104.59938616889595 -222.12017432229658 268.84105524351099
    endloop
  endfacet
  facet normal 0.30756233708928121 -0.039162799737046013 0.95072166480044784
    outer loop
      vertex 184.74672112107856 -56.414882444038426 214.54028912021869
      vertex 217.75544675984102 -12.326460608958826 205.6779531929991
      vertex 171.805763380044 -6.5430258116006748 220.78109856055306
    endloop
  endfacet
  facet normal 0.60298195872894522 -0.00028640028947109826 0.79775477148198803
    outer loop
      vertex 140.13782536719134 -138.36831182776854 242.11834647132844
      vertex 108.09143373514277 -167.54542305948812 266.33009719204591
      vertex 142.21759467746034 -192.45818538671864 240.52693671329385
    endloop
  endfacet
  facet normal 0.60145407060421363 -0.00068579014728852451 0.79890708511409225
    outer loop
      vertex 140.90526632499703 -39.650160686917133 241.52704819030109
      vertex 138.84059354905054 2.7645941207724434 243.11783827113257
      vertex 105.87213270776056 -11.364458251620817 267.92588638953367
    endloop
  endfacet
  facet normal 0.60255411735332409 0.0014516548655047617 0.79807670581135748
    outer loop
      vertex 140.90526632499703 -39.650160686917133 241.52704819030109
      vertex 105.87213270776056 -11.364458251620817 267.92588638953367
      vertex 108.60186311059682 -65.326639907268799 265.96307276706699
    endloop
  endfacet
  facet normal 0.17998129484427669 0.062578837440408347 0.98167745344934165
    outer loop
      vertex 184.74672112107856 -56.414882444038426 214.54028912021869
      vertex 241.23756412008066 -59.76618303564976 204.39686111351384
      vertex 217.75544675984102 -12.326460608958826 205.6779531929991
    endloop
  endfacet
  facet normal 0.16179284086667914 -0.05464439054256099 0.98531064503867072
    outer loop
      vertex 190.64174270259082 -189.96195608219901 212.15818740166023
      vertex 219.83644513189961 -226.18830161346321 205.35519542021026
      vertex 242.59418950425109 -176.85240041437049 204.35438428943303
    endloop
  endfacet
  facet normal 0.2993375831072993 0.023273997070362561 0.953863371977271
    outer loop
      vertex 175.43906537229947 -111.22655145985837 218.79856962417639
      vertex 214.50624546309717 -96.604773968855085 206.18189639062984
      vertex 184.74672112107856 -56.414882444038426 214.54028912021869
    endloop
  endfacet
  facet normal 0.50678511928970738 -0.051305792832916412 0.86054433847902512
    outer loop
      vertex 142.21759467746034 -192.45818538671864 240.52693671329385
      vertex 172.87393508106149 -230.61300035477689 220.19824546692092
      vertex 190.64174270259082 -189.96195608219901 212.15818740166023
    endloop
  endfacet
  facet normal 0.29575286748058477 0.059301999455054509 0.95342200217828221
    outer loop
      vertex 190.64174270259082 -189.96195608219901 212.15818740166023
      vertex 172.87393508106149 -230.61300035477689 220.19824546692092
      vertex 219.83644513189961 -226.18830161346321 205.35519542021026
    endloop
  endfacet
  facet normal 0.17177643632963768 -0.077057673259687431 0.98211759525715303
    outer loop
      vertex 214.50624546309717 -96.604773968855085 206.18189639062984
      vertex 241.23756412008066 -59.76618303564976 204.39686111351384
      vertex 184.74672112107856 -56.414882444038426 214.54028912021869
    endloop
  endfacet
  facet normal 0.56020355904687003 -0.003797923580279292 0.8283462731296003
    outer loop
      vertex 140.90526632499703 -39.650160686917133 241.52704819030109
      vertex 171.805763380044 -6.5430258116006748 220.78109856055306
      vertex 138.84059354905054 2.7645941207724434 243.11783827113257
    endloop
  endfacet
  facet normal 0.53290023058812341 0.032469059991851248 0.84555490914686926
    outer loop
      vertex 140.90526632499703 -39.650160686917133 241.52704819030109
      vertex 184.74672112107856 -56.414882444038426 214.54028912021869
      vertex 171.805763380044 -6.5430258116006748 220.78109856055306
    endloop
  endfacet
  facet normal 0.60291787761527171 9.1485747472996702e-05 0.79780324923019341
    outer loop
      vertex 142.81994187072257 -87.468147514723825 240.10623925622539
      vertex 108.60186311059682 -65.326639907268799 265.96307276706699
      vertex 108.76174698492713 -116.45754464241818 265.84810821004623
    endloop
  endfacet
  facet normal 0.60306360831220018 0.00044547744699777056 0.7976929772032052
    outer loop
      vertex 142.81994187072257 -87.468147514723825 240.10623925622539
      vertex 140.90526632499703 -39.650160686917133 241.52704819030109
      vertex 108.60186311059682 -65.326639907268799 265.96307276706699
    endloop
  endfacet
  facet normal 0.60303985897203094 -0.00038634826154910134 0.79771096220749893
    outer loop
      vertex 140.13782536719134 -138.36831182776854 242.11834647132844
      vertex 108.76174698492713 -116.45754464241818 265.84810821004623
      vertex 108.09143373514277 -167.54542305948812 266.33009719204591
    endloop
  endfacet
  facet normal 0.60310153499563224 -0.00024758875573000416 0.79766438881632429
    outer loop
      vertex 140.13782536719134 -138.36831182776854 242.11834647132844
      vertex 142.81994187072257 -87.468147514723825 240.10623925622539
      vertex 108.76174698492713 -116.45754464241818 265.84810821004623
    endloop
  endfacet
  facet normal 0.50233225384136793 0.059063189610538934 0.86265511439026477
    outer loop
      vertex 170.70924210136289 -155.11802256775923 221.37942073937873
      vertex 142.21759467746034 -192.45818538671864 240.52693671329385
      vertex 190.64174270259082 -189.96195608219901 212.15818740166023
    endloop
  endfacet
  facet normal 0.31287960004631138 -0.016544949186301124 0.94964868268812075
    outer loop
      vertex 209.9952576131887 -141.75334519565803 206.88153960566686
      vertex 214.50624546309717 -96.604773968855085 206.18189639062984
      vertex 175.43906537229947 -111.22655145985837 218.79856962417639
    endloop
  endfacet
  facet normal 0.54897912978399588 0.0041128632903394474 0.83582593846874687
    outer loop
      vertex 175.43906537229947 -111.22655145985837 218.79856962417639
      vertex 142.81994187072257 -87.468147514723825 240.10623925622539
      vertex 140.13782536719134 -138.36831182776854 242.11834647132844
    endloop
  endfacet
  facet normal 0.13495985884368822 0.054111126822289905 0.98937243869784142
    outer loop
      vertex 209.9952576131887 -141.75334519565803 206.88153960566686
      vertex 190.64174270259082 -189.96195608219901 212.15818740166023
      vertex 242.59418950425109 -176.85240041437049 204.35438428943303
    endloop
  endfacet
  facet normal 0.52298019652445227 -0.0043846625571985634 0.85233355488183415
    outer loop
      vertex 140.90526632499703 -39.650160686917133 241.52704819030109
      vertex 142.81994187072257 -87.468147514723825 240.10623925622539
      vertex 184.74672112107856 -56.414882444038426 214.54028912021869
    endloop
  endfacet
  facet normal 0.53388902500775937 -0.024998704619060716 0.84518493464071698
    outer loop
      vertex 175.43906537229947 -111.22655145985837 218.79856962417639
      vertex 184.74672112107856 -56.414882444038426 214.54028912021869
      vertex 142.81994187072257 -87.468147514723825 240.10623925622539
    endloop
  endfacet
  facet normal 0.35839296097671491 -0.041797069515974609 0.93263470367675017
    outer loop
      vertex 170.70924210136289 -155.11802256775923 221.37942073937873
      vertex 190.64174270259082 -189.96195608219901 212.15818740166023
      vertex 209.9952576131887 -141.75334519565803 206.88153960566686
    endloop
  endfacet
  facet normal 0.5603285166875579 -0.0028241141287019336 0.82826564444392436
    outer loop
      vertex 170.70924210136289 -155.11802256775923 221.37942073937873
      vertex 140.13782536719134 -138.36831182776854 242.11834647132844
      vertex 142.21759467746034 -192.45818538671864 240.52693671329385
    endloop
  endfacet
  facet normal 0.55714074394670077 -0.011213732963920543 0.8303423653093529
    outer loop
      vertex 170.70924210136289 -155.11802256775923 221.37942073937873
      vertex 175.43906537229947 -111.22655145985837 218.79856962417639
      vertex 140.13782536719134 -138.36831182776854 242.11834647132844
    endloop
  endfacet
  facet normal 0.34058511874252351 0.018572415978664044 0.94003023475623193
    outer loop
      vertex 170.70924210136289 -155.11802256775923 221.37942073937873
      vertex 209.9952576131887 -141.75334519565803 206.88153960566686
      vertex 175.43906537229947 -111.22655145985837 218.79856962417639
    endloop
  endfacet
  facet normal 0.2412684603119245 0 0.97045841232827346
    outer loop
      vertex 59.39920279143594 42.826150088901613 294.43238798319373
      vertex 37.340591430664062 44.81226461375951 299.91644287109375
      vertex 37.340591430664062 9.5439146502930363 299.91644287109375
    endloop
  endfacet
  facet normal 0.44965112639890742 -0.02434973917591465 0.89287230594876132
    outer loop
      vertex 89.559263972053785 36.754953293483709 279.07819069289769
      vertex 70.691738100743393 77 289.67742261863793
      vertex 59.39920279143594 42.826150088901613 294.43238798319373
    endloop
  endfacet
  facet normal 0.24387694052810113 0 0.96980618572921728
    outer loop
      vertex 59.958348894638675 -279.93993637330851 294.22876055571112
      vertex 37.340591430664062 -244.75320409308705 299.91644287109375
      vertex 37.340591430664062 -279.96023094096574 299.91644287109375
    endloop
  endfacet
  facet normal 0.24387694052810113 2.6917528920511948e-17 0.96980618572921728
    outer loop
      vertex 37.340591430664062 -279.96023094096574 299.91644287109375
      vertex 37.340591430664062 -312 299.91644287109375
      vertex 59.958348894638675 -279.93993637330851 294.22876055571112
    endloop
  endfacet
  facet normal -0.1224599461474328 -0 0.99247345636524109
    outer loop
      vertex 0.30078592193662423 -179.04179710322956 295.34615178792257
      vertex 37.340591430664062 -206.12943219965283 299.91644287109375
      vertex 37.340591430664062 -163.80906849777145 299.91644287109375
    endloop
  endfacet
  facet normal -0.12945908045349819 -0 0.99158476515532179
    outer loop
      vertex -1.2171045154652553 -101.83070698611539 294.88243666506901
      vertex 37.340591430664062 -117.63598217220643 299.91644287109375
      vertex 37.340591430664062 -71.442199242234807 299.91644287109375
    endloop
  endfacet
  facet normal -0.50604880453090417 -0.011542546008589739 0.8624276068543274
    outer loop
      vertex -45.255263023540728 46.487105718372504 272.23830160990394
      vertex -18.313634061864477 41.343384476431595 287.97806617819407
      vertex -33.884615678065074 77 279.31866282919964
    endloop
  endfacet
  facet normal -0.57209090539416652 0 0.82019021937918934
    outer loop
      vertex -39.735925750576584 7.7866176831724623 275.50948926619742
      vertex -70 31.083895422116122 254.39999389648438
      vertex -70 -18.398983997741006 254.39999389648438
    endloop
  endfacet
  facet normal -0.45890826600267065 -0.036884067914700454 0.88771773043489788
    outer loop
      vertex -39.735925750576584 7.7866176831724623 275.50948926619742
      vertex -1.7818157403023847 -2.3232814081042363 294.70991753684365
      vertex -18.313634061864477 41.343384476431595 287.97806617819407
    endloop
  endfacet
  facet normal -0.44285990058129465 -0.0015853177050431982 0.89658942399790786
    outer loop
      vertex -1.2171045154652553 -101.83070698611539 294.88243666506901
      vertex -1.656609985172766 -54.991288496832766 294.74816786156492
      vertex -35.992048420229324 -89.024603103474561 277.7284015565732
    endloop
  endfacet
  facet normal -0.42326940958779991 0.035024862611267311 0.90532660731155878
    outer loop
      vertex -18.313634061864477 41.343384476431595 287.97806617819407
      vertex 1.9483404152270465 77 296.07172636108118
      vertex -33.884615678065074 77 279.31866282919964
    endloop
  endfacet
  facet normal -0.10780775637111763 -0.059139271248353956 0.99241122235817114
    outer loop
      vertex 13.703102257734955 -290.70148169898158 298.61786240973436
      vertex 1.9482195741305721 -312 296.07169372220909
      vertex 37.340591430664062 -312 299.91644287109375
    endloop
  endfacet
  facet normal -0.58595242905038514 0 0.810345451576026
    outer loop
      vertex -46.126430894479419 -284.09755772725214 271.662725217152
      vertex -70 -266.08389542211614 254.39999389648438
      vertex -70 -312 254.39999389648438
    endloop
  endfacet
  facet normal -0.56775635311233952 -0.023315205495397562 0.82286640756157003
    outer loop
      vertex -46.126430894479419 -284.09755772725214 271.662725217152
      vertex -70 -312 254.39999389648438
      vertex -33.884674496424694 -312 279.31862626615094
    endloop
  endfacet
  facet normal -0.56153737912076851 0.0073595598749222743 0.82741864175798319
    outer loop
      vertex -30.486881119416523 -142.07208838536113 280.99119098755466
      vertex -70 -167.35091489670288 254.39999389648438
      vertex -35.996083303980328 -195.32955029079477 277.72601017129119
    endloop
  endfacet
  facet normal -0.075928741997695989 -0 0.99711324639613885
    outer loop
      vertex 7.9299734637177925 -141.3558982239505 297.67686654245085
      vertex 37.340591430664062 -163.80906849777145 299.91644287109375
      vertex 37.340591430664062 -117.63598217220643 299.91644287109375
    endloop
  endfacet
  facet normal -0.56567133261609226 0 0.82463079220723656
    outer loop
      vertex -35.992048420229324 -89.024603103474561 277.7284015565732
      vertex -70 -67.649084701657628 254.39999389648438
      vertex -70 -117.4999997814482 254.39999389648438
    endloop
  endfacet
  facet normal -0.11141275047241324 0.044406045585274952 0.99278159841309011
    outer loop
      vertex -1.2171045154652553 -101.83070698611539 294.88243666506901
      vertex 7.9299734637177925 -141.3558982239505 297.67686654245085
      vertex 37.340591430664062 -117.63598217220643 299.91644287109375
    endloop
  endfacet
  facet normal -0.55831609071436472 0 0.82962831608463627
    outer loop
      vertex -30.486881119416523 -142.07208838536113 280.99119098755466
      vertex -70 -117.4999997814482 254.39999389648438
      vertex -70 -167.35091489670288 254.39999389648438
    endloop
  endfacet
  facet normal -0.56778975999105408 0.020633964336487159 0.82291495791792602
    outer loop
      vertex -45.255263023540728 46.487105718372504 272.23830160990394
      vertex -33.884615678065074 77 279.31866282919964
      vertex -70 77 254.39999389648438
    endloop
  endfacet
  facet normal -0.10791981524711944 0.037613368308625987 0.99344780839332847
    outer loop
      vertex 1.9483404152270465 77 296.07172636108118
      vertex 13.243838326840571 44.04381835231726 298.54654287920511
      vertex 37.340591430664062 77 299.91644287109375
    endloop
  endfacet
  facet normal -0.13191985572049514 -0 0.99126038540167827
    outer loop
      vertex -1.7818157403023847 -2.3232814081042363 294.70991753684365
      vertex 37.340591430664062 -29.099887850828619 299.91644287109375
      vertex 37.340591430664062 9.5439146502930363 299.91644287109375
    endloop
  endfacet
  facet normal -0.31939305819355968 0.025119002228357178 0.94728934867062509
    outer loop
      vertex 13.243838326840571 44.04381835231726 298.54654287920511
      vertex -18.313634061864477 41.343384476431595 287.97806617819407
      vertex -1.7818157403023847 -2.3232814081042363 294.70991753684365
    endloop
  endfacet
  facet normal -0.10616051821208669 -0.039955359921820199 0.99354592927879237
    outer loop
      vertex 0.30078592193662423 -179.04179710322956 295.34615178792257
      vertex 37.340591430664062 -163.80906849777145 299.91644287109375
      vertex 7.9299734637177925 -141.3558982239505 297.67686654245085
    endloop
  endfacet
  facet normal -0.42313501923571073 -0.043175125936605815 0.90503738265154154
    outer loop
      vertex -16.856075013582466 -283.81598396341235 288.62459016659614
      vertex -33.884674496424694 -312 279.31862626615094
      vertex 1.9482195741305721 -312 296.07169372220909
    endloop
  endfacet
  facet normal -0.56517693308269323 -0.0011756669017975029 0.82496887948490327
    outer loop
      vertex -35.215521180417966 -245.94525001345045 278.1886318697467
      vertex -35.996083303980328 -195.32955029079477 277.72601017129119
      vertex -70 -216.6010158564066 254.39999389648438
    endloop
  endfacet
  facet normal -0.56567754016104876 0 0.82462653398817143
    outer loop
      vertex -35.996083303980328 -195.32955029079477 277.72601017129119
      vertex -70 -167.35091489670288 254.39999389648438
      vertex -70 -216.6010158564066 254.39999389648438
    endloop
  endfacet
  facet normal -0.12349416026171957 -0 0.99234529896667156
    outer loop
      vertex 0.084314379791946337 -221.77986738654533 295.28001978966597
      vertex 37.340591430664062 -244.75320409308705 299.91644287109375
      vertex 37.340591430664062 -206.12943219965283 299.91644287109375
    endloop
  endfacet
  facet normal -0.11879279022936418 -0.043583649531396464 0.99196206504233142
    outer loop
      vertex 13.243838326840571 44.04381835231726 298.54654287920511
      vertex -1.7818157403023847 -2.3232814081042363 294.70991753684365
      vertex 37.340591430664062 9.5439146502930363 299.91644287109375
    endloop
  endfacet
  facet normal -0.31453323541409756 -0.036574111714937907 0.9485416059257511
    outer loop
      vertex -18.313634061864477 41.343384476431595 287.97806617819407
      vertex 13.243838326840571 44.04381835231726 298.54654287920511
      vertex 1.9483404152270465 77 296.07172636108118
    endloop
  endfacet
  facet normal -0.45017637907747127 0.0057785910478582126 0.89292095708757935
    outer loop
      vertex -36.323760481384035 -38.88398485085591 277.5318032430024
      vertex -1.7818157403023847 -2.3232814081042363 294.70991753684365
      vertex -39.735925750576584 7.7866176831724623 275.50948926619742
    endloop
  endfacet
  facet normal -0.58478170247381711 0 0.81119070535344773
    outer loop
      vertex -45.255263023540728 46.487105718372504 272.23830160990394
      vertex -70 77 254.39999389648438
      vertex -70 31.083895422116122 254.39999389648438
    endloop
  endfacet
  facet normal -0.42429863598829787 -0.020483880853176192 0.90529060423913765
    outer loop
      vertex 5.3740292825621943 -259.93002716297786 296.89602627838002
      vertex 0.084314379791946337 -221.77986738654533 295.28001978966597
      vertex -35.215521180417966 -245.94525001345045 278.1886318697467
    endloop
  endfacet
  facet normal -0.56145177727058371 -0.0073708293883704354 0.82747662968438596
    outer loop
      vertex -30.486881119416523 -142.07208838536113 280.99119098755466
      vertex -35.992048420229324 -89.024603103474561 277.7284015565732
      vertex -70 -117.4999997814482 254.39999389648438
    endloop
  endfacet
  facet normal -0.13138061741611409 -0 0.99133199956793516
    outer loop
      vertex -1.656609985172766 -54.991288496832766 294.74816786156492
      vertex 37.340591430664062 -71.442199242234807 299.91644287109375
      vertex 37.340591430664062 -29.099887850828619 299.91644287109375
    endloop
  endfacet
  facet normal -0.5686244768879245 -0.0059295148970525489 0.82257585980687509
    outer loop
      vertex -36.323760481384035 -38.88398485085591 277.5318032430024
      vertex -39.735925750576584 7.7866176831724623 275.50948926619742
      vertex -70 -18.398983997741006 254.39999389648438
    endloop
  endfacet
  facet normal -0.12311682991770521 -0.00091201030255133239 0.99239176459109257
    outer loop
      vertex 0.084314379791946337 -221.77986738654533 295.28001978966597
      vertex 37.340591430664062 -206.12943219965283 299.91644287109375
      vertex 0.30078592193662423 -179.04179710322956 295.34615178792257
    endloop
  endfacet
  facet normal -0.5014370379839802 0.017347551207406203 0.86502020751249442
    outer loop
      vertex -16.856075013582466 -283.81598396341235 288.62459016659614
      vertex -46.126430894479419 -284.09755772725214 271.662725217152
      vertex -33.884674496424694 -312 279.31862626615094
    endloop
  endfacet
  facet normal -0.43700632570999959 0.00082166729496065734 0.89945805691666469
    outer loop
      vertex 0.084314379791946337 -221.77986738654533 295.28001978966597
      vertex 0.30078592193662423 -179.04179710322956 295.34615178792257
      vertex -35.996083303980328 -195.32955029079477 277.72601017129119
    endloop
  endfacet
  facet normal -0.43660991451855419 0.0014895833843187657 0.8996496894266357
    outer loop
      vertex -35.215521180417966 -245.94525001345045 278.1886318697467
      vertex 0.084314379791946337 -221.77986738654533 295.28001978966597
      vertex -35.996083303980328 -195.32955029079477 277.72601017129119
    endloop
  endfacet
  facet normal -0.56618629981971058 0 0.8242773040042195
    outer loop
      vertex -36.323760481384035 -38.88398485085591 277.5318032430024
      vertex -70 -18.398983997741006 254.39999389648438
      vertex -70 -67.649084701657628 254.39999389648438
    endloop
  endfacet
  facet normal -0.56588964242680007 -0.00051098048516156974 0.8244808375535555
    outer loop
      vertex -36.323760481384035 -38.88398485085591 277.5318032430024
      vertex -70 -67.649084701657628 254.39999389648438
      vertex -35.992048420229324 -89.024603103474561 277.7284015565732
    endloop
  endfacet
  facet normal -0.054854610288317562 -0 0.99849435237767714
    outer loop
      vertex 13.703102257734955 -290.70148169898158 298.61786240973436
      vertex 37.340591430664062 -312 299.91644287109375
      vertex 37.340591430664062 -279.96023094096574 299.91644287109375
    endloop
  endfacet
  facet normal -0.29987474810452941 0.051626196536457496 0.95258063767873424
    outer loop
      vertex 1.9482195741305721 -312 296.07169372220909
      vertex 13.703102257734955 -290.70148169898158 298.61786240973436
      vertex -16.856075013582466 -283.81598396341235 288.62459016659614
    endloop
  endfacet
  facet normal -0.39864024965119632 0.024001488019507914 0.91679325909982634
    outer loop
      vertex -30.486881119416523 -142.07208838536113 280.99119098755466
      vertex 0.30078592193662423 -179.04179710322956 295.34615178792257
      vertex 7.9299734637177925 -141.3558982239505 297.67686654245085
    endloop
  endfacet
  facet normal -0.43287228078782919 -0.010485561351623471 0.90139427640111203
    outer loop
      vertex -30.486881119416523 -142.07208838536113 280.99119098755466
      vertex -35.996083303980328 -195.32955029079477 277.72601017129119
      vertex 0.30078592193662423 -179.04179710322956 295.34615178792257
    endloop
  endfacet
  facet normal -0.13164614072743788 0.00040697506931509811 0.99129669020070088
    outer loop
      vertex -1.656609985172766 -54.991288496832766 294.74816786156492
      vertex 37.340591430664062 -29.099887850828619 299.91644287109375
      vertex -1.7818157403023847 -2.3232814081042363 294.70991753684365
    endloop
  endfacet
  facet normal -0.44494119530704235 -0.00040733930145702731 0.89555969471243735
    outer loop
      vertex -1.656609985172766 -54.991288496832766 294.74816786156492
      vertex -1.7818157403023847 -2.3232814081042363 294.70991753684365
      vertex -36.323760481384035 -38.88398485085591 277.5318032430024
    endloop
  endfacet
  facet normal -0.13071068710459616 0.0016154900174516964 0.99141923850036728
    outer loop
      vertex -1.2171045154652553 -101.83070698611539 294.88243666506901
      vertex 37.340591430664062 -71.442199242234807 299.91644287109375
      vertex -1.656609985172766 -54.991288496832766 294.74816786156492
    endloop
  endfacet
  facet normal -0.44457652440456369 0.00057098845722355375 0.89574069234379439
    outer loop
      vertex -1.656609985172766 -54.991288496832766 294.74816786156492
      vertex -36.323760481384035 -38.88398485085591 277.5318032430024
      vertex -35.992048420229324 -89.024603103474561 277.7284015565732
    endloop
  endfacet
  facet normal -0.56450176552772802 0 0.82543186073477803
    outer loop
      vertex -35.215521180417966 -245.94525001345045 278.1886318697467
      vertex -70 -216.6010158564066 254.39999389648438
      vertex -70 -266.08389542211614 254.39999389648438
    endloop
  endfacet
  facet normal -0.5737945050958112 0.024067094173517257 0.81864561374253775
    outer loop
      vertex -35.215521180417966 -245.94525001345045 278.1886318697467
      vertex -70 -266.08389542211614 254.39999389648438
      vertex -46.126430894479419 -284.09755772725214 271.662725217152
    endloop
  endfacet
  facet normal -0.43951520844667147 0.0096324805843587512 0.8981834984355207
    outer loop
      vertex -1.2171045154652553 -101.83070698611539 294.88243666506901
      vertex -35.992048420229324 -89.024603103474561 277.7284015565732
      vertex -30.486881119416523 -142.07208838536113 280.99119098755466
    endloop
  endfacet
  facet normal -0.39780391037842444 -0.027224802459466197 0.91706644198699006
    outer loop
      vertex -1.2171045154652553 -101.83070698611539 294.88243666506901
      vertex -30.486881119416523 -142.07208838536113 280.99119098755466
      vertex 7.9299734637177925 -141.3558982239505 297.67686654245085
    endloop
  endfacet
  facet normal -0.094067777263735164 -0 0.99556579555580371
    outer loop
      vertex 5.3740292825621943 -259.93002716297786 296.89602627838002
      vertex 37.340591430664062 -279.96023094096574 299.91644287109375
      vertex 37.340591430664062 -244.75320409308705 299.91644287109375
    endloop
  endfacet
  facet normal -0.10686373799184681 0.02728347571006861 0.99389926725779798
    outer loop
      vertex 5.3740292825621943 -259.93002716297786 296.89602627838002
      vertex 37.340591430664062 -244.75320409308705 299.91644287109375
      vertex 0.084314379791946337 -221.77986738654533 295.28001978966597
    endloop
  endfacet
  facet normal -0.57910532536244885 -0.013689981125503195 0.81513778378482471
    outer loop
      vertex -45.255263023540728 46.487105718372504 272.23830160990394
      vertex -70 31.083895422116122 254.39999389648438
      vertex -39.735925750576584 7.7866176831724623 275.50948926619742
    endloop
  endfacet
  facet normal -0.50428760952572327 0.0010710961240113749 0.86353509461510869
    outer loop
      vertex -45.255263023540728 46.487105718372504 272.23830160990394
      vertex -39.735925750576584 7.7866176831724623 275.50948926619742
      vertex -18.313634061864477 41.343384476431595 287.97806617819407
    endloop
  endfacet
  facet normal -0.50134894443811751 -0.0046197933291583218 0.86523285502827574
    outer loop
      vertex -16.856075013582466 -283.81598396341235 288.62459016659614
      vertex -35.215521180417966 -245.94525001345045 278.1886318697467
      vertex -46.126430894479419 -284.09755772725214 271.662725217152
    endloop
  endfacet
  facet normal -0.40156514875172367 0.057204909296037956 0.91404213779258447
    outer loop
      vertex -16.856075013582466 -283.81598396341235 288.62459016659614
      vertex 5.3740292825621943 -259.93002716297786 296.89602627838002
      vertex -35.215521180417966 -245.94525001345045 278.1886318697467
    endloop
  endfacet
  facet normal -0.056758337255312381 0 0.99838794621730698
    outer loop
      vertex 13.243838326840571 44.04381835231726 298.54654287920511
      vertex 37.340591430664062 9.5439146502930363 299.91644287109375
      vertex 37.340591430664062 44.81226461375951 299.91644287109375
    endloop
  endfacet
  facet normal -0.056758337255312381 0 0.99838794621730709
    outer loop
      vertex 37.340591430664062 44.81226461375951 299.91644287109375
      vertex 37.340591430664062 77 299.91644287109375
      vertex 13.243838326840571 44.04381835231726 298.54654287920511
    endloop
  endfacet
  facet normal -0.071332325025175586 0.036467874630978871 0.99678573100060075
    outer loop
      vertex 13.703102257734955 -290.70148169898158 298.61786240973436
      vertex 37.340591430664062 -279.96023094096574 299.91644287109375
      vertex 5.3740292825621943 -259.93002716297786 296.89602627838002
    endloop
  endfacet
  facet normal -0.31733017136273173 -0.03286174155313485 0.94774557149321159
    outer loop
      vertex 5.3740292825621943 -259.93002716297786 296.89602627838002
      vertex -16.856075013582466 -283.81598396341235 288.62459016659614
      vertex 13.703102257734955 -290.70148169898158 298.61786240973436
    endloop
  endfacet
  facet normal 0.12114451064118022 0.047129019340971204 0.99151543763950911
    outer loop
      vertex 243.82899573381144 34.796136177651348 204.32384453295904
      vertex 220.42604059640306 77 205.1771976944045
      vertex 197.24560895937668 33.865356664444903 210.05969906893807
    endloop
  endfacet
  facet normal 0.12114451064118029 0.047129019340968185 0.99151543763950922
    outer loop
      vertex 197.24560895937668 33.865356664444903 210.05969906893807
      vertex 243.89167581968815 32.013451842185866 204.44845362208187
      vertex 243.82899573381144 34.796136177651348 204.32384453295904
    endloop
  endfacet
  facet normal 0.11390957662306833 0.045611754522099847 0.99244353804282948
    outer loop
      vertex 197.84518889749037 -270.05624037681883 209.89541173339381
      vertex 243.83805980589244 -264.08072470538468 204.34186435711368
      vertex 219.83644513189961 -226.18830161346321 205.35519542021026
    endloop
  endfacet
  facet normal 0.11390957662306909 0.045611754522094206 0.9924435380428297
    outer loop
      vertex 197.84518889749037 -270.05624037681883 209.89541173339381
      vertex 243.92391840361574 -268.00908703659246 204.51255354527933
      vertex 243.83805980589244 -264.08072470538468 204.34186435711368
    endloop
  endfacet
  facet normal 0.0059590714020351619 0.002002831862764105 0.99998023887102638
    outer loop
      vertex 243.85807315801975 -59.967619639170969 204.38164845607565
      vertex 243.8537094381845 -55.623498072300414 204.37297374328176
      vertex 241.23756412008066 -59.76618303564976 204.39686111351384
    endloop
  endfacet
  facet normal 0.021115725357294314 0.0088218863156161991 0.99973811594060458
    outer loop
      vertex 220.45991093657128 -312 205.17363025680191
      vertex 243.84931249402322 -276.25956529712795 204.36423605798541
      vertex 243.84179100667319 -274.54703014004161 204.34928317325711
    endloop
  endfacet
  facet normal 0.021115725357325831 0.0088218863155965135 0.99973811594060413
    outer loop
      vertex 243.84179100667319 -274.54703014004161 204.34928317325711
      vertex 243.83085842728983 -272.05780876163055 204.32754870267473
      vertex 220.45991093657128 -312 205.17363025680191
    endloop
  endfacet
  facet normal 0.021115725357317858 0.0088218863156018703 0.99973811594060413
    outer loop
      vertex 244.00628641951465 -312 204.67630121639584
      vertex 243.8564560442943 -277.88605237930744 204.37843762003527
      vertex 220.45991093657128 -312 205.17363025680191
    endloop
  endfacet
  facet normal 0.021115725357352563 0.0088218863155780577 0.99973811594060369
    outer loop
      vertex 243.84931249402322 -276.25956529712795 204.36423605798541
      vertex 220.45991093657128 -312 205.17363025680191
      vertex 243.8564560442943 -277.88605237930744 204.37843762003527
    endloop
  endfacet
  facet normal 0.11800081287591298 -0.048034518624530356 0.9918510438473781
    outer loop
      vertex 220.45991093657128 -312 205.17363025680191
      vertex 243.83085842728983 -272.05780876163055 204.32754870267473
      vertex 197.84518889749037 -270.05624037681883 209.89541173339381
    endloop
  endfacet
  facet normal 0.11800081287591319 -0.048034518624525367 0.9918510438473781
    outer loop
      vertex 243.92391840361574 -268.00908703659246 204.51255354527933
      vertex 197.84518889749037 -270.05624037681883 209.89541173339381
      vertex 243.83085842728983 -272.05780876163055 204.32754870267473
    endloop
  endfacet
  facet normal 0.021207393843967963 -0.0084545587883500424 0.99973934947167165
    outer loop
      vertex 220.42604059640306 77 205.1771976944045
      vertex 243.88329317915259 47.696780597405045 204.43179041845724
      vertex 243.88556229740018 48.235898499470068 204.43630147617932
    endloop
  endfacet
  facet normal 0.021207393843989727 -0.0084545587883326136 0.99973934947167142
    outer loop
      vertex 220.42604059640306 77 205.1771976944045
      vertex 243.82899573381144 34.796136177651348 204.32384453295904
      vertex 243.88329317915259 47.696780597405045 204.43179041845724
    endloop
  endfacet
  facet normal 0.021207393843988866 -0.0084545587883325442 0.99973934947167142
    outer loop
      vertex 243.88793614361117 48.799899649696705 204.44102074404876
      vertex 244.00662985684843 77 204.67698447004369
      vertex 220.42604059640306 77 205.1771976944045
    endloop
  endfacet
  facet normal 0.021207393843961971 -0.0084545587883549274 0.99973934947167165
    outer loop
      vertex 243.88556229740018 48.235898499470068 204.43630147617932
      vertex 243.88793614361117 48.799899649696705 204.44102074404876
      vertex 220.42604059640306 77 205.1771976944045
    endloop
  endfacet
  facet normal 0.022574692290231117 0.0098662083970988967 0.99969647453607968
    outer loop
      vertex 243.95263622721922 -201.77208848119693 204.56964594572145
      vertex 243.83972308465806 -178.76862573784155 204.3451698336734
      vertex 242.59418950425109 -176.85240041437049 204.35438428943303
    endloop
  endfacet
  facet normal 0.022574692290233116 0.0098662083970955817 0.99969647453607968
    outer loop
      vertex 243.95263622721922 -201.77208848119693 204.56964594572145
      vertex 219.83644513189961 -226.18830161346321 205.35519542021026
      vertex 243.96801577179087 -204.90528665231992 204.60022082359487
    endloop
  endfacet
  facet normal 0.022574692290229823 0.0098662083970988274 0.99969647453607968
    outer loop
      vertex 219.83644513189961 -226.18830161346321 205.35519542021026
      vertex 243.95263622721922 -201.77208848119693 204.56964594572145
      vertex 242.59418950425109 -176.85240041437049 204.35438428943303
    endloop
  endfacet
  facet normal 0.022574692290229934 0.0098662083970982462 0.99969647453607968
    outer loop
      vertex 244.06000764824421 -223.64614944652789 204.78310090192045
      vertex 243.98041886064132 -207.43210629392274 204.62487844106136
      vertex 219.83644513189961 -226.18830161346321 205.35519542021026
    endloop
  endfacet
  facet normal 0.022574692290223821 0.0098662083971061236 0.99969647453607968
    outer loop
      vertex 243.96801577179087 -204.90528665231992 204.60022082359487
      vertex 219.83644513189961 -226.18830161346321 205.35519542021026
      vertex 243.98041886064132 -207.43210629392274 204.62487844106136
    endloop
  endfacet
  facet normal 0.11768997315116002 -0.04186075774381471 0.99216770113766195
    outer loop
      vertex 243.84027435157458 29.446928942889954 204.346266102963
      vertex 197.24560895937668 33.865356664444903 210.05969906893807
      vertex 217.75544675984102 -12.326460608958826 205.6779531929991
    endloop
  endfacet
  facet normal 0.11768997315116123 -0.041860757743802351 0.99216770113766228
    outer loop
      vertex 197.24560895937668 33.865356664444903 210.05969906893807
      vertex 243.84027435157458 29.446928942889954 204.346266102963
      vertex 243.89167581968815 32.013451842185866 204.44845362208187
    endloop
  endfacet
  facet normal 0.029076238424441039 -0.012598662838878862 0.9994977969229133
    outer loop
      vertex 217.75544675984102 -12.326460608958826 205.6779531929991
      vertex 241.23756412008066 -59.76618303564976 204.39686111351384
      vertex 243.8537094381845 -55.623498072300414 204.37297374328176
    endloop
  endfacet
  facet normal 0.029076238424435526 -0.012598662838877273 0.99949779692291352
    outer loop
      vertex 244.05179836123239 -23.924110043998173 204.76678173607928
      vertex 217.75544675984102 -12.326460608958826 205.6779531929991
      vertex 244.03381935239918 -26.801184959592 204.73103925121711
    endloop
  endfacet
  facet normal 0.029076238424431473 -0.012598662838884635 0.99949779692291352
    outer loop
      vertex 243.8537094381845 -55.623498072300414 204.37297374328176
      vertex 244.03381935239918 -26.801184959592 204.73103925121711
      vertex 217.75544675984102 -12.326460608958826 205.6779531929991
    endloop
  endfacet
  facet normal 0.02907623842443199 -0.012598662838888545 0.9994977969229133
    outer loop
      vertex 217.75544675984102 -12.326460608958826 205.6779531929991
      vertex 244.06975851988727 -21.050024653325 204.8024870863681
      vertex 244.11703996390872 -13.48387415172596 204.89648290397545
    endloop
  endfacet
  facet normal 0.029076238424436362 -0.012598662838875384 0.99949779692291352
    outer loop
      vertex 217.75544675984102 -12.326460608958826 205.6779531929991
      vertex 244.05179836123239 -23.924110043998173 204.76678173607928
      vertex 244.06975851988727 -21.050024653325 204.8024870863681
    endloop
  endfacet
  facet normal 0.0054174096495127238 -0.0012872949970039636 0.99998449715197091
    outer loop
      vertex 243.83972308465806 -178.76862573784155 204.3451698336734
      vertex 243.84107272622106 -176.67883553286575 204.34785274018051
      vertex 242.59418950425109 -176.85240041437049 204.35438428943303
    endloop
  endfacet
  facet normal 0.024767636716603592 -0.011044295389485351 0.99963222622663794
    outer loop
      vertex 219.83644513189961 -226.18830161346321 205.35519542021026
      vertex 243.96737485344721 -240.52223352796668 204.59894301127449
      vertex 244.06000764824421 -223.64614944652789 204.78310090192045
    endloop
  endfacet
  facet normal 0.024767636716604757 -0.011044295389483384 0.99963222622663783
    outer loop
      vertex 243.96737485344721 -240.52223352796668 204.59894301127449
      vertex 219.83644513189961 -226.18830161346321 205.35519542021026
      vertex 243.83805980589244 -264.08072470538468 204.34186435711368
    endloop
  endfacet
  facet normal 0.030199195181726791 0.013004121977396449 0.99945930453519372
    outer loop
      vertex 217.75544675984102 -12.326460608958826 205.6779531929991
      vertex 244.11703996390872 -13.48387415172596 204.89648290397545
      vertex 243.9498124484675 12.45596640478829 204.56402843305821
    endloop
  endfacet
  facet normal 0.030199195181727874 0.013004121977395313 0.99945930453519383
    outer loop
      vertex 217.75544675984102 -12.326460608958826 205.6779531929991
      vertex 243.9498124484675 12.45596640478829 204.56402843305821
      vertex 243.84027435157458 29.446928942889954 204.346266102963
    endloop
  endfacet
  facet normal 0.0048762961958540001 0.002600051369333839 0.99998473061756654
    outer loop
      vertex 243.84107272622106 -176.67883553286575 204.34785274018051
      vertex 243.83634345487377 -173.05383884872114 204.33845048034925
      vertex 242.59418950425109 -176.85240041437049 204.35438428943303
    endloop
  endfacet
  facet normal 0.047949507933011046 0.010686912052421959 0.99879258837847107
    outer loop
      vertex 244.15216665469742 -116.01122853839364 204.96631642512853
      vertex 214.50624546309717 -96.604773968855085 206.18189639062984
      vertex 209.9952576131887 -141.75334519565803 206.88153960566686
    endloop
  endfacet
  facet normal 0.047949507933009443 0.010686912052424089 0.99879258837847118
    outer loop
      vertex 244.20101240157499 -125.30588401834402 205.06342270852804
      vertex 244.15216665469742 -116.01122853839364 204.96631642512853
      vertex 209.9952576131887 -141.75334519565803 206.88153960566686
    endloop
  endfacet
  facet normal 0.047949507933008256 0.010686912052417692 0.99879258837847118
    outer loop
      vertex 214.50624546309717 -96.604773968855085 206.18189639062984
      vertex 244.15216665469742 -116.01122853839364 204.96631642512853
      vertex 244.11530423491678 -108.99673490655566 204.89303219925654
    endloop
  endfacet
  facet normal 0.0055643639302851702 -0.0031319101725065311 0.99997961428857274
    outer loop
      vertex 243.85729512868065 -60.462873104011116 204.38010166441705
      vertex 241.23756412008066 -59.76618303564976 204.39686111351384
      vertex 243.8473226520025 -66.810456757958974 204.36027668894371
    endloop
  endfacet
  facet normal 0.0055643639302645227 -0.0031319101725841647 0.99997961428857252
    outer loop
      vertex 241.23756412008066 -59.76618303564976 204.39686111351384
      vertex 243.85729512868065 -60.462873104011116 204.38010166441705
      vertex 243.85807315801975 -59.967619639170969 204.38164845607565
    endloop
  endfacet
  facet normal 0.048882238609535618 0.012923008367107695 0.99872094330862216
    outer loop
      vertex 241.23756412008066 -59.76618303564976 204.39686111351384
      vertex 214.50624546309717 -96.604773968855085 206.18189639062984
      vertex 243.8473226520025 -66.810456757958974 204.36027668894371
    endloop
  endfacet
  facet normal 0.048882238609536499 0.012923008367106822 0.99872094330862216
    outer loop
      vertex 243.98078885805296 -87.82106338228229 204.6256121863608
      vertex 243.8473226520025 -66.810456757958974 204.36027668894371
      vertex 214.50624546309717 -96.604773968855085 206.18189639062984
    endloop
  endfacet
  facet normal 0.048882238609535923 0.012923008367108756 0.99872094330862216
    outer loop
      vertex 244.04435027078381 -97.826930811274039 204.75197269297388
      vertex 243.98078885805296 -87.82106338228229 204.6256121863608
      vertex 214.50624546309717 -96.604773968855085 206.18189639062984
    endloop
  endfacet
  facet normal 0.048882238609535979 0.012923008367110163 0.99872094330862216
    outer loop
      vertex 244.11530423491678 -108.99673490655566 204.89303219925654
      vertex 244.04435027078381 -97.826930811274039 204.75197269297388
      vertex 214.50624546309717 -96.604773968855085 206.18189639062984
    endloop
  endfacet
  facet normal 0.060557152993437065 -0.015616092054139082 0.99804256867644991
    outer loop
      vertex 244.20101240157499 -125.30588401834402 205.06342270852804
      vertex 209.9952576131887 -141.75334519565803 206.88153960566686
      vertex 244.15602679706925 -131.19606576073863 204.97399023042377
    endloop
  endfacet
  facet normal 0.06055715299343619 -0.015616092054136279 0.9980425686764498
    outer loop
      vertex 244.08344840133705 -140.69908883151697 204.8297028557455
      vertex 244.15602679706925 -131.19606576073863 204.97399023042377
      vertex 209.9952576131887 -141.75334519565803 206.88153960566686
    endloop
  endfacet
  facet normal 0.060557152993425685 -0.015616092054133402 0.99804256867645058
    outer loop
      vertex 243.86743225908154 -168.98326324652817 204.40025529286959
      vertex 242.59418950425109 -176.85240041437049 204.35438428943303
      vertex 243.83634345487377 -173.05383884872114 204.33845048034925
    endloop
  endfacet
  facet normal 0.060557152993436267 -0.015616092054138747 0.9980425686764498
    outer loop
      vertex 243.86743225908154 -168.98326324652817 204.40025529286959
      vertex 244.08344840133705 -140.69908883151697 204.8297028557455
      vertex 209.9952576131887 -141.75334519565803 206.88153960566686
    endloop
  endfacet
  facet normal 0.060557152993438869 -0.015616092054135524 0.9980425686764498
    outer loop
      vertex 242.59418950425109 -176.85240041437049 204.35438428943303
      vertex 243.86743225908154 -168.98326324652817 204.40025529286959
      vertex 209.9952576131887 -141.75334519565803 206.88153960566686
    endloop
  endfacet
endsolid OBJECT
