solid OBJECT
  facet normal 0.24161374213533596 0 0.97037250559326926
    outer loop
      vertex 37.340591430664062 47.597248493846656 458.91644287109682
      vertex 59.471560174239571 45.617184409670017 453.4060371821534
      vertex 37.340591430664062 80 458.91644287109682
    endloop
  endfacet
  facet normal 0.24161374213533598 0 0.97037250559326926
    outer loop
      vertex 59.471560174239571 45.617184409670017 453.4060371821534
      vertex 37.340591430664062 47.597248493846656 458.91644287109682
      vertex 37.340591430664062 12.072592137275906 458.91644287109682
    endloop
  endfacet
  facet normal 0.24451986145147694 0 0.969644283928777
    outer loop
      vertex 60.100725770287035 -279.71677912315204 453.17691035635619
      vertex 37.340591430664062 -244.28372454052285 458.91644287109682
      vertex 37.340591430664062 -279.7463387679997 458.91644287109682
    endloop
  endfacet
  facet normal 0.24451986145147694 0 0.969644283928777
    outer loop
      vertex 37.340591430664062 -279.7463387679997 458.91644287109682
      vertex 37.340591430664062 -312 458.91644287109682
      vertex 60.100725770287035 -279.71677912315204 453.17691035635619
    endloop
  endfacet
  facet normal -0.12264712136690026 -0 0.99245034315093694
    outer loop
      vertex 0.26180106316285379 -177.7289038496987 454.33424192399195
      vertex 37.340591430664062 -205.35672005679621 458.91644287109682
      vertex 37.340591430664062 -162.67922030527413 458.91644287109682
    endloop
  endfacet
  facet normal -0.12946087975170847 -0 0.99158453024132731
    outer loop
      vertex -1.2175112727958055 -100.23628195017579 453.88231240081632
      vertex 37.340591430664062 -116.13702044557326 458.91644287109682
      vertex 37.340591430664062 -69.574555873608773 458.91644287109682
    endloop
  endfacet
  facet normal -0.50625150247855288 -0.011455005688110928 0.86230980458469397
    outer loop
      vertex -45.613712420258068 49.377118927175729 431.02585667603944
      vertex -18.343749220176523 44.031684940947457 446.96470811062096
      vertex -33.884619824083813 80 438.31866025192778
    endloop
  endfacet
  facet normal -0.57260954424570898 0 0.81982821971357001
    outer loop
      vertex -40.005055243967789 10.588884995389837 434.34998223968881
      vertex -70 33.751306948039364 413.39999389648744
      vertex -70 -16.121579253501057 413.39999389648744
    endloop
  endfacet
  facet normal -0.45929476253738383 -0.037277450123571781 0.88750138750202101
    outer loop
      vertex -40.005055243967789 10.588884995389837 434.34998223968881
      vertex -1.702554375625752 0.16225029334603391 453.73413186256676
      vertex -18.343749220176523 44.031684940947457 446.96470811062096
    endloop
  endfacet
  facet normal -0.44356155691946336 -0.00058326393445599814 0.896243719657976
    outer loop
      vertex -1.2175112727958055 -100.23628195017579 453.88231240081632
      vertex -1.3799204799982192 -52.966978602474825 453.83269643143228
      vertex -36.475159446411595 -86.122935927530847 436.44207246536308
    endloop
  endfacet
  facet normal -0.42327365249717142 0.034739851012756104 0.90533560509532351
    outer loop
      vertex -18.343749220176523 44.031684940947457 446.96470811062096
      vertex 1.948336403116615 80 455.07172527742341
      vertex -33.884619824083813 80 438.31866025192778
    endloop
  endfacet
  facet normal -0.10752535204726124 -0.09333627006885778 0.98981141605699086
    outer loop
      vertex 19.969912097480215 -295.43942647835979 458.59104124138764
      vertex 1.9482155432262105 -312 455.07169263347515
      vertex 37.340591430664062 -312 458.91644287109682
    endloop
  endfacet
  facet normal -0.5803954713572218 0 0.81433475722704396
    outer loop
      vertex -43.571292803550989 -279.88227371231983 432.2363530651387
      vertex -70 -265.75130694803931 413.39999389648744
      vertex -70 -312 413.39999389648744
    endloop
  endfacet
  facet normal -0.567843334020116 -0.015406333532156287 0.82299246223523503
    outer loop
      vertex -43.571292803550989 -279.88227371231983 432.2363530651387
      vertex -70 -312 413.39999389648744
      vertex -33.884678651583641 -312 438.3186236831973
    endloop
  endfacet
  facet normal -0.56148236426813714 0.0072334052240257633 0.82745708798990192
    outer loop
      vertex -30.402711637183465 -140.11825789208706 440.04107635561923
      vertex -70 -166.22305503551209 413.39999389648744
      vertex -35.807818375775561 -193.22258256099951 436.83759058010043
    endloop
  endfacet
  facet normal -0.076471742503713122 -0 0.99707174897218209
    outer loop
      vertex 7.8595632722943334 -139.32083746746474 456.65535624779659
      vertex 37.340591430664062 -162.67922030527413 458.91644287109682
      vertex 37.340591430664062 -116.13702044557326 458.91644287109682
    endloop
  endfacet
  facet normal -0.56642450228623431 0 0.82411363488889788
    outer loop
      vertex -36.475159446411595 -86.122935927530847 436.44207246536308
      vertex -70 -65.77694455969808 413.39999389648744
      vertex -70 -115.99999977740494 413.39999389648744
    endloop
  endfacet
  facet normal -0.11122318888022563 0.044607890542675437 0.99279380455190513
    outer loop
      vertex -1.2175112727958055 -100.23628195017579 453.88231240081632
      vertex 7.8595632722943334 -139.32083746746474 456.65535624779659
      vertex 37.340591430664062 -116.13702044557326 458.91644287109682
    endloop
  endfacet
  facet normal -0.55821862023931557 0 0.82969390260391507
    outer loop
      vertex -30.402711637183465 -140.11825789208706 440.04107635561923
      vertex -70 -115.99999977740494 413.39999389648744
      vertex -70 -166.22305503551209 413.39999389648744
    endloop
  endfacet
  facet normal -0.56777944147366632 0.021496658842081646 0.82289999361919941
    outer loop
      vertex -45.613712420258068 49.377118927175729 431.02585667603944
      vertex -33.884619824083813 80 438.31866025192778
      vertex -70 80 413.39999389648744
    endloop
  endfacet
  facet normal -0.10792091637780205 0.037345955323176826 0.99345777737615737
    outer loop
      vertex 1.948336403116615 80 455.07172527742341
      vertex 13.230563268360441 46.823970316160967 457.54448138281174
      vertex 37.340591430664062 80 458.91644287109682
    endloop
  endfacet
  facet normal -0.13157890679585565 0 0.99130570021886155
    outer loop
      vertex -1.702554375625752 0.16225029334603391 453.73413186256676
      vertex 37.340591430664062 -26.874754293412941 458.91644287109682
      vertex 37.340591430664062 12.072592137275906 458.91644287109682
    endloop
  endfacet
  facet normal -0.3195967091356583 0.024930811007787386 0.9472256321342617
    outer loop
      vertex 13.230563268360441 46.823970316160967 457.54448138281174
      vertex -18.343749220176523 44.031684940947457 446.96470811062096
      vertex -1.702554375625752 0.16225029334603391 453.73413186256676
    endloop
  endfacet
  facet normal -0.10699836366980282 -0.038874034948401401 0.99349894795053262
    outer loop
      vertex 0.26180106316285379 -177.7289038496987 454.33424192399195
      vertex 37.340591430664062 -162.67922030527413 458.91644287109682
      vertex 7.8595632722943334 -139.32083746746474 456.65535624779659
    endloop
  endfacet
  facet normal -0.46038858156858259 -0.0090310595345152404 0.88767155746083959
    outer loop
      vertex -43.571292803550989 -279.88227371231983 432.2363530651387
      vertex -3.0422086829246755 -273.17794462518697 453.32486782981238
      vertex -38.19565603589551 -240.76646699423816 435.42237264854208
    endloop
  endfacet
  facet normal -0.5671733187647866 0.0039702275861177973 0.82358889245439215
    outer loop
      vertex -38.19565603589551 -240.76646699423816 435.42237264854208
      vertex -35.807818375775561 -193.22258256099951 436.83759058010043
      vertex -70 -215.87842060028191 413.39999389648744
    endloop
  endfacet
  facet normal -0.56538935960445713 0 0.82482414613423027
    outer loop
      vertex -35.807818375775561 -193.22258256099951 436.83759058010043
      vertex -70 -166.22305503551209 413.39999389648744
      vertex -70 -215.87842060028191 413.39999389648744
    endloop
  endfacet
  facet normal -0.13109239798660499 -0 0.99137015447819565
    outer loop
      vertex -1.5900274328531907 -223.03658263705435 453.76850881350231
      vertex 37.340591430664062 -244.28372454052285 458.91644287109682
      vertex 37.340591430664062 -205.35672005679621 458.91644287109682
    endloop
  endfacet
  facet normal -0.1185334963554121 -0.043072795831879916 0.99201539529434057
    outer loop
      vertex 13.230563268360441 46.823970316160967 457.54448138281174
      vertex -1.702554375625752 0.16225029334603391 453.73413186256676
      vertex 37.340591430664062 12.072592137275906 458.91644287109682
    endloop
  endfacet
  facet normal -0.31461739953949297 -0.036294738310577335 0.94852442450259211
    outer loop
      vertex -18.343749220176523 44.031684940947457 446.96470811062096
      vertex 13.230563268360441 46.823970316160967 457.54448138281174
      vertex 1.948336403116615 80 455.07172527742341
    endloop
  endfacet
  facet normal -0.45011305592429213 0.0065763807968165578 0.89294736020781795
    outer loop
      vertex -36.026847870105193 -37.27076185916269 436.70777670158918
      vertex -1.702554375625752 0.16225029334603391 453.73413186256676
      vertex -40.005055243967789 10.588884995389837 434.34998223968881
    endloop
  endfacet
  facet normal -0.58578633858102713 0 0.81046552396251526
    outer loop
      vertex -45.613712420258068 49.377118927175729 431.02585667603944
      vertex -70 80 413.39999389648744
      vertex -70 33.751306948039364 413.39999389648744
    endloop
  endfacet
  facet normal -0.45003981920181785 0.0051329033972259972 0.89299373706398977
    outer loop
      vertex -3.0422086829246755 -273.17794462518697 453.32486782981238
      vertex -1.5900274328531907 -223.03658263705435 453.76850881350231
      vertex -38.19565603589551 -240.76646699423816 435.42237264854208
    endloop
  endfacet
  facet normal -0.56155212226451312 -0.0080038523206449642 0.82740265429127713
    outer loop
      vertex -30.402711637183465 -140.11825789208706 440.04107635561923
      vertex -36.475159446411595 -86.122935927530847 436.44207246536308
      vertex -70 -115.99999977740494 413.39999389648744
    endloop
  endfacet
  facet normal -0.13017617734411943 -0 0.99149087885470355
    outer loop
      vertex -1.3799204799982192 -52.966978602474825 453.83269643143228
      vertex 37.340591430664062 -69.574555873608773 458.91644287109682
      vertex 37.340591430664062 -26.874754293412941 458.91644287109682
    endloop
  endfacet
  facet normal -0.56855916851737709 -0.0067340579461752205 0.8226148092262906
    outer loop
      vertex -36.026847870105193 -37.27076185916269 436.70777670158918
      vertex -40.005055243967789 10.588884995389837 434.34998223968881
      vertex -70 -16.121579253501057 413.39999389648744
    endloop
  endfacet
  facet normal -0.12789427595276112 -0.0071562776690581318 0.99176198851762931
    outer loop
      vertex -1.5900274328531907 -223.03658263705435 453.76850881350231
      vertex 37.340591430664062 -205.35672005679621 458.91644287109682
      vertex 0.26180106316285379 -177.7289038496987 454.33424192399195
    endloop
  endfacet
  facet normal -0.46496685290119433 0.027345685424679626 0.88490566683224126
    outer loop
      vertex -43.571292803550989 -279.88227371231983 432.2363530651387
      vertex -33.884678651583641 -312 438.3186236831973
      vertex -3.0422086829246755 -273.17794462518697 453.32486782981238
    endloop
  endfacet
  facet normal -0.43876525411608003 0.0067132867860157739 0.89857664312009589
    outer loop
      vertex -1.5900274328531907 -223.03658263705435 453.76850881350231
      vertex 0.26180106316285379 -177.7289038496987 454.33424192399195
      vertex -35.807818375775561 -193.22258256099951 436.83759058010043
    endloop
  endfacet
  facet normal -0.44642367121271337 -0.0042143472888798491 0.89481179309276648
    outer loop
      vertex -38.19565603589551 -240.76646699423816 435.42237264854208
      vertex -1.5900274328531907 -223.03658263705435 453.76850881350231
      vertex -35.807818375775561 -193.22258256099951 436.83759058010043
    endloop
  endfacet
  facet normal -0.56572491581654927 0 0.82459403322141389
    outer loop
      vertex -36.026847870105193 -37.27076185916269 436.70777670158918
      vertex -70 -16.121579253501057 413.39999389648744
      vertex -70 -65.77694455969808 413.39999389648744
    endloop
  endfacet
  facet normal -0.56613088248072618 0.00071192379316736679 0.82431505934691396
    outer loop
      vertex -36.026847870105193 -37.27076185916269 436.70777670158918
      vertex -70 -65.77694455969808 413.39999389648744
      vertex -36.475159446411595 -86.122935927530847 436.44207246536308
    endloop
  endfacet
  facet normal -0.018729523688787768 -0 0.99982458708635036
    outer loop
      vertex 19.969912097480215 -295.43942647835979 458.59104124138764
      vertex 37.340591430664062 -312 458.91644287109682
      vertex 37.340591430664062 -279.7463387679997 458.91644287109682
    endloop
  endfacet
  facet normal -0.20701545676294486 0.017402972399800841 0.97818287513781454
    outer loop
      vertex 19.969912097480215 -295.43942647835979 458.59104124138764
      vertex -3.0422086829246755 -273.17794462518697 453.32486782981238
      vertex 1.9482155432262105 -312 455.07169263347515
    endloop
  endfacet
  facet normal -0.39859431547987034 0.023442026380062445 0.91682770631473065
    outer loop
      vertex -30.402711637183465 -140.11825789208706 440.04107635561923
      vertex 0.26180106316285379 -177.7289038496987 454.33424192399195
      vertex 7.8595632722943334 -139.32083746746474 456.65535624779659
    endloop
  endfacet
  facet normal -0.43282572851521689 -0.010323304076651347 0.9014185033203016
    outer loop
      vertex -30.402711637183465 -140.11825789208706 440.04107635561923
      vertex -35.807818375775561 -193.22258256099951 436.83759058010043
      vertex 0.26180106316285379 -177.7289038496987 454.33424192399195
    endloop
  endfacet
  facet normal -0.13086800595511933 0.0010445170442637591 0.99139925055523204
    outer loop
      vertex -1.3799204799982192 -52.966978602474825 453.83269643143228
      vertex 37.340591430664062 -26.874754293412941 458.91644287109682
      vertex -1.702554375625752 0.16225029334603391 453.73413186256676
    endloop
  endfacet
  facet normal -0.44347392486021098 -0.0010302729914128746 0.89628668209822415
    outer loop
      vertex -1.3799204799982192 -52.966978602474825 453.83269643143228
      vertex -1.702554375625752 0.16225029334603391 453.73413186256676
      vertex -36.026847870105193 -37.27076185916269 436.70777670158918
    endloop
  endfacet
  facet normal -0.12992554987626601 0.00059434550039529619 0.9915235742244235
    outer loop
      vertex -1.2175112727958055 -100.23628195017579 453.88231240081632
      vertex 37.340591430664062 -69.574555873608773 458.91644287109682
      vertex -1.3799204799982192 -52.966978602474825 453.83269643143228
    endloop
  endfacet
  facet normal -0.44339241468463336 -0.00080610520342926041 0.89632723756144517
    outer loop
      vertex -1.3799204799982192 -52.966978602474825 453.83269643143228
      vertex -36.026847870105193 -37.27076185916269 436.70777670158918
      vertex -36.475159446411595 -86.122935927530847 436.44207246536308
    endloop
  endfacet
  facet normal -0.56927964425977273 0 0.82214395736480761
    outer loop
      vertex -38.19565603589551 -240.76646699423816 435.42237264854208
      vertex -70 -215.87842060028191 413.39999389648744
      vertex -70 -265.75130694803931 413.39999389648744
    endloop
  endfacet
  facet normal -0.57588663494020575 0.012562689114990398 0.8174330324494149
    outer loop
      vertex -38.19565603589551 -240.76646699423816 435.42237264854208
      vertex -70 -265.75130694803931 413.39999389648744
      vertex -43.571292803550989 -279.88227371231983 432.2363530651387
    endloop
  endfacet
  facet normal -0.44001354639733248 0.010365693720073614 0.89793130660454412
    outer loop
      vertex -1.2175112727958055 -100.23628195017579 453.88231240081632
      vertex -36.475159446411595 -86.122935927530847 436.44207246536308
      vertex -30.402711637183465 -140.11825789208706 440.04107635561923
    endloop
  endfacet
  facet normal -0.39766598360173966 -0.027284879756853755 0.91712447400705377
    outer loop
      vertex -1.2175112727958055 -100.23628195017579 453.88231240081632
      vertex -30.402711637183465 -140.11825789208706 440.04107635561923
      vertex 7.8595632722943334 -139.32083746746474 456.65535624779659
    endloop
  endfacet
  facet normal -0.13715571578060423 0 0.99054949882815568
    outer loop
      vertex -3.0422086829246755 -273.17794462518697 453.32486782981238
      vertex 37.340591430664062 -279.7463387679997 458.91644287109682
      vertex 37.340591430664062 -244.28372454052285 458.91644287109682
    endloop
  endfacet
  facet normal -0.13371631077667775 -0.0048955839876319582 0.99100755874498503
    outer loop
      vertex -3.0422086829246755 -273.17794462518697 453.32486782981238
      vertex 37.340591430664062 -244.28372454052285 458.91644287109682
      vertex -1.5900274328531907 -223.03658263705435 453.76850881350231
    endloop
  endfacet
  facet normal -0.57981006677095825 -0.014025396137667607 0.81463094388455337
    outer loop
      vertex -45.613712420258068 49.377118927175729 431.02585667603944
      vertex -70 33.751306948039364 413.39999389648744
      vertex -40.005055243967789 10.588884995389837 434.34998223968881
    endloop
  endfacet
  facet normal -0.5044577976791581 0.0010528415029881868 0.86343570802084812
    outer loop
      vertex -45.613712420258068 49.377118927175729 431.02585667603944
      vertex -40.005055243967789 10.588884995389837 434.34998223968881
      vertex -18.343749220176523 44.031684940947457 446.96470811062096
    endloop
  endfacet
  facet normal -0.423490344189764 -0.013681070453665241 0.90579730441709583
    outer loop
      vertex -33.884678651583641 -312 438.3186236831973
      vertex 1.9482155432262105 -312 455.07169263347515
      vertex -3.0422086829246755 -273.17794462518697 453.32486782981238
    endloop
  endfacet
  facet normal -0.11860260331439755 0.11082086733660031 0.98673814046575259
    outer loop
      vertex 19.969912097480215 -295.43942647835979 458.59104124138764
      vertex 37.340591430664062 -279.7463387679997 458.91644287109682
      vertex -3.0422086829246755 -273.17794462518697 453.32486782981238
    endloop
  endfacet
  facet normal -0.056812277208963785 0 0.99838487827006483
    outer loop
      vertex 13.230563268360441 46.823970316160967 457.54448138281174
      vertex 37.340591430664062 12.072592137275906 458.91644287109682
      vertex 37.340591430664062 47.597248493846656 458.91644287109682
    endloop
  endfacet
  facet normal -0.056812277208963778 -6.9276867455813124e-18 0.99838487827006472
    outer loop
      vertex 37.340591430664062 47.597248493846656 458.91644287109682
      vertex 37.340591430664062 80 458.91644287109682
      vertex 13.230563268360441 46.823970316160967 457.54448138281174
    endloop
  endfacet
  facet normal 0.28491086739116678 0 0.95855401394100537
    outer loop
      vertex 66.63677541510927 0.12167397689867343 450.20874245060367
      vertex 37.340591430664062 12.072592137275906 458.91644287109682
      vertex 37.340591430664062 -26.874754293412941 458.91644287109682
    endloop
  endfacet
  facet normal 0.28491086739117488 2.1484424170663792e-14 0.95855401394100292
    outer loop
      vertex 66.636775415109256 2.8485950128978228 450.20874245060361
      vertex 37.340591430664062 12.072592137275906 458.91644287109682
      vertex 66.63677541510927 0.12167397689867343 450.20874245060367
    endloop
  endfacet
  facet normal 0.29330066641901054 0.035675897112499265 0.95535435804908675
    outer loop
      vertex 37.340591430664062 80 458.91644287109682
      vertex 66.55658631005258 70.142789188524262 450.31502093769689
      vertex 66.918055286534113 79.999999999999986 449.83594851125935
    endloop
  endfacet
  facet normal 0.29330066641900726 0.035675897112490057 0.95535435804908797
    outer loop
      vertex 59.471560174239571 45.617184409670017 453.4060371821534
      vertex 66.440305375555084 66.97182501896053 450.46913366644537
      vertex 37.340591430664062 80 458.91644287109682
    endloop
  endfacet
  facet normal 0.29330066641900926 0.035675897112494769 0.95535435804908742
    outer loop
      vertex 66.55658631005258 70.142789188524262 450.31502093769689
      vertex 37.340591430664062 80 458.91644287109682
      vertex 66.440305375555084 66.97182501896053 450.46913366644537
    endloop
  endfacet
  facet normal 0.27748977833955146 -0.025308117695265867 0.96039519058343337
    outer loop
      vertex 37.340591430664062 12.072592137275906 458.91644287109682
      vertex 66.361913754867629 13.658904135948726 450.57302986084187
      vertex 59.471560174239571 45.617184409670017 453.4060371821534
    endloop
  endfacet
  facet normal 0.27748977833955157 -0.025308117695270711 0.96039519058343314
    outer loop
      vertex 37.340591430664062 12.072592137275906 458.91644287109682
      vertex 66.636775415109256 2.8485950128978228 450.20874245060361
      vertex 66.361913754867629 13.658904135948726 450.57302986084187
    endloop
  endfacet
  facet normal 0.29325196876052362 -0.036903026038312095 0.95532269390363189
    outer loop
      vertex 37.340591430664062 -312 458.91644287109682
      vertex 66.916870296310364 -312.00000000000006 449.83751900452324
      vertex 66.472398302983052 -300.28227400952841 450.426599362427
    endloop
  endfacet
  facet normal 0.29325196876052284 -0.036903026038312463 0.955322693903632
    outer loop
      vertex 37.340591430664062 -312 458.91644287109682
      vertex 66.423845707078982 -299.00227037065696 450.49094845864761
      vertex 60.100725770287035 -279.71677912315204 453.17691035635619
    endloop
  endfacet
  facet normal 0.29325196876053111 -0.036903026038332856 0.95532269390362901
    outer loop
      vertex 66.472398302983052 -300.28227400952841 450.426599362427
      vertex 66.423845707078982 -299.00227037065696 450.49094845864761
      vertex 37.340591430664062 -312 458.91644287109682
    endloop
  endfacet
  facet normal 0.31992624305261402 -0 0.94744245155378159
    outer loop
      vertex 37.340591430664062 -116.13702044557326 458.91644287109682
      vertex 67.836406886259326 -96.154039096907923 448.61881302399195
      vertex 67.836406886259326 -91.736922550416494 448.61881302399195
    endloop
  endfacet
  facet normal 0.31992624305261402 0 0.94744245155378159
    outer loop
      vertex 67.836406886259326 -91.736922550416494 448.61881302399195
      vertex 37.340591430664062 -69.574555873608773 458.91644287109682
      vertex 37.340591430664062 -116.13702044557326 458.91644287109682
    endloop
  endfacet
  facet normal 0.31992624305261474 1.0896082892873394e-15 0.94744245155378137
    outer loop
      vertex 67.836406886259311 -87.564390637526301 448.61881302399195
      vertex 37.340591430664062 -69.574555873608773 458.91644287109682
      vertex 67.836406886259326 -91.736922550416494 448.61881302399195
    endloop
  endfacet
  facet normal 0.3177384379991201 -0.0041248332844352475 0.94816943146689514
    outer loop
      vertex 37.340591430664062 -69.574555873608773 458.91644287109682
      vertex 67.836406886259311 -87.564390637526301 448.61881302399195
      vertex 67.792027610191298 -77.46254665462331 448.67763101822527
    endloop
  endfacet
  facet normal 0.31773843799911983 -0.0041248332844403077 0.94816943146689514
    outer loop
      vertex 67.661411153191992 -47.730942466567953 448.85074330610473
      vertex 37.340591430664062 -69.574555873608773 458.91644287109682
      vertex 67.722045058163872 -61.532750480772435 448.77038226849976
    endloop
  endfacet
  facet normal 0.31773843799911933 -0.0041248332844383588 0.94816943146689536
    outer loop
      vertex 67.792027610191298 -77.46254665462331 448.67763101822527
      vertex 67.722045058163872 -61.532750480772435 448.77038226849976
      vertex 37.340591430664062 -69.574555873608773 458.91644287109682
    endloop
  endfacet
  facet normal 0.31506575394112257 -0 0.94906984500273339
    outer loop
      vertex 37.340591430664062 -26.874754293412941 458.91644287109682
      vertex 67.661411153191992 -47.730942466567953 448.85074330610473
      vertex 67.661411153191992 -46.946441205905728 448.85074330610473
    endloop
  endfacet
  facet normal 0.31506575394112257 0 0.94906984500273339
    outer loop
      vertex 67.661411153191992 -47.730942466567953 448.85074330610473
      vertex 37.340591430664062 -26.874754293412941 458.91644287109682
      vertex 37.340591430664062 -69.574555873608773 458.91644287109682
    endloop
  endfacet
  facet normal 0.31506575394112296 7.0182053056625455e-16 0.94906984500273317
    outer loop
      vertex 67.661411153191978 -40.566813566086772 448.85074330610473
      vertex 37.340591430664062 -26.874754293412941 458.91644287109682
      vertex 67.661411153191992 -46.946441205905728 448.85074330610473
    endloop
  endfacet
  facet normal 0.31876097269815679 0.0041006950170949068 0.94782626392440794
    outer loop
      vertex 37.340591430664062 -162.67922030527413 458.91644287109682
      vertex 67.701142787193731 -183.97161019092613 448.79808505597885
      vertex 67.705394073128943 -182.99974550040616 448.79245062176142
    endloop
  endfacet
  facet normal 0.31876097269814951 0.0041006950170827264 0.94782626392441072
    outer loop
      vertex 67.769518896951965 -168.34049815520621 448.70746290109514
      vertex 37.340591430664062 -162.67922030527413 458.91644287109682
      vertex 67.705394073128943 -182.99974550040616 448.79245062176142
    endloop
  endfacet
  facet normal 0.31876097269814796 0.004100695017083847 0.94782626392441116
    outer loop
      vertex 67.8394204743324 -152.36065678413803 448.61481897042432
      vertex 67.87333354915819 -144.60796254704624 448.56987233730479
      vertex 37.340591430664062 -162.67922030527413 458.91644287109682
    endloop
  endfacet
  facet normal 0.31876097269814907 0.004100695017080107 0.94782626392441072
    outer loop
      vertex 67.769518896951965 -168.34049815520621 448.70746290109514
      vertex 67.8394204743324 -152.36065678413803 448.61481897042432
      vertex 37.340591430664062 -162.67922030527413 458.91644287109682
    endloop
  endfacet
  facet normal 0.30515952848054706 -0.024088708527973363 0.95199653166331677
    outer loop
      vertex 66.684520983611336 -1.7743119789151625 450.14546294670811
      vertex 37.340591430664062 -26.874754293412941 458.91644287109682
      vertex 67.042043773352347 -15.971612576619432 449.67162075619888
    endloop
  endfacet
  facet normal 0.3051595284805827 -0.024088708528019434 0.95199653166330422
    outer loop
      vertex 37.340591430664062 -26.874754293412941 458.91644287109682
      vertex 66.684520983611336 -1.7743119789151625 450.14546294670811
      vertex 66.63677541510927 0.12167397689867343 450.20874245060367
    endloop
  endfacet
  facet normal 0.30515952848054551 -0.024088708527974123 0.95199653166331732
    outer loop
      vertex 67.661411153191978 -40.566813566086772 448.85074330610473
      vertex 67.432244407134704 -31.466556815658588 449.15446904348306
      vertex 37.340591430664062 -26.874754293412941 458.91644287109682
    endloop
  endfacet
  facet normal 0.30515952848054606 -0.024088708527970275 0.95199653166331732
    outer loop
      vertex 67.042043773352347 -15.971612576619432 449.67162075619888
      vertex 37.340591430664062 -26.874754293412941 458.91644287109682
      vertex 67.432244407134704 -31.466556815658588 449.15446904348306
    endloop
  endfacet
  facet normal 0.28787514394655156 0 0.95766794949906942
    outer loop
      vertex 37.340591430664062 -244.28372454052285 458.91644287109682
      vertex 66.733128200422968 -232.35089415210012 450.08104145876536
      vertex 37.340591430664062 -205.35672005679621 458.91644287109682
    endloop
  endfacet
  facet normal 0.28787514394654456 1.8758550281326087e-14 0.95766794949907152
    outer loop
      vertex 66.733128200422982 -235.4342582468436 450.08104145876541
      vertex 66.733128200422968 -232.35089415210012 450.08104145876536
      vertex 37.340591430664062 -244.28372454052285 458.91644287109682
    endloop
  endfacet
  facet normal 0.28087248363208689 0.0250070873306798 0.95941924804622225
    outer loop
      vertex 37.340591430664062 -244.28372454052285 458.91644287109682
      vertex 60.100725770287035 -279.71677912315204 453.17691035635619
      vertex 66.39678280664188 -248.75906976405639 450.52681622538199
    endloop
  endfacet
  facet normal 0.28087248363208883 0.025007087330694063 0.95941924804622147
    outer loop
      vertex 66.484444265062635 -245.28623370809152 450.4106342681103
      vertex 37.340591430664062 -244.28372454052285 458.91644287109682
      vertex 66.39678280664188 -248.75906976405639 450.52681622538199
    endloop
  endfacet
  facet normal 0.28087248363208828 0.025007087330670735 0.95941924804622236
    outer loop
      vertex 37.340591430664062 -244.28372454052285 458.91644287109682
      vertex 66.484444265062635 -245.28623370809152 450.4106342681103
      vertex 66.733128200422982 -235.4342582468436 450.08104145876541
    endloop
  endfacet
  facet normal 0.32094158101642373 7.0780170495160553e-16 0.94709899248952778
    outer loop
      vertex 37.340591430664062 -162.67922030527413 458.91644287109682
      vertex 67.87333354915819 -144.60796254704624 448.56987233730479
      vertex 67.873333549158176 -138.16427337819425 448.56987233730479
    endloop
  endfacet
  facet normal 0.32094158101642423 0 0.94709899248952756
    outer loop
      vertex 67.873333549158176 -138.16427337819425 448.56987233730479
      vertex 37.340591430664062 -116.13702044557326 458.91644287109682
      vertex 37.340591430664062 -162.67922030527413 458.91644287109682
    endloop
  endfacet
  facet normal 0.32094158101640791 -2.5321805455972186e-14 0.94709899248953311
    outer loop
      vertex 67.87333354915819 -135.8580713574039 448.56987233730484
      vertex 37.340591430664062 -116.13702044557326 458.91644287109682
      vertex 67.873333549158176 -138.16427337819425 448.56987233730479
    endloop
  endfacet
  facet normal 0.32043758520808124 -0.00086961736712653701 0.94726923192493084
    outer loop
      vertex 37.340591430664062 -116.13702044557326 458.91644287109682
      vertex 67.87333354915819 -135.8580713574039 448.56987233730484
      vertex 67.860455410656016 -122.01132793663683 448.58694035515612
    endloop
  endfacet
  facet normal 0.3204375852080823 -0.00086961736713774885 0.9472692319249304
    outer loop
      vertex 67.836406886259326 -96.154039096907923 448.61881302399195
      vertex 37.340591430664062 -116.13702044557326 458.91644287109682
      vertex 67.847279977707885 -107.84492962842438 448.60440239167013
    endloop
  endfacet
  facet normal 0.32043758520808052 -0.00086961736713047787 0.94726923192493107
    outer loop
      vertex 67.860455410656016 -122.01132793663683 448.58694035515612
      vertex 67.847279977707885 -107.84492962842438 448.60440239167013
      vertex 37.340591430664062 -116.13702044557326 458.91644287109682
    endloop
  endfacet
  facet normal 0.3161764137529432 0 0.9487004139275621
    outer loop
      vertex 37.340591430664062 -205.35672005679621 458.91644287109682
      vertex 67.701142787193731 -183.97161019092613 448.79808505597885
      vertex 37.340591430664062 -162.67922030527413 458.91644287109682
    endloop
  endfacet
  facet normal 0.31617641375294403 -1.2129128883161193e-15 0.94870041392756188
    outer loop
      vertex 67.701142787193703 -191.29378377153861 448.79808505597885
      vertex 67.701142787193731 -183.97161019092613 448.79808505597885
      vertex 37.340591430664062 -205.35672005679621 458.91644287109682
    endloop
  endfacet
  facet normal 0.30669968230317834 0.022502678344570728 0.9515402957008442
    outer loop
      vertex 67.532902070828783 -198.42950027488536 449.02106258877598
      vertex 37.340591430664062 -205.35672005679621 458.91644287109682
      vertex 67.164683175996387 -214.04703746487201 449.50908084305468
    endloop
  endfacet
  facet normal 0.30669968230317868 0.022502678344569288 0.9515402957008442
    outer loop
      vertex 37.340591430664062 -205.35672005679621 458.91644287109682
      vertex 67.532902070828783 -198.42950027488536 449.02106258877598
      vertex 67.701142787193703 -191.29378377153861 448.79808505597885
    endloop
  endfacet
  facet normal 0.30669968230317807 0.022502678344571835 0.95154029570084442
    outer loop
      vertex 66.733128200422968 -232.35089415210012 450.08104145876536
      vertex 66.829828159621314 -228.24948808564145 449.95288034063947
      vertex 37.340591430664062 -205.35672005679621 458.91644287109682
    endloop
  endfacet
  facet normal 0.30669968230317901 0.022502678344573136 0.95154029570084397
    outer loop
      vertex 67.164683175996387 -214.04703746487201 449.50908084305468
      vertex 37.340591430664062 -205.35672005679621 458.91644287109682
      vertex 66.829828159621314 -228.24948808564145 449.95288034063947
    endloop
  endfacet
  facet normal 0.45705219690888749 0.019715725903637706 0.88922133321960528
    outer loop
      vertex 59.471560174239571 45.617184409670017 453.4060371821534
      vertex 67.183546490107801 43.725667203140219 449.48408038340483
      vertex 67.191416516632614 44.013662328826825 449.47364985781348
    endloop
  endfacet
  facet normal 0.45705219690887966 0.019715725903595507 0.88922133321961017
    outer loop
      vertex 67.109470397155434 41.014932540053877 449.5822570008292
      vertex 67.183546490107801 43.725667203140219 449.48408038340483
      vertex 59.471560174239571 45.617184409670017 453.4060371821534
    endloop
  endfacet
  facet normal 0.45705219690889981 0.019715725903638411 0.88922133321959895
    outer loop
      vertex 59.471560174239571 45.617184409670017 453.4060371821534
      vertex 67.005467521119613 37.209059553308997 449.72009702673586
      vertex 67.109470397155434 41.014932540053877 449.5822570008292
    endloop
  endfacet
  facet normal 0.45705219690889837 0.019715725903615925 0.88922133321959995
    outer loop
      vertex 59.471560174239571 45.617184409670017 453.4060371821534
      vertex 66.361913754867629 13.658904135948726 450.57302986084187
      vertex 66.406717165100616 15.298436572157753 450.51364974115086
    endloop
  endfacet
  facet normal 0.45705219690887178 0.019715725903606637 0.88922133321961405
    outer loop
      vertex 66.776165152931497 28.817986900827165 450.02400251066291
      vertex 67.005467521119613 37.209059553308997 449.72009702673586
      vertex 59.471560174239571 45.617184409670017 453.4060371821534
    endloop
  endfacet
  facet normal 0.45705219690887888 0.019715725903610468 0.88922133321961039
    outer loop
      vertex 66.406717165100616 15.298436572157753 450.51364974115086
      vertex 66.776165152931497 28.817986900827165 450.02400251066291
      vertex 59.471560174239571 45.617184409670017 453.4060371821534
    endloop
  endfacet
  facet normal 0.45149489716716351 0.023805269299461442 0.8919560902788839
    outer loop
      vertex 67.11311585496162 -277.84643273471585 449.57742549984005
      vertex 60.100725770287035 -279.71677912315204 453.17691035635619
      vertex 67.085465317583342 -278.69511344592598 449.6140720901443
    endloop
  endfacet
  facet normal 0.45149489716717145 0.023805269299485548 0.89195609027887923
    outer loop
      vertex 60.100725770287035 -279.71677912315204 453.17691035635619
      vertex 66.909515920793027 -284.09554589185825 449.84726630876827
      vertex 66.948931745937074 -282.88575202569996 449.79502661534752
    endloop
  endfacet
  facet normal 0.45149489716716334 0.02380526929946283 0.89195609027888401
    outer loop
      vertex 66.948931745937074 -282.88575202569996 449.79502661534752
      vertex 67.085465317583342 -278.69511344592598 449.6140720901443
      vertex 60.100725770287035 -279.71677912315204 453.17691035635619
    endloop
  endfacet
  facet normal 0.45149489716716762 0.023805269299477728 0.89195609027888156
    outer loop
      vertex 66.909515920793027 -284.09554589185825 449.84726630876827
      vertex 60.100725770287035 -279.71677912315204 453.17691035635619
      vertex 66.800184935194068 -287.45125277545719 449.99216793516331
    endloop
  endfacet
  facet normal 0.45149489716715102 0.023805269299459753 0.89195609027889045
    outer loop
      vertex 66.423845707078982 -299.00227037065696 450.49094845864761
      vertex 66.800184935194068 -287.45125277545719 449.99216793516331
      vertex 60.100725770287035 -279.71677912315204 453.17691035635619
    endloop
  endfacet
  facet normal 0.46030445941939868 -0.017634275846645679 0.88758596031819881
    outer loop
      vertex 66.943454116802116 -270.95716164544535 449.80228638133337
      vertex 66.641152524250472 -258.68192714414204 450.20294125682494
      vertex 60.100725770287035 -279.71677912315204 453.17691035635619
    endloop
  endfacet
  facet normal 0.46030445941941933 -0.017634275846653606 0.88758596031818815
    outer loop
      vertex 60.100725770287035 -279.71677912315204 453.17691035635619
      vertex 66.641152524250472 -258.68192714414204 450.20294125682494
      vertex 66.39678280664188 -248.75906976405639 450.52681622538199
    endloop
  endfacet
  facet normal 0.46030445941940923 -0.017634275846659369 0.88758596031819315
    outer loop
      vertex 67.019656490423188 -274.0514291875337 449.70129170162426
      vertex 60.100725770287035 -279.71677912315204 453.17691035635619
      vertex 67.11311585496162 -277.84643273471585 449.57742549984005
    endloop
  endfacet
  facet normal 0.46030445941921189 -0.017634275846351712 0.88758596031830173
    outer loop
      vertex 67.015860697896343 -273.89729753711134 449.70632244846678
      vertex 60.100725770287035 -279.71677912315204 453.17691035635619
      vertex 67.019656490423188 -274.0514291875337 449.70129170162426
    endloop
  endfacet
  facet normal 0.46030445941941911 -0.017634275846665739 0.88758596031818804
    outer loop
      vertex 66.943454116802116 -270.95716164544535 449.80228638133337
      vertex 60.100725770287035 -279.71677912315204 453.17691035635619
      vertex 67.015860697896343 -273.89729753711134 449.70632244846678
    endloop
  endfacet
  facet normal 0.44979911127764688 -0.023996959690660291 0.89280731707319927
    outer loop
      vertex 67.191416516632614 44.013662328826825 449.47364985781348
      vertex 67.127396725838622 45.970465646014205 449.55849837314236
      vertex 59.471560174239571 45.617184409670017 453.4060371821534
    endloop
  endfacet
  facet normal 0.44979911127764544 -0.02399695969066792 0.8928073170731996
    outer loop
      vertex 66.752987031853095 57.414522586711009 450.05472159201605
      vertex 59.471560174239571 45.617184409670017 453.4060371821534
      vertex 66.970237928305295 50.774118587148791 449.76678850461883
    endloop
  endfacet
  facet normal 0.44979911127765826 -0.023996959690677722 0.89280731707319305
    outer loop
      vertex 66.440305375555084 66.97182501896053 450.46913366644537
      vertex 59.471560174239571 45.617184409670017 453.4060371821534
      vertex 66.752987031853095 57.414522586711009 450.05472159201605
    endloop
  endfacet
  facet normal 0.44979911127756206 -0.023996959690514311 0.89280731707324557
    outer loop
      vertex 66.97913764045532 50.502093545498397 449.75499328702415
      vertex 66.970237928305295 50.774118587148791 449.76678850461883
      vertex 59.471560174239571 45.617184409670017 453.4060371821534
    endloop
  endfacet
  facet normal 0.44979911127764743 -0.023996959690680858 0.89280731707319838
    outer loop
      vertex 59.471560174239571 45.617184409670017 453.4060371821534
      vertex 67.127396725838622 45.970465646014205 449.55849837314236
      vertex 66.97913764045532 50.502093545498397 449.75499328702415
    endloop
  endfacet
  facet normal 0.11959186222597949 0.049103813722692631 0.99160808889762986
    outer loop
      vertex 197.42926373472531 38.427010638460217 358.00938172674751
      vertex 245.77056406061698 36.898483534065349 352.25492118726362
      vertex 220.42585780508554 80 353.17723292836422
    endloop
  endfacet
  facet normal 0.11001764898945873 0.046705688973703731 0.99283165518043592
    outer loop
      vertex 221.54879520339435 -227.65849041352305 353.08962935864315
      vertex 198.7986622259003 -270.67338193043418 357.63416242753277
      vertex 246.91247016789376 -268.90032958474893 352.21916620229348
    endloop
  endfacet
  facet normal 0.445704149096389 -0.045523080197112806 0.89402206944103513
    outer loop
      vertex 172.47795721194106 -1.5234848752238577 368.41430521729723
      vertex 197.42926373472531 38.427010638460217 358.00938172674751
      vertex 156.75144272767449 40.140027279322055 378.37605500624272
    endloop
  endfacet
  facet normal 0.004226157137759359 -0.00040844177896631154 0.99999098634495687
    outer loop
      vertex 298.43041531614324 -175.57568670132946 352.057351723088
      vertex 244.95939486570137 -182.94618580486028 352.28032024782357
      vertex 272.27292386733075 -223.70489727827839 352.14824023112965
    endloop
  endfacet
  facet normal 0.0063669025899163725 0.0022585692269662823 0.99997718044786277
    outer loop
      vertex 294.12517809424344 -57.220383653802912 352.09377389486798
      vertex 269.93771555876361 -8.3242133176976836 352.13733872122083
      vertex 240.5607629908238 -49.794461623140364 352.41804874894393
    endloop
  endfacet
  facet normal 0.28155731805324241 0.04411961648945497 0.95852956975332215
    outer loop
      vertex 198.7986622259003 -270.67338193043418 357.63416242753277
      vertex 176.65010293775171 -312 366.0422530553721
      vertex 220.45973443978281 -312 353.17366481371033
    endloop
  endfacet
  facet normal 0.43535052583015504 0.048513133381043183 0.89895294401262227
    outer loop
      vertex 175.21449138694481 -231.12003808301785 366.92110518229646
      vertex 157.97620663560983 -272.83632762352664 377.52064135714073
      vertex 198.7986622259003 -270.67338193043418 357.63416242753277
    endloop
  endfacet
  facet normal 0.021116503843494741 0.0091800296962991027 0.99973487501447245
    outer loop
      vertex 246.91247016789376 -268.90032958474893 352.21916620229348
      vertex 220.45973443978281 -312 353.17366481371033
      vertex 270.854675510731 -312 352.10921763535021
    endloop
  endfacet
  facet normal 0.11344629878486501 -0.047650474941038148 0.99240081092767585
    outer loop
      vertex 246.91247016789376 -268.90032958474893 352.21916620229348
      vertex 198.7986622259003 -270.67338193043418 357.63416242753277
      vertex 220.45973443978281 -312 353.17366481371033
    endloop
  endfacet
  facet normal 0.021208173938313025 -0.0089220210966556319 0.99973527040799814
    outer loop
      vertex 245.77056406061698 36.898483534065349 352.25492118726362
      vertex 270.79304506826293 80 352.10875400211296
      vertex 220.42585780508554 80 353.17723292836422
    endloop
  endfacet
  facet normal 0.60123557214795853 -0.0036303572366907758 0.79906358150666024
    outer loop
      vertex 146.24498560453765 -192.17887646235582 385.71409523473608
      vertex 106.85120043855346 -221.47155386021558 415.22188738753658
      vertex 141.17615701251029 -238.32689846312053 389.31834691091393
    endloop
  endfacet
  facet normal 0.55418640613159198 0.020354348485921502 0.83214369417587009
    outer loop
      vertex 157.97620663560983 -272.83632762352664 377.52064135714073
      vertex 137.73593943084489 -312 391.95809015471809
      vertex 176.65010293775171 -312 366.0422530553721
    endloop
  endfacet
  facet normal 0.43960091313434846 -0.053178437779153417 0.89661758343611331
    outer loop
      vertex 157.97620663560983 -272.83632762352664 377.52064135714073
      vertex 176.65010293775171 -312 366.0422530553721
      vertex 198.7986622259003 -270.67338193043418 357.63416242753277
    endloop
  endfacet
  facet normal 0.60462326519118659 0.0038139910263867449 0.79650245490017069
    outer loop
      vertex 121.01797767464862 37.951316911012327 404.84981821764831
      vertex 137.75701207358082 80 391.94190704781852
      vertex 103.7625232958751 80 417.74704886104456
    endloop
  endfacet
  facet normal 0.60460747478072541 -0.0036267144745023732 0.79651531584859991
    outer loop
      vertex 122.02632053096363 -270.23028751358044 404.0729103492481
      vertex 103.74932773117264 -312 417.75616216567454
      vertex 137.73593943084489 -312 391.95809015471809
    endloop
  endfacet
  facet normal 0.017874250277306936 0.0087381315030780008 0.99980205852701631
    outer loop
      vertex 244.95939486570137 -182.94618580486028 352.28032024782357
      vertex 221.54879520339435 -227.65849041352305 353.08962935864315
      vertex 272.27292386733075 -223.70489727827839 352.14824023112965
    endloop
  endfacet
  facet normal 0.2816037074799973 -0.044362667401918132 0.95850472386655816
    outer loop
      vertex 197.42926373472531 38.427010638460217 358.00938172674751
      vertex 220.42585780508554 80 353.17723292836422
      vertex 176.66878981783319 80 366.0328321412274
    endloop
  endfacet
  facet normal 0.59572949762312855 -0.012142299366915474 0.80309335088006994
    outer loop
      vertex 138.53476984851918 4.7164549071492274 391.35348253799168
      vertex 156.75144272767449 40.140027279322055 378.37605500624272
      vertex 121.01797767464862 37.951316911012327 404.84981821764831
    endloop
  endfacet
  facet normal 0.57912738914191508 0.013618250066998525 0.81512330994198756
    outer loop
      vertex 122.02632053096363 -270.23028751358044 404.0729103492481
      vertex 90.112410184666174 -271.7120553588544 426.77180563974764
      vertex 103.74932773117264 -312 417.75616216567454
    endloop
  endfacet
  facet normal 0.5936044230787958 -0.01013685013422325 0.80469312981449392
    outer loop
      vertex 122.02632053096363 -270.23028751358044 404.0729103492481
      vertex 137.73593943084489 -312 391.95809015471809
      vertex 157.97620663560983 -272.83632762352664 377.52064135714073
    endloop
  endfacet
  facet normal 0.55412264291441427 -0.019178363839296848 0.83221408722154666
    outer loop
      vertex 156.75144272767449 40.140027279322055 378.37605500624272
      vertex 176.66878981783319 80 366.0328321412274
      vertex 137.75701207358082 80 391.94190704781852
    endloop
  endfacet
  facet normal 0.59487149601194267 0.0099237946756337014 0.80375955455083015
    outer loop
      vertex 156.75144272767449 40.140027279322055 378.37605500624272
      vertex 137.75701207358082 80 391.94190704781852
      vertex 121.01797767464862 37.951316911012327 404.84981821764831
    endloop
  endfacet
  facet normal 0.44884578057807251 0.051970217638806403 0.89209672218646552
    outer loop
      vertex 197.42926373472531 38.427010638460217 358.00938172674751
      vertex 176.66878981783319 80 366.0328321412274
      vertex 156.75144272767449 40.140027279322055 378.37605500624272
    endloop
  endfacet
  facet normal 0.0036176085253459417 0.0012910117979531809 0.99999262307133796
    outer loop
      vertex 296.62141055754552 35.585978352451832 352.07265584657119
      vertex 270.79304506826293 80 352.10875400211296
      vertex 245.77056406061698 36.898483534065349 352.25492118726362
    endloop
  endfacet
  facet normal 0.0030876351822798705 -0.00083581170194600392 0.99999488395080294
    outer loop
      vertex 297.69193424180537 -267.43791501947834 352.06359924980012
      vertex 246.91247016789376 -268.90032958474893 352.21916620229348
      vertex 270.854675510731 -312 352.10921763535021
    endloop
  endfacet
  facet normal 0.57649468265371073 -0.014010233052644119 0.81698077960366233
    outer loop
      vertex 89.52356040041056 39.374963855442445 427.09796673121474
      vertex 121.01797767464862 37.951316911012327 404.84981821764831
      vertex 103.7625232958751 80 417.74704886104456
    endloop
  endfacet
  facet normal 0.11663125342648029 -0.046354023321386342 0.9920929670379125
    outer loop
      vertex 218.96596462061731 -4.1059977794670885 353.49022008354763
      vertex 245.77056406061698 36.898483534065349 352.25492118726362
      vertex 197.42926373472531 38.427010638460217 358.00938172674751
    endloop
  endfacet
  facet normal 0.59473725371983943 0.014743720653873792 0.80378493500380077
    outer loop
      vertex 141.17615701251029 -238.32689846312053 389.31834691091393
      vertex 122.02632053096363 -270.23028751358044 404.0729103492481
      vertex 157.97620663560983 -272.83632762352664 377.52064135714073
    endloop
  endfacet
  facet normal 0.30797274344834913 0.055025625671827297 0.94980259518087284
    outer loop
      vertex 172.47795721194106 -1.5234848752238577 368.41430521729723
      vertex 218.96596462061731 -4.1059977794670885 353.49022008354763
      vertex 197.42926373472531 38.427010638460217 358.00938172674751
    endloop
  endfacet
  facet normal 0.55200821690259549 -0.016277956881881519 0.8336797686112869
    outer loop
      vertex 175.21449138694481 -231.12003808301785 366.92110518229646
      vertex 141.17615701251029 -238.32689846312053 389.31834691091393
      vertex 157.97620663560983 -272.83632762352664 377.52064135714073
    endloop
  endfacet
  facet normal 0.56167073800287659 0.014218155541919478 0.82723867542825258
    outer loop
      vertex 138.53476984851918 4.7164549071492274 391.35348253799168
      vertex 172.47795721194106 -1.5234848752238577 368.41430521729723
      vertex 156.75144272767449 40.140027279322055 378.37605500624272
    endloop
  endfacet
  facet normal 0.54893419696184909 0.0049874919862184317 0.83585068782022143
    outer loop
      vertex 146.24498560453765 -192.17887646235582 385.71409523473608
      vertex 141.17615701251029 -238.32689846312053 389.31834691091393
      vertex 175.21449138694481 -231.12003808301785 366.92110518229646
    endloop
  endfacet
  facet normal 0.57715376111393668 0.0063521327700137506 0.81661079250846846
    outer loop
      vertex 106.0751897451522 -9.48450705596278 415.77987815417242
      vertex 121.01797767464862 37.951316911012327 404.84981821764831
      vertex 89.52356040041056 39.374963855442445 427.09796673121474
    endloop
  endfacet
  facet normal 0.28921885419361076 -0.051979024496026496 0.95585073907560303
    outer loop
      vertex 175.21449138694481 -231.12003808301785 366.92110518229646
      vertex 198.7986622259003 -270.67338193043418 357.63416242753277
      vertex 221.54879520339435 -227.65849041352305 353.08962935864315
    endloop
  endfacet
  facet normal 0.60298807173634905 -0.0061372052063270958 0.79772659480296559
    outer loop
      vertex 138.53476984851918 4.7164549071492274 391.35348253799168
      vertex 121.01797767464862 37.951316911012327 404.84981821764831
      vertex 106.0751897451522 -9.48450705596278 415.77987815417242
    endloop
  endfacet
  facet normal 0.60008300835643202 -0.001200683131207401 0.79993683590763121
    outer loop
      vertex 146.24498560453765 -192.17887646235582 385.71409523473608
      vertex 109.47102811935477 -167.16693556981906 413.33809935665664
      vertex 106.85120043855346 -221.47155386021558 415.22188738753658
    endloop
  endfacet
  facet normal 0.025591100391190402 -0.011362087134596056 0.99960792241594099
    outer loop
      vertex 240.5607629908238 -49.794461623140364 352.41804874894393
      vertex 269.93771555876361 -8.3242133176976836 352.13733872122083
      vertex 218.96596462061731 -4.1059977794670885 353.49022008354763
    endloop
  endfacet
  facet normal 0.0030679489683664439 -0.00015220434589475465 0.99999528225035372
    outer loop
      vertex 272.27292386733075 -223.70489727827839 352.14824023112965
      vertex 246.91247016789376 -268.90032958474893 352.21916620229348
      vertex 297.69193424180537 -267.43791501947834 352.06359924980012
    endloop
  endfacet
  facet normal 0.01927550433562604 -0.009247079916731878 0.99977144710459742
    outer loop
      vertex 272.27292386733075 -223.70489727827839 352.14824023112965
      vertex 221.54879520339435 -227.65849041352305 353.08962935864315
      vertex 246.91247016789376 -268.90032958474893 352.21916620229348
    endloop
  endfacet
  facet normal 0.5797717470117203 -0.0058576388528806611 0.81475788393488235
    outer loop
      vertex 106.85120043855346 -221.47155386021558 415.22188738753658
      vertex 90.112410184666174 -271.7120553588544 426.77180563974764
      vertex 122.02632053096363 -270.23028751358044 404.0729103492481
    endloop
  endfacet
  facet normal 0.60419293846085709 0.0058453159517334484 0.79681661967824136
    outer loop
      vertex 106.85120043855346 -221.47155386021558 415.22188738753658
      vertex 122.02632053096363 -270.23028751358044 404.0729103492481
      vertex 141.17615701251029 -238.32689846312053 389.31834691091393
    endloop
  endfacet
  facet normal 0.30231770175839984 -0.056694264709735091 0.95151971474717278
    outer loop
      vertex 190.26397887064812 -42.68427454090795 360.31083686372534
      vertex 218.96596462061731 -4.1059977794670885 353.49022008354763
      vertex 172.47795721194106 -1.5234848752238577 368.41430521729723
    endloop
  endfacet
  facet normal 0.60194530719747485 0.0030896484039420382 0.79853134015871763
    outer loop
      vertex 140.21538037583008 -140.3074091928743 390.05860596480341
      vertex 109.47102811935477 -167.16693556981906 413.33809935665664
      vertex 146.24498560453765 -192.17887646235582 385.71409523473608
    endloop
  endfacet
  facet normal 0.60156500521186052 -0.00099819309128218198 0.79882322707530651
    outer loop
      vertex 141.70903407296817 -39.524506748526051 388.90777586499746
      vertex 138.53476984851918 4.7164549071492274 391.35348253799168
      vertex 106.0751897451522 -9.48450705596278 415.77987815417242
    endloop
  endfacet
  facet normal 0.6027146278509905 0.0011412789906488485 0.79795599807051243
    outer loop
      vertex 141.70903407296817 -39.524506748526051 388.90777586499746
      vertex 106.0751897451522 -9.48450705596278 415.77987815417242
      vertex 108.26182563228073 -64.93998204114277 414.207576837467
    endloop
  endfacet
  facet normal 0.16218665786834724 0.053535844955180281 0.98530675493189945
    outer loop
      vertex 190.26397887064812 -42.68427454090795 360.31083686372534
      vertex 240.5607629908238 -49.794461623140364 352.41804874894393
      vertex 218.96596462061731 -4.1059977794670885 353.49022008354763
    endloop
  endfacet
  facet normal 0.13733889350052966 -0.054006119782009018 0.98905074053768427
    outer loop
      vertex 193.4884584709265 -189.14287991035707 359.08917420421369
      vertex 221.54879520339435 -227.65849041352305 353.08962935864315
      vertex 244.95939486570137 -182.94618580486028 352.28032024782357
    endloop
  endfacet
  facet normal 0.0035663717858093686 -0.00069417891639764477 0.99999339953217559
    outer loop
      vertex 269.93771555876361 -8.3242133176976836 352.13733872122083
      vertex 296.62141055754552 35.585978352451832 352.07265584657119
      vertex 245.77056406061698 36.898483534065349 352.25492118726362
    endloop
  endfacet
  facet normal 0.027532320565203692 0.012114458888511597 0.99954750322840258
    outer loop
      vertex 269.93771555876361 -8.3242133176976836 352.13733872122083
      vertex 245.77056406061698 36.898483534065349 352.25492118726362
      vertex 218.96596462061731 -4.1059977794670885 353.49022008354763
    endloop
  endfacet
  facet normal 0.50381378329552384 -0.058142341056129344 0.86185331695014311
    outer loop
      vertex 170.57480499636625 -77.782175316471807 369.45276729128335
      vertex 190.26397887064812 -42.68427454090795 360.31083686372534
      vertex 141.70903407296817 -39.524506748526051 388.90777586499746
    endloop
  endfacet
  facet normal 0.49284950313738413 -0.052506105200158602 0.86852891499013629
    outer loop
      vertex 146.24498560453765 -192.17887646235582 385.71409523473608
      vertex 175.21449138694481 -231.12003808301785 366.92110518229646
      vertex 193.4884584709265 -189.14287991035707 359.08917420421369
    endloop
  endfacet
  facet normal 0.28174440931205114 0.056059777797129146 0.9578504001850916
    outer loop
      vertex 193.4884584709265 -189.14287991035707 359.08917420421369
      vertex 175.21449138694481 -231.12003808301785 366.92110518229646
      vertex 221.54879520339435 -227.65849041352305 353.08962935864315
    endloop
  endfacet
  facet normal 0.14735491406052081 -0.053941145345535145 0.9876117061583608
    outer loop
      vertex 209.3266788326402 -88.115820220063142 354.98524980292444
      vertex 240.5607629908238 -49.794461623140364 352.41804874894393
      vertex 190.26397887064812 -42.68427454090795 360.31083686372534
    endloop
  endfacet
  facet normal 0.55920490622617991 -0.005706267566377753 0.82900983791691552
    outer loop
      vertex 141.70903407296817 -39.524506748526051 388.90777586499746
      vertex 172.47795721194106 -1.5234848752238577 368.41430521729723
      vertex 138.53476984851918 4.7164549071492274 391.35348253799168
    endloop
  endfacet
  facet normal 0.50928442478976965 0.050935327443039052 0.85908961528167938
    outer loop
      vertex 141.70903407296817 -39.524506748526051 388.90777586499746
      vertex 190.26397887064812 -42.68427454090795 360.31083686372534
      vertex 172.47795721194106 -1.5234848752238577 368.41430521729723
    endloop
  endfacet
  facet normal 0.0039660054832610456 0.0014788913049012787 0.99999104180038278
    outer loop
      vertex 268.00413056956597 -141.96195762581181 352.1283121192505
      vertex 244.95939486570137 -182.94618580486028 352.28032024782357
      vertex 298.43041531614324 -175.57568670132946 352.057351723088
    endloop
  endfacet
  facet normal 0.60280921930764009 5.919181718844307e-05 0.79788535618473544
    outer loop
      vertex 139.55642276887454 -92.961821829592253 390.5663195332387
      vertex 108.26182563228073 -64.93998204114277 414.207576837467
      vertex 108.36615319699492 -116.2111468624384 414.1325600647458
    endloop
  endfacet
  facet normal 0.60304126354133902 0.00046640054183238696 0.7977098576155367
    outer loop
      vertex 139.55642276887454 -92.961821829592253 390.5663195332387
      vertex 141.70903407296817 -39.524506748526051 388.90777586499746
      vertex 108.26182563228073 -64.93998204114277 414.207576837467
    endloop
  endfacet
  facet normal 0.60330554080552667 0.00064736315708062886 0.79750987790390004
    outer loop
      vertex 140.21538037583008 -140.3074091928743 390.05860596480341
      vertex 108.36615319699492 -116.2111468624384 414.1325600647458
      vertex 109.47102811935477 -167.16693556981906 413.33809935665664
    endloop
  endfacet
  facet normal 0.60291508181031372 -0.00016392492593273814 0.79780535047985313
    outer loop
      vertex 140.21538037583008 -140.3074091928743 390.05860596480341
      vertex 139.55642276887454 -92.961821829592253 390.5663195332387
      vertex 108.36615319699492 -116.2111468624384 414.1325600647458
    endloop
  endfacet
  facet normal 0.35912630558744169 0.041391855942800329 0.93237064030176642
    outer loop
      vertex 170.57480499636625 -77.782175316471807 369.45276729128335
      vertex 209.3266788326402 -88.115820220063142 354.98524980292444
      vertex 190.26397887064812 -42.68427454090795 360.31083686372534
    endloop
  endfacet
  facet normal 0.48688195968823123 0.06343840154341171 0.87116102216511304
    outer loop
      vertex 171.63838085032145 -155.79362481135252 368.87242317687088
      vertex 146.24498560453765 -192.17887646235582 385.71409523473608
      vertex 193.4884584709265 -189.14287991035707 359.08917420421369
    endloop
  endfacet
  facet normal 0.0054331017772760786 -0.0044770062300230869 0.99997521860308825
    outer loop
      vertex 260.58698558624388 -97.940413123501031 352.093686480401
      vertex 294.12517809424344 -57.220383653802912 352.09377389486798
      vertex 240.5607629908238 -49.794461623140364 352.41804874894393
    endloop
  endfacet
  facet normal 0.5572936287301834 -0.0051042408516292093 0.83029980013370663
    outer loop
      vertex 171.63838085032145 -155.79362481135252 368.87242317687088
      vertex 173.54835911047795 -116.7885529312158 367.83023644630958
      vertex 140.21538037583008 -140.3074091928743 390.05860596480341
    endloop
  endfacet
  facet normal 0.56166952326181718 0.0030531093224701799 0.82735604497840465
    outer loop
      vertex 170.57480499636625 -77.782175316471807 369.45276729128335
      vertex 141.70903407296817 -39.524506748526051 388.90777586499746
      vertex 139.55642276887454 -92.961821829592253 390.5663195332387
    endloop
  endfacet
  facet normal 0.05977592095003071 0.018139783032125174 0.99804698664247438
    outer loop
      vertex 209.3266788326402 -88.115820220063142 354.98524980292444
      vertex 260.58698558624388 -97.940413123501031 352.093686480401
      vertex 240.5607629908238 -49.794461623140364 352.41804874894393
    endloop
  endfacet
  facet normal 0.12562774584288591 0.045450092124187165 0.99103580086712229
    outer loop
      vertex 216.95714183099531 -138.72107685340245 353.8017835995077
      vertex 193.4884584709265 -189.14287991035707 359.08917420421369
      vertex 244.95939486570137 -182.94618580486028 352.28032024782357
    endloop
  endfacet
  facet normal 0.55992204933017531 0.0082213326313016564 0.82850450111249374
    outer loop
      vertex 173.54835911047795 -116.7885529312158 367.83023644630958
      vertex 170.57480499636625 -77.782175316471807 369.45276729128335
      vertex 139.55642276887454 -92.961821829592253 390.5663195332387
    endloop
  endfacet
  facet normal 0.55741813828761777 -0.0047402035962882854 0.83021837463274206
    outer loop
      vertex 171.63838085032145 -155.79362481135252 368.87242317687088
      vertex 140.21538037583008 -140.3074091928743 390.05860596480341
      vertex 146.24498560453765 -192.17887646235582 385.71409523473608
    endloop
  endfacet
  facet normal 0.55539001342650784 -0.0011876634387937269 0.8315891548364851
    outer loop
      vertex 173.54835911047795 -116.7885529312158 367.83023644630958
      vertex 139.55642276887454 -92.961821829592253 390.5663195332387
      vertex 140.21538037583008 -140.3074091928743 390.05860596480341
    endloop
  endfacet
  facet normal 0.031860955173041161 -0.0142081896650727 0.99939131819418103
    outer loop
      vertex 216.95714183099531 -138.72107685340245 353.8017835995077
      vertex 244.95939486570137 -182.94618580486028 352.28032024782357
      vertex 268.00413056956597 -141.96195762581181 352.1283121192505
    endloop
  endfacet
  facet normal 0.053389967948967394 -0.015299781622604178 0.99845652284148512
    outer loop
      vertex 216.95714183099531 -138.72107685340245 353.8017835995077
      vertex 260.58698558624388 -97.940413123501031 352.093686480401
      vertex 209.3266788326402 -88.115820220063142 354.98524980292444
    endloop
  endfacet
  facet normal 0.033168976104797555 0.0063747192500200377 0.99942942821323943
    outer loop
      vertex 216.95714183099531 -138.72107685340245 353.8017835995077
      vertex 268.00413056956597 -141.96195762581181 352.1283121192505
      vertex 260.58698558624388 -97.940413123501031 352.093686480401
    endloop
  endfacet
  facet normal 0.34678481304237263 -0.012575482977890538 0.937860411079943
    outer loop
      vertex 173.54835911047795 -116.7885529312158 367.83023644630958
      vertex 209.3266788326402 -88.115820220063142 354.98524980292444
      vertex 170.57480499636625 -77.782175316471807 369.45276729128335
    endloop
  endfacet
  facet normal 0.31927207555035259 0.025987187254221663 0.94730671267144739
    outer loop
      vertex 173.54835911047795 -116.7885529312158 367.83023644630958
      vertex 216.95714183099531 -138.72107685340245 353.8017835995077
      vertex 209.3266788326402 -88.115820220063142 354.98524980292444
    endloop
  endfacet
  facet normal 0.3342960742980563 -0.056947525922664374 0.94074604118231375
    outer loop
      vertex 171.63838085032145 -155.79362481135252 368.87242317687088
      vertex 193.4884584709265 -189.14287991035707 359.08917420421369
      vertex 216.95714183099531 -138.72107685340245 353.8017835995077
    endloop
  endfacet
  facet normal 0.31211248334462882 0.010099723636365222 0.94999147013166274
    outer loop
      vertex 171.63838085032145 -155.79362481135252 368.87242317687088
      vertex 216.95714183099531 -138.72107685340245 353.8017835995077
      vertex 173.54835911047795 -116.7885529312158 367.83023644630958
    endloop
  endfacet
  facet normal -0.022381204302330971 0.014750944456176928 0.99964068111078197
    outer loop
      vertex 318.27911198846897 50.85309426614235 352.33227019250512
      vertex 296.62141055754552 35.585978352451832 352.07265584657119
      vertex 318.29210120315133 49.122889404145987 352.35809234097547
    endloop
  endfacet
  facet normal -0.022381204302353391 0.014750944456212837 0.99964068111078108
    outer loop
      vertex 318.30613303093821 47.253710081557855 352.38598857418964
      vertex 318.29210120315133 49.122889404145987 352.35809234097547
      vertex 296.62141055754552 35.585978352451832 352.07265584657119
    endloop
  endfacet
  facet normal -0.022381204302345033 0.014750944456196886 0.9996406811107813
    outer loop
      vertex 296.62141055754552 35.585978352451832 352.07265584657119
      vertex 318.27911198846897 50.85309426614235 352.33227019250512
      vertex 318.11929992866936 72.14064111569985 352.01456782849772
    endloop
  endfacet
  facet normal -0.02238120430234623 0.014750944456199519 0.9996406811107813
    outer loop
      vertex 296.62141055754552 35.585978352451832 352.07265584657119
      vertex 318.39407484810613 35.53896011104537 352.56082326550677
      vertex 318.30613303093821 47.253710081557855 352.38598857418964
    endloop
  endfacet
  facet normal 8.8209653891050148e-05 0.0014194665830998777 0.99999898866632686
    outer loop
      vertex 318.17562928099568 -3.7196682909164105 352.12654766283771
      vertex 296.62141055754552 35.585978352451832 352.07265584657119
      vertex 269.93771555876361 -8.3242133176976836 352.13733872122083
    endloop
  endfacet
  facet normal 8.8209653891756316e-05 0.0014194665830924796 0.99999898866632686
    outer loop
      vertex 269.93771555876361 -8.3242133176976836 352.13733872122083
      vertex 318.18008762562761 -9.9619239569831439 352.13540795185048
      vertex 318.17562928099568 -3.7196682909164105 352.12654766283771
    endloop
  endfacet
  facet normal 9.9431229333956624e-06 -0.00088604710836297576 0.99999960741075089
    outer loop
      vertex 269.93771555876361 -8.3242133176976836 352.13733872122083
      vertex 294.12517809424344 -57.220383653802912 352.09377389486798
      vertex 318.17737617676914 -16.047847803793061 352.13001556146759
    endloop
  endfacet
  facet normal 9.9431229340088906e-06 -0.0008860471083591456 0.99999960741075089
    outer loop
      vertex 318.17989722938495 -10.389349179946931 352.13502923471208
      vertex 269.93771555876361 -8.3242133176976836 352.13733872122083
      vertex 318.17737617676914 -16.047847803793061 352.13001556146759
    endloop
  endfacet
  facet normal 9.9431229330614571e-06 -0.00088604710838127839 0.999999607410751
    outer loop
      vertex 269.93771555876361 -8.3242133176976836 352.13733872122083
      vertex 318.17989722938495 -10.389349179946931 352.13502923471208
      vertex 318.18008762562761 -9.9619239569831439 352.13540795185048
    endloop
  endfacet
  facet normal -0.024484953341226526 0.011350426658276781 0.99963576110228936
    outer loop
      vertex 297.69193424180537 -267.43791501947834 352.06359924980012
      vertex 318.23123426280227 -238.41112059919024 352.23709974691315
      vertex 318.18994669621577 -231.27112424972034 352.15501692010832
    endloop
  endfacet
  facet normal -0.024484953341216566 0.011350426658269732 0.99963576110228958
    outer loop
      vertex 318.23123426280227 -238.41112059919024 352.23709974691315
      vertex 297.69193424180537 -267.43791501947834 352.06359924980012
      vertex 318.39827360779611 -267.29617580328528 352.56916835039772
    endloop
  endfacet
  facet normal -0.022437741427414375 -0.010933618872497353 0.99968845333833256
    outer loop
      vertex 296.62141055754552 35.585978352451832 352.07265584657119
      vertex 318.17562928099568 -3.7196682909164105 352.12654766283771
      vertex 318.27865030562202 14.795845366156843 352.33136460153833
    endloop
  endfacet
  facet normal -0.022437741427412838 -0.010933618872495754 0.99968845333833256
    outer loop
      vertex 318.27865030562202 14.795845366156843 352.33136460153833
      vertex 318.39407484810613 35.53896011104537 352.56082326550677
      vertex 296.62141055754552 35.585978352451832 352.07265584657119
    endloop
  endfacet
  facet normal -0.02430306138699341 -0.01506262617315891 0.99959115567315215
    outer loop
      vertex 318.34155265845618 -274.68799708810565 352.45640351366836
      vertex 297.69193424180537 -267.43791501947834 352.06359924980012
      vertex 318.33714223060298 -275.26276151187966 352.44763528027408
    endloop
  endfacet
  facet normal -0.024303061386988813 -0.015062626173146767 0.99959115567315238
    outer loop
      vertex 318.33276926163052 -275.83261614286226 352.43894194223924
      vertex 318.33714223060298 -275.26276151187966 352.44763528027408
      vertex 297.69193424180537 -267.43791501947834 352.06359924980012
    endloop
  endfacet
  facet normal -0.024303061386984164 -0.015062626173132544 0.9995911556731526
    outer loop
      vertex 297.69193424180537 -267.43791501947834 352.06359924980012
      vertex 318.34155265845618 -274.68799708810565 352.45640351366836
      vertex 318.39827360779611 -267.29617580328528 352.56916835039772
    endloop
  endfacet
  facet normal -0.024303061386984636 -0.015062626173136485 0.99959115567315249
    outer loop
      vertex 297.69193424180537 -267.43791501947834 352.06359924980012
      vertex 318.11890223099732 -303.70237908651228 352.01377867232009
      vertex 318.33276926163052 -275.83261614286226 352.43894194223924
    endloop
  endfacet
  facet normal 0.0020534820812015304 0.00038141128147646129 0.99999781886600947
    outer loop
      vertex 318.11929992866936 72.14064111569985 352.01456782849772
      vertex 270.79304506826293 80 352.10875400211296
      vertex 296.62141055754552 35.585978352451832 352.07265584657119
    endloop
  endfacet
  facet normal 0.0020534820812037973 0.0003814112814901115 0.99999781886600947
    outer loop
      vertex 270.79304506826293 80 352.10875400211296
      vertex 318.11929992866936 72.14064111569985 352.01456782849772
      vertex 318.11779224264916 80 352.01157326982866
    endloop
  endfacet
  facet normal 0.0020570280028505317 -0.00021513142289954478 0.9999978611748459
    outer loop
      vertex 270.854675510731 -312 352.10921763535021
      vertex 318.11890223099732 -303.70237908651228 352.01377867232009
      vertex 297.69193424180537 -267.43791501947834 352.06359924980012
    endloop
  endfacet
  facet normal 0.002057028002848787 -0.00021513142288960769 0.9999978611748459
    outer loop
      vertex 318.11890223099732 -303.70237908651228 352.01377867232009
      vertex 270.854675510731 -312 352.10921763535021
      vertex 318.11800389332984 -312 352.01199543741808
    endloop
  endfacet
  facet normal -0.00051591257708262582 -0.0022352618413596643 0.99999736871589484
    outer loop
      vertex 318.18994669621577 -231.27112424972034 352.15501692010832
      vertex 318.20086615583779 -221.56337205922551 352.17672197874384
      vertex 272.27292386733075 -223.70489727827839 352.14824023112965
    endloop
  endfacet
  facet normal -0.00051591257708193854 -0.0022352618413554936 0.99999736871589495
    outer loop
      vertex 272.27292386733075 -223.70489727827839 352.14824023112965
      vertex 297.69193424180537 -267.43791501947834 352.06359924980012
      vertex 318.18994669621577 -231.27112424972034 352.15501692010832
    endloop
  endfacet
  facet normal -0.018293859866646202 0.0098068694165139979 0.99978455679382594
    outer loop
      vertex 318.35392426406929 -51.501415692604603 352.48100943731743
      vertex 294.12517809424344 -57.220383653802912 352.09377389486798
      vertex 318.3778714544336 -56.309926318152506 352.52861421578092
    endloop
  endfacet
  facet normal -0.018293859866646171 0.0098068694165138644 0.99978455679382594
    outer loop
      vertex 294.12517809424344 -57.220383653802912 352.09377389486798
      vertex 318.35392426406929 -51.501415692604603 352.48100943731743
      vertex 318.25079325721777 -30.790767734279328 352.27597197914412
    endloop
  endfacet
  facet normal -0.018293859866673888 0.0098068694165300615 0.99978455679382527
    outer loop
      vertex 294.12517809424344 -57.220383653802912 352.09377389486798
      vertex 318.19259389481141 -19.103592094011322 352.16026775512302
      vertex 318.17737617676914 -16.047847803793061 352.13001556146759
    endloop
  endfacet
  facet normal -0.018293859866641515 0.009806869416509616 0.99978455679382616
    outer loop
      vertex 318.19259389481141 -19.103592094011322 352.16026775512302
      vertex 294.12517809424344 -57.220383653802912 352.09377389486798
      vertex 318.25079325721777 -30.790767734279328 352.27597197914412
    endloop
  endfacet
  facet normal 0.00030448229704671119 -0.0018354407550854729 0.99999826922238477
    outer loop
      vertex 318.18280454690171 -126.82942847992848 352.14080848368542
      vertex 318.19142538205426 -117.49047556671775 352.15794698324339
      vertex 268.00413056956597 -141.96195762581181 352.1283121192505
    endloop
  endfacet
  facet normal 0.00030448229704659621 -0.0018354407550850915 0.99999826922238477
    outer loop
      vertex 268.00413056956597 -141.96195762581181 352.1283121192505
      vertex 298.43041531614324 -175.57568670132946 352.057351723088
      vertex 318.18280454690171 -126.82942847992848 352.14080848368542
    endloop
  endfacet
  facet normal -0.017640951536517149 -0.0076000323163367585 0.99981550114892537
    outer loop
      vertex 294.12517809424344 -57.220383653802912 352.09377389486798
      vertex 318.18731017250457 -105.70656219662979 352.14976660749585
      vertex 318.19477041313291 -103.77276015396137 352.16459790761473
    endloop
  endfacet
  facet normal -0.01764095153662976 -0.0076000323163949871 0.99981550114892292
    outer loop
      vertex 318.28054364054873 -81.538727251903609 352.33512185901526
      vertex 294.12517809424344 -57.220383653802912 352.09377389486798
      vertex 318.19477041313291 -103.77276015396137 352.16459790761473
    endloop
  endfacet
  facet normal -0.017640951536623064 -0.0076000323163874844 0.99981550114892315
    outer loop
      vertex 318.34892861898788 -63.81280938084609 352.47107086619906
      vertex 318.3778714544336 -56.309926318152506 352.52861421578092
      vertex 294.12517809424344 -57.220383653802912 352.09377389486798
    endloop
  endfacet
  facet normal -0.01764095153662338 -0.0076000323163886441 0.99981550114892326
    outer loop
      vertex 318.28054364054873 -81.538727251903609 352.33512185901526
      vertex 318.34892861898788 -63.81280938084609 352.47107086619906
      vertex 294.12517809424344 -57.220383653802912 352.09377389486798
    endloop
  endfacet
  facet normal -0.028056428803977049 0.0096573871652594206 0.99955968890102198
    outer loop
      vertex 298.43041531614324 -175.57568670132946 352.057351723088
      vertex 318.26595682961926 -143.69760619373699 352.30611674980435
      vertex 318.18280454690171 -126.82942847992848 352.14080848368542
    endloop
  endfacet
  facet normal -0.028056428803986216 0.0096573871652616636 0.99955968890102176
    outer loop
      vertex 318.41887018185128 -174.71750163118472 352.61011194490834
      vertex 318.30716662270959 -152.05740414031027 352.38804282778517
      vertex 298.43041531614324 -175.57568670132946 352.057351723088
    endloop
  endfacet
  facet normal -0.028056428804001735 0.0096573871652747886 0.99955968890102098
    outer loop
      vertex 318.26595682961926 -143.69760619373699 352.30611674980435
      vertex 298.43041531614324 -175.57568670132946 352.057351723088
      vertex 318.30716662270959 -152.05740414031027 352.38804282778517
    endloop
  endfacet
  facet normal -0.00087655644028239834 0.0007198104866152612 0.99999935676062834
    outer loop
      vertex 294.12517809424344 -57.220383653802912 352.09377389486798
      vertex 260.58698558624388 -97.940413123501031 352.093686480401
      vertex 318.18731017250457 -105.70656219662979 352.14976660749585
    endloop
  endfacet
  facet normal -0.00087655644028206104 0.00071981048661776288 0.99999935676062834
    outer loop
      vertex 318.18989143312001 -112.83154667501317 352.15489751196139
      vertex 318.18731017250457 -105.70656219662979 352.14976660749585
      vertex 260.58698558624388 -97.940413123501031 352.093686480401
    endloop
  endfacet
  facet normal -0.00087655644028514961 0.00071981048660581042 0.99999935676062834
    outer loop
      vertex 260.58698558624388 -97.940413123501031 352.093686480401
      vertex 318.19027585940796 -113.89279593313177 352.15566174776922
      vertex 318.18989143312001 -112.83154667501317 352.15489751196139
    endloop
  endfacet
  facet normal -0.00072660459096877668 0.0022833202369290477 0.99999712924311146
    outer loop
      vertex 272.27292386733075 -223.70489727827839 352.14824023112965
      vertex 318.18887999317354 -211.12976569597959 352.15288993657367
      vertex 298.43041531614324 -175.57568670132946 352.057351723088
    endloop
  endfacet
  facet normal -0.00072660459096877191 0.0022833202369290304 0.99999712924311157
    outer loop
      vertex 318.18887999317354 -211.12976569597959 352.15288993657367
      vertex 272.27292386733075 -223.70489727827839 352.14824023112965
      vertex 318.20086615583779 -221.56337205922551 352.17672197874384
    endloop
  endfacet
  facet normal -0.027110166933630851 -0.012380000097723189 0.99955578856130456
    outer loop
      vertex 318.41887018185128 -174.71750163118472 352.61011194490834
      vertex 298.43041531614324 -175.57568670132946 352.057351723088
      vertex 318.30228349329809 -193.17573773334198 352.3783353377508
    endloop
  endfacet
  facet normal -0.027110166933603606 -0.01238000009769241 0.99955578856130556
    outer loop
      vertex 318.2790950215533 -196.84712334860515 352.33223446159872
      vertex 318.30228349329809 -193.17573773334198 352.3783353377508
      vertex 298.43041531614324 -175.57568670132946 352.057351723088
    endloop
  endfacet
  facet normal -0.027110166933655228 -0.012380000097740606 0.99955578856130356
    outer loop
      vertex 298.43041531614324 -175.57568670132946 352.057351723088
      vertex 318.24608548909004 -202.0730988628336 352.26661284041154
      vertex 318.2790950215533 -196.84712334860515 352.33223446159872
    endloop
  endfacet
  facet normal -0.027110166933621765 -0.012380000097715574 0.99955578856130489
    outer loop
      vertex 298.43041531614324 -175.57568670132946 352.057351723088
      vertex 318.18887999317354 -211.12976569597959 352.15288993657367
      vertex 318.24608548909004 -202.0730988628336 352.26661284041154
    endloop
  endfacet
  facet normal -0.00090006867587799709 0.00063490907229747369 0.99999939338324018
    outer loop
      vertex 318.19142538205426 -117.49047556671775 352.15794698324339
      vertex 260.58698558624388 -97.940413123501031 352.093686480401
      vertex 268.00413056956597 -141.96195762581181 352.1283121192505
    endloop
  endfacet
  facet normal -0.00090006867587762661 0.0006349090722985657 0.9999993933832404
    outer loop
      vertex 260.58698558624388 -97.940413123501031 352.093686480401
      vertex 318.19142538205426 -117.49047556671775 352.15794698324339
      vertex 318.19027585940796 -113.89279593313177 352.15566174776922
    endloop
  endfacet
  facet normal 0.53262257152066295 0.00027177048832500371 0.84635283567051278
    outer loop
      vertex 108.36615319699492 -116.2111468624384 414.1325600647458
      vertex 80.73672373559647 -120.03176819074308 431.52140249692536
      vertex 80.729249953128971 -136.23191749321498 431.53130785479783
    endloop
  endfacet
  facet normal 0.53262257152066239 0.00027177048833134336 0.84635283567051323
    outer loop
      vertex 108.36615319699492 -116.2111468624384 414.1325600647458
      vertex 80.74151748247408 -109.64085014904839 431.51504911517611
      vertex 80.73672373559647 -120.03176819074308 431.52140249692536
    endloop
  endfacet
  facet normal 0.53262257152066117 0.00027177048832454444 0.84635283567051389
    outer loop
      vertex 108.36615319699492 -116.2111468624384 414.1325600647458
      vertex 80.747797603435117 -96.028055080739833 431.50672576604558
      vertex 80.74151748247408 -109.64085014904839 431.51504911517611
    endloop
  endfacet
  facet normal 0.51606223953637476 -0.016961569988186712 0.85638313275556588
    outer loop
      vertex 103.74932773117264 -312 417.75616216567454
      vertex 90.112410184666174 -271.7120553588544 426.77180563974764
      vertex 80.062269918097613 -292.55414732431473 432.41528822037333
    endloop
  endfacet
  facet normal 0.5160622395363722 -0.016961569988190879 0.85638313275556721
    outer loop
      vertex 80.40414849969342 -305.02965258300293 431.96217936382385
      vertex 103.74932773117264 -312 417.75616216567454
      vertex 80.062269918097613 -292.55414732431473 432.41528822037333
    endloop
  endfacet
  facet normal 0.51606223953637287 -0.016961569988188673 0.8563831327555671
    outer loop
      vertex 103.74932773117264 -312 417.75616216567454
      vertex 80.40414849969342 -305.02965258300293 431.96217936382385
      vertex 80.595164332506414 -312 431.70901686478425
    endloop
  endfacet
  facet normal 0.45705219690888432 0.019715725903607834 0.88922133321960783
    outer loop
      vertex 80.447389273132771 32.978118766099804 431.90487164677302
      vertex 89.52356040041056 39.374963855442445 427.09796673121474
      vertex 80.672435768755861 41.213466174353968 431.60660636956356
    endloop
  endfacet
  facet normal 0.45705219690888221 0.01971572590361138 0.88922133321960861
    outer loop
      vertex 89.52356040041056 39.374963855442445 427.09796673121474
      vertex 80.447389273132771 32.978118766099804 431.90487164677302
      vertex 80.161768145720771 22.526131663934677 432.28341888135503
    endloop
  endfacet
  facet normal 0.45149489716715491 0.023805269299480462 0.89195609027888778
    outer loop
      vertex 80.578106426915511 -276.72152971768668 431.73162533159331
      vertex 90.112410184666174 -271.7120553588544 426.77180563974764
      vertex 80.659170536282275 -274.23342573641185 431.62418728830141
    endloop
  endfacet
  facet normal 0.45149489716716223 0.023805269299463184 0.89195609027888456
    outer loop
      vertex 80.177826798325839 -289.00735673512781 432.26213533721148
      vertex 90.112410184666174 -271.7120553588544 426.77180563974764
      vertex 80.578106426915511 -276.72152971768668 431.73162533159331
    endloop
  endfacet
  facet normal 0.45149489716716812 0.023805269299458968 0.89195609027888179
    outer loop
      vertex 90.112410184666174 -271.7120553588544 426.77180563974764
      vertex 80.177826798325839 -289.00735673512781 432.26213533721148
      vertex 80.062269918097613 -292.55414732431473 432.41528822037333
    endloop
  endfacet
  facet normal 0.46030445941939657 -0.017634275846654789 0.88758596031819992
    outer loop
      vertex 80.161768150805386 -254.03593245518525 432.28341887853873
      vertex 80.385173294101534 -263.10749394290747 431.98732947075155
      vertex 90.112410184666174 -271.7120553588544 426.77180563974764
    endloop
  endfacet
  facet normal 0.46030445941940218 -0.017634275846646841 0.88758596031819725
    outer loop
      vertex 80.659170536282275 -274.23342573641185 431.62418728830141
      vertex 90.112410184666174 -271.7120553588544 426.77180563974764
      vertex 80.385173294101534 -263.10749394290747 431.98732947075155
    endloop
  endfacet
  facet normal 0.51610093340838636 0.016225012151140025 0.85637408620046862
    outer loop
      vertex 80.460711414584964 74.873101849511585 431.88721382161197
      vertex 80.065017518635528 59.779561764022461 432.41164685569277
      vertex 103.7625232958751 80 417.74704886104456
    endloop
  endfacet
  facet normal 0.51610093340838537 0.016225012151141548 0.85637408620046929
    outer loop
      vertex 89.52356040041056 39.374963855442445 427.09796673121474
      vertex 103.7625232958751 80 417.74704886104456
      vertex 80.065017518635528 59.779561764022461 432.41164685569277
    endloop
  endfacet
  facet normal 0.51610093340838725 0.016225012151134578 0.85637408620046829
    outer loop
      vertex 80.460711414584964 74.873101849511585 431.88721382161197
      vertex 103.7625232958751 80 417.74704886104456
      vertex 80.595119120996884 80 431.7090768018399
    endloop
  endfacet
  facet normal 0.53239903547425182 -0.00015520060027574649 0.84649349846225042
    outer loop
      vertex 108.36615319699492 -116.2111468624384 414.1325600647458
      vertex 80.74614525644526 -89.751944346289093 431.50891569910522
      vertex 80.747797603435117 -96.028055080739833 431.50672576604558
    endloop
  endfacet
  facet normal 0.53239903547424139 -0.00015520060025175401 0.84649349846225697
    outer loop
      vertex 80.745380771188294 -86.848181820194696 431.50992891054989
      vertex 80.74614525644526 -89.751944346289093 431.50891569910522
      vertex 108.26182563228073 -64.93998204114277 414.207576837467
    endloop
  endfacet
  facet normal 0.53239903547425438 -0.00015520060027193248 0.84649349846224875
    outer loop
      vertex 108.36615319699492 -116.2111468624384 414.1325600647458
      vertex 108.26182563228073 -64.93998204114277 414.207576837467
      vertex 80.74614525644526 -89.751944346289093 431.50891569910522
    endloop
  endfacet
  facet normal 0.52303038940041258 0.005524555507888166 0.85229612873114302
    outer loop
      vertex 80.764999869843791 -36.002727522924189 431.48392677767993
      vertex 106.0751897451522 -9.48450705596278 415.77987815417242
      vertex 80.831041848243032 -28.751767822483473 431.39639817287383
    endloop
  endfacet
  facet normal 0.52303038940041446 0.0055245555078848214 0.85229612873114191
    outer loop
      vertex 80.925232479529626 -18.410278216968592 431.27156281068818
      vertex 80.831041848243032 -28.751767822483473 431.39639817287383
      vertex 106.0751897451522 -9.48450705596278 415.77987815417242
    endloop
  endfacet
  facet normal 0.52303038940041402 0.005524555507886165 0.85229612873114213
    outer loop
      vertex 106.0751897451522 -9.48450705596278 415.77987815417242
      vertex 81.077698841554053 -1.6705035132370529 431.06949178228075
      vertex 80.925232479529626 -18.410278216968592 431.27156281068818
    endloop
  endfacet
  facet normal 0.53377603610024649 -0.0013001547322664079 0.84562488899202848
    outer loop
      vertex 80.840351675721251 -184.28490034980859 431.38405942557768
      vertex 109.47102811935477 -167.16693556981906 413.33809935665664
      vertex 80.831962555123141 -180.49752099107684 431.39517793788468
    endloop
  endfacet
  facet normal 0.53377603610024404 -0.0013001547322592951 0.84562488899202992
    outer loop
      vertex 80.809613148651096 -170.40763831144369 431.42479862033593
      vertex 80.831962555123141 -180.49752099107684 431.39517793788468
      vertex 109.47102811935477 -167.16693556981906 413.33809935665664
    endloop
  endfacet
  facet normal 0.53377603610024427 -0.0013001547322607397 0.84562488899202992
    outer loop
      vertex 109.47102811935477 -167.16693556981906 413.33809935665664
      vertex 80.765061285412784 -150.29411399560516 431.48384538141391
      vertex 80.809613148651096 -170.40763831144369 431.42479862033593
    endloop
  endfacet
  facet normal 0.53377603610024282 -0.0013001547322639357 0.84562488899203081
    outer loop
      vertex 109.47102811935477 -167.16693556981906 413.33809935665664
      vertex 80.75316745459601 -144.9244959798375 431.49960884381267
      vertex 80.765061285412784 -150.29411399560516 431.48384538141391
    endloop
  endfacet
  facet normal 0.51630470518808691 -0.023405136141347319 0.85608507229296316
    outer loop
      vertex 81.077698841554053 -1.6705035132370529 431.06949178228075
      vertex 106.0751897451522 -9.48450705596278 415.77987815417242
      vertex 80.93471856479772 2.1066819009707096 431.25899038906584
    endloop
  endfacet
  facet normal 0.51630470518808136 -0.023405136141362953 0.85608507229296593
    outer loop
      vertex 80.555290846924109 12.130228809339657 431.76186423882655
      vertex 80.93471856479772 2.1066819009707096 431.25899038906584
      vertex 106.0751897451522 -9.48450705596278 415.77987815417242
    endloop
  endfacet
  facet normal 0.5163047051880828 -0.023405136141357419 0.85608507229296515
    outer loop
      vertex 80.555290846924109 12.130228809339657 431.76186423882655
      vertex 89.52356040041056 39.374963855442445 427.09796673121474
      vertex 80.161768145720771 22.526131663934677 432.28341888135503
    endloop
  endfacet
  facet normal 0.51630470518808447 -0.023405136141358071 0.85608507229296416
    outer loop
      vertex 106.0751897451522 -9.48450705596278 415.77987815417242
      vertex 89.52356040041056 39.374963855442445 427.09796673121474
      vertex 80.555290846924109 12.130228809339657 431.76186423882655
    endloop
  endfacet
  facet normal 0.5249395784843579 -0.0054641854305067421 0.85112195460947049
    outer loop
      vertex 80.914527797446894 -211.01796759049589 431.28575022558806
      vertex 81.091207250065338 -230.51843969877257 431.05158844432151
      vertex 106.85120043855346 -221.47155386021558 415.22188738753658
    endloop
  endfacet
  facet normal 0.52493957848435957 -0.0054641854305016559 0.85112195460946971
    outer loop
      vertex 80.828291583311398 -201.49990434672236 431.40004320543045
      vertex 80.914527797446894 -211.01796759049589 431.28575022558806
      vertex 106.85120043855346 -221.47155386021558 415.22188738753658
    endloop
  endfacet
  facet normal 0.52493957848435735 -0.0054641854305055261 0.85112195460947093
    outer loop
      vertex 80.771310460194314 -195.21078075988277 431.47556303414171
      vertex 80.828291583311398 -201.49990434672236 431.40004320543045
      vertex 106.85120043855346 -221.47155386021558 415.22188738753658
    endloop
  endfacet
  facet normal 0.53160131727242821 0.00124184539814576 0.84699380003293201
    outer loop
      vertex 80.745380771188294 -86.848181820194696 431.50992891054989
      vertex 108.26182563228073 -64.93998204114277 414.207576837467
      vertex 80.761183833405937 -79.327941973264927 431.48898436061575
    endloop
  endfacet
  facet normal 0.53160131727242632 0.0012418453981505883 0.8469938000329329
    outer loop
      vertex 80.80326323465161 -59.303499181386378 431.43321449870882
      vertex 80.761183833405937 -79.327941973264927 431.48898436061575
      vertex 108.26182563228073 -64.93998204114277 414.207576837467
    endloop
  endfacet
  facet normal 0.53160131727242643 0.0012418453981510489 0.8469938000329329
    outer loop
      vertex 108.26182563228073 -64.93998204114277 414.207576837467
      vertex 80.825054761278977 -48.933517776925598 431.40433315631225
      vertex 80.80326323465161 -59.303499181386378 431.43321449870882
    endloop
  endfacet
  facet normal 0.531601317272411 0.0012418453981138818 0.84699380003294278
    outer loop
      vertex 108.26182563228073 -64.93998204114277 414.207576837467
      vertex 80.827547286016653 -47.747393174836176 431.40102969315529
      vertex 80.825054761278977 -48.933517776925598 431.40433315631225
    endloop
  endfacet
  facet normal 0.52961485881993486 -0.0031665393226255195 0.84823232333238674
    outer loop
      vertex 80.764999869843791 -36.002727522924189 431.48392677767993
      vertex 80.827547286016653 -47.747393174836176 431.40102969315529
      vertex 108.26182563228073 -64.93998204114277 414.207576837467
    endloop
  endfacet
  facet normal 0.5296148588199352 -0.0031665393226251665 0.84823232333238674
    outer loop
      vertex 108.26182563228073 -64.93998204114277 414.207576837467
      vertex 106.0751897451522 -9.48450705596278 415.77987815417242
      vertex 80.764999869843791 -36.002727522924189 431.48392677767993
    endloop
  endfacet
  facet normal 0.53360098543549239 -0.0016159249936707433 0.8457348148968955
    outer loop
      vertex 80.739401166736513 -139.92127604756945 431.51785396348043
      vertex 109.47102811935477 -167.16693556981906 413.33809935665664
      vertex 108.36615319699492 -116.2111468624384 414.1325600647458
    endloop
  endfacet
  facet normal 0.53360098543549517 -0.0016159249936751443 0.84573481489689384
    outer loop
      vertex 80.729249953128971 -136.23191749321498 431.53130785479783
      vertex 80.739401166736513 -139.92127604756945 431.51785396348043
      vertex 108.36615319699492 -116.2111468624384 414.1325600647458
    endloop
  endfacet
  facet normal 0.53360098543549361 -0.0016159249936690265 0.84573481489689473
    outer loop
      vertex 109.47102811935477 -167.16693556981906 413.33809935665664
      vertex 80.739401166736513 -139.92127604756945 431.51785396348043
      vertex 80.75316745459601 -144.9244959798375 431.49960884381267
    endloop
  endfacet
  facet normal 0.53161782151953385 0.0037340543066290708 0.84697612049057214
    outer loop
      vertex 109.47102811935477 -167.16693556981906 413.33809935665664
      vertex 80.771310460194314 -195.21078075988277 431.47556303414171
      vertex 106.85120043855346 -221.47155386021558 415.22188738753658
    endloop
  endfacet
  facet normal 0.53161782151953285 0.0037340543066304677 0.84697612049057269
    outer loop
      vertex 109.47102811935477 -167.16693556981906 413.33809935665664
      vertex 80.840351675721251 -184.28490034980859 431.38405942557768
      vertex 80.771310460194314 -195.21078075988277 431.47556303414171
    endloop
  endfacet
  facet normal 0.51717217141662419 0.024373054086175346 0.85553427713138774
    outer loop
      vertex 81.018016160937051 -232.37038481102937 431.14859210051253
      vertex 106.85120043855346 -221.47155386021558 415.22188738753658
      vertex 81.091207250065338 -230.51843969877257 431.05158844432151
    endloop
  endfacet
  facet normal 0.5171721714166343 0.024373054086144059 0.85553427713138264
    outer loop
      vertex 80.635012060448489 -242.06149289209236 431.65620585174844
      vertex 106.85120043855346 -221.47155386021558 415.22188738753658
      vertex 81.018016160937051 -232.37038481102937 431.14859210051253
    endloop
  endfacet
  facet normal 0.51717217141663629 0.024373054086149565 0.8555342771313813
    outer loop
      vertex 80.635012060448489 -242.06149289209236 431.65620585174844
      vertex 80.161768150805386 -254.03593245518525 432.28341887853873
      vertex 90.112410184666174 -271.7120553588544 426.77180563974764
    endloop
  endfacet
  facet normal 0.51717217141663208 0.024373054086147834 0.85553427713138386
    outer loop
      vertex 106.85120043855346 -221.47155386021558 415.22188738753658
      vertex 80.635012060448489 -242.06149289209236 431.65620585174844
      vertex 90.112410184666174 -271.7120553588544 426.77180563974764
    endloop
  endfacet
  facet normal 0.4497991112776471 -0.023996959690666567 0.89280731707319883
    outer loop
      vertex 80.672435768755861 41.213466174353968 431.60660636956356
      vertex 89.52356040041056 39.374963855442445 427.09796673121474
      vertex 80.496619257504378 46.587393062517208 431.83962419261042
    endloop
  endfacet
  facet normal 0.44979911127764566 -0.023996959690668829 0.8928073170731996
    outer loop
      vertex 80.089458662224345 59.032505282317075 432.37925387639035
      vertex 80.496619257504378 46.587393062517208 431.83962419261042
      vertex 89.52356040041056 39.374963855442445 427.09796673121474
    endloop
  endfacet
  facet normal 0.44979911127764516 -0.023996959690669128 0.89280731707319971
    outer loop
      vertex 89.52356040041056 39.374963855442445 427.09796673121474
      vertex 80.065017518635528 59.779561764022461 432.41164685569277
      vertex 80.089458662224345 59.032505282317075 432.37925387639035
    endloop
  endfacet
  facet normal -0.20761059318738992 -0.0051579524427485986 0.97819795395562881
    outer loop
      vertex 451.88441408177243 -267.83964588545746 420.66817057477715
      vertex 400.56650450352663 -267.91668487964682 409.77616352338231
      vertex 425.54188940767284 -312 414.84443708915239
    endloop
  endfacet
  facet normal -0.24695058756107047 -0 0.96902807353721288
    outer loop
      vertex 530.51147933421078 -42.107582615581663 439.55269266056251
      vertex 577 -67 451.39999389648563
      vertex 577 -17.999999999999972 451.39999389648563
    endloop
  endfacet
  facet normal -0.22903304425757384 -0.0027993173809726397 0.97341462309763394
    outer loop
      vertex 496.11139191728142 -275.26172672972643 431.05291554593896
      vertex 451.88441408177243 -267.83964588545746 420.66817057477715
      vertex 476.20934533688552 -312 426.26454654923754
    endloop
  endfacet
  facet normal -0.23700091991026448 -0.0015227611895908763 0.97150823216277882
    outer loop
      vertex 500.42391534107236 39.672256511718615 432.10862512791965
      vertex 526.65891307913796 80 438.5719034744493
      vertex 476.18936205545845 80 426.25977926996194
    endloop
  endfacet
  facet normal -0.2469320901770706 -0.0012536137746540187 0.9690319764039198
    outer loop
      vertex 543.17822191142477 46.813747768216444 442.73847879252452
      vertex 577 80 451.39999389648563
      vertex 526.65891307913796 80 438.5719034744493
    endloop
  endfacet
  facet normal -0.18722549885707745 0.010662820273656287 0.98225908844944287
    outer loop
      vertex 400.32687323967718 -49.864829613532123 409.73474092566204
      vertex 377.60844537870548 -87.006770472425785 405.8076394155961
      vertex 433.55592614212429 -96.303402468618998 416.57254191046144
    endloop
  endfacet
  facet normal -0.22959695568518568 0.0031836266136269185 0.97328058773494486
    outer loop
      vertex 451.70891620395878 35.942304517320508 420.62895434803397
      vertex 500.42391534107236 39.672256511718615 432.10862512791965
      vertex 476.18936205545845 80 426.25977926996194
    endloop
  endfacet
  facet normal -0.24711374704187683 0.00033510266621459254 0.96898642081771535
    outer loop
      vertex 535.15332812160386 5.0721721344917157 440.72015441352676
      vertex 530.51147933421078 -42.107582615581663 439.55269266056251
      vertex 577 -17.999999999999972 451.39999389648563
    endloop
  endfacet
  facet normal -0.21987675356989833 0.0025116316428356708 0.97552442560196972
    outer loop
      vertex 451.88441408177243 -267.83964588545746 420.66817057477715
      vertex 425.54188940767284 -312 414.84443708915239
      vertex 476.20934533688552 -312 426.26454654923754
    endloop
  endfacet
  facet normal -0.24153301001798591 0.0016045788298926658 0.97039127695916072
    outer loop
      vertex 543.17822191142477 46.813747768216444 442.73847879252452
      vertex 526.65891307913796 80 438.5719034744493
      vertex 500.42391534107236 39.672256511718615 432.10862512791965
    endloop
  endfacet
  facet normal -0.24708081254668013 -0 0.96899487721621735
    outer loop
      vertex 532.42408750179925 -142.64138981975549 440.03372877059934
      vertex 577 -165 451.39999389648563
      vertex 577 -115.99999999999997 451.39999389648563
    endloop
  endfacet
  facet normal -0.23700387704637241 0.001767305132192512 0.97150709667894741
    outer loop
      vertex 496.11139191728142 -275.26172672972643 431.05291554593896
      vertex 476.20934533688552 -312 426.26454654923754
      vertex 526.66887840559878 -312 438.5743948376508
    endloop
  endfacet
  facet normal -0.24765336632992274 0 0.96884870343385243
    outer loop
      vertex 539.25371507595105 -258.91536304428229 441.75143422482853
      vertex 577 -263 451.39999389648563
      vertex 577 -214 451.39999389648563
    endloop
  endfacet
  facet normal -0.24808681262686774 -0 0.96873780425904799
    outer loop
      vertex 543.17822191142477 46.813747768216444 442.73847879252452
      vertex 577 30.999999999999989 451.39999389648563
      vertex 577 80 451.39999389648563
    endloop
  endfacet
  facet normal -0.23854670754301008 0.0001226895123654768 0.9711310175602843
    outer loop
      vertex 484.73310474635633 -68.110089834268962 428.31106809882345
      vertex 531.59026064156001 -92.230259871266895 439.8240147078389
      vertex 530.51147933421078 -42.107582615581663 439.55269266056251
    endloop
  endfacet
  facet normal -0.24028832352346424 -0.0011296243903995236 0.97070090425785616
    outer loop
      vertex 496.11139191728142 -275.26172672972643 431.05291554593896
      vertex 526.66887840559878 -312 438.5743948376508
      vertex 539.25371507595105 -258.91536304428229 441.75143422482853
    endloop
  endfacet
  facet normal -0.24733132825879894 -0.00028829842078128686 0.96893092165838046
    outer loop
      vertex 534.34911817248985 -197.03300430716951 440.51788923860471
      vertex 539.25371507595105 -258.91536304428229 441.75143422482853
      vertex 577 -214 451.39999389648563
    endloop
  endfacet
  facet normal -0.24704982863950087 -5.5211498784124941e-05 0.96900277560019588
    outer loop
      vertex 531.59026064156001 -92.230259871266895 439.8240147078389
      vertex 532.42408750179925 -142.64138981975549 440.03372877059934
      vertex 577 -115.99999999999997 451.39999389648563
    endloop
  endfacet
  facet normal -0.18489144584938755 0.0082339849417657276 0.98272445514686446
    outer loop
      vertex 400.56650450352663 -267.91668487964682 409.77616352338231
      vertex 374.50543171875461 -312 405.24235137355373
      vertex 425.54188940767284 -312 414.84443708915239
    endloop
  endfacet
  facet normal -0.14370543325418794 -0.016808819260894066 0.98947774712131897
    outer loop
      vertex 400.56650450352663 -267.91668487964682 409.77616352338231
      vertex 349.12628233608717 -267.08583616790412 402.31942803953712
      vertex 374.50543171875461 -312 405.24235137355373
    endloop
  endfacet
  facet normal -0.20726320202708709 -0.004771147021523898 0.97827358200126091
    outer loop
      vertex 425.87422579166468 -6.5820311262200164 414.94805831053742
      vertex 451.70891620395878 35.942304517320508 420.62895434803397
      vertex 400.101492008668 36.086065640656557 409.69578158489895
    endloop
  endfacet
  facet normal -0.23875307433190662 9.0663906207691429e-05 0.97108030629661068
    outer loop
      vertex 485.24652933125208 -117.84921364847335 428.43218074704748
      vertex 532.42408750179925 -142.64138981975549 440.03372877059934
      vertex 531.59026064156001 -92.230259871266895 439.8240147078389
    endloop
  endfacet
  facet normal -0.24693311591560266 0.00054552351760578269 0.96903237235311346
    outer loop
      vertex 539.25371507595105 -258.91536304428229 441.75143422482853
      vertex 526.66887840559878 -312 438.5743948376508
      vertex 577 -312 451.39999389648563
    endloop
  endfacet
  facet normal -0.24765336632992274 0 0.96884870343385243
    outer loop
      vertex 539.25371507595105 -258.91536304428229 441.75143422482853
      vertex 577 -312 451.39999389648563
      vertex 577 -263 451.39999389648563
    endloop
  endfacet
  facet normal -0.23865426708323736 -9.887425919342508e-05 0.97110459324773224
    outer loop
      vertex 485.24652933125208 -117.84921364847335 428.43218074704748
      vertex 531.59026064156001 -92.230259871266895 439.8240147078389
      vertex 484.73310474635633 -68.110089834268962 428.31106809882345
    endloop
  endfacet
  facet normal -0.2397621086140328 0.00015606995501203953 0.97083165735111965
    outer loop
      vertex 489.37201673379371 -167.55390243451905 429.40534938609528
      vertex 534.34911817248985 -197.03300430716951 440.51788923860471
      vertex 532.42408750179925 -142.64138981975549 440.03372877059934
    endloop
  endfacet
  facet normal -0.18485762745905476 -0.00811094975752924 0.98273184036350425
    outer loop
      vertex 400.101492008668 36.086065640656557 409.69578158489895
      vertex 425.51174426740198 80 414.8380416128843
      vertex 374.4648653754063 80 405.23582406626082
    endloop
  endfacet
  facet normal -0.14288125771349058 0.017091294101178458 0.98959225636630677
    outer loop
      vertex 400.101492008668 36.086065640656557 409.69578158489895
      vertex 374.4648653754063 80 405.23582406626082
      vertex 348.3352984277571 35.474301800997239 402.23213889503285
    endloop
  endfacet
  facet normal -0.21986462258066808 -0.0025112221647878782 0.97552716082162449
    outer loop
      vertex 451.70891620395878 35.942304517320508 420.62895434803397
      vertex 476.18936205545845 80 426.25977926996194
      vertex 425.51174426740198 80 414.8380416128843
    endloop
  endfacet
  facet normal -0.2072355759301919 0.005359499145413409 0.97827638826550034
    outer loop
      vertex 451.70891620395878 35.942304517320508 420.62895434803397
      vertex 425.51174426740198 80 414.8380416128843
      vertex 400.101492008668 36.086065640656557 409.69578158489895
    endloop
  endfacet
  facet normal -0.2472236614349124 -0 0.96895844143426291
    outer loop
      vertex 534.34911817248985 -197.03300430716951 440.51788923860471
      vertex 577 -214 451.39999389648563
      vertex 577 -165 451.39999389648563
    endloop
  endfacet
  facet normal -0.24713801270599409 -0.0001214581942306335 0.96898028252572754
    outer loop
      vertex 534.34911817248985 -197.03300430716951 440.51788923860471
      vertex 577 -165 451.39999389648563
      vertex 532.42408750179925 -142.64138981975549 440.03372877059934
    endloop
  endfacet
  facet normal -0.23921632795874367 -0.00084439429630371924 0.97096592908103996
    outer loop
      vertex 489.37201673379371 -167.55390243451905 429.40534938609528
      vertex 532.42408750179925 -142.64138981975549 440.03372877059934
      vertex 485.24652933125208 -117.84921364847335 428.43218074704748
    endloop
  endfacet
  facet normal -0.22838631329005563 0.0012715087208569056 0.97356975875760909
    outer loop
      vertex 488.85137517896931 -223.74719862590393 429.28253431386213
      vertex 451.88441408177243 -267.83964588545746 420.66817057477715
      vertex 496.11139191728142 -275.26172672972643 431.05291554593896
    endloop
  endfacet
  facet normal -0.241193494902017 -0.0005554409938404543 0.97047688767031082
    outer loop
      vertex 535.15332812160386 5.0721721344917157 440.72015441352676
      vertex 543.17822191142477 46.813747768216444 442.73847879252452
      vertex 500.42391534107236 39.672256511718615 432.10862512791965
    endloop
  endfacet
  facet normal -0.23814343696379692 -0.00060296689081919741 0.97122980795587133
    outer loop
      vertex 535.15332812160386 5.0721721344917157 440.72015441352676
      vertex 480.85929004408979 -11.208263713551787 427.3972669854312
      vertex 530.51147933421078 -42.107582615581663 439.55269266056251
    endloop
  endfacet
  facet normal -0.24702269215215164 0 0.96900969528787662
    outer loop
      vertex 531.59026064156001 -92.230259871266895 439.8240147078389
      vertex 577 -115.99999999999997 451.39999389648563
      vertex 577 -67 451.39999389648563
    endloop
  endfacet
  facet normal -0.24698597359349966 -7.0379687179345692e-05 0.96901905238997788
    outer loop
      vertex 531.59026064156001 -92.230259871266895 439.8240147078389
      vertex 577 -67 451.39999389648563
      vertex 530.51147933421078 -42.107582615581663 439.55269266056251
    endloop
  endfacet
  facet normal -0.23979677795050075 9.9948896081044123e-05 0.97082310195770294
    outer loop
      vertex 489.37201673379371 -167.55390243451905 429.40534938609528
      vertex 488.85137517896931 -223.74719862590393 429.28253431386213
      vertex 534.34911817248985 -197.03300430716951 440.51788923860471
    endloop
  endfacet
  facet normal -0.22922237666289166 -0.0019900427410425841 0.97337204694140689
    outer loop
      vertex 480.85929004408979 -11.208263713551787 427.3972669854312
      vertex 500.42391534107236 39.672256511718615 432.10862512791965
      vertex 451.70891620395878 35.942304517320508 420.62895434803397
    endloop
  endfacet
  facet normal -0.22052608244049063 0.0036737521946682964 0.97537415923750115
    outer loop
      vertex 480.85929004408979 -11.208263713551787 427.3972669854312
      vertex 451.70891620395878 35.942304517320508 420.62895434803397
      vertex 425.87422579166468 -6.5820311262200164 414.94805831053742
    endloop
  endfacet
  facet normal -0.22359889708516328 6.5241515413615061e-05 0.97468124480049545
    outer loop
      vertex 433.55592614212429 -96.303402468618998 416.57254191046144
      vertex 485.24652933125208 -117.84921364847335 428.43218074704748
      vertex 484.73310474635633 -68.110089834268962 428.31106809882345
    endloop
  endfacet
  facet normal -0.23885952032349228 0.0019304491510513122 0.97105221431028421
    outer loop
      vertex 535.15332812160386 5.0721721344917157 440.72015441352676
      vertex 500.42391534107236 39.672256511718615 432.10862512791965
      vertex 480.85929004408979 -11.208263713551787 427.3972669854312
    endloop
  endfacet
  facet normal -0.2381510056688694 -0.00061586231797854465 0.97122794400311141
    outer loop
      vertex 480.85929004408979 -11.208263713551787 427.3972669854312
      vertex 484.73310474635633 -68.110089834268962 428.31106809882345
      vertex 530.51147933421078 -42.107582615581663 439.55269266056251
    endloop
  endfacet
  facet normal -0.14319161701653033 0.015818106728801847 0.98956856675811378
    outer loop
      vertex 374.53422365948006 -222.05859693221345 405.2762302516465
      vertex 349.12628233608717 -267.08583616790412 402.31942803953712
      vertex 400.56650450352663 -267.91668487964682 409.77616352338231
    endloop
  endfacet
  facet normal -0.24728722563245745 -0 0.96894222120774665
    outer loop
      vertex 535.15332812160386 5.0721721344917157 440.72015441352676
      vertex 577 -17.999999999999972 451.39999389648563
      vertex 577 30.999999999999989 451.39999389648563
    endloop
  endfacet
  facet normal -0.24774291322071879 0.00078354625294718998 0.96882549254454542
    outer loop
      vertex 535.15332812160386 5.0721721344917157 440.72015441352676
      vertex 577 30.999999999999989 451.39999389648563
      vertex 543.17822191142477 46.813747768216444 442.73847879252452
    endloop
  endfacet
  facet normal -0.20567646860885616 -0.0030762835607773967 0.97861520872099872
    outer loop
      vertex 400.32687323967718 -49.864829613532123 409.73474092566204
      vertex 433.55592614212429 -96.303402468618998 416.57254191046144
      vertex 445.32213706231232 -46.57342229935719 419.20178393379615
    endloop
  endfacet
  facet normal -0.23992717583368781 0.00033560580263438717 0.97079083105745079
    outer loop
      vertex 488.85137517896931 -223.74719862590393 429.28253431386213
      vertex 539.25371507595105 -258.91536304428229 441.75143422482853
      vertex 534.34911817248985 -197.03300430716951 440.51788923860471
    endloop
  endfacet
  facet normal -0.2405003084571409 -0.00053611370880106142 0.97064891398183273
    outer loop
      vertex 488.85137517896931 -223.74719862590393 429.28253431386213
      vertex 496.11139191728142 -275.26172672972643 431.05291554593896
      vertex 539.25371507595105 -258.91536304428229 441.75143422482853
    endloop
  endfacet
  facet normal -0.14248898808425067 -0.016843585809728653 0.9896530613764587
    outer loop
      vertex 373.86502324244316 -8.4350671009699738 405.16055244223276
      vertex 400.101492008668 36.086065640656557 409.69578158489895
      vertex 348.3352984277571 35.474301800997239 402.23213889503285
    endloop
  endfacet
  facet normal -0.18524600264347743 0.0090666257332717298 0.98265035226291231
    outer loop
      vertex 373.86502324244316 -8.4350671009699738 405.16055244223276
      vertex 425.87422579166468 -6.5820311262200164 414.94805831053742
      vertex 400.101492008668 36.086065640656557 409.69578158489895
    endloop
  endfacet
  facet normal -0.22276350291408889 -0.0036957884017370349 0.97486551016924083
    outer loop
      vertex 428.6114198102195 -225.3031506688267 415.51138967616299
      vertex 451.88441408177243 -267.83964588545746 420.66817057477715
      vertex 488.85137517896931 -223.74719862590393 429.28253431386213
    endloop
  endfacet
  facet normal -0.20762534783473952 0.0049904751936441149 0.97819569110369986
    outer loop
      vertex 428.6114198102195 -225.3031506688267 415.51138967616299
      vertex 400.56650450352663 -267.91668487964682 409.77616352338231
      vertex 451.88441408177243 -267.83964588545746 420.66817057477715
    endloop
  endfacet
  facet normal -0.18650817056580049 -0.0094740944098353052 0.98240772790492226
    outer loop
      vertex 428.6114198102195 -225.3031506688267 415.51138967616299
      vertex 374.53422365948006 -222.05859693221345 405.2762302516465
      vertex 400.56650450352663 -267.91668487964682 409.77616352338231
    endloop
  endfacet
  facet normal -0.20819423282307706 -0.0041977099149059678 0.97807849411521197
    outer loop
      vertex 448.6231823284873 -186.08340331226123 419.93942555807348
      vertex 401.52985717059596 -179.65964109467973 409.94268841395689
      vertex 428.6114198102195 -225.3031506688267 415.51138967616299
    endloop
  endfacet
  facet normal -0.2250285604117514 0.00032767137700123993 0.9743521127551803
    outer loop
      vertex 445.32213706231232 -46.57342229935719 419.20178393379615
      vertex 484.73310474635633 -68.110089834268962 428.31106809882345
      vertex 480.85929004408979 -11.208263713551787 427.3972669854312
    endloop
  endfacet
  facet normal -0.22112420891642587 -0.0038010200323441668 0.97523824600853237
    outer loop
      vertex 445.32213706231232 -46.57342229935719 419.20178393379615
      vertex 480.85929004408979 -11.208263713551787 427.3972669854312
      vertex 425.87422579166468 -6.5820311262200164 414.94805831053742
    endloop
  endfacet
  facet normal -0.22438491447583575 0.0015677792300296564 0.9744993341321263
    outer loop
      vertex 445.32213706231232 -46.57342229935719 419.20178393379615
      vertex 433.55592614212429 -96.303402468618998 416.57254191046144
      vertex 484.73310474635633 -68.110089834268962 428.31106809882345
    endloop
  endfacet
  facet normal -0.20615933104696182 0.0038245424862729995 0.97851096217520228
    outer loop
      vertex 400.32687323967718 -49.864829613532123 409.73474092566204
      vertex 445.32213706231232 -46.57342229935719 419.20178393379615
      vertex 425.87422579166468 -6.5820311262200164 414.94805831053742
    endloop
  endfacet
  facet normal -0.18538585734530352 0.0098887338001011019 0.98261604751814302
    outer loop
      vertex 401.52985717059596 -179.65964109467973 409.94268841395689
      vertex 374.53422365948006 -222.05859693221345 405.2762302516465
      vertex 428.6114198102195 -225.3031506688267 415.51138967616299
    endloop
  endfacet
  facet normal -0.14694393762996102 -0.01529298359017825 0.98902659410488691
    outer loop
      vertex 401.52985717059596 -179.65964109467973 409.94268841395689
      vertex 350.81750262942552 -173.32649753174752 402.50606290153507
      vertex 374.53422365948006 -222.05859693221345 405.2762302516465
    endloop
  endfacet
  facet normal -0.18460971536818332 -0.0094075757282868697 0.98276688513125776
    outer loop
      vertex 400.32687323967718 -49.864829613532123 409.73474092566204
      vertex 425.87422579166468 -6.5820311262200164 414.94805831053742
      vertex 373.86502324244316 -8.4350671009699738 405.16055244223276
    endloop
  endfacet
  facet normal -0.14343173825647718 0.01763718214181928 0.98950304004930778
    outer loop
      vertex 400.32687323967718 -49.864829613532123 409.73474092566204
      vertex 373.86502324244316 -8.4350671009699738 405.16055244223276
      vertex 346.53492073870001 -55.252897653731651 402.03345795271861
    endloop
  endfacet
  facet normal -0.14404181728400639 0.0085422855171222046 0.98953473119020174
    outer loop
      vertex 386.74284105549543 -132.90622714359102 407.38660866801899
      vertex 350.81750262942552 -173.32649753174752 402.50606290153507
      vertex 401.52985717059596 -179.65964109467973 409.94268841395689
    endloop
  endfacet
  facet normal -0.22294495050697694 0.0036962407082998948 0.97482402865751516
    outer loop
      vertex 448.6231823284873 -186.08340331226123 419.93942555807348
      vertex 428.6114198102195 -225.3031506688267 415.51138967616299
      vertex 488.85137517896931 -223.74719862590393 429.28253431386213
    endloop
  endfacet
  facet normal -0.20738998297478459 0.0019751238988144951 0.97825635384969667
    outer loop
      vertex 448.6231823284873 -186.08340331226123 419.93942555807348
      vertex 440.96232926044996 -142.61037071122962 418.22755442490205
      vertex 401.52985717059596 -179.65964109467973 409.94268841395689
    endloop
  endfacet
  facet normal -0.19540995328270996 0.0037966111140173538 0.98071429881596917
    outer loop
      vertex 440.96232926044996 -142.61037071122962 418.22755442490205
      vertex 433.55592614212429 -96.303402468618998 416.57254191046144
      vertex 386.74284105549543 -132.90622714359102 407.38660866801899
    endloop
  endfacet
  facet normal -0.22566764698581421 -0.001405379726480857 0.97420333504444057
    outer loop
      vertex 448.6231823284873 -186.08340331226123 419.93942555807348
      vertex 489.37201673379371 -167.55390243451905 429.40534938609528
      vertex 440.96232926044996 -142.61037071122962 418.22755442490205
    endloop
  endfacet
  facet normal -0.22477410379325816 0.00042175713414419205 0.97441080884032538
    outer loop
      vertex 440.96232926044996 -142.61037071122962 418.22755442490205
      vertex 489.37201673379371 -167.55390243451905 429.40534938609528
      vertex 485.24652933125208 -117.84921364847335 428.43218074704748
    endloop
  endfacet
  facet normal -0.19758868803932697 -0.0089012482275211222 0.98024460117813939
    outer loop
      vertex 440.96232926044996 -142.61037071122962 418.22755442490205
      vertex 386.74284105549543 -132.90622714359102 407.38660866801899
      vertex 401.52985717059596 -179.65964109467973 409.94268841395689
    endloop
  endfacet
  facet normal -0.22626020745691852 -3.2559577108376412e-05 0.97406689578356287
    outer loop
      vertex 448.6231823284873 -186.08340331226123 419.93942555807348
      vertex 488.85137517896931 -223.74719862590393 429.28253431386213
      vertex 489.37201673379371 -167.55390243451905 429.40534938609528
    endloop
  endfacet
  facet normal -0.22401994983007836 -0.00099840827593087223 0.97458404730379389
    outer loop
      vertex 440.96232926044996 -142.61037071122962 418.22755442490205
      vertex 485.24652933125208 -117.84921364847335 428.43218074704748
      vertex 433.55592614212429 -96.303402468618998 416.57254191046144
    endloop
  endfacet
  facet normal -0.13981666221847655 -0.019153143276658641 0.9899921505086331
    outer loop
      vertex 377.60844537870548 -87.006770472425785 405.8076394155961
      vertex 400.32687323967718 -49.864829613532123 409.73474092566204
      vertex 346.53492073870001 -55.252897653731651 402.03345795271861
    endloop
  endfacet
  facet normal -0.18957664177992259 -0.0039509073557195901 0.98185797711405998
    outer loop
      vertex 386.74284105549543 -132.90622714359102 407.38660866801899
      vertex 433.55592614212429 -96.303402468618998 416.57254191046144
      vertex 377.60844537870548 -87.006770472425785 405.8076394155961
    endloop
  endfacet
  facet normal -0.081702508685915318 0.018682286669300885 0.99648164671469686
    outer loop
      vertex 374.50543171875461 -312 405.24235137355373
      vertex 349.12628233608717 -267.08583616790412 402.31942803953712
      vertex 343.2760975008847 -277.06384960962004 402.02683592731375
    endloop
  endfacet
  facet normal -0.081702508685919106 0.018682286669297474 0.99648164671469674
    outer loop
      vertex 343.52020373807716 -301.88076021482851 402.51212407259135
      vertex 374.50543171875461 -312 405.24235137355373
      vertex 343.2760975008847 -277.06384960962004 402.02683592731375
    endloop
  endfacet
  facet normal -0.081702508685915276 0.01868228666930925 0.99648164671469663
    outer loop
      vertex 374.50543171875461 -312 405.24235137355373
      vertex 343.52020373807716 -301.88076021482851 402.51212407259135
      vertex 343.61974307061547 -312 402.71000343381536
    endloop
  endfacet
  facet normal -0.080816399229576577 -0.019836182127410253 0.99653160285771858
    outer loop
      vertex 349.12628233608717 -267.08583616790412 402.31942803953712
      vertex 374.53422365948006 -222.05859693221345 405.2762302516465
      vertex 343.30528885054451 -255.15389113939219 402.08486698994244
    endloop
  endfacet
  facet normal -0.080816399229566863 -0.019836182127419489 0.99653160285771947
    outer loop
      vertex 343.48438027076071 -237.99760753761876 402.4408905107739
      vertex 343.30528885054451 -255.15389113939219 402.08486698994244
      vertex 374.53422365948006 -222.05859693221345 405.2762302516465
    endloop
  endfacet
  facet normal -0.080816399229587707 -0.019836182127415732 0.99653160285771758
    outer loop
      vertex 343.30528885054451 -255.15389113939219 402.08486698994244
      vertex 343.29103264849755 -256.51962984106467 402.05652551390699
      vertex 349.12628233608717 -267.08583616790412 402.31942803953712
    endloop
  endfacet
  facet normal -0.080816399229572566 -0.019836182127408321 0.99653160285771902
    outer loop
      vertex 343.61743660097829 -225.25017857262688 402.70542146528925
      vertex 343.48438027076071 -237.99760753761876 402.4408905107739
      vertex 374.53422365948006 -222.05859693221345 405.2762302516465
    endloop
  endfacet
  facet normal -0.080816399229572247 -0.019836182127411384 0.99653160285771902
    outer loop
      vertex 343.65557262433856 -221.59674863839786 402.7812365397308
      vertex 343.61743660097829 -225.25017857262688 402.70542146528925
      vertex 374.53422365948006 -222.05859693221345 405.2762302516465
    endloop
  endfacet
  facet normal -0.077535021741032148 0.02139583879957194 0.99676002050929013
    outer loop
      vertex 343.68165813210857 -9.3862865550287289 402.83309579849629
      vertex 373.86502324244316 -8.4350671009699738 405.16055244223276
      vertex 343.6064524793361 -2.6936425432446418 402.68358558412626
    endloop
  endfacet
  facet normal -0.077535021741032106 0.021395838799572138 0.99676002050929013
    outer loop
      vertex 343.42069130224365 13.838226665090534 402.31427281277979
      vertex 343.6064524793361 -2.6936425432446418 402.68358558412626
      vertex 373.86502324244316 -8.4350671009699738 405.16055244223276
    endloop
  endfacet
  facet normal -0.077535021741039697 0.021395838799572825 0.99676002050928947
    outer loop
      vertex 343.42069130224365 13.838226665090534 402.31427281277979
      vertex 348.3352984277571 35.474301800997239 402.23213889503285
      vertex 343.27468604436126 26.83093270685459 402.02402204134916
    endloop
  endfacet
  facet normal -0.077535021741032759 0.02139583879957125 0.99676002050929013
    outer loop
      vertex 373.86502324244316 -8.4350671009699738 405.16055244223276
      vertex 348.3352984277571 35.474301800997239 402.23213889503285
      vertex 343.42069130224365 13.838226665090534 402.31427281277979
    endloop
  endfacet
  facet normal -0.081565365262789041 -0.01935611623556836 0.9964800208503044
    outer loop
      vertex 343.25659072154377 44.309731236597216 401.98805266662453
      vertex 348.3352984277571 35.474301800997239 402.23213889503285
      vertex 343.3236781710678 50.893165987676007 402.12142387107951
    endloop
  endfacet
  facet normal -0.081565365262783102 -0.019356116235566417 0.99648002085030485
    outer loop
      vertex 374.4648653754063 80 405.23582406626082
      vertex 343.3236781710678 50.893165987676007 402.12142387107951
      vertex 348.3352984277571 35.474301800997239 402.23213889503285
    endloop
  endfacet
  facet normal -0.081565365262784378 -0.019356116235573744 0.99648002085030463
    outer loop
      vertex 343.62028715844997 80 402.7110877584563
      vertex 343.56834198045681 74.902679877599553 402.60782302053616
      vertex 374.4648653754063 80 405.23582406626082
    endloop
  endfacet
  facet normal -0.081565365262786127 -0.019356116235563166 0.99648002085030474
    outer loop
      vertex 343.3236781710678 50.893165987676007 402.12142387107951
      vertex 374.4648653754063 80 405.23582406626082
      vertex 343.56834198045681 74.902679877599553 402.60782302053616
    endloop
  endfacet
  facet normal -0.096694819109127791 0.023643951422716001 0.99503320322418065
    outer loop
      vertex 343.73052061222518 -104.46185824935463 402.9302353748734
      vertex 377.60844537870548 -87.006770472425785 405.8076394155961
      vertex 343.69482926792995 -101.62175297068198 402.85928047699065
    endloop
  endfacet
  facet normal -0.096694819109125252 0.023643951422710072 0.99503320322418087
    outer loop
      vertex 343.47525870439006 -84.149592667009131 402.42277017363028
      vertex 343.69482926792995 -101.62175297068198 402.85928047699065
      vertex 377.60844537870548 -87.006770472425785 405.8076394155961
    endloop
  endfacet
  facet normal -0.096694819109125529 0.023643951422707039 0.9950332032241811
    outer loop
      vertex 377.60844537870548 -87.006770472425785 405.8076394155961
      vertex 343.2178306881645 -63.66458035011776 401.91098967230971
      vertex 343.47525870439006 -84.149592667009131 402.42277017363028
    endloop
  endfacet
  facet normal -0.096694819109124711 0.023643951422708191 0.99503320322418087
    outer loop
      vertex 346.53492073870001 -55.252897653731651 402.03345795271861
      vertex 343.2178306881645 -63.66458035011776 401.91098967230971
      vertex 377.60844537870548 -87.006770472425785 405.8076394155961
    endloop
  endfacet
  facet normal -0.076170610383995432 -0.022117468213229088 0.99684946492114157
    outer loop
      vertex 343.21920232820025 -49.230706590082889 401.9137160258125
      vertex 346.53492073870001 -55.252897653731651 402.03345795271861
      vertex 343.30222299307059 -42.077856197506556 402.07876268701773
    endloop
  endfacet
  facet normal -0.076170610383987772 -0.022117468213227229 0.99684946492114224
    outer loop
      vertex 373.86502324244316 -8.4350671009699738 405.16055244223276
      vertex 343.30222299307059 -42.077856197506556 402.07876268701773
      vertex 346.53492073870001 -55.252897653731651 402.03345795271861
    endloop
  endfacet
  facet normal -0.076170610383986426 -0.022117468213229772 0.99684946492114224
    outer loop
      vertex 343.68165813210857 -9.3862865550287289 402.83309579849629
      vertex 343.51175939498171 -24.024326980884311 402.49533398371727
      vertex 373.86502324244316 -8.4350671009699738 405.16055244223276
    endloop
  endfacet
  facet normal -0.076170610383987716 -0.022117468213227277 0.99684946492114224
    outer loop
      vertex 343.30222299307059 -42.077856197506556 402.07876268701773
      vertex 373.86502324244316 -8.4350671009699738 405.16055244223276
      vertex 343.51175939498171 -24.024326980884311 402.49533398371727
    endloop
  endfacet
  facet normal -0.080263633738579282 0.017590247238138446 0.99661844870601335
    outer loop
      vertex 343.33210234882097 -186.63821957456798 402.13816990789587
      vertex 374.53422365948006 -222.05859693221345 405.2762302516465
      vertex 350.81750262942552 -173.32649753174752 402.50606290153507
    endloop
  endfacet
  facet normal -0.080263633738575077 0.017590247238142172 0.99661844870601357
    outer loop
      vertex 343.47049202006099 -201.5945029314282 402.41329262938723
      vertex 374.53422365948006 -222.05859693221345 405.2762302516465
      vertex 343.33210234882097 -186.63821957456798 402.13816990789587
    endloop
  endfacet
  facet normal -0.080263633738577728 0.017590247238138131 0.99661844870601335
    outer loop
      vertex 374.53422365948006 -222.05859693221345 405.2762302516465
      vertex 343.47049202006099 -201.5945029314282 402.41329262938723
      vertex 343.65557262433856 -221.59674863839786 402.7812365397308
    endloop
  endfacet
  facet normal -0.10448218650342901 -0.027176041868540349 0.99415538798108527
    outer loop
      vertex 386.74284105549543 -132.90622714359102 407.38660866801899
      vertex 343.86914878342725 -121.01364453614423 403.2058298486873
      vertex 343.83581459931071 -123.30974593348672 403.13956075539778
    endloop
  endfacet
  facet normal -0.10448218650343097 -0.027176041868552402 0.9941553879810846
    outer loop
      vertex 386.74284105549543 -132.90622714359102 407.38660866801899
      vertex 343.33582228598209 -157.74985039135663 402.14556522634609
      vertex 350.81750262942552 -173.32649753174752 402.50606290153507
    endloop
  endfacet
  facet normal -0.10448218650343191 -0.027176041868553599 0.9941553879810846
    outer loop
      vertex 343.83581459931071 -123.30974593348672 403.13956075539778
      vertex 343.57460970654398 -141.30183958323201 402.62028061580264
      vertex 386.74284105549543 -132.90622714359102 407.38660866801899
    endloop
  endfacet
  facet normal -0.10448218650343276 -0.027176041868549265 0.9941553879810846
    outer loop
      vertex 343.33582228598209 -157.74985039135663 402.14556522634609
      vertex 386.74284105549543 -132.90622714359102 407.38660866801899
      vertex 343.57460970654398 -141.30183958323201 402.62028061580264
    endloop
  endfacet
  facet normal -0.092698968697448522 0.015800262820621865 0.99556880872053666
    outer loop
      vertex 343.86914878342725 -121.01364453614423 403.2058298486873
      vertex 386.74284105549543 -132.90622714359102 407.38660866801899
      vertex 377.60844537870548 -87.006770472425785 405.8076394155961
    endloop
  endfacet
  facet normal -0.092698968697447204 0.01580026282062055 0.99556880872053688
    outer loop
      vertex 377.60844537870548 -87.006770472425785 405.8076394155961
      vertex 343.73052061222518 -104.46185824935463 402.9302353748734
      vertex 343.86914878342725 -121.01364453614423 403.2058298486873
    endloop
  endfacet
  facet normal -0.022381204302347867 0.014750944456191902 0.99964068111078153
    outer loop
      vertex 348.3352984277571 35.474301800997239 402.23213889503285
      vertex 343.27683837448723 41.612613355674554 402.02830533307844
      vertex 343.30359194283778 38.048865607799712 402.08149186616828
    endloop
  endfacet
  facet normal -0.022381204302311351 0.014750944456263241 0.99964068111078108
    outer loop
      vertex 343.30359194283778 38.048865607799712 402.08149186616828
      vertex 343.30576641411352 37.759212018037431 402.08581475076238
      vertex 348.3352984277571 35.474301800997239 402.23213889503285
    endloop
  endfacet
  facet normal -0.022381204302347343 0.01475094445617408 0.99964068111078175
    outer loop
      vertex 343.30811554486422 37.446292660420653 402.09048486126005
      vertex 343.32283830398245 35.485126248432557 402.11975394808809
      vertex 348.3352984277571 35.474301800997239 402.23213889503285
    endloop
  endfacet
  facet normal -0.02238120430231863 0.014750944456247243 0.9996406811107813
    outer loop
      vertex 348.3352984277571 35.474301800997239 402.23213889503285
      vertex 343.30576641411352 37.759212018037431 402.08581475076238
      vertex 343.30811554486422 37.446292660420653 402.09048486126005
    endloop
  endfacet
  facet normal -0.022381204302325798 0.014750944456210094 0.99964068111078153
    outer loop
      vertex 348.3352984277571 35.474301800997239 402.23213889503285
      vertex 343.25659072154377 44.309731236597216 401.98805266662453
      vertex 343.27683837448723 41.612613355674554 402.02830533307844
    endloop
  endfacet
  facet normal -0.024484953341215334 0.011350426658276722 0.99963576110228958
    outer loop
      vertex 343.29103264849755 -256.51962984106467 402.05652551390699
      vertex 343.32097610536874 -261.69773952017385 402.11605411482458
      vertex 349.12628233608717 -267.08583616790412 402.31942803953712
    endloop
  endfacet
  facet normal -0.024484953341217162 0.011350426658274747 0.99963576110228947
    outer loop
      vertex 343.32097610536874 -261.69773952017385 402.11605411482458
      vertex 343.35236240760855 -267.12535985533907 402.17845114093774
      vertex 349.12628233608717 -267.08583616790412 402.31942803953712
    endloop
  endfacet
  facet normal -0.022437741428129848 -0.010933618871462721 0.9996884533383279
    outer loop
      vertex 343.30312392932859 31.942104922484909 402.08056134688815
      vertex 348.3352984277571 35.474301800997239 402.23213889503285
      vertex 343.30351574961622 32.012521948609304 402.08134029405454
    endloop
  endfacet
  facet normal -0.022437741427395793 -0.010933618872508703 0.99968845333833278
    outer loop
      vertex 343.27468604436126 26.83093270685459 402.02402204134916
      vertex 348.3352984277571 35.474301800997239 402.23213889503285
      vertex 343.30312392932859 31.942104922484909 402.08056134688815
    endloop
  endfacet
  facet normal -0.022437741427413921 -0.010933618872503534 0.99968845333833256
    outer loop
      vertex 343.32283830398245 35.485126248432557 402.11975394808809
      vertex 343.30351574961622 32.012521948609304 402.08134029405454
      vertex 348.3352984277571 35.474301800997239 402.23213889503285
    endloop
  endfacet
  facet normal -0.024303061386984709 -0.015062626173155026 0.99959115567315238
    outer loop
      vertex 343.35236240760855 -267.12535985533907 402.17845114093774
      vertex 343.34170400198536 -268.51431372193338 402.15726215318989
      vertex 349.12628233608717 -267.08583616790412 402.31942803953712
    endloop
  endfacet
  facet normal -0.024303061387125881 -0.015062626172583931 0.99959115567315748
    outer loop
      vertex 343.34087523834069 -268.62231434692131 402.1556145650485
      vertex 349.12628233608717 -267.08583616790412 402.31942803953712
      vertex 343.34170400198536 -268.51431372193338 402.15726215318989
    endloop
  endfacet
  facet normal -0.024303061386948627 -0.015062626173159892 0.99959115567315326
    outer loop
      vertex 343.27884065565758 -276.70637274417879 402.03228936436903
      vertex 349.12628233608717 -267.08583616790412 402.31942803953712
      vertex 343.2998676260512 -273.96623572338359 402.07409113414519
    endloop
  endfacet
  facet normal -0.024303061387205765 -0.015062626173003479 0.99959115567314927
    outer loop
      vertex 343.2760975008847 -277.06384960962004 402.02683592731375
      vertex 349.12628233608717 -267.08583616790412 402.31942803953712
      vertex 343.27884065565758 -276.70637274417879 402.03228936436903
    endloop
  endfacet
  facet normal -0.024303061386826769 -0.015062626173709171 0.99959115567314794
    outer loop
      vertex 343.34005355430014 -268.72939239082314 402.15398105121125
      vertex 349.12628233608717 -267.08583616790412 402.31942803953712
      vertex 343.34087523834069 -268.62231434692131 402.1556145650485
    endloop
  endfacet
  facet normal -0.024303061386993799 -0.015062626173121619 0.9995911556731526
    outer loop
      vertex 343.34005355430014 -268.72939239082314 402.15398105121125
      vertex 343.2998676260512 -273.96623572338359 402.07409113414519
      vertex 349.12628233608717 -267.08583616790412 402.31942803953712
    endloop
  endfacet
  facet normal -0.018293859866653325 0.0098068694164065526 0.99978455679382683
    outer loop
      vertex 343.24701247713676 -54.815208072946277 401.96900316881818
      vertex 343.24980626119401 -55.376222371942376 401.97455726847625
      vertex 346.53492073870001 -55.252897653731651 402.03345795271861
    endloop
  endfacet
  facet normal -0.018293859866637355 0.0098068694165264012 0.99978455679382616
    outer loop
      vertex 346.53492073870001 -55.252897653731651 402.03345795271861
      vertex 343.23497941837718 -52.398873135663827 401.94508120270586
      vertex 343.24701247713676 -54.815208072946277 401.96900316881818
    endloop
  endfacet
  facet normal -0.018293859866646209 0.0098068694165161611 0.99978455679382594
    outer loop
      vertex 343.21920232820025 -49.230706590082889 401.9137160258125
      vertex 343.23497941837718 -52.398873135663827 401.94508120270586
      vertex 346.53492073870001 -55.252897653731651 402.03345795271861
    endloop
  endfacet
  facet normal -0.017640951536566328 -0.0076000323164270855 0.99981550114892381
    outer loop
      vertex 343.23845074433541 -58.319694994417837 401.95198229424375
      vertex 343.22844317452052 -60.913765183758514 401.93208706327232
      vertex 346.53492073870001 -55.252897653731651 402.03345795271861
    endloop
  endfacet
  facet normal -0.017640951536567862 -0.0076000323164261922 0.99981550114892381
    outer loop
      vertex 343.22170336698281 -62.660796095246084 401.91868820319479
      vertex 346.53492073870001 -55.252897653731651 402.03345795271861
      vertex 343.22844317452052 -60.913765183758514 401.93208706327232
    endloop
  endfacet
  facet normal -0.017640951536834877 -0.0076000323163067096 0.99981550114892004
    outer loop
      vertex 343.2178306881645 -63.66458035011776 401.91098967230971
      vertex 346.53492073870001 -55.252897653731651 402.03345795271861
      vertex 343.22170336698281 -62.660796095246084 401.91868820319479
    endloop
  endfacet
  facet normal -0.01764095153663606 -0.0076000323163387933 0.99981550114892337
    outer loop
      vertex 343.24642920342069 -56.25159222292752 401.96784361614635
      vertex 346.53492073870001 -55.252897653731651 402.03345795271861
      vertex 343.24980626119401 -55.376222371942376 401.97455726847625
    endloop
  endfacet
  facet normal -0.017640951536630048 -0.0076000323163585796 0.99981550114892326
    outer loop
      vertex 343.24642920342069 -56.25159222292752 401.96784361614635
      vertex 343.23845074433541 -58.319694994417837 401.95198229424375
      vertex 346.53492073870001 -55.252897653731651 402.03345795271861
    endloop
  endfacet
  facet normal -0.028056428804005332 0.0096573871652522129 0.99955968890102109
    outer loop
      vertex 343.3792331544804 -166.55607626292715 402.23186631231988
      vertex 350.81750262942552 -173.32649753174752 402.50606290153507
      vertex 343.36375293328791 -163.41577490192202 402.20109133597367
    endloop
  endfacet
  facet normal -0.028056428804000919 0.0096573871652555366 0.99955968890102131
    outer loop
      vertex 343.33582228598209 -157.74985039135663 402.14556522634609
      vertex 343.36375293328791 -163.41577490192202 402.20109133597367
      vertex 350.81750262942552 -173.32649753174752 402.50606290153507
    endloop
  endfacet
  facet normal -0.028056428803974593 0.0096573871652913847 0.99955968890102165
    outer loop
      vertex 350.81750262942552 -173.32649753174752 402.50606290153507
      vertex 343.38864992333015 -168.46635207017698 402.25058702922718
      vertex 343.41417504951971 -173.6443522754559 402.30133146917728
    endloop
  endfacet
  facet normal -0.028056428803987107 0.0096573871652722611 0.99955968890102154
    outer loop
      vertex 350.81750262942552 -173.32649753174752 402.50606290153507
      vertex 343.3792331544804 -166.55607626292715 402.23186631231988
      vertex 343.38864992333015 -168.46635207017698 402.25058702922718
    endloop
  endfacet
  facet normal -0.027110166933617296 -0.012380000097737822 0.99955578856130467
    outer loop
      vertex 343.41417504951971 -173.6443522754559 402.30133146917728
      vertex 343.38753411207153 -177.8621960049397 402.24836879650752
      vertex 350.81750262942552 -173.32649753174752 402.50606290153507
    endloop
  endfacet
  facet normal -0.027110166933623212 -0.012380000097728119 0.99955578856130445
    outer loop
      vertex 343.38223516739367 -178.70113497345193 402.2378343972199
      vertex 350.81750262942552 -173.32649753174752 402.50606290153507
      vertex 343.38753411207153 -177.8621960049397 402.24836879650752
    endloop
  endfacet
  facet normal -0.027110166933633672 -0.012380000097718575 0.99955578856130445
    outer loop
      vertex 343.36270888721413 -181.7925726743857 402.19901579379729
      vertex 350.81750262942552 -173.32649753174752 402.50606290153507
      vertex 343.37469247119395 -179.89530893715255 402.22283937872072
    endloop
  endfacet
  facet normal -0.027110166933625567 -0.012380000097725719 0.99955578856130467
    outer loop
      vertex 343.33210234882097 -186.63821957456798 402.13816990789587
      vertex 350.81750262942552 -173.32649753174752 402.50606290153507
      vertex 343.36270888721413 -181.7925726743857 402.19901579379729
    endloop
  endfacet
  facet normal -0.027110166933614007 -0.012380000097740866 0.99955578856130467
    outer loop
      vertex 343.38223516739367 -178.70113497345193 402.2378343972199
      vertex 343.37469247119395 -179.89530893715255 402.22283937872072
      vertex 350.81750262942552 -173.32649753174752 402.50606290153507
    endloop
  endfacet
endsolid OBJECT
