solid OBJECT
  facet normal -0.20761038965286843 -0.0051577751381486799 0.97819799808822372
    outer loop
      vertex 451.8843355774257 -267.83962017603585 53.668143313156946
      vertex 400.5663853114541 -267.91665739592622 42.776138818785228
      vertex 425.54178274824608 -312 47.844417464608739
    endloop
  endfacet
  facet normal -0.24695088492525269 -0 0.96902799775581017
    outer loop
      vertex 530.51145942252992 -42.107595713828374 72.552680023222763
      vertex 577 -67 84.400001525880469
      vertex 577 -17.999999999999972 84.400001525880469
    endloop
  endfacet
  facet normal -0.22903319487858076 -0.002799383415249775 0.97341458746836362
    outer loop
      vertex 496.11134869883813 -275.26171414651913 64.052903268991429
      vertex 451.8843355774257 -267.83962017603585 53.668143313156946
      vertex 476.20927731925843 -312 59.264522654096311
    endloop
  endfacet
  facet normal -0.23700089668538063 -0.0015226385474511885 0.97150823802074837
    outer loop
      vertex 500.42386426645839 39.672236695901745 65.108609799775707
      vertex 526.65888121402315 80 71.571887106472317
      vertex 476.18929405762469 80 59.259755368118547
    endloop
  endfacet
  facet normal -0.24693237712921492 -0.0012537457011799324 0.96903190311105447
    outer loop
      vertex 543.1782036410458 46.813740317326619 75.738466567985199
      vertex 577 80 84.400001525880469
      vertex 526.65888121402315 80 71.571887106472317
    endloop
  endfacet
  facet normal -0.22959705961153565 0.0031836695910849411 0.97328056307812494
    outer loop
      vertex 451.70883723515954 35.94228926333642 53.628927096846354
      vertex 500.42386426645839 39.672236695901745 65.108609799775707
      vertex 476.18929405762469 80 59.259755368118547
    endloop
  endfacet
  facet normal -0.24711406041861791 0.00033513557079071414 0.96898634088802971
    outer loop
      vertex 535.15330892829206 5.0721530070789242 73.720141956862562
      vertex 530.51145942252992 -42.107595713828374 72.552680023222763
      vertex 577 -17.999999999999972 84.400001525880469
    endloop
  endfacet
  facet normal -0.21987651565091326 0.0025117901313612429 0.97552447881923998
    outer loop
      vertex 451.8843355774257 -267.83962017603585 53.668143313156946
      vertex 425.54178274824608 -312 47.844417464608739
      vertex 476.20927731925843 -312 59.264522654096311
    endloop
  endfacet
  facet normal -0.24153291369319871 0.0016046516262021833 0.97039130081428093
    outer loop
      vertex 543.1782036410458 46.813740317326619 75.738466567985199
      vertex 526.65888121402315 80 71.571887106472317
      vertex 500.42386426645839 39.672236695901745 65.108609799775707
    endloop
  endfacet
  facet normal -0.24708112297762896 -0 0.96899479806039912
    outer loop
      vertex 532.42407319304652 -142.64138334008604 73.033717542440399
      vertex 577 -165 84.400001525880469
      vertex 577 -115.99999999999997 84.400001525880469
    endloop
  endfacet
  facet normal -0.23700385360983148 0.0017671437988180366 0.97150710268987939
    outer loop
      vertex 496.11134869883813 -275.26171414651913 64.052903268991429
      vertex 476.20927731925843 -312 59.264522654096311
      vertex 526.66884653212935 -312 71.574378466606987
    endloop
  endfacet
  facet normal -0.24765373271672844 -0 0.96884860977939746
    outer loop
      vertex 539.253702493726 -258.91535805153916 74.751423430905035
      vertex 577 -263 84.400001525880469
      vertex 577 -214 84.400001525880469
    endloop
  endfacet
  facet normal -0.24808722052461216 -0 0.96873769979926583
    outer loop
      vertex 543.1782036410458 46.813740317326619 75.738466567985199
      vertex 577 30.999999999999989 84.400001525880469
      vertex 577 80 84.400001525880469
    endloop
  endfacet
  facet normal -0.23854659613613388 0.0001226925323849887 0.97113104492566105
    outer loop
      vertex 484.733057943066 -68.110103604048703 61.311054505243618
      vertex 531.59024466433129 -92.230262093858386 72.824003060045086
      vertex 530.51145942252992 -42.107595713828374 72.552680023222763
    endloop
  endfacet
  facet normal -0.24028817590178705 -0.0011296761251028374 0.97070094074006352
    outer loop
      vertex 496.11134869883813 -275.26171414651913 64.052903268991429
      vertex 526.66884653212935 -312 71.574378466606987
      vertex 539.253702493726 -258.91535805153916 74.751423430905035
    endloop
  endfacet
  facet normal -0.24733166344493177 -0.00028832653436407663 0.96893083608964192
    outer loop
      vertex 534.34910778943481 -197.03299317355419 73.51787899778985
      vertex 539.253702493726 -258.91535805153916 74.751423430905035
      vertex 577 -214 84.400001525880469
    endloop
  endfacet
  facet normal -0.2470501359897323 -5.521702852543656e-05 0.96900269724007193
    outer loop
      vertex 531.59024466433129 -92.230262093858386 72.824003060045086
      vertex 532.42407319304652 -142.64138334008604 73.033717542440399
      vertex 577 -115.99999999999997 84.400001525880469
    endloop
  endfacet
  facet normal -0.20726300729686126 -0.0047709601272456778 0.9782736241694987
    outer loop
      vertex 425.87414083334858 -6.5820493077661411 47.948043287555322
      vertex 451.70883723515954 35.94228926333642 53.628927096846354
      vertex 400.10137849224924 36.086052587103154 42.695757741494631
    endloop
  endfacet
  facet normal -0.23875296056484563 9.0666101407899807e-05 0.97108033426755136
    outer loop
      vertex 485.24649121926308 -117.84920669804382 61.432169471723284
      vertex 532.42407319304652 -142.64138334008604 73.033717542440399
      vertex 531.59024466433129 -92.230262093858386 72.824003060045086
    endloop
  endfacet
  facet normal -0.24693340297367863 0.00054558382892541299 0.9690322991697049
    outer loop
      vertex 539.253702493726 -258.91535805153916 74.751423430905035
      vertex 526.66884653212935 -312 71.574378466606987
      vertex 577 -312 84.400001525880469
    endloop
  endfacet
  facet normal -0.24765373271672844 0 0.96884860977939746
    outer loop
      vertex 539.253702493726 -258.91535805153916 74.751423430905035
      vertex 577 -312 84.400001525880469
      vertex 577 -263 84.400001525880469
    endloop
  endfacet
  facet normal -0.23865415472269771 -9.8869513673087008e-05 0.97110462086142579
    outer loop
      vertex 485.24649121926308 -117.84920669804382 61.432169471723284
      vertex 531.59024466433129 -92.230262093858386 72.824003060045086
      vertex 484.733057943066 -68.110103604048703 61.311054505243618
    endloop
  endfacet
  facet normal -0.23976194318228658 0.00015607650528475534 0.97083169820601678
    outer loop
      vertex 489.37198186591547 -167.55388210716313 62.405341029831817
      vertex 534.34910778943481 -197.03299317355419 73.51787899778985
      vertex 532.42407319304652 -142.64138334008604 73.033717542440399
    endloop
  endfacet
  facet normal -0.21986438459986732 -0.0025113797434127946 0.97552721405212794
    outer loop
      vertex 451.70883723515954 35.94228926333642 53.628927096846354
      vertex 476.18929405762469 80 59.259755368118547
      vertex 425.51163763483839 80 47.838021989633802
    endloop
  endfacet
  facet normal -0.20723538179769638 0.0053593187615048948 0.97827643037823198
    outer loop
      vertex 451.70883723515954 35.94228926333642 53.628927096846354
      vertex 425.51163763483839 80 47.838021989633802
      vertex 400.10137849224924 36.086052587103154 42.695757741494631
    endloop
  endfacet
  facet normal -0.24722398609698548 -0 0.96895835859871593
    outer loop
      vertex 534.34910778943481 -197.03299317355419 73.51787899778985
      vertex 577 -214 84.400001525880469
      vertex 577 -165 84.400001525880469
    endloop
  endfacet
  facet normal -0.24713832885464143 -0.00012147035924946212 0.96898020189056844
    outer loop
      vertex 534.34910778943481 -197.03299317355419 73.51787899778985
      vertex 577 -165 84.400001525880469
      vertex 532.42407319304652 -142.64138334008604 73.033717542440399
    endloop
  endfacet
  facet normal -0.23921618862259741 -0.00084434087575131734 0.97096596345565245
    outer loop
      vertex 489.37198186591547 -167.55388210716313 62.405341029831817
      vertex 532.42407319304652 -142.64138334008604 73.033717542440399
      vertex 485.24649121926308 -117.84920669804382 61.432169471723284
    endloop
  endfacet
  facet normal -0.22838646155093639 0.0012714542264994065 0.97356972404876718
    outer loop
      vertex 488.8513398796336 -223.74716661609833 62.282525584008965
      vertex 451.8843355774257 -267.83962017603585 53.668143313156946
      vertex 496.11134869883813 -275.26171414651913 64.052903268991429
    endloop
  endfacet
  facet normal -0.24119338323086828 -0.00055546371266516111 0.97047691541103198
    outer loop
      vertex 535.15330892829206 5.0721530070789242 73.720141956862562
      vertex 543.1782036410458 46.813740317326619 75.738466567985199
      vertex 500.42386426645839 39.672236695901745 65.108609799775707
    endloop
  endfacet
  facet normal -0.23814337216202586 -0.00060297382987976325 0.97122982384081447
    outer loop
      vertex 535.15330892829206 5.0721530070789242 73.720141956862562
      vertex 480.8592323094586 -11.208301937121519 60.397248790823312
      vertex 530.51145942252992 -42.107595713828374 72.552680023222763
    endloop
  endfacet
  facet normal -0.2470229968009964 -0 0.96900961762588023
    outer loop
      vertex 531.59024466433129 -92.230262093858386 72.824003060045086
      vertex 577 -115.99999999999997 84.400001525880469
      vertex 577 -67 84.400001525880469
    endloop
  endfacet
  facet normal -0.24698627452024163 -7.0386851149141958e-05 0.96901897568845541
    outer loop
      vertex 531.59024466433129 -92.230262093858386 72.824003060045086
      vertex 577 -67 84.400001525880469
      vertex 530.51145942252992 -42.107595713828374 72.552680023222763
    endloop
  endfacet
  facet normal -0.23979662035161672 9.9942758455795198e-05 0.97082314088580912
    outer loop
      vertex 489.37198186591547 -167.55388210716313 62.405341029831817
      vertex 488.8513398796336 -223.74716661609833 62.282525584008965
      vertex 534.34910778943481 -197.03299317355419 73.51787899778985
    endloop
  endfacet
  facet normal -0.2292224794852315 -0.0019900250778432543 0.97337202276356405
    outer loop
      vertex 480.8592323094586 -11.208301937121519 60.397248790823312
      vertex 500.42386426645839 39.672236695901745 65.108609799775707
      vertex 451.70883723515954 35.94228926333642 53.628927096846354
    endloop
  endfacet
  facet normal -0.22052590761599736 0.0036739520886196354 0.97537419801130221
    outer loop
      vertex 480.8592323094586 -11.208301937121519 60.397248790823312
      vertex 451.70883723515954 35.94228926333642 53.628927096846354
      vertex 425.87414083334858 -6.5820493077661411 47.948043287555322
    endloop
  endfacet
  facet normal -0.22359880240302316 6.5248929908533418e-05 0.97468126652075904
    outer loop
      vertex 433.55586214668944 -96.303402947234758 49.572529819483265
      vertex 485.24649121926308 -117.84920669804382 61.432169471723284
      vertex 484.733057943066 -68.110103604048703 61.311054505243618
    endloop
  endfacet
  facet normal -0.23885944201735898 0.0019303931076685892 0.97105223368344384
    outer loop
      vertex 535.15330892829206 5.0721530070789242 73.720141956862562
      vertex 500.42386426645839 39.672236695901745 65.108609799775707
      vertex 480.8592323094586 -11.208301937121519 60.397248790823312
    endloop
  endfacet
  facet normal -0.2381509138148114 -0.0006158231855074057 0.97122796655109489
    outer loop
      vertex 480.8592323094586 -11.208301937121519 60.397248790823312
      vertex 484.733057943066 -68.110103604048703 61.311054505243618
      vertex 530.51145942252992 -42.107595713828374 72.552680023222763
    endloop
  endfacet
  facet normal -0.24728755579170827 -0 0.96894213694655806
    outer loop
      vertex 535.15330892829206 5.0721530070789242 73.720141956862562
      vertex 577 -17.999999999999972 84.400001525880469
      vertex 577 30.999999999999989 84.400001525880469
    endloop
  endfacet
  facet normal -0.24774328793489997 0.0007836227995126065 0.96882539666263578
    outer loop
      vertex 535.15330892829206 5.0721530070789242 73.720141956862562
      vertex 577 30.999999999999989 84.400001525880469
      vertex 543.1782036410458 46.813740317326619 75.738466567985199
    endloop
  endfacet
  facet normal -0.20567636430566244 -0.0030761593414955378 0.97861523103296844
    outer loop
      vertex 400.32678550712296 -49.864846436057775 42.734721597369671
      vertex 433.55586214668944 -96.303402947234758 49.572529819483265
      vertex 445.32207123414679 -46.573440465040193 52.201763775605514
    endloop
  endfacet
  facet normal -0.239927028241044 0.00033561804359751935 0.97079086753015464
    outer loop
      vertex 488.8513398796336 -223.74716661609833 62.282525584008965
      vertex 539.253702493726 -258.91535805153916 74.751423430905035
      vertex 534.34910778943481 -197.03299317355419 73.51787899778985
    endloop
  endfacet
  facet normal -0.24050017558184725 -0.00053612351318678387 0.97064894689927916
    outer loop
      vertex 488.8513398796336 -223.74716661609833 62.282525584008965
      vertex 496.11134869883813 -275.26171414651913 64.052903268991429
      vertex 539.253702493726 -258.91535805153916 74.751423430905035
    endloop
  endfacet
  facet normal -0.22276340877185175 -0.0036960622518349339 0.97486553064316295
    outer loop
      vertex 428.61133934331133 -225.30312053800372 48.511376287563351
      vertex 451.8843355774257 -267.83962017603585 53.668143313156946
      vertex 488.8513398796336 -223.74716661609833 62.282525584008965
    endloop
  endfacet
  facet normal -0.20762514342462432 0.0049902632926712587 0.9781957355714519
    outer loop
      vertex 428.61133934331133 -225.30312053800372 48.511376287563351
      vertex 400.5663853114541 -267.91665739592622 42.776138818785228
      vertex 451.8843355774257 -267.83962017603585 53.668143313156946
    endloop
  endfacet
  facet normal -0.20819405608088273 -0.0041975081064524805 0.97807853260271826
    outer loop
      vertex 448.62313040785949 -186.08337409170713 52.939406359226282
      vertex 401.52977553894158 -179.65961612431977 42.942670450448361
      vertex 428.61133934331133 -225.30312053800372 48.511376287563351
    endloop
  endfacet
  facet normal -0.22502859412987825 0.00032770465232536989 0.9743521049567202
    outer loop
      vertex 445.32207123414679 -46.573440465040193 52.201763775605514
      vertex 484.733057943066 -68.110103604048703 61.311054505243618
      vertex 480.8592323094586 -11.208301937121519 60.397248790823312
    endloop
  endfacet
  facet normal -0.22112406507713325 -0.0038011776852299017 0.97523827800797958
    outer loop
      vertex 445.32207123414679 -46.573440465040193 52.201763775605514
      vertex 480.8592323094586 -11.208301937121519 60.397248790823312
      vertex 425.87414083334858 -6.5820493077661411 47.948043287555322
    endloop
  endfacet
  facet normal -0.22438489088350075 0.0015679237449522561 0.97449933933191002
    outer loop
      vertex 445.32207123414679 -46.573440465040193 52.201763775605514
      vertex 433.55586214668944 -96.303402947234758 49.572529819483265
      vertex 484.733057943066 -68.110103604048703 61.311054505243618
    endloop
  endfacet
  facet normal -0.20615920641805197 0.0038243816887710519 0.97851098906132772
    outer loop
      vertex 400.32678550712296 -49.864846436057775 42.734721597369671
      vertex 445.32207123414679 -46.573440465040193 52.201763775605514
      vertex 425.87414083334858 -6.5820493077661411 47.948043287555322
    endloop
  endfacet
  facet normal -0.22294486965481167 0.003696504252373287 0.97482404614930962
    outer loop
      vertex 448.62313040785949 -186.08337409170713 52.939406359226282
      vertex 428.61133934331133 -225.30312053800372 48.511376287563351
      vertex 488.8513398796336 -223.74716661609833 62.282525584008965
    endloop
  endfacet
  facet normal -0.20738984476287825 0.0019750369834959196 0.97825638332603959
    outer loop
      vertex 448.62313040785949 -186.08337409170713 52.939406359226282
      vertex 440.96227964351749 -142.61034933203899 51.227540726661218
      vertex 401.52977553894158 -179.65961612431977 42.942670450448361
    endloop
  endfacet
  facet normal -0.22566774742720097 -0.0014055099101273087 0.97420331159005291
    outer loop
      vertex 448.62313040785949 -186.08337409170713 52.939406359226282
      vertex 489.37198186591547 -167.55388210716313 62.405341029831817
      vertex 440.96227964351749 -142.61034933203899 51.227540726661218
    endloop
  endfacet
  facet normal -0.22477412070012073 0.00042179832246689295 0.97441080492247345
    outer loop
      vertex 440.96227964351749 -142.61034933203899 51.227540726661218
      vertex 489.37198186591547 -167.55388210716313 62.405341029831817
      vertex 485.24649121926308 -117.84920669804382 61.432169471723284
    endloop
  endfacet
  facet normal -0.22626036214326875 -3.2562810785747993e-05 0.97406685985226937
    outer loop
      vertex 448.62313040785949 -186.08337409170713 52.939406359226282
      vertex 488.8513398796336 -223.74716661609833 62.282525584008965
      vertex 489.37198186591547 -167.55388210716313 62.405341029831817
    endloop
  endfacet
  facet normal -0.22401989521117871 -0.00099850295198034705 0.97458405976161322
    outer loop
      vertex 440.96227964351749 -142.61034933203899 51.227540726661218
      vertex 485.24649121926308 -117.84920669804382 61.432169471723284
      vertex 433.55586214668944 -96.303402947234758 49.572529819483265
    endloop
  endfacet
  facet normal -0.18722565675554137 0.01066276408224503 0.9822590589628496
    outer loop
      vertex 391.04918127002054 -75.948875632889383 41.24949457558003
      vertex 433.55586214668944 -96.303402947234758 49.572529819483265
      vertex 400.32678550712296 -49.864846436057775 42.734721597369671
    endloop
  endfacet
  facet normal -0.18722565675554115 0.010662764082244949 0.9822590589628496
    outer loop
      vertex 391.12827552275053 -64.903323003312792 41.144667190691408
      vertex 391.04918127002054 -75.948875632889383 41.24949457558003
      vertex 400.32678550712296 -49.864846436057775 42.734721597369671
    endloop
  endfacet
  facet normal -0.1872256567555417 0.010662764082244341 0.9822590589628496
    outer loop
      vertex 433.55586214668944 -96.303402947234758 49.572529819483265
      vertex 391.04918127002054 -75.948875632889383 41.24949457558003
      vertex 390.95411873403663 -89.224407142070206 41.375485487740242
    endloop
  endfacet
  facet normal -0.18489158735508104 0.0082339572871633297 0.98272442875544297
    outer loop
      vertex 391.12831734853444 -285.12319227283831 41.144611762901107
      vertex 400.5663853114541 -267.91665739592622 42.776138818785228
      vertex 391.13525629275023 -283.86977413830868 41.135415248896166
    endloop
  endfacet
  facet normal -0.18489158735509081 0.0082339572871688495 0.98272442875544097
    outer loop
      vertex 425.54178274824608 -312 47.844417464608739
      vertex 400.5663853114541 -267.91665739592622 42.776138818785228
      vertex 391.12831734853444 -285.12319227283831 41.144611762901107
    endloop
  endfacet
  facet normal -0.18489158735509054 0.0082339572871689935 0.98272442875544097
    outer loop
      vertex 390.99845671523502 -308.58059873643327 41.31672221351598
      vertex 390.97952683733172 -312 41.341810863046291
      vertex 425.54178274824608 -312 47.844417464608739
    endloop
  endfacet
  facet normal -0.18489158735509048 0.0082339572871692676 0.98272442875544097
    outer loop
      vertex 391.12831734853444 -285.12319227283831 41.144611762901107
      vertex 390.99845671523502 -308.58059873643327 41.31672221351598
      vertex 425.54178274824608 -312 47.844417464608739
    endloop
  endfacet
  facet normal -0.18485776903438642 -0.0081109277916435983 0.98273181391363751
    outer loop
      vertex 391.13490902074568 51.445040568744105 41.135875504610027
      vertex 400.10137849224924 36.086052587103154 42.695757741494631
      vertex 391.11795469374181 54.553993810936632 41.158345883483449
    endloop
  endfacet
  facet normal -0.18485776903439385 -0.0081109277916473679 0.98273181391363607
    outer loop
      vertex 425.51163763483839 80 47.838021989633802
      vertex 391.11795469374181 54.553993810936632 41.158345883483449
      vertex 400.10137849224924 36.086052587103154 42.695757741494631
    endloop
  endfacet
  facet normal -0.18485776903439313 -0.0081109277916479317 0.98273181391363607
    outer loop
      vertex 390.97918772341609 80 41.342260318404897
      vertex 390.98747419714982 78.480491713525979 41.331277868472966
      vertex 425.51163763483839 80 47.838021989633802
    endloop
  endfacet
  facet normal -0.1848577690343931 -0.0081109277916483792 0.98273181391363607
    outer loop
      vertex 391.11795469374181 54.553993810936632 41.158345883483449
      vertex 425.51163763483839 80 47.838021989633802
      vertex 390.98747419714982 78.480491713525979 41.331277868472966
    endloop
  endfacet
  facet normal -0.18524618853105912 0.0090665872407352539 0.98265031757513888
    outer loop
      vertex 425.87414083334858 -6.5820493077661411 47.948043287555322
      vertex 390.99936827747956 -0.29101506725560267 41.315514110012977
      vertex 390.95344273993794 -7.8262436492115741 41.376381414955141
    endloop
  endfacet
  facet normal -0.18524618853105898 0.0090665872407345877 0.9826503175751391
    outer loop
      vertex 400.10137849224924 36.086052587103154 42.695757741494631
      vertex 391.12827552275053 20.85943000065507 41.144667190691401
      vertex 425.87414083334858 -6.5820493077661411 47.948043287555322
    endloop
  endfacet
  facet normal -0.18524618853105934 0.0090665872407340777 0.98265031757513888
    outer loop
      vertex 390.99936827747956 -0.29101506725560267 41.315514110012977
      vertex 425.87414083334858 -6.5820493077661411 47.948043287555322
      vertex 391.12827552275053 20.85943000065507 41.144667190691401
    endloop
  endfacet
  facet normal -0.18650835499670387 -0.0094740591643510397 0.98240769323095911
    outer loop
      vertex 400.5663853114541 -267.91665739592622 42.776138818785228
      vertex 428.61133934331133 -225.30312053800372 48.511376287563351
      vertex 391.12827552275053 -251.2906210255091 41.144667190691408
    endloop
  endfacet
  facet normal -0.18650835499670407 -0.0094740591643506736 0.98240769323095889
    outer loop
      vertex 391.01267650831159 -233.12799741483417 41.297876077065361
      vertex 391.12827552275053 -251.2906210255091 41.144667190691408
      vertex 428.61133934331133 -225.30312053800372 48.511376287563351
    endloop
  endfacet
  facet normal -0.18650835499670404 -0.0094740591643508714 0.98240769323095889
    outer loop
      vertex 428.61133934331133 -225.30312053800372 48.511376287563351
      vertex 390.94849131710185 -223.0433831559759 41.382943771756914
      vertex 391.01267650831159 -233.12799741483417 41.297876077065361
    endloop
  endfacet
  facet normal -0.18538603433423348 0.0098887196073140175 0.9826160142692334
    outer loop
      vertex 391.06316044939479 -205.79214606054924 41.230967222778425
      vertex 428.61133934331133 -225.30312053800372 48.511376287563351
      vertex 401.52977553894158 -179.65961612431977 42.942670450448361
    endloop
  endfacet
  facet normal -0.18538603433423234 0.009888719607313556 0.98261601426923362
    outer loop
      vertex 391.12827551939154 -195.99601242747019 41.144667190110766
      vertex 391.06316044939479 -205.79214606054924 41.230967222778425
      vertex 401.52977553894158 -179.65961612431977 42.942670450448361
    endloop
  endfacet
  facet normal -0.18538603433423351 0.0098887196073134866 0.9826160142692334
    outer loop
      vertex 428.61133934331133 -225.30312053800372 48.511376287563351
      vertex 390.99105483605587 -216.63997706849563 41.326532310372492
      vertex 390.94849131710185 -223.0433831559759 41.382943771756914
    endloop
  endfacet
  facet normal -0.18538603433423334 0.0098887196073144008 0.98261601426923362
    outer loop
      vertex 428.61133934331133 -225.30312053800372 48.511376287563351
      vertex 391.06316044939479 -205.79214606054924 41.230967222778425
      vertex 390.99105483605587 -216.63997706849563 41.326532310372492
    endloop
  endfacet
  facet normal -0.18460990114483306 -0.0094075481213193087 0.98276685049793988
    outer loop
      vertex 391.12827552275053 -35.463298256234253 41.144667190691408
      vertex 400.32678550712296 -49.864846436057775 42.734721597369671
      vertex 391.0993479001686 -30.890504343745167 41.183006348362753
    endloop
  endfacet
  facet normal -0.18460990114483739 -0.0094075481213214945 0.98276685049793899
    outer loop
      vertex 425.87414083334858 -6.5820493077661411 47.948043287555322
      vertex 391.0993479001686 -30.890504343745167 41.183006348362753
      vertex 400.32678550712296 -49.864846436057775 42.734721597369671
    endloop
  endfacet
  facet normal -0.18460990114483727 -0.0094075481213207798 0.98276685049793899
    outer loop
      vertex 390.95344273993794 -7.8262436492115741 41.376381414955141
      vertex 390.98573664082846 -12.931168984307305 41.333580768114672
      vertex 425.87414083334858 -6.5820493077661411 47.948043287555322
    endloop
  endfacet
  facet normal -0.18460990114483705 -0.0094075481213219507 0.98276685049793899
    outer loop
      vertex 391.0993479001686 -30.890504343745167 41.183006348362753
      vertex 425.87414083334858 -6.5820493077661411 47.948043287555322
      vertex 390.98573664082846 -12.931168984307305 41.333580768114672
    endloop
  endfacet
  facet normal -0.19541000471450665 0.0037965096126617135 0.98071428896097845
    outer loop
      vertex 391.06092985097956 -129.52988838523473 41.23392362098383
      vertex 391.05039925303947 -133.67720380547649 41.247880324603464
      vertex 440.96227964351749 -142.61034933203899 51.227540726661218
    endloop
  endfacet
  facet normal -0.19541000471450667 0.0037965096126616133 0.98071428896097845
    outer loop
      vertex 440.96227964351749 -142.61034933203899 51.227540726661218
      vertex 433.55586214668944 -96.303402947234758 49.572529819483265
      vertex 391.06092985097956 -129.52988838523473 41.23392362098383
    endloop
  endfacet
  facet normal -0.1975887027740196 -0.0089011750034214635 0.98024459887297444
    outer loop
      vertex 401.52977553894158 -179.65961612431977 42.942670450448361
      vertex 440.96227964351749 -142.61034933203899 51.227540726661218
      vertex 391.12827552275058 -146.7722826140992 41.144667190691401
    endloop
  endfacet
  facet normal -0.19758870277401952 -0.0089011750034227611 0.98024459887297444
    outer loop
      vertex 391.06330938753376 -135.84807343315731 41.23076990771618
      vertex 391.12827552275058 -146.7722826140992 41.144667190691401
      vertex 440.96227964351749 -142.61034933203899 51.227540726661218
    endloop
  endfacet
  facet normal -0.19758870277401883 -0.0089011750034174286 0.98024459887297466
    outer loop
      vertex 440.96227964351749 -142.61034933203899 51.227540726661218
      vertex 391.05039925303947 -133.67720380547649 41.247880324603464
      vertex 391.06330938753376 -135.84807343315731 41.23076990771618
    endloop
  endfacet
  facet normal -0.1895767833501136 -0.0039508907308473491 0.98185794984664498
    outer loop
      vertex 391.04256361740556 -122.59933748370983 41.25826526616482
      vertex 433.55586214668944 -96.303402947234758 49.572529819483265
      vertex 391.00024532327598 -106.63040785256727 41.314351719395539
    endloop
  endfacet
  facet normal -0.18957678335011233 -0.0039508907308495201 0.98185794984664521
    outer loop
      vertex 433.55586214668944 -96.303402947234758 49.572529819483265
      vertex 391.04256361740556 -122.59933748370983 41.25826526616482
      vertex 391.06092985097956 -129.52988838523473 41.23392362098383
    endloop
  endfacet
  facet normal -0.18957678335011324 -0.0039508907308467506 0.98185794984664521
    outer loop
      vertex 390.95411873403663 -89.224407142070206 41.375485487740242
      vertex 390.96604836741824 -93.72608850505344 41.359674575734459
      vertex 433.55586214668944 -96.303402947234758 49.572529819483265
    endloop
  endfacet
  facet normal -0.18957678335011333 -0.0039508907308485677 0.98185794984664498
    outer loop
      vertex 391.00024532327598 -106.63040785256727 41.314351719395539
      vertex 433.55586214668944 -96.303402947234758 49.572529819483265
      vertex 390.96604836741824 -93.72608850505344 41.359674575734459
    endloop
  endfacet
  facet normal -0.14370524263856874 -0.016809054981286847 0.98947777080075228
    outer loop
      vertex 400.5663853114541 -267.91665739592622 42.776138818785228
      vertex 390.98852509105853 -271.16771314129892 41.329885104016732
      vertex 391.13525629275023 -283.86977413830868 41.135415248896166
    endloop
  endfacet
  facet normal -0.14370524263856901 -0.016809054981286018 0.98947777080075239
    outer loop
      vertex 390.94917529835061 -267.76132471516473 41.382037259786614
      vertex 390.98852509105853 -271.16771314129892 41.329885104016732
      vertex 400.5663853114541 -267.91665739592622 42.776138818785228
    endloop
  endfacet
  facet normal -0.1428810708460885 0.017091533544833133 0.98959227921147441
    outer loop
      vertex 390.99366543601923 39.425662873042292 41.323072359648037
      vertex 390.95315011559433 35.977938577508397 41.376769244919629
      vertex 400.10137849224924 36.086052587103154 42.695757741494631
    endloop
  endfacet
  facet normal -0.1428810708460875 0.017091533544835936 0.98959227921147452
    outer loop
      vertex 400.10137849224924 36.086052587103154 42.695757741494631
      vertex 391.13490902074568 51.445040568744105 41.135875504610027
      vertex 390.99366543601923 39.425662873042292 41.323072359648037
    endloop
  endfacet
  facet normal -0.14319142495175299 0.015818363680022738 0.98956859044271051
    outer loop
      vertex 390.98965238921471 -264.03890515534562 41.328391040049226
      vertex 400.5663853114541 -267.91665739592622 42.776138818785228
      vertex 391.04533663796519 -258.91797795518403 41.254590009367305
    endloop
  endfacet
  facet normal -0.14319142495175602 0.015818363680019501 0.98956859044271028
    outer loop
      vertex 391.1008775357829 -253.81023888105653 41.180979049339776
      vertex 391.04533663796519 -258.91797795518403 41.254590009367305
      vertex 400.5663853114541 -267.91665739592622 42.776138818785228
    endloop
  endfacet
  facet normal -0.14319142495176018 0.015818363680004659 0.98956859044270984
    outer loop
      vertex 400.5663853114541 -267.91665739592622 42.776138818785228
      vertex 390.98965238921471 -264.03890515534562 41.328391040049226
      vertex 390.98690472897454 -264.29158992105749 41.332032645259979
    endloop
  endfacet
  facet normal -0.14319142495175338 0.015818363680021277 0.98956859044271051
    outer loop
      vertex 400.5663853114541 -267.91665739592622 42.776138818785228
      vertex 391.12827552275053 -251.2906210255091 41.144667190691408
      vertex 391.1008775357829 -253.81023888105653 41.180979049339776
    endloop
  endfacet
  facet normal -0.1431914249517548 0.015818363680017503 0.98956859044271017
    outer loop
      vertex 400.5663853114541 -267.91665739592622 42.776138818785228
      vertex 390.98683807629516 -264.29771954233513 41.332120983236045
      vertex 390.97016616401385 -265.83092884791785 41.354217064021391
    endloop
  endfacet
  facet normal -0.14319142495142298 0.015818363680909487 0.98956859044274414
    outer loop
      vertex 400.5663853114541 -267.91665739592622 42.776138818785228
      vertex 390.98690472897454 -264.29158992105749 41.332032645259979
      vertex 390.98683807629516 -264.29771954233513 41.332120983236045
    endloop
  endfacet
  facet normal -0.14319142495175435 0.015818363680002057 0.98956859044271062
    outer loop
      vertex 390.95404737966078 -267.3132705102081 41.375580057972826
      vertex 390.94917529835061 -267.76132471516473 41.382037259786614
      vertex 400.5663853114541 -267.91665739592622 42.776138818785228
    endloop
  endfacet
  facet normal -0.14319142495175274 0.015818363680027241 0.98956859044271051
    outer loop
      vertex 390.97016616401385 -265.83092884791785 41.354217064021391
      vertex 390.95404737966078 -267.3132705102081 41.375580057972826
      vertex 400.5663853114541 -267.91665739592622 42.776138818785228
    endloop
  endfacet
  facet normal -0.14248878858482944 -0.016843852021170141 0.98965308556923959
    outer loop
      vertex 390.99401552679939 32.45004341556912 41.322608365821665
      vertex 400.10137849224924 36.086052587103154 42.695757741494631
      vertex 390.99194566219302 32.628734027397115 41.3253516561347
    endloop
  endfacet
  facet normal -0.14248878858481162 -0.016843852021217787 0.98965308556924136
    outer loop
      vertex 390.9716095340633 34.384344112446463 41.35230409695135
      vertex 390.99194566219302 32.628734027397115 41.3253516561347
      vertex 400.10137849224924 36.086052587103154 42.695757741494631
    endloop
  endfacet
  facet normal -0.14248878858482009 -0.016843852021212715 0.98965308556924025
    outer loop
      vertex 391.11320778981371 22.160221544738473 41.164637175683396
      vertex 391.12827552275053 20.85943000065507 41.144667190691401
      vertex 400.10137849224924 36.086052587103154 42.695757741494631
    endloop
  endfacet
  facet normal -0.14248878858481001 -0.016843852021218842 0.98965308556924148
    outer loop
      vertex 390.99755705702523 32.144304479360173 41.317914606852241
      vertex 391.05342523866869 27.321223810518259 41.24386980406419
      vertex 400.10137849224924 36.086052587103154 42.695757741494631
    endloop
  endfacet
  facet normal -0.14248878858480868 -0.016843852021220195 0.98965308556924159
    outer loop
      vertex 391.11320778981371 22.160221544738473 41.164637175683396
      vertex 400.10137849224924 36.086052587103154 42.695757741494631
      vertex 391.05342523866869 27.321223810518259 41.24386980406419
    endloop
  endfacet
  facet normal -0.14248878858481354 -0.01684385202121055 0.98965308556924114
    outer loop
      vertex 400.10137849224924 36.086052587103154 42.695757741494631
      vertex 390.99401552679939 32.45004341556912 41.322608365821665
      vertex 390.99755705702523 32.144304479360173 41.317914606852241
    endloop
  endfacet
  facet normal -0.14248878858481273 -0.01684385202110036 0.98965308556924325
    outer loop
      vertex 390.95340212804695 35.956182439830343 41.376435240792993
      vertex 400.10137849224924 36.086052587103154 42.695757741494631
      vertex 390.95315011559433 35.977938577508397 41.376769244919629
    endloop
  endfacet
  facet normal -0.14248878858481076 -0.016843852021222589 0.98965308556924159
    outer loop
      vertex 390.95340212804695 35.956182439830343 41.376435240792993
      vertex 390.9716095340633 34.384344112446463 41.35230409695135
      vertex 400.10137849224924 36.086052587103154 42.695757741494631
    endloop
  endfacet
  facet normal -0.1469438332887413 -0.015293261222001083 0.9890266053143395
    outer loop
      vertex 390.9771584577029 -181.59159013415106 41.344949843276524
      vertex 391.12110437806137 -195.31246158457839 41.154171450716333
      vertex 401.52977553894158 -179.65961612431977 42.942670450448361
    endloop
  endfacet
  facet normal -0.14694383328875654 -0.015293261221990704 0.98902660531433728
    outer loop
      vertex 391.12827551939154 -195.99601242747019 41.144667190110766
      vertex 401.52977553894158 -179.65961612431977 42.942670450448361
      vertex 391.12110437806137 -195.31246158457839 41.154171450716333
    endloop
  endfacet
  facet normal -0.14694383328874042 -0.015293261221998766 0.98902660531433972
    outer loop
      vertex 401.52977553894158 -179.65961612431977 42.942670450448361
      vertex 390.94520009877635 -178.54533127870729 41.387305780351184
      vertex 390.95323052996218 -179.31078898475866 41.376662666955582
    endloop
  endfacet
  facet normal -0.14694383328874056 -0.015293261222005172 0.9890266053143395
    outer loop
      vertex 401.52977553894158 -179.65961612431977 42.942670450448361
      vertex 390.95323052996218 -179.31078898475866 41.376662666955582
      vertex 390.9771584577029 -181.59159013415106 41.344949843276524
    endloop
  endfacet
  facet normal -0.14694383328874122 -0.01529326122200818 0.98902660531433928
    outer loop
      vertex 390.94301981956443 -178.33750787726407 41.390195408361109
      vertex 390.94520009877635 -178.54533127870729 41.387305780351184
      vertex 401.52977553894158 -179.65961612431977 42.942670450448361
    endloop
  endfacet
  facet normal -0.14343161458855058 0.017637447598878142 0.98950305324375742
    outer loop
      vertex 400.32678550712296 -49.864846436057775 42.734721597369671
      vertex 390.99068120877268 -46.813095487749671 41.32702749642791
      vertex 390.94228894328387 -50.804847653915672 41.391164073548879
    endloop
  endfacet
  facet normal -0.14343161458854722 0.017637447598888533 0.98950305324375776
    outer loop
      vertex 390.99068120877268 -46.813095487749671 41.32702749642791
      vertex 400.32678550712296 -49.864846436057775 42.734721597369671
      vertex 391.01161389565254 -45.08641256948642 41.299284408295016
    endloop
  endfacet
  facet normal -0.14343161458855161 0.017637447598879859 0.98950305324375731
    outer loop
      vertex 391.12827552275053 -35.463298256234253 41.144667190691408
      vertex 391.01161389565254 -45.08641256948642 41.299284408295016
      vertex 400.32678550712296 -49.864846436057775 42.734721597369671
    endloop
  endfacet
  facet normal -0.14404167317589556 0.0085424147286219526 0.98953475105187316
    outer loop
      vertex 391.02194839511395 -164.88907836026249 41.285587603340332
      vertex 390.95520369662887 -176.26152955376503 41.374047535078404
      vertex 401.52977553894158 -179.65961612431977 42.942670450448361
    endloop
  endfacet
  facet normal -0.14404167317589678 0.0085424147286210748 0.98953475105187305
    outer loop
      vertex 401.52977553894158 -179.65961612431977 42.942670450448361
      vertex 391.09861322236679 -151.82636287901886 41.18398005188785
      vertex 391.02194839511395 -164.88907836026249 41.285587603340332
    endloop
  endfacet
  facet normal -0.14404167317589148 0.0085424147286230993 0.98953475105187383
    outer loop
      vertex 391.09861322236679 -151.82636287901886 41.18398005188785
      vertex 401.52977553894158 -179.65961612431977 42.942670450448361
      vertex 391.12827552275058 -146.7722826140992 41.144667190691401
    endloop
  endfacet
  facet normal -0.1440416731758967 0.0085424147286183427 0.98953475105187305
    outer loop
      vertex 390.95520369662887 -176.26152955376503 41.374047535078404
      vertex 390.94301981956443 -178.33750787726407 41.390195408361109
      vertex 401.52977553894158 -179.65961612431977 42.942670450448361
    endloop
  endfacet
  facet normal -0.1398164715140508 -0.019153416599106195 0.98999217215387192
    outer loop
      vertex 390.97865241089892 -53.561333918999182 41.342969835864054
      vertex 391.09577646356905 -62.439773288798648 41.187739743598208
      vertex 400.32678550712296 -49.864846436057775 42.734721597369671
    endloop
  endfacet
  facet normal -0.13981647151405235 -0.019153416599105022 0.9899921721538717
    outer loop
      vertex 391.12827552275053 -64.903323003312792 41.144667190691408
      vertex 400.32678550712296 -49.864846436057775 42.734721597369671
      vertex 391.09577646356905 -62.439773288798648 41.187739743598208
    endloop
  endfacet
  facet normal -0.13981647151405852 -0.019153416599035779 0.98999217215387203
    outer loop
      vertex 390.94482829851086 -50.997340236845446 41.387798544972959
      vertex 400.32678550712296 -49.864846436057775 42.734721597369671
      vertex 390.94228894328387 -50.804847653915672 41.391164073548879
    endloop
  endfacet
  facet normal -0.13981647151404988 -0.019153416599108585 0.98999217215387192
    outer loop
      vertex 390.94482829851086 -50.997340236845446 41.387798544972959
      vertex 390.97865241089892 -53.561333918999182 41.342969835864054
      vertex 400.32678550712296 -49.864846436057775 42.734721597369671
    endloop
  endfacet
  facet normal 0.11959331754502547 0.049104487266977435 0.99160788002557831
    outer loop
      vertex 197.42891747879548 38.426979167739773 89.009471584471356
      vertex 245.77028934688062 36.898410608803886 83.254933348151667
      vertex 220.42553017632045 80 84.177255974427013
    endloop
  endfacet
  facet normal 0.11001893616649271 0.046706087935138293 0.99283149377655644
    outer loop
      vertex 221.54853832709034 -227.65848906691539 84.089657914118078
      vertex 198.79833513774309 -270.67338887779732 88.634246672467043
      vertex 246.91220749525544 -268.90032322012109 83.219178711945546
    endloop
  endfacet
  facet normal 0.0042262783713170439 -0.00040872523551831229 0.99999098571677625
    outer loop
      vertex 298.43028381451325 -175.57570109438063 83.057355819721565
      vertex 244.95921414729204 -182.94619006360244 83.280328950050446
      vertex 272.27272299909748 -223.70489092008333 83.148234157998431
    endloop
  endfacet
  facet normal 0.0063773022177178772 0.0022638207055152748 0.99997710230396641
    outer loop
      vertex 294.12502873597589 -57.220494428255591 83.093774313936137
      vertex 269.93752844078642 -8.3243451124138801 83.137334195389457
      vertex 240.54217299027209 -49.770810773278725 83.41863106907843
    endloop
  endfacet
  facet normal 0.021117040632595067 0.0091799131418745499 0.99973486474646311
    outer loop
      vertex 246.91220749525544 -268.90032322012109 83.219178711945546
      vertex 220.45940583662798 -312 84.173687962751131
      vertex 270.85445675746354 -312 83.109211394509344
    endloop
  endfacet
  facet normal -0.02238076472654655 0.014750509935687415 0.99964069736425409
    outer loop
      vertex 296.62121276791339 35.585930275854594 83.072658895205478
      vertex 348.33514664276572 35.474277863470149 84.232119809723585
      vertex 322.74122714403387 80 83.002089259004833
    endloop
  endfacet
  facet normal 0.11344764603768717 -0.047651227565455062 0.9924006207777244
    outer loop
      vertex 246.91220749525544 -268.90032322012109 83.219178711945546
      vertex 198.79833513774309 -270.67338887779732 88.634246672467043
      vertex 220.45940583662798 -312 84.173687962751131
    endloop
  endfacet
  facet normal 0.021208708417598622 -0.0089219179348889802 0.99973525999017376
    outer loop
      vertex 245.77028934688062 36.898410608803886 83.254933348151667
      vertex 270.79282636780738 80 83.10874779885404
      vertex 220.42553017632045 80 84.177255974427013
    endloop
  endfacet
  facet normal 0.017874906480716688 0.0087382022861194272 0.99980204617669799
    outer loop
      vertex 244.95921414729204 -182.94619006360244 83.280328950050446
      vertex 221.54853832709034 -227.65848906691539 84.089657914118078
      vertex 272.27272299909748 -223.70489092008333 83.148234157998431
    endloop
  endfacet
  facet normal 8.7978815696178127e-05 0.0014194316770632226 0.99999898873620963
    outer loop
      vertex 269.93752844078642 -8.3243451124138801 83.137334195389457
      vertex 321.66341663349908 -10.080241568354921 83.13527578597504
      vertex 296.62121276791339 35.585930275854594 83.072658895205478
    endloop
  endfacet
  facet normal 9.716246609490534e-06 -0.00088605858007842573 0.99999960740281657
    outer loop
      vertex 294.12502873597589 -57.220494428255591 83.093774313936137
      vertex 321.66341663349908 -10.080241568354921 83.13527578597504
      vertex 269.93752844078642 -8.3243451124138801 83.137334195389457
    endloop
  endfacet
  facet normal -0.024484475286749234 0.011350128423922709 0.99963577619785748
    outer loop
      vertex 323.84083930040111 -221.30037024222227 83.18022575282194
      vertex 297.6917385285243 -267.43790708902793 83.063603232879288
      vertex 349.12612851086158 -267.08581841278988 84.319408425741031
    endloop
  endfacet
  facet normal -0.022437288098834326 -0.010933295677169282 0.99968846704781267
    outer loop
      vertex 321.66341663349908 -10.080241568354921 83.13527578597504
      vertex 348.33514664276572 35.474277863470149 84.232119809723585
      vertex 296.62121276791339 35.585930275854594 83.072658895205478
    endloop
  endfacet
  facet normal -0.024302583373796413 -0.015062215651726316 0.99959117348094895
    outer loop
      vertex 297.6917385285243 -267.43790708902793 83.063603232879288
      vertex 322.7925863757381 -312 83.002389801447762
      vertex 349.12612851086158 -267.08581841278988 84.319408425741031
    endloop
  endfacet
  facet normal 0.0020531586283488389 0.00038143204487711316 0.99999781952224365
    outer loop
      vertex 296.62121276791339 35.585930275854594 83.072658895205478
      vertex 322.74122714403387 80 83.002089259004833
      vertex 270.79282636780738 80 83.10874779885404
    endloop
  endfacet
  facet normal 0.0036177897163522242 0.0012913257821110841 0.99999262201042893
    outer loop
      vertex 296.62121276791339 35.585930275854594 83.072658895205478
      vertex 270.79282636780738 80 83.10874779885404
      vertex 245.77028934688062 36.898410608803886 83.254933348151667
    endloop
  endfacet
  facet normal 0.0020567041101464357 -0.00021516681522665905 0.99999786183343675
    outer loop
      vertex 297.6917385285243 -267.43790708902793 83.063603232879288
      vertex 270.85445675746354 -312 83.109211394509344
      vertex 322.7925863757381 -312 83.002389801447762
    endloop
  endfacet
  facet normal 0.0030878087055946973 -0.00083614708362970741 0.9999948831346348
    outer loop
      vertex 297.6917385285243 -267.43790708902793 83.063603232879288
      vertex 246.91220749525544 -268.90032322012109 83.219178711945546
      vertex 270.85445675746354 -312 83.109211394509344
    endloop
  endfacet
  facet normal 0.11663260588936721 -0.04635431372025945 0.99209279447185761
    outer loop
      vertex 218.96565982518644 -4.1061520004320471 84.490256735936313
      vertex 245.77028934688062 36.898410608803886 83.254933348151667
      vertex 197.42891747879548 38.426979167739773 89.009471584471356
    endloop
  endfacet
  facet normal -0.00051615216836964112 -0.0022351712958355017 0.99999736879464707
    outer loop
      vertex 272.27272299909748 -223.70489092008333 83.148234157998431
      vertex 297.6917385285243 -267.43790708902793 83.063603232879288
      vertex 323.84083930040111 -221.30037024222227 83.18022575282194
    endloop
  endfacet
  facet normal 0.025591519148158468 -0.01136611353390108 0.99960786592084383
    outer loop
      vertex 240.54217299027209 -49.770810773278725 83.41863106907843
      vertex 269.93752844078642 -8.3243451124138801 83.137334195389457
      vertex 218.96565982518644 -4.1061520004320471 84.490256735936313
    endloop
  endfacet
  facet normal -0.018293581543258063 0.0098065492940126609 0.99978456502651825
    outer loop
      vertex 346.53481352415173 -55.252937190953332 84.033444476403375
      vertex 321.66341663349908 -10.080241568354921 83.13527578597504
      vertex 294.12502873597589 -57.220494428255591 83.093774313936137
    endloop
  endfacet
  facet normal 0.0030681036178435588 -0.00015188415731663582 0.99999528182456587
    outer loop
      vertex 272.27272299909748 -223.70489092008333 83.148234157998431
      vertex 246.91220749525544 -268.90032322012109 83.219178711945546
      vertex 297.6917385285243 -267.43790708902793 83.063603232879288
    endloop
  endfacet
  facet normal 0.019276165178823641 -0.0092470660448301118 0.99977143449168493
    outer loop
      vertex 272.27272299909748 -223.70489092008333 83.148234157998431
      vertex 221.54853832709034 -227.65848906691539 84.089657914118078
      vertex 246.91220749525544 -268.90032322012109 83.219178711945546
    endloop
  endfacet
  facet normal 0.0003042859393770558 -0.0018354186837408768 0.99999826932266356
    outer loop
      vertex 268.0040747878806 -141.96199489742898 83.128309434498391
      vertex 298.43028381451325 -175.57570109438063 83.057355819721565
      vertex 322.89658456651483 -115.19621626205921 83.160732881902391
    endloop
  endfacet
  facet normal 0.16220872034311096 0.053521074709223113 0.98530392550046209
    outer loop
      vertex 190.26371024848038 -42.684246069258421 91.31094159576125
      vertex 240.54217299027209 -49.770810773278725 83.41863106907843
      vertex 218.96565982518644 -4.1061520004320471 84.490256735936313
    endloop
  endfacet
  facet normal 0.13733978342330513 -0.054006389773318023 0.98905060222058017
    outer loop
      vertex 193.48820188266237 -189.14285640109716 90.089240530878413
      vertex 221.54853832709034 -227.65848906691539 84.089657914118078
      vertex 244.95921414729204 -182.94619006360244 83.280328950050446
    endloop
  endfacet
  facet normal 0.0035665389045737112 -0.00069445078069869969 0.99999339874738935
    outer loop
      vertex 269.93752844078642 -8.3243451124138801 83.137334195389457
      vertex 296.62121276791339 35.585930275854594 83.072658895205478
      vertex 245.77028934688062 36.898410608803886 83.254933348151667
    endloop
  endfacet
  facet normal 0.027533064075683126 0.012114525016114229 0.99954748194682486
    outer loop
      vertex 269.93752844078642 -8.3243451124138801 83.137334195389457
      vertex 245.77028934688062 36.898410608803886 83.254933348151667
      vertex 218.96565982518644 -4.1061520004320471 84.490256735936313
    endloop
  endfacet
  facet normal 0.14740118562776744 -0.054090293855086388 0.98759664366896194
    outer loop
      vertex 209.17616693995052 -87.957993782025397 86.008585729395634
      vertex 240.54217299027209 -49.770810773278725 83.41863106907843
      vertex 190.26371024848038 -42.684246069258421 91.31094159576125
    endloop
  endfacet
  facet normal -0.0176406711402581 -0.0075997904988821374 0.99981550793438601
    outer loop
      vertex 322.89658456651483 -115.19621626205921 83.160732881902391
      vertex 346.53481352415173 -55.252937190953332 84.033444476403375
      vertex 294.12502873597589 -57.220494428255591 83.093774313936137
    endloop
  endfacet
  facet normal -0.02805603232969613 0.0096571837444283971 0.99955970199485389
    outer loop
      vertex 322.89658456651483 -115.19621626205921 83.160732881902391
      vertex 298.43028381451325 -175.57570109438063 83.057355819721565
      vertex 350.8173873682926 -173.32648930005695 84.506046894898091
    endloop
  endfacet
  facet normal -0.00087662776221190356 0.00071989755304896919 0.99999935663543282
    outer loop
      vertex 260.58684074246088 -97.940570964384307 83.093688090649593
      vertex 322.89658456651483 -115.19621626205921 83.160732881902391
      vertex 294.12502873597589 -57.220494428255591 83.093774313936137
    endloop
  endfacet
  facet normal 0.0039660553098083166 0.0014791302231003528 0.99999104124940164
    outer loop
      vertex 268.0040747878806 -141.96199489742898 83.128309434498391
      vertex 244.95921414729204 -182.94619006360244 83.280328950050446
      vertex 298.43028381451325 -175.57570109438063 83.057355819721565
    endloop
  endfacet
  facet normal -0.00072683658787175563 0.0022832370550444694 0.99999712926444184
    outer loop
      vertex 298.43028381451325 -175.57570109438063 83.057355819721565
      vertex 272.27272299909748 -223.70489092008333 83.148234157998431
      vertex 323.84083930040111 -221.30037024222227 83.18022575282194
    endloop
  endfacet
  facet normal -0.027109781405200536 -0.012379734191555537 0.99955580231096075
    outer loop
      vertex 298.43028381451325 -175.57570109438063 83.057355819721565
      vertex 323.84083930040111 -221.30037024222227 83.18022575282194
      vertex 350.8173873682926 -173.32648930005695 84.506046894898091
    endloop
  endfacet
  facet normal 0.0054393905724455863 -0.004482150827289701 0.99997516136860209
    outer loop
      vertex 260.58684074246088 -97.940570964384307 83.093688090649593
      vertex 294.12502873597589 -57.220494428255591 83.093774313936137
      vertex 240.54217299027209 -49.770810773278725 83.41863106907843
    endloop
  endfacet
  facet normal 0.060138096335789329 0.018292550604643337 0.99802244061017176
    outer loop
      vertex 209.17616693995052 -87.957993782025397 86.008585729395634
      vertex 260.58684074246088 -97.940570964384307 83.093688090649593
      vertex 240.54217299027209 -49.770810773278725 83.41863106907843
    endloop
  endfacet
  facet normal 0.12562863114382777 0.04545047730503806 0.99103567097742362
    outer loop
      vertex 216.95694668269624 -138.7211161443152 84.801803762890628
      vertex 193.48820188266237 -189.14285640109716 90.089240530878413
      vertex 244.95921414729204 -182.94619006360244 83.280328950050446
    endloop
  endfacet
  facet normal -0.0009001969738368417 0.00063478980702918021 0.99999939334347066
    outer loop
      vertex 268.0040747878806 -141.96199489742898 83.128309434498391
      vertex 322.89658456651483 -115.19621626205921 83.160732881902391
      vertex 260.58684074246088 -97.940570964384307 83.093688090649593
    endloop
  endfacet
  facet normal 0.031861313613731707 -0.014208222156421193 0.99939130630497341
    outer loop
      vertex 216.95694668269624 -138.7211161443152 84.801803762890628
      vertex 244.95921414729204 -182.94619006360244 83.280328950050446
      vertex 268.0040747878806 -141.96199489742898 83.128309434498391
    endloop
  endfacet
  facet normal 0.053596251756469766 -0.015520740386686735 0.99844206062019758
    outer loop
      vertex 216.95694668269624 -138.7211161443152 84.801803762890628
      vertex 260.58684074246088 -97.940570964384307 83.093688090649593
      vertex 209.17616693995052 -87.957993782025397 86.008585729395634
    endloop
  endfacet
  facet normal 0.03316933524848039 0.0063747668080752599 0.99942941599060242
    outer loop
      vertex 216.95694668269624 -138.7211161443152 84.801803762890628
      vertex 268.0040747878806 -141.96199489742898 83.128309434498391
      vertex 260.58684074246088 -97.940570964384307 83.093688090649593
    endloop
  endfacet
  facet normal 0.28156066435355859 0.044120058758222322 0.95852856645170137
    outer loop
      vertex 220.45940583662798 -312 84.173687962751131
      vertex 198.79833513774309 -270.67338887779732 88.634246672467043
      vertex 187.74616121526611 -291.29533680932366 92.829947382253124
    endloop
  endfacet
  facet normal 0.28156066435355853 0.044120058758222197 0.95852856645170137
    outer loop
      vertex 187.74616121526611 -291.29533680932366 92.829947382253124
      vertex 188.16382812560113 -312 93.660274627204899
      vertex 220.45940583662798 -312 84.173687962751131
    endloop
  endfacet
  facet normal 0.281607050564401 -0.044363185809302957 0.95850371768567932
    outer loop
      vertex 220.42553017632045 80 84.177255974427013
      vertex 187.71319954067474 57.882691424360573 92.764420036056691
      vertex 197.42891747879548 38.426979167739773 89.009471584471356
    endloop
  endfacet
  facet normal 0.28160705056440055 -0.044363185809302368 0.95850371768567921
    outer loop
      vertex 187.71319954067474 57.882691424360573 92.764420036056691
      vertex 220.42553017632045 80 84.177255974427013
      vertex 188.16182253412319 80 93.656288117702161
    endloop
  endfacet
  facet normal 0.30797533851758502 0.055025984585996134 0.94980173293446912
    outer loop
      vertex 197.42891747879548 38.426979167739773 89.009471584471356
      vertex 187.83653912776691 23.068244238218796 93.00961745660058
      vertex 188.04667182148589 14.681444454443765 93.427363828698958
    endloop
  endfacet
  facet normal 0.30797533851758457 0.055025984585996349 0.94980173293446923
    outer loop
      vertex 188.04667182148589 14.681444454443765 93.427363828698958
      vertex 218.96565982518644 -4.1061520004320471 84.490256735936313
      vertex 197.42891747879548 38.426979167739773 89.009471584471356
    endloop
  endfacet
  facet normal 0.30797533851758491 0.055025984585996938 0.94980173293446923
    outer loop
      vertex 188.47495218127324 -2.4121890369293597 94.278798603123434
      vertex 218.96565982518644 -4.1061520004320471 84.490256735936313
      vertex 188.04667182148589 14.681444454443765 93.427363828698958
    endloop
  endfacet
  facet normal 0.28922105408409227 -0.051979485536809207 0.95585004836418508
    outer loop
      vertex 221.54853832709034 -227.65848906691539 84.089657914118078
      vertex 188.33670751830601 -230.13969714049011 94.0039627903096
      vertex 188.13635971062638 -238.57873935773637 93.605665725401906
    endloop
  endfacet
  facet normal 0.28922105408409199 -0.051979485536810525 0.9558500483641853
    outer loop
      vertex 198.79833513774309 -270.67338887779732 88.634246672467043
      vertex 221.54853832709034 -227.65848906691539 84.089657914118078
      vertex 187.81184720005115 -252.24775259129731 92.960530616229022
    endloop
  endfacet
  facet normal 0.28922105408409327 -0.051979485536812434 0.95585004836418486
    outer loop
      vertex 188.13635971062638 -238.57873935773637 93.605665725401906
      vertex 187.81184720005115 -252.24775259129731 92.960530616229022
      vertex 221.54853832709034 -227.65848906691539 84.089657914118078
    endloop
  endfacet
  facet normal 0.30231984100236203 -0.056694282499621391 0.95151903400203164
    outer loop
      vertex 187.83465764643222 -27.190301066729919 93.005882877872352
      vertex 187.59393628664847 -36.505798566890846 92.527321138788977
      vertex 190.26371024848038 -42.684246069258421 91.31094159576125
    endloop
  endfacet
  facet normal 0.30231984100236953 -0.056694282499617943 0.95151903400202953
    outer loop
      vertex 187.83465764643222 -27.190301066729919 93.005882877872352
      vertex 218.96565982518644 -4.1061520004320471 84.490256735936313
      vertex 188.03753312235389 -19.339395306704048 93.409204486478288
    endloop
  endfacet
  facet normal 0.30231984100237069 -0.05669428249961974 0.95151903400202908
    outer loop
      vertex 218.96565982518644 -4.1061520004320471 84.490256735936313
      vertex 187.83465764643222 -27.190301066729919 93.005882877872352
      vertex 190.26371024848038 -42.684246069258421 91.31094159576125
    endloop
  endfacet
  facet normal 0.30231984100237036 -0.056694282499619025 0.95151903400202931
    outer loop
      vertex 188.47495218127324 -2.4121890369293597 94.278798603123434
      vertex 188.21057892106194 -12.642878355979283 93.753221824775324
      vertex 218.96565982518644 -4.1061520004320471 84.490256735936313
    endloop
  endfacet
  facet normal 0.3023198410023708 -0.056694282499620892 0.95151903400202908
    outer loop
      vertex 188.03753312235389 -19.339395306704048 93.409204486478288
      vertex 218.96565982518644 -4.1061520004320471 84.490256735936313
      vertex 188.21057892106194 -12.642878355979283 93.753221824775324
    endloop
  endfacet
  facet normal 0.28174649326255258 0.056060423718005917 0.95784974940061041
    outer loop
      vertex 221.54853832709034 -227.65848906691539 84.089657914118078
      vertex 193.48820188266237 -189.14285640109716 90.089240530878413
      vertex 187.63040464114655 -202.59882050780635 92.599823095525267
    endloop
  endfacet
  facet normal 0.28174649326255197 0.056060423718004938 0.95784974940061074
    outer loop
      vertex 187.63040464114655 -202.59882050780635 92.599823095525267
      vertex 188.33670751830601 -230.13969714049011 94.0039627903096
      vertex 221.54853832709034 -227.65848906691539 84.089657914118078
    endloop
  endfacet
  facet normal 0.35963901369950629 0.041058366298516183 0.93218774417074535
    outer loop
      vertex 187.68985574590658 -52.085262686839762 92.718006735564799
      vertex 190.26371024848038 -42.684246069258421 91.31094159576125
      vertex 187.60341293564773 -47.426441325178232 92.546157890774367
    endloop
  endfacet
  facet normal 0.35963901369951551 0.041058366298513158 0.93218774417074213
    outer loop
      vertex 190.26371024848038 -42.684246069258421 91.31094159576125
      vertex 187.68985574590658 -52.085262686839762 92.718006735564799
      vertex 209.17616693995052 -87.957993782025397 86.008585729395634
    endloop
  endfacet
  facet normal 0.35963901369954432 0.041058366298643373 0.93218774417072536
    outer loop
      vertex 188.24834771688327 -82.185364243936448 93.828303990838506
      vertex 188.25311466656518 -82.442280408723505 93.837780812407075
      vertex 209.17616693995052 -87.957993782025397 86.008585729395634
    endloop
  endfacet
  facet normal 0.35963901369951495 0.041058366298511603 0.93218774417074235
    outer loop
      vertex 209.17616693995052 -87.957993782025397 86.008585729395634
      vertex 187.95326065344273 -66.281619828961567 93.241665787669277
      vertex 188.24834771688327 -82.185364243936448 93.828303990838506
    endloop
  endfacet
  facet normal 0.35963901369951773 0.041058366298514656 0.93218774417074113
    outer loop
      vertex 187.95326065344273 -66.281619828961567 93.241665787669277
      vertex 209.17616693995052 -87.957993782025397 86.008585729395634
      vertex 187.68985574590658 -52.085262686839762 92.718006735564799
    endloop
  endfacet
  facet normal 0.3475369422256025 -0.012507107433076184 0.93758287423146536
    outer loop
      vertex 209.17616693995052 -87.957993782025397 86.008585729395634
      vertex 188.25311466656518 -82.442280408723505 93.837780812407075
      vertex 188.1255803726722 -104.99232714250394 93.584242714469156
    endloop
  endfacet
  facet normal 0.31948129342944193 0.026450727706097705 0.947223343331692
    outer loop
      vertex 209.17616693995052 -87.957993782025397 86.008585729395634
      vertex 188.1255803726722 -104.99232714250394 93.584242714469156
      vertex 188.13197089841123 -105.52447525993905 93.596947269957056
    endloop
  endfacet
  facet normal 0.31948129342943521 0.02645072770610574 0.94722334333169411
    outer loop
      vertex 188.22362708369536 -113.15679966512545 93.779162055092939
      vertex 188.3570950899466 -124.27082419658961 94.044499166030391
      vertex 216.95694668269624 -138.7211161443152 84.801803762890628
    endloop
  endfacet
  facet normal 0.31948129342943488 0.026450727706107242 0.94722334333169433
    outer loop
      vertex 188.13197089841123 -105.52447525993905 93.596947269957056
      vertex 188.22362708369536 -113.15679966512545 93.779162055092939
      vertex 209.17616693995052 -87.957993782025397 86.008585729395634
    endloop
  endfacet
  facet normal 0.31948129342943576 0.026450727706106392 0.947223343331694
    outer loop
      vertex 216.95694668269624 -138.7211161443152 84.801803762890628
      vertex 209.17616693995052 -87.957993782025397 86.008585729395634
      vertex 188.22362708369536 -113.15679966512545 93.779162055092939
    endloop
  endfacet
  facet normal 0.33429787101076769 -0.056948049457701502 0.94074537102269662
    outer loop
      vertex 216.95694668269624 -138.7211161443152 84.801803762890628
      vertex 188.47265718692489 -149.45173420712845 94.274238963768113
      vertex 188.4065758580798 -152.00981185755626 94.142867937331516
    endloop
  endfacet
  facet normal 0.33429787101076758 -0.056948049457702127 0.94074537102269662
    outer loop
      vertex 193.48820188266237 -189.14285640109716 90.089240530878413
      vertex 216.95694668269624 -138.7211161443152 84.801803762890628
      vertex 187.67648108313767 -180.27254435050247 92.691424857218891
    endloop
  endfacet
  facet normal 0.33429787101076808 -0.05694804945770255 0.94074537102269651
    outer loop
      vertex 188.4065758580798 -152.00981185755626 94.142867937331516
      vertex 187.67648108313767 -180.27254435050247 92.691424857218891
      vertex 216.95694668269624 -138.7211161443152 84.801803762890628
    endloop
  endfacet
  facet normal 0.31211420631055453 0.010099686243065609 0.94999090446010281
    outer loop
      vertex 188.3570950899466 -124.27082419658961 94.044499166030391
      vertex 188.45128780065954 -144.79536321848968 94.231756244414143
      vertex 216.95694668269624 -138.7211161443152 84.801803762890628
    endloop
  endfacet
  facet normal 0.31211420631055492 0.010099686243063608 0.9499909044601027
    outer loop
      vertex 188.47265718692489 -149.45173420712845 94.274238963768113
      vertex 216.95694668269624 -138.7211161443152 84.801803762890628
      vertex 188.45128780065954 -144.79536321848968 94.231756244414143
    endloop
  endfacet
  facet normal 0.44570679664968088 -0.04552294125575565 0.89402075660451263
    outer loop
      vertex 187.83653912776691 23.068244238218796 93.00961745660058
      vertex 197.42891747879548 38.426979167739773 89.009471584471356
      vertex 187.99227351089985 30.673310338832202 93.31922224179732
    endloop
  endfacet
  facet normal 0.44570679664967949 -0.04552294125575361 0.89402075660451341
    outer loop
      vertex 188.15904519473639 38.817367250179593 93.650769523216027
      vertex 187.99227351089985 30.673310338832202 93.31922224179732
      vertex 197.42891747879548 38.426979167739773 89.009471584471356
    endloop
  endfacet
  facet normal 0.43535303440247769 0.048512862841574911 0.89895174374126974
    outer loop
      vertex 187.81184720005115 -252.24775259129731 92.960530616229022
      vertex 188.04767892645353 -263.05179060971466 93.429370862392773
      vertex 198.79833513774309 -270.67338887779732 88.634246672467043
    endloop
  endfacet
  facet normal 0.43535303440247797 0.048512862841575341 0.89895174374126974
    outer loop
      vertex 188.04767892645353 -263.05179060971466 93.429370862392773
      vertex 188.21691166222936 -270.80476320239865 93.765810402188777
      vertex 198.79833513774309 -270.67338887779732 88.634246672467043
    endloop
  endfacet
  facet normal 0.43535303440247836 0.048512862841562955 0.89895174374127018
    outer loop
      vertex 188.22627116049392 -271.23354509967004 93.784417353582739
      vertex 198.79833513774309 -270.67338887779732 88.634246672467043
      vertex 188.21691166222936 -270.80476320239865 93.765810402188777
    endloop
  endfacet
  facet normal 0.43960341766917849 -0.053178269660688851 0.89661636545931567
    outer loop
      vertex 188.19628043939849 -272.48672684758611 93.724795406569498
      vertex 198.79833513774309 -270.67338887779732 88.634246672467043
      vertex 188.22627116049392 -271.23354509967004 93.784417353582739
    endloop
  endfacet
  facet normal 0.43960341766917782 -0.053178269660697879 0.89661636545931522
    outer loop
      vertex 187.74616121526611 -291.29533680932366 92.829947382253124
      vertex 198.79833513774309 -270.67338887779732 88.634246672467043
      vertex 188.04795255215762 -278.684721144832 93.429916597623986
    endloop
  endfacet
  facet normal 0.43960341766918126 -0.053178269660713262 0.89661636545931278
    outer loop
      vertex 188.16243677597546 -273.90090629160028 93.657513759658769
      vertex 198.79833513774309 -270.67338887779732 88.634246672467043
      vertex 188.19628043939849 -272.48672684758611 93.724795406569498
    endloop
  endfacet
  facet normal 0.43960341766917616 -0.053178269660690745 0.89661636545931656
    outer loop
      vertex 188.14387290605174 -274.67661373290093 93.620608300309158
      vertex 198.79833513774309 -270.67338887779732 88.634246672467043
      vertex 188.16243677597546 -273.90090629160028 93.657513759658769
    endloop
  endfacet
  facet normal 0.4396034176691786 -0.053178269660700224 0.89661636545931489
    outer loop
      vertex 188.12858703250075 -275.31534724638595 93.590219583555808
      vertex 188.08461385989273 -277.15279625140408 93.502800253804622
      vertex 198.79833513774309 -270.67338887779732 88.634246672467043
    endloop
  endfacet
  facet normal 0.43960341766917604 -0.053178269660694714 0.89661636545931656
    outer loop
      vertex 188.04795255215762 -278.684721144832 93.429916597623986
      vertex 198.79833513774309 -270.67338887779732 88.634246672467043
      vertex 188.08461385989273 -277.15279625140408 93.502800253804622
    endloop
  endfacet
  facet normal 0.43960341766918076 -0.053178269660706948 0.89661636545931334
    outer loop
      vertex 198.79833513774309 -270.67338887779732 88.634246672467043
      vertex 188.14387290605174 -274.67661373290093 93.620608300309158
      vertex 188.12858703250075 -275.31534724638595 93.590219583555808
    endloop
  endfacet
  facet normal 0.44884855069515522 0.051970027536870425 0.8920953395106801
    outer loop
      vertex 197.42891747879548 38.426979167739773 89.009471584471356
      vertex 188.12971320467477 40.071663034470397 93.59245718493014
      vertex 188.15904519473639 38.817367250179593 93.650769523216027
    endloop
  endfacet
  facet normal 0.44884855069515633 0.051970027536880264 0.89209533951067899
    outer loop
      vertex 197.42891747879548 38.426979167739773 89.009471584471356
      vertex 188.08784277666459 41.862128026079979 93.509218285790567
      vertex 188.12971320467477 40.071663034470397 93.59245718493014
    endloop
  endfacet
  facet normal 0.44884855069516527 0.051970027536900332 0.89209533951067332
    outer loop
      vertex 187.98780198236619 46.140076650832192 93.310336020139601
      vertex 188.02875998508534 44.388628827633461 93.391761007160682
      vertex 197.42891747879548 38.426979167739773 89.009471584471356
    endloop
  endfacet
  facet normal 0.44884855069515744 0.051970027536884393 0.8920953395106781
    outer loop
      vertex 197.42891747879548 38.426979167739773 89.009471584471356
      vertex 188.02875998508534 44.388628827633461 93.391761007160682
      vertex 188.08784277666459 41.862128026079979 93.509218285790567
    endloop
  endfacet
  facet normal 0.44884855069515639 0.051970027536886017 0.89209533951067865
    outer loop
      vertex 187.71319954067474 57.882691424360573 92.764420036056691
      vertex 187.8866928601951 50.463716230555029 93.109329494124609
      vertex 197.42891747879548 38.426979167739773 89.009471584471356
    endloop
  endfacet
  facet normal 0.44884855069515539 0.051970027536884886 0.89209533951067921
    outer loop
      vertex 187.94095086505646 48.143526086324989 93.217195452592222
      vertex 187.98780198236619 46.140076650832192 93.310336020139601
      vertex 197.42891747879548 38.426979167739773 89.009471584471356
    endloop
  endfacet
  facet normal 0.44884855069516189 0.051970027536892935 0.89209533951067543
    outer loop
      vertex 197.42891747879548 38.426979167739773 89.009471584471356
      vertex 187.9194058164465 49.064841462200761 93.174363347189512
      vertex 187.94095086505646 48.143526086324989 93.217195452592222
    endloop
  endfacet
  facet normal 0.44884855069515078 0.051970027536880514 0.89209533951068176
    outer loop
      vertex 187.9194058164465 49.064841462200761 93.174363347189512
      vertex 197.42891747879548 38.426979167739773 89.009471584471356
      vertex 187.8866928601951 50.463716230555029 93.109329494124609
    endloop
  endfacet
  facet normal 0.50381480497314368 -0.058142408589179864 0.86185271515109951
    outer loop
      vertex 187.68128794957926 -44.456751873328585 92.700975889477192
      vertex 190.26371024848038 -42.684246069258421 91.31094159576125
      vertex 187.7144612228648 -43.191720706257527 92.766925409370799
    endloop
  endfacet
  facet normal 0.50381480497315434 -0.058142408589201611 0.86185271515109174
    outer loop
      vertex 187.68128794957926 -44.456751873328585 92.700975889477192
      vertex 187.60341293564773 -47.426441325178232 92.546157890774367
      vertex 190.26371024848038 -42.684246069258421 91.31094159576125
    endloop
  endfacet
  facet normal 0.50381480497314513 -0.058142408589192021 0.86185271515109774
    outer loop
      vertex 187.7320892907025 -42.51949113644843 92.80197056757811
      vertex 187.7144612228648 -43.191720706257527 92.766925409370799
      vertex 190.26371024848038 -42.684246069258421 91.31094159576125
    endloop
  endfacet
  facet normal 0.49285097772143632 -0.052505307008437425 0.8685281264846717
    outer loop
      vertex 187.85696974454399 -193.02145585061086 93.050239871910037
      vertex 193.48820188266237 -189.14285640109716 90.089240530878413
      vertex 187.94028902269659 -189.49938647456875 93.215880271808004
    endloop
  endfacet
  facet normal 0.4928509777214311 -0.052505307008427163 0.86852812648467526
    outer loop
      vertex 187.82184747680014 -194.50614302482307 92.980416097587849
      vertex 193.48820188266237 -189.14285640109716 90.089240530878413
      vertex 187.85696974454399 -193.02145585061086 93.050239871910037
    endloop
  endfacet
  facet normal 0.4928509777214311 -0.052505307008427538 0.86852812648467526
    outer loop
      vertex 187.72212196680908 -198.72173706022963 92.782159715671938
      vertex 187.63040464114655 -202.59882050780635 92.599823095525267
      vertex 193.48820188266237 -189.14285640109716 90.089240530878413
    endloop
  endfacet
  facet normal 0.4928509777214482 -0.052505307008445627 0.8685281264846646
    outer loop
      vertex 187.81205057525403 -194.92027727659357 92.960939660371338
      vertex 187.77098862070861 -196.65603868912223 92.87930815155616
      vertex 193.48820188266237 -189.14285640109716 90.089240530878413
    endloop
  endfacet
  facet normal 0.49285097772142605 -0.052505307008423562 0.86852812648467848
    outer loop
      vertex 187.72212196680908 -198.72173706022963 92.782159715671938
      vertex 193.48820188266237 -189.14285640109716 90.089240530878413
      vertex 187.77098862070861 -196.65603868912223 92.87930815155616
    endloop
  endfacet
  facet normal 0.49285097772139524 -0.05250530700837662 0.86852812648469868
    outer loop
      vertex 193.48820188266237 -189.14285640109716 90.089240530878413
      vertex 187.82184747680014 -194.50614302482307 92.980416097587849
      vertex 187.81205057525403 -194.92027727659357 92.960939660371338
    endloop
  endfacet
  facet normal 0.50928565632551237 0.050935031383989485 0.85908890275628869
    outer loop
      vertex 187.67137516117165 -39.876652407555703 92.6812703257755
      vertex 187.7320892907025 -42.51949113644843 92.80197056757811
      vertex 190.26371024848038 -42.684246069258421 91.31094159576125
    endloop
  endfacet
  facet normal 0.50928565632551626 0.050935031383994307 0.85908890275628602
    outer loop
      vertex 187.59393628664847 -36.505798566890846 92.527321138788977
      vertex 187.67137516117165 -39.876652407555703 92.6812703257755
      vertex 190.26371024848038 -42.684246069258421 91.31094159576125
    endloop
  endfacet
  facet normal 0.48688343677310653 0.063437568596284993 0.87116025729288171
    outer loop
      vertex 193.48820188266237 -189.14285640109716 90.089240530878413
      vertex 187.67648108313767 -180.27254435050247 92.691424857218891
      vertex 187.80053061768081 -184.61125179314939 92.938037791527066
    endloop
  endfacet
  facet normal 0.48688343677311002 0.063437568596288241 0.87116025729287971
    outer loop
      vertex 187.84280614461352 -186.08986389774296 93.022082377302354
      vertex 187.94028902269659 -189.49938647456875 93.215880271808004
      vertex 193.48820188266237 -189.14285640109716 90.089240530878413
    endloop
  endfacet
  facet normal 0.48688343677311269 0.063437568596295291 0.87116025729287749
    outer loop
      vertex 187.80053061768081 -184.61125179314939 92.938037791527066
      vertex 187.84280614461352 -186.08986389774296 93.022082377302354
      vertex 193.48820188266237 -189.14285640109716 90.089240530878413
    endloop
  endfacet
  facet normal -0.081701597786260016 0.018682461900312863 0.99648171811454511
    outer loop
      vertex 357.79850231659776 -282.4335503687193 85.318202679522628
      vertex 349.12612851086158 -267.08581841278988 84.319408425741031
      vertex 357.76039520466657 -285.29403053591068 85.368707770477613
    endloop
  endfacet
  facet normal -0.081701597786260183 0.018682461900312784 0.996481718114545
    outer loop
      vertex 322.7925863757381 -312 83.002389801447762
      vertex 357.76039520466657 -285.29403053591068 85.368707770477613
      vertex 349.12612851086158 -267.08581841278988 84.319408425741031
    endloop
  endfacet
  facet normal -0.081701597786260127 0.018682461900313457 0.99648171811454511
    outer loop
      vertex 357.40462104650669 -312 85.840232667833561
      vertex 357.49241992173154 -305.40943761736162 85.723868644171418
      vertex 322.7925863757381 -312 83.002389801447762
    endloop
  endfacet
  facet normal -0.081701597786259933 0.018682461900312454 0.99648171811454511
    outer loop
      vertex 357.76039520466657 -285.29403053591068 85.368707770477613
      vertex 322.7925863757381 -312 83.002389801447762
      vertex 357.49241992173154 -305.40943761736162 85.723868644171418
    endloop
  endfacet
  facet normal -0.080815548594401487 -0.01983627863899308 0.99653166992080211
    outer loop
      vertex 323.84083930040111 -221.30037024222227 83.18022575282194
      vertex 357.79126723851397 -251.72969528197945 85.327792110365053
      vertex 357.5085572269079 -231.75436065240382 85.702480592636761
    endloop
  endfacet
  facet normal -0.080815548594401598 -0.019836278638993229 0.99653166992080189
    outer loop
      vertex 357.79126723851397 -251.72969528197945 85.327792110365053
      vertex 323.84083930040111 -221.30037024222227 83.18022575282194
      vertex 349.12612851086158 -267.08581841278988 84.319408425741031
    endloop
  endfacet
  facet normal -0.080815548594401362 -0.019836278638992635 0.99653166992080211
    outer loop
      vertex 357.36769938200308 -221.80179455360926 85.889166451113951
      vertex 323.84083930040111 -221.30037024222227 83.18022575282194
      vertex 357.5085572269079 -231.75436065240382 85.702480592636761
    endloop
  endfacet
  facet normal -0.077534256578676256 0.021395954472247482 0.99676007754575191
    outer loop
      vertex 321.66341663349908 -10.080241568354921 83.13527578597504
      vertex 357.36822782118662 -8.9549920138965007 85.888466112617394
      vertex 357.53135227378465 1.7079627253950289 85.672269290700001
    endloop
  endfacet
  facet normal -0.077534256578676256 0.021395954472247961 0.99676007754575191
    outer loop
      vertex 348.33514664276572 35.474277863470149 84.232119809723585
      vertex 321.66341663349908 -10.080241568354921 83.13527578597504
      vertex 357.79890866859563 19.197281508048132 85.317664516469847
    endloop
  endfacet
  facet normal -0.077534256578676505 0.02139595447224827 0.99676007754575191
    outer loop
      vertex 357.53135227378465 1.7079627253950289 85.672269290700001
      vertex 357.79890866859563 19.197281508048132 85.317664516469847
      vertex 321.66341663349908 -10.080241568354921 83.13527578597504
    endloop
  endfacet
  facet normal -0.081564454259416386 -0.019356297409657081 0.99648009189945808
    outer loop
      vertex 357.75049991282725 54.98718655977644 85.381822472625316
      vertex 348.33514664276572 35.474277863470149 84.232119809723585
      vertex 357.79728227974738 51.598091007328776 85.319819665205102
    endloop
  endfacet
  facet normal -0.081564454259422478 -0.019356297409654142 0.99648009189945785
    outer loop
      vertex 322.74122714403387 80 83.002089259004833
      vertex 348.33514664276572 35.474277863470149 84.232119809723585
      vertex 357.75049991282725 54.98718655977644 85.381822472625316
    endloop
  endfacet
  facet normal -0.081564454259422409 -0.019356297409654211 0.99648009189945785
    outer loop
      vertex 357.46979974932248 75.322244112264684 85.75384823530257
      vertex 357.40522907031675 80 85.839426826055899
      vertex 322.74122714403387 80 83.002089259004833
    endloop
  endfacet
  facet normal -0.081564454259422381 -0.019356297409654 0.99648009189945785
    outer loop
      vertex 357.75049991282725 54.98718655977644 85.381822472625316
      vertex 357.46979974932248 75.322244112264684 85.75384823530257
      vertex 322.74122714403387 80 83.002089259004833
    endloop
  endfacet
  facet normal -0.14370524263856854 -0.016809054981286764 0.98947777080075228
    outer loop
      vertex 349.12612851086158 -267.08581841278988 84.319408425741031
      vertex 357.79850231659776 -282.4335503687193 85.318202679522628
      vertex 357.62279450012289 -267.22305259025387 85.551076995500921
    endloop
  endfacet
  facet normal -0.14288107084608781 0.017091533544835665 0.98959227921147452
    outer loop
      vertex 348.33514664276572 35.474277863470149 84.232119809723585
      vertex 357.60909434948837 35.583877627497088 85.569234477107742
      vertex 357.79728227974738 51.598091007328776 85.319819665205102
    endloop
  endfacet
  facet normal -0.14319142495189296 0.015818363680102608 0.98956859044268897
    outer loop
      vertex 357.79096961570559 -251.75706579265244 85.328186564738076
      vertex 357.79126723851397 -251.72969528197945 85.327792110365053
      vertex 349.12612851086158 -267.08581841278988 84.319408425741031
    endloop
  endfacet
  facet normal -0.14319142495175469 0.015818363680023817 0.98956859044271028
    outer loop
      vertex 357.64454977398145 -265.22236253675374 85.522243749893889
      vertex 357.71652474479419 -258.60328344219562 85.426851876480853
      vertex 349.12612851086158 -267.08581841278988 84.319408425741031
    endloop
  endfacet
  facet normal -0.14319142495175086 0.015818363680019869 0.98956859044271095
    outer loop
      vertex 357.79096961570559 -251.75706579265244 85.328186564738076
      vertex 349.12612851086158 -267.08581841278988 84.319408425741031
      vertex 357.71652474479419 -258.60328344219562 85.426851876480853
    endloop
  endfacet
  facet normal -0.14319142495175369 0.015818363680019095 0.98956859044271051
    outer loop
      vertex 349.12612851086158 -267.08581841278988 84.319408425741031
      vertex 357.62279450012289 -267.22305259025387 85.551076995500921
      vertex 357.64454977398145 -265.22236253675374 85.522243749893889
    endloop
  endfacet
  facet normal -0.096694274187121523 0.023644090837222072 0.99503325286540389
    outer loop
      vertex 357.29765173260392 -93.240305882029588 85.982004104109279
      vertex 322.89658456651483 -115.19621626205921 83.160732881902391
      vertex 357.22635812729027 -97.508309759485854 86.076492793488711
    endloop
  endfacet
  facet normal -0.096694274187118415 0.023644090837217149 0.99503325286540445
    outer loop
      vertex 322.89658456651483 -115.19621626205921 83.160732881902391
      vertex 357.29765173260392 -93.240305882029588 85.982004104109279
      vertex 357.4385936466054 -84.802782862207067 85.795207045709844
    endloop
  endfacet
  facet normal -0.096694274187118373 0.023644090837219831 0.99503325286540445
    outer loop
      vertex 357.57990737094974 -76.343003958440022 85.607917271907169
      vertex 357.74091267607832 -66.704374098931567 85.39452907788106
      vertex 346.53481352415173 -55.252937190953332 84.033444476403375
    endloop
  endfacet
  facet normal -0.096694274187119997 0.02364409083721896 0.99503325286540412
    outer loop
      vertex 322.89658456651483 -115.19621626205921 83.160732881902391
      vertex 357.4385936466054 -84.802782862207067 85.795207045709844
      vertex 346.53481352415173 -55.252937190953332 84.033444476403375
    endloop
  endfacet
  facet normal -0.096694274187120025 0.023644090837218946 0.99503325286540423
    outer loop
      vertex 357.57990737094974 -76.343003958440022 85.607917271907169
      vertex 346.53481352415173 -55.252937190953332 84.033444476403375
      vertex 357.4385936466054 -84.802782862207067 85.795207045709844
    endloop
  endfacet
  facet normal -0.1424887885847877 -0.01684385202120494 0.98965308556924503
    outer loop
      vertex 348.33514664276572 35.474277863470149 84.232119809723585
      vertex 357.79890866859563 19.197281508048132 85.317664516469847
      vertex 357.78929443969315 20.02727524894906 85.330406730993957
    endloop
  endfacet
  facet normal -0.1424887885848117 -0.01684385202121989 0.98965308556924136
    outer loop
      vertex 357.69483584339366 28.181846759227927 85.45559717061775
      vertex 348.33514664276572 35.474277863470149 84.232119809723585
      vertex 357.78929443969315 20.02727524894906 85.330406730993957
    endloop
  endfacet
  facet normal -0.14248878858481126 -0.016843852021150914 0.98965308556924259
    outer loop
      vertex 357.61026491516861 35.482823309026344 85.567683073365288
      vertex 357.60909434948837 35.583877627497088 85.569234477107742
      vertex 348.33514664276572 35.474277863470149 84.232119809723585
    endloop
  endfacet
  facet normal -0.14248878858481104 -0.016843852021219005 0.98965308556924136
    outer loop
      vertex 357.69483584339366 28.181846759227927 85.45559717061775
      vertex 357.61026491516861 35.482823309026344 85.567683073365288
      vertex 348.33514664276572 35.474277863470149 84.232119809723585
    endloop
  endfacet
  facet normal -0.07616980968632249 -0.022117576176505119 0.99684952370777891
    outer loop
      vertex 357.77226342546703 -34.481103450008021 85.352978673040482
      vertex 346.53481352415173 -55.252937190953332 84.033444476403375
      vertex 357.79571058732154 -35.962447312045967 85.321903000013265
    endloop
  endfacet
  facet normal -0.076169809686314829 -0.022117576176509307 0.99684952370777957
    outer loop
      vertex 346.53481352415173 -55.252937190953332 84.033444476403375
      vertex 357.77226342546703 -34.481103450008021 85.352978673040482
      vertex 321.66341663349908 -10.080241568354921 83.13527578597504
    endloop
  endfacet
  facet normal -0.076169809686314885 -0.02211757617650938 0.99684952370777957
    outer loop
      vertex 357.62754448725224 -25.338066493593885 85.54478154583029
      vertex 321.66341663349908 -10.080241568354921 83.13527578597504
      vertex 357.77226342546703 -34.481103450008021 85.352978673040482
    endloop
  endfacet
  facet normal -0.076169809686315246 -0.022117576176508787 0.99684952370777935
    outer loop
      vertex 357.49618042606073 -17.038759811295407 85.718884625673127
      vertex 357.36822782118662 -8.9549920138965007 85.888466112617394
      vertex 321.66341663349908 -10.080241568354921 83.13527578597504
    endloop
  endfacet
  facet normal -0.076169809686315787 -0.022117576176511548 0.99684952370777935
    outer loop
      vertex 357.62754448725224 -25.338066493593885 85.54478154583029
      vertex 357.49618042606073 -17.038759811295407 85.718884625673127
      vertex 321.66341663349908 -10.080241568354921 83.13527578597504
    endloop
  endfacet
  facet normal -0.080262817073132001 0.017590318541169676 0.99661851321812456
    outer loop
      vertex 357.66749896347301 -197.92175487897748 85.491828111082825
      vertex 357.79624909535005 -187.66635377023559 85.321189173784632
      vertex 350.8173873682926 -173.32648930005695 84.506046894898091
    endloop
  endfacet
  facet normal -0.080262817073135886 0.017590318541166751 0.99661851321812445
    outer loop
      vertex 357.66749896347301 -197.92175487897748 85.491828111082825
      vertex 323.84083930040111 -221.30037024222227 83.18022575282194
      vertex 357.58321150847252 -204.63553689637786 85.603538273239323
    endloop
  endfacet
  facet normal -0.080262817073136927 0.017590318541168288 0.99661851321812411
    outer loop
      vertex 323.84083930040111 -221.30037024222227 83.18022575282194
      vertex 357.66749896347301 -197.92175487897748 85.491828111082825
      vertex 350.8173873682926 -173.32648930005695 84.506046894898091
    endloop
  endfacet
  facet normal -0.080262817073136719 0.0175903185411674 0.99661851321812422
    outer loop
      vertex 357.36769938200308 -221.80179455360926 85.889166451113951
      vertex 357.51109339695938 -210.37999085177853 85.699119853217155
      vertex 323.84083930040111 -221.30037024222227 83.18022575282194
    endloop
  endfacet
  facet normal -0.08026281707313776 0.017590318541170581 0.99661851321812422
    outer loop
      vertex 357.58321150847252 -204.63553689637786 85.603538273239323
      vertex 323.84083930040111 -221.30037024222227 83.18022575282194
      vertex 357.51109339695938 -210.37999085177853 85.699119853217155
    endloop
  endfacet
  facet normal -0.14694383328874316 -0.015293261222007058 0.98902660531433906
    outer loop
      vertex 350.8173873682926 -173.32648930005695 84.506046894898091
      vertex 357.66380287086446 -175.04165210125578 85.496726114459605
      vertex 357.65476708453195 -174.18036336220669 85.50870168774523
    endloop
  endfacet
  facet normal -0.14694383328874225 -0.015293261222003175 0.98902660531433928
    outer loop
      vertex 357.79624909535005 -187.66635377023559 85.321189173784632
      vertex 357.66380287086446 -175.04165210125578 85.496726114459605
      vertex 350.8173873682926 -173.32648930005695 84.506046894898091
    endloop
  endfacet
  facet normal -0.14343161458855014 0.017637447598881244 0.98950305324375765
    outer loop
      vertex 357.5752569593065 -54.147067504269671 85.614080234828307
      vertex 357.79571058732154 -35.962447312045967 85.321903000013265
      vertex 346.53481352415173 -55.252937190953332 84.033444476403375
    endloop
  endfacet
  facet normal -0.10448172733668587 -0.027176243818506817 0.99415543071727952
    outer loop
      vertex 357.11369022360162 -134.62098847019595 86.22581693588026
      vertex 322.89658456651483 -115.19621626205921 83.160732881902391
      vertex 357.30517701641224 -144.64114463664518 85.972030326253346
    endloop
  endfacet
  facet normal -0.10448172733668594 -0.02717624381850689 0.99415543071727952
    outer loop
      vertex 357.5133286500544 -155.53333752098098 85.696157118867504
      vertex 357.30517701641224 -144.64114463664518 85.972030326253346
      vertex 322.89658456651483 -115.19621626205921 83.160732881902391
    endloop
  endfacet
  facet normal -0.10448172733668568 -0.02717624381850646 0.99415543071727963
    outer loop
      vertex 322.89658456651483 -115.19621626205921 83.160732881902391
      vertex 357.11369022360162 -134.62098847019595 86.22581693588026
      vertex 356.92284879160076 -124.63461369845291 86.478747921747924
    endloop
  endfacet
  facet normal -0.10448172733668823 -0.027176243818505166 0.9941554307172793
    outer loop
      vertex 357.5133286500544 -155.53333752098098 85.696157118867504
      vertex 350.8173873682926 -173.32648930005695 84.506046894898091
      vertex 357.7052612073785 -165.57682432604696 85.441779590699113
    endloop
  endfacet
  facet normal -0.10448172733668527 -0.027176243818506307 0.99415543071727974
    outer loop
      vertex 322.89658456651483 -115.19621626205921 83.160732881902391
      vertex 350.8173873682926 -173.32648930005695 84.506046894898091
      vertex 357.5133286500544 -155.53333752098098 85.696157118867504
    endloop
  endfacet
  facet normal -0.092698439880340641 0.015800439322452123 0.9955688551581795
    outer loop
      vertex 356.92284879160076 -124.63461369845291 86.478747921747924
      vertex 357.03685871212724 -114.44489830723228 86.327644924492702
      vertex 322.89658456651483 -115.19621626205921 83.160732881902391
    endloop
  endfacet
  facet normal -0.092698439880340697 0.015800439322453612 0.99556885515817961
    outer loop
      vertex 357.22635812729027 -97.508309759485854 86.076492793488711
      vertex 322.89658456651483 -115.19621626205921 83.160732881902391
      vertex 357.03685871212724 -114.44489830723228 86.327644924492702
    endloop
  endfacet
  facet normal -0.14404167317589819 0.0085424147286218693 0.98953475105187305
    outer loop
      vertex 357.65476708453195 -174.18036336220669 85.50870168774523
      vertex 357.7052612073785 -165.57682432604696 85.441779590699113
      vertex 350.8173873682926 -173.32648930005695 84.506046894898091
    endloop
  endfacet
  facet normal -0.13981647151405016 -0.019153416599105969 0.98999217215387214
    outer loop
      vertex 346.53481352415173 -55.252937190953332 84.033444476403375
      vertex 357.74091267607832 -66.704374098931567 85.39452907788106
      vertex 357.58682510212947 -55.023976788958421 85.598748404572746
    endloop
  endfacet
  facet normal -0.13981647151404994 -0.019153416599115264 0.98999217215387192
    outer loop
      vertex 346.53481352415173 -55.252937190953332 84.033444476403375
      vertex 357.58682510212947 -55.023976788958421 85.598748404572746
      vertex 357.5752569593065 -54.147067504269671 85.614080234828307
    endloop
  endfacet
  facet normal 0.28491062898037389 0 0.95855408480377768
    outer loop
      vertex 68.842331911143631 2.1542160756794999 120.55319374769429
      vertex 37.340591430664062 12.072640740808918 129.91644287109375
      vertex 37.340591430664062 -26.874695034872229 129.91644287109375
    endloop
  endfacet
  facet normal 0.24161367517711846 0 0.97037252226524118
    outer loop
      vertex 37.340591430664062 47.597276749216839 129.91644287109375
      vertex 59.471512427317535 45.617221749987095 124.40605069245545
      vertex 37.340591430664062 80 129.91644287109375
    endloop
  endfacet
  facet normal 0.29330021071241552 0.035675586346095023 0.9553545095591035
    outer loop
      vertex 70.691728173141357 80 119.67742129722635
      vertex 37.340591430664062 80 129.91644287109375
      vertex 59.471512427317535 45.617221749987095 124.40605069245545
    endloop
  endfacet
  facet normal 0.27748957994317569 -0.025307977106760766 0.96039525161139949
    outer loop
      vertex 59.471512427317535 45.617221749987095 124.40605069245545
      vertex 37.340591430664062 12.072640740808918 129.91644287109375
      vertex 68.842331911143631 2.1542160756794999 120.55319374769429
    endloop
  endfacet
  facet normal 0.53262237525994582 0.00027176618146344979 0.84635295918168574
    outer loop
      vertex 108.36607115613333 -116.21111996827653 96.132614260470916
      vertex 74.73468008802611 -91.633753487782997 117.28945184542543
      vertex 74.942406572154511 -140.42401812814035 117.17439319476375
    endloop
  endfacet
  facet normal 0.29325151375886788 -0.03690266550808978 0.95532284750053498
    outer loop
      vertex 70.685288267156452 -312 119.68075883117399
      vertex 60.100680418183458 -279.71681013046003 124.17692265975101
      vertex 37.340591430664062 -312 129.91644287109375
    endloop
  endfacet
  facet normal 0.60123555379981075 -0.0036301199257387389 0.7990635963903997
    outer loop
      vertex 146.24476189327052 -192.17890032529337 67.714247213113538
      vertex 106.85104776466899 -221.47164693081515 97.221992846527471
      vertex 141.17589833047461 -238.32695163810067 71.318538590819514
    endloop
  endfacet
  facet normal 0.31992617191556172 0 0.9474424755748786
    outer loop
      vertex 74.73468008802611 -91.633753487782997 117.28945184542543
      vertex 37.340591430664062 -69.574497709903198 129.91644287109375
      vertex 37.340591430664062 -116.13702406772869 129.91644287109375
    endloop
  endfacet
  facet normal 0.51606163246976455 -0.01696137348574811 0.85638350246961115
    outer loop
      vertex 90.112269209333434 -271.71210093447854 108.77188287894961
      vertex 70.685288267156452 -312 119.68075883117399
      vertex 103.74911349547786 -312 99.756307257998088
    endloop
  endfacet
  facet normal 0.31773829530719128 -0.0041249584851783773 0.94816947873931057
    outer loop
      vertex 74.73468008802611 -91.633753487782997 117.28945184542543
      vertex 73.774136381649669 -43.327118856895083 117.82149215420434
      vertex 37.340591430664062 -69.574497709903198 129.91644287109375
    endloop
  endfacet
  facet normal 0.60462308387326402 0.0038141186847992373 0.79650259192688277
    outer loop
      vertex 121.01773980595944 37.951372452316718 86.849993861289448
      vertex 137.75668796468284 80 73.942147713984497
      vertex 103.76230898593842 80 99.747194001105314
    endloop
  endfacet
  facet normal 0.31506552385891295 0 0.94906992138382984
    outer loop
      vertex 73.774136381649669 -43.327118856895083 117.82149215420434
      vertex 37.340591430664062 -26.874695034872229 129.91644287109375
      vertex 37.340591430664062 -69.574497709903198 129.91644287109375
    endloop
  endfacet
  facet normal 0.3187609192133975 0.0041006210859265649 0.94782628223158039
    outer loop
      vertex 73.988859893285195 -188.38137753353504 117.70255788533737
      vertex 74.942406572154511 -140.42401812814035 117.17439319476375
      vertex 37.340591430664062 -162.67928439632553 129.91644287109375
    endloop
  endfacet
  facet normal 0.6046072935814456 -0.0036268329798858465 0.79651545285113934
    outer loop
      vertex 122.02609032982629 -270.23033167062761 86.073080085194931
      vertex 103.74911349547786 -312 99.756307257998088
      vertex 137.73561543144851 -312 73.958330733808694
    endloop
  endfacet
  facet normal 0.59572962965560594 -0.012142193323604418 0.80309325454251368
    outer loop
      vertex 138.53451452453098 4.7165508680072321 73.353671630589261
      vertex 156.75110788127586 40.140069877083874 60.376293052149094
      vertex 121.01773980595944 37.951372452316718 86.849993861289448
    endloop
  endfacet
  facet normal 0.45705183245839887 0.01971577659889991 0.88922151941994854
    outer loop
      vertex 59.471512427317535 45.617221749987095 124.40605069245545
      vertex 68.842331911143631 2.1542160756794999 120.55319374769429
      vertex 89.523417510000328 39.375008448779909 109.09804486185411
    endloop
  endfacet
  facet normal 0.30515930080877357 -0.02408866500042996 0.9519966057441579
    outer loop
      vertex 68.842331911143631 2.1542160756794999 120.55319374769429
      vertex 37.340591430664062 -26.874695034872229 129.91644287109375
      vertex 73.774136381649669 -43.327118856895083 117.82149215420434
    endloop
  endfacet
  facet normal 0.28787488167217706 0 0.95766802833875064
    outer loop
      vertex 69.26148677423248 -234.67307270357256 120.32102598551589
      vertex 37.340591430664062 -205.35678465252599 129.91644287109375
      vertex 37.340591430664062 -244.28377794903778 129.91644287109375
    endloop
  endfacet
  facet normal 0.5791268915217036 0.013618337986020645 0.81512366202123421
    outer loop
      vertex 122.02609032982629 -270.23033167062761 86.073080085194931
      vertex 90.112269209333434 -271.71210093447854 108.77188287894961
      vertex 103.74911349547786 -312 99.756307257998088
    endloop
  endfacet
  facet normal 0.59360451815782267 -0.01013677323803493 0.80469306064544865
    outer loop
      vertex 122.02609032982629 -270.23033167062761 86.073080085194931
      vertex 137.73561543144851 -312 73.958330733808694
      vertex 157.97592106292012 -272.83634677183625 59.520845973506191
    endloop
  endfacet
  facet normal 0.45149451125963441 0.023805292023664732 0.89195628501294388
    outer loop
      vertex 90.112269209333434 -271.71210093447854 108.77188287894961
      vertex 60.100680418183458 -279.71681013046003 124.17692265975101
      vertex 70.685288267156452 -312 119.68075883117399
    endloop
  endfacet
  facet normal 0.46030410608877587 -0.017634334351334435 0.88758614239396416
    outer loop
      vertex 60.100680418183458 -279.71681013046003 124.17692265975101
      vertex 90.112269209333434 -271.71210093447854 108.77188287894961
      vertex 69.26148677423248 -234.67307270357256 120.32102598551589
    endloop
  endfacet
  facet normal 0.28087226364496964 0.025006924352947425 0.95941931669596714
    outer loop
      vertex 60.100680418183458 -279.71681013046003 124.17692265975101
      vertex 69.26148677423248 -234.67307270357256 120.32102598551589
      vertex 37.340591430664062 -244.28377794903778 129.91644287109375
    endloop
  endfacet
  facet normal 0.59487163897566464 0.0099236959198745357 0.80375944996105431
    outer loop
      vertex 156.75110788127586 40.140069877083874 60.376293052149094
      vertex 137.75668796468284 80 73.942147713984497
      vertex 121.01773980595944 37.951372452316718 86.849993861289448
    endloop
  endfacet
  facet normal 0.51610032638251557 0.016224822510817156 0.85637445562227821
    outer loop
      vertex 89.523417510000328 39.375008448779909 109.09804486185411
      vertex 103.76230898593842 80 99.747194001105314
      vertex 70.691728173141357 80 119.67742129722635
    endloop
  endfacet
  facet normal 0.57649415501121859 -0.01401031219803855 0.81698115057204013
    outer loop
      vertex 89.523417510000328 39.375008448779909 109.09804486185411
      vertex 121.01773980595944 37.951372452316718 86.849993861289448
      vertex 103.76230898593842 80 99.747194001105314
    endloop
  endfacet
  facet normal 0.32094149537901162 0 0.94709902150930558
    outer loop
      vertex 74.942406572154511 -140.42401812814035 117.17439319476375
      vertex 37.340591430664062 -116.13702406772869 129.91644287109375
      vertex 37.340591430664062 -162.67928439632553 129.91644287109375
    endloop
  endfacet
  facet normal 0.32043750697803164 -0.00086960311222480935 0.9472692584012905
    outer loop
      vertex 74.942406572154511 -140.42401812814035 117.17439319476375
      vertex 74.73468008802611 -91.633753487782997 117.28945184542543
      vertex 37.340591430664062 -116.13702406772869 129.91644287109375
    endloop
  endfacet
  facet normal 0.3161764051300055 0 0.94870041680135608
    outer loop
      vertex 73.988859893285195 -188.38137753353504 117.70255788533737
      vertex 37.340591430664062 -162.67928439632553 129.91644287109375
      vertex 37.340591430664062 -205.35678465252599 129.91644287109375
    endloop
  endfacet
  facet normal 0.30669959717799344 0.022502838513542189 0.95154031935052019
    outer loop
      vertex 73.988859893285195 -188.38137753353504 117.70255788533737
      vertex 37.340591430664062 -205.35678465252599 129.91644287109375
      vertex 69.26148677423248 -234.67307270357256 120.32102598551589
    endloop
  endfacet
  facet normal 0.53239881250119236 -0.00015525516322169203 0.84649363869030625
    outer loop
      vertex 108.36607115613333 -116.21111996827653 96.132614260470916
      vertex 108.26170761627576 -64.939904449368953 96.207656933822648
      vertex 74.73468008802611 -91.633753487782997 117.28945184542543
    endloop
  endfacet
  facet normal 0.59473733168783049 0.014743630180935946 0.80378487897317841
    outer loop
      vertex 141.17589833047461 -238.32695163810067 71.318538590819514
      vertex 122.02609032982629 -270.23033167062761 86.073080085194931
      vertex 157.97592106292012 -272.83634677183625 59.520845973506191
    endloop
  endfacet
  facet normal 0.52303001122155535 0.0055245172618465293 0.85229636105676487
    outer loop
      vertex 106.07504227610636 -9.4844135320170153 97.779980113697917
      vertex 68.842331911143631 2.1542160756794999 120.55319374769429
      vertex 73.774136381649669 -43.327118856895083 117.82149215420434
    endloop
  endfacet
  facet normal 0.53377587987667041 -0.001300133250737786 0.84562498763660987
    outer loop
      vertex 109.47095655906828 -167.1669637580963 95.338145670226609
      vertex 74.942406572154511 -140.42401812814035 117.17439319476375
      vertex 73.988859893285195 -188.38137753353504 117.70255788533737
    endloop
  endfacet
  facet normal 0.57715323645182026 0.0063522198345562211 0.8166111626449658
    outer loop
      vertex 106.07504227610636 -9.4844135320170153 97.779980113697917
      vertex 121.01773980595944 37.951372452316718 86.849993861289448
      vertex 89.523417510000328 39.375008448779909 109.09804486185411
    endloop
  endfacet
  facet normal 0.51630437715420296 -0.023404948589119411 0.85608527525764122
    outer loop
      vertex 106.07504227610636 -9.4844135320170153 97.779980113697917
      vertex 89.523417510000328 39.375008448779909 109.09804486185411
      vertex 68.842331911143631 2.1542160756794999 120.55319374769429
    endloop
  endfacet
  facet normal 0.52493921607524296 -0.0054642040177512938 0.85112217801016188
    outer loop
      vertex 106.85104776466899 -221.47164693081515 97.221992846527471
      vertex 73.988859893285195 -188.38137753353504 117.70255788533737
      vertex 69.26148677423248 -234.67307270357256 120.32102598551589
    endloop
  endfacet
  facet normal 0.53160103919800938 0.0012418811045617918 0.8469939745092161
    outer loop
      vertex 108.26170761627576 -64.939904449368953 96.207656933822648
      vertex 73.774136381649669 -43.327118856895083 117.82149215420434
      vertex 74.73468008802611 -91.633753487782997 117.28945184542543
    endloop
  endfacet
  facet normal 0.52961452992852276 -0.0031666103249160713 0.84823252841873487
    outer loop
      vertex 108.26170761627576 -64.939904449368953 96.207656933822648
      vertex 106.07504227610636 -9.4844135320170153 97.779980113697917
      vertex 73.774136381649669 -43.327118856895083 117.82149215420434
    endloop
  endfacet
  facet normal 0.60298800079057002 -0.0061372655361343446 0.79772664796553627
    outer loop
      vertex 138.53451452453098 4.7165508680072321 73.353671630589261
      vertex 121.01773980595944 37.951372452316718 86.849993861289448
      vertex 106.07504227610636 -9.4844135320170153 97.779980113697917
    endloop
  endfacet
  facet normal 0.53360080313330926 -0.0016159500648608069 0.84573492986920851
    outer loop
      vertex 108.36607115613333 -116.21111996827653 96.132614260470916
      vertex 74.942406572154511 -140.42401812814035 117.17439319476375
      vertex 109.47095655906828 -167.1669637580963 95.338145670226609
    endloop
  endfacet
  facet normal 0.6000831126517695 -0.0012007145301637541 0.7999367576219889
    outer loop
      vertex 146.24476189327052 -192.17890032529337 67.714247213113538
      vertex 109.47095655906828 -167.1669637580963 95.338145670226609
      vertex 106.85104776466899 -221.47164693081515 97.221992846527471
    endloop
  endfacet
  facet normal 0.5316176080608791 0.0037341931811821212 0.84697625385893516
    outer loop
      vertex 106.85104776466899 -221.47164693081515 97.221992846527471
      vertex 109.47095655906828 -167.1669637580963 95.338145670226609
      vertex 73.988859893285195 -188.38137753353504 117.70255788533737
    endloop
  endfacet
  facet normal 0.51717184548148809 0.024372872082712244 0.85553447934476112
    outer loop
      vertex 106.85104776466899 -221.47164693081515 97.221992846527471
      vertex 69.26148677423248 -234.67307270357256 120.32102598551589
      vertex 90.112269209333434 -271.71210093447854 108.77188287894961
    endloop
  endfacet
  facet normal 0.57977125787141193 -0.0058577241897789321 0.81475823138739589
    outer loop
      vertex 106.85104776466899 -221.47164693081515 97.221992846527471
      vertex 90.112269209333434 -271.71210093447854 108.77188287894961
      vertex 122.02609032982629 -270.23033167062761 86.073080085194931
    endloop
  endfacet
  facet normal 0.6041928667432116 0.0058453769014138873 0.79681667361162811
    outer loop
      vertex 106.85104776466899 -221.47164693081515 97.221992846527471
      vertex 122.02609032982629 -270.23033167062761 86.073080085194931
      vertex 141.17589833047461 -238.32695163810067 71.318538590819514
    endloop
  endfacet
  facet normal 0.60194536400599707 0.0030894908240297579 0.79853129794525657
    outer loop
      vertex 140.21527310888493 -140.30741289738549 72.05868098243036
      vertex 109.47095655906828 -167.1669637580963 95.338145670226609
      vertex 146.24476189327052 -192.17890032529337 67.714247213113538
    endloop
  endfacet
  facet normal 0.60156491821880054 -0.0009982139644144582 0.79882329256055706
    outer loop
      vertex 141.70880939425621 -39.524349875771748 70.907941346026703
      vertex 138.53451452453098 4.7165508680072321 73.353671630589261
      vertex 106.07504227610636 -9.4844135320170153 97.779980113697917
    endloop
  endfacet
  facet normal 0.60271455265333151 0.0011412796039626785 0.79795605486816146
    outer loop
      vertex 141.70880939425621 -39.524349875771748 70.907941346026703
      vertex 106.07504227610636 -9.4844135320170153 97.779980113697917
      vertex 108.26170761627576 -64.939904449368953 96.207656933822648
    endloop
  endfacet
  facet normal 0.602809175210685 5.9211522422490385e-05 0.79788538949889876
    outer loop
      vertex 139.55629115499059 -92.961718256629979 72.566413309691796
      vertex 108.26170761627576 -64.939904449368953 96.207656933822648
      vertex 108.36607115613333 -116.21111996827653 96.132614260470916
    endloop
  endfacet
  facet normal 0.60304119872407613 0.00046638404450109451 0.79770990662480323
    outer loop
      vertex 139.55629115499059 -92.961718256629979 72.566413309691796
      vertex 141.70880939425621 -39.524349875771748 70.907941346026703
      vertex 108.26170761627576 -64.939904449368953 96.207656933822648
    endloop
  endfacet
  facet normal 0.60330551306719715 0.00064736225266954508 0.79750989888830848
    outer loop
      vertex 140.21527310888493 -140.30741289738549 72.05868098243036
      vertex 108.36607115613333 -116.21111996827653 96.132614260470916
      vertex 109.47095655906828 -167.1669637580963 95.338145670226609
    endloop
  endfacet
  facet normal 0.602915050612022 -0.00016393129819339494 0.79780537405562313
    outer loop
      vertex 140.21527310888493 -140.30741289738549 72.05868098243036
      vertex 139.55629115499059 -92.961718256629979 72.566413309691796
      vertex 108.36607115613333 -116.21111996827653 96.132614260470916
    endloop
  endfacet
  facet normal 0.24161367517711846 0 0.97037252226524118
    outer loop
      vertex 59.471512427317535 45.617221749987095 124.40605069245545
      vertex 37.340591430664062 47.597276749216839 129.91644287109375
      vertex 37.340591430664062 12.072640740808918 129.91644287109375
    endloop
  endfacet
  facet normal 0.4497987180199064 -0.023996978782826854 0.89280751468440567
    outer loop
      vertex 89.523417510000328 39.375008448779909 109.09804486185411
      vertex 70.691728173141357 80 119.67742129722635
      vertex 59.471512427317535 45.617221749987095 124.40605069245545
    endloop
  endfacet
  facet normal 0.24451982673368081 0 0.96964429268372987
    outer loop
      vertex 60.100680418183458 -279.71681013046003 124.17692265975101
      vertex 37.340591430664062 -244.28377794903778 129.91644287109375
      vertex 37.340591430664062 -279.74637016498929 129.91644287109375
    endloop
  endfacet
  facet normal 0.24451982673368081 -2.6913035485846278e-17 0.96964429268372987
    outer loop
      vertex 37.340591430664062 -279.74637016498929 129.91644287109375
      vertex 37.340591430664062 -312 129.91644287109375
      vertex 60.100680418183458 -279.71681013046003 124.17692265975101
    endloop
  endfacet
  facet normal -0.12264730564358825 -0 0.99245032037798653
    outer loop
      vertex 0.26180457854476469 -177.72894833071263 125.33423536854256
      vertex 37.340591430664062 -205.35678465252599 129.91644287109375
      vertex 37.340591430664062 -162.67928439632553 129.91644287109375
    endloop
  endfacet
  facet normal -0.12946102625202854 -0 0.99158451111429302
    outer loop
      vertex -1.2175007802011031 -100.2362730027655 124.88230797690359
      vertex 37.340591430664062 -116.13702406772869 129.91644287109375
      vertex 37.340591430664062 -69.574497709903198 129.91644287109375
    endloop
  endfacet
  facet normal -0.50625181580253664 -0.011455093573930635 0.86230961946846374
    outer loop
      vertex -45.613717359539159 49.377139318284144 102.02585378310397
      vertex -18.343749379777279 44.031704354072758 117.96472079631805
      vertex -33.884605358279117 80 109.31867742906552
    endloop
  endfacet
  facet normal -0.57260947025315634 0 0.81982827139371073
    outer loop
      vertex -40.005057643925277 10.588921407499583 105.34998416503295
      vertex -70 33.751336914912031 84.400001525878906
      vertex -70 -16.121528613796404 84.400001525878906
    endloop
  endfacet
  facet normal -0.45929461776421954 -0.03727783972011664 0.8875014460600168
    outer loop
      vertex -40.005057643925277 10.588921407499583 105.34998416503295
      vertex -1.7025490679935391 0.16229104091414115 124.73412585464938
      vertex -18.343749379777279 44.031704354072758 117.96472079631805
    endloop
  endfacet
  facet normal -0.4435612540977158 -0.00058328449356568821 0.89624386951457646
    outer loop
      vertex -1.2175007802011031 -100.2362730027655 124.88230797690359
      vertex -1.3799161517948146 -52.966938744335295 124.83269012429967
      vertex -36.475158336512166 -86.12291825035129 107.44207855618603
    endloop
  endfacet
  facet normal -0.42327312815282991 0.03474021098495339 0.90533583643001725
    outer loop
      vertex -18.343749379777279 44.031704354072758 117.96472079631805
      vertex 1.9483593215900239 80 126.07172137223489
      vertex -33.884605358279117 80 109.31867742906552
    endloop
  endfacet
  facet normal -0.10752551930024853 -0.093337211263354661 0.98981130913563109
    outer loop
      vertex 19.969924465133232 -295.4394404111186 129.59105404788983
      vertex 1.9482384566813564 -312 126.07168872688371
      vertex 37.340591430664062 -312 129.91644287109375
    endloop
  endfacet
  facet normal -0.58039531668578392 0 0.81433486746498129
    outer loop
      vertex -43.571282963111436 -279.8822948189794 103.23636013836769
      vertex -70 -265.75133691491214 84.400001525878906
      vertex -70 -312 84.400001525878906
    endloop
  endfacet
  facet normal -0.56784332881926991 -0.015406163674739997 0.82299246900337886
    outer loop
      vertex -43.571282963111436 -279.8822948189794 103.23636013836769
      vertex -70 -312 84.400001525878906
      vertex -33.884664188231284 -312 109.31864085876974
    endloop
  endfacet
  facet normal -0.5614823660815409 0.0072333526319746039 0.82745708721913547
    outer loop
      vertex -30.402711607725237 -140.11827997269947 111.0410853933474
      vertex -70 -166.22312086441772 84.400001525878906
      vertex -35.80781841060957 -193.22262781321876 107.83759638669223
    endloop
  endfacet
  facet normal -0.076471992923943091 -0 0.99707172976583802
    outer loop
      vertex 7.8595640656054115 -139.32086517820588 127.6553488607553
      vertex 37.340591430664062 -162.67928439632553 129.91644287109375
      vertex 37.340591430664062 -116.13702406772869 129.91644287109375
    endloop
  endfacet
  facet normal -0.56642446386334766 0 0.82411366129746899
    outer loop
      vertex -36.475158336512166 -86.12291825035129 107.44207855618603
      vertex -70 -65.776878730794209 84.400001525878906
      vertex -70 -115.99999977740936 84.400001525878906
    endloop
  endfacet
  facet normal -0.11122337143935576 0.044607757613400717 0.99279379007242352
    outer loop
      vertex -1.2175007802011031 -100.2362730027655 124.88230797690359
      vertex 7.8595640656054115 -139.32086517820588 127.6553488607553
      vertex 37.340591430664062 -116.13702406772869 129.91644287109375
    endloop
  endfacet
  facet normal -0.55821864026740398 0 0.8296938891290031
    outer loop
      vertex -30.402711607725237 -140.11827997269947 111.0410853933474
      vertex -70 -115.99999977740936 84.400001525878906
      vertex -70 -166.22312086441772 84.400001525878906
    endloop
  endfacet
  facet normal -0.56777943684657206 0.021496490039208289 0.82290000122140217
    outer loop
      vertex -45.613717359539159 49.377139318284144 102.02585378310397
      vertex -33.884605358279117 80 109.31867742906552
      vertex -70 80 84.400001525878906
    endloop
  endfacet
  facet normal -0.10792109306374631 0.037346134628706187 0.9934577514420132
    outer loop
      vertex 1.9483593215900239 80 126.07172137223489
      vertex 13.230573734859494 46.823994657292417 128.54448326881808
      vertex 37.340591430664062 80 129.91644287109375
    endloop
  endfacet
  facet normal -0.1315790742734248 -0 0.99130567798905933
    outer loop
      vertex -1.7025490679935391 0.16229104091414115 124.73412585464938
      vertex 37.340591430664062 -26.874695034872229 129.91644287109375
      vertex 37.340591430664062 12.072640740808918 129.91644287109375
    endloop
  endfacet
  facet normal -0.31959630656118559 0.024930554383332665 0.94722577471824976
    outer loop
      vertex 13.230573734859494 46.823994657292417 128.54448326881808
      vertex -18.343749379777279 44.031704354072758 117.96472079631805
      vertex -1.7025490679935391 0.16229104091414115 124.73412585464938
    endloop
  endfacet
  facet normal -0.10699859927331962 -0.038873956093899813 0.99349892566180309
    outer loop
      vertex 0.26180457854476469 -177.72894833071263 125.33423536854256
      vertex 37.340591430664062 -162.67928439632553 129.91644287109375
      vertex 7.8595640656054115 -139.32086517820588 127.6553488607553
    endloop
  endfacet
  facet normal -0.46038834398276945 -0.0090311635960310301 0.88767167962535831
    outer loop
      vertex -43.571282963111436 -279.8822948189794 103.23636013836769
      vertex -3.04219285299326 -273.17796662219632 124.32486503645457
      vertex -38.195654471668043 -240.76650238700549 106.42237799226315
    endloop
  endfacet
  facet normal -0.56717327665418493 0.0039701983329292322 0.82358892159532648
    outer loop
      vertex -38.195654471668043 -240.76650238700549 106.42237799226315
      vertex -35.80781841060957 -193.22262781321876 107.83759638669223
      vertex -70 -215.87847123998597 84.400001525878906
    endloop
  endfacet
  facet normal -0.56538933008083325 0 0.82482416637168587
    outer loop
      vertex -35.80781841060957 -193.22262781321876 107.83759638669223
      vertex -70 -166.22312086441772 84.400001525878906
      vertex -70 -215.87847123998597 84.400001525878906
    endloop
  endfacet
  facet normal -0.13109256050575976 -0 0.99137013298769694
    outer loop
      vertex -1.5900208778900904 -223.03662608346025 124.76850318664418
      vertex 37.340591430664062 -244.28377794903778 129.91644287109375
      vertex 37.340591430664062 -205.35678465252599 129.91644287109375
    endloop
  endfacet
  facet normal -0.11853361399261091 -0.043072926435961237 0.9920153755673814
    outer loop
      vertex 13.230573734859494 46.823994657292417 128.54448326881808
      vertex -1.7025490679935391 0.16229104091414115 124.73412585464938
      vertex 37.340591430664062 12.072640740808918 129.91644287109375
    endloop
  endfacet
  facet normal -0.31461704255875611 -0.036294349948112641 0.94852455777034339
    outer loop
      vertex -18.343749379777279 44.031704354072758 117.96472079631805
      vertex 13.230573734859494 46.823994657292417 128.54448326881808
      vertex 1.9483593215900239 80 126.07172137223489
    endloop
  endfacet
  facet normal -0.45011282091063548 0.0065764539502951051 0.89294747813368613
    outer loop
      vertex -36.026848891375238 -37.270713202310645 107.70778179415156
      vertex -1.7025490679935391 0.16229104091414115 124.73412585464938
      vertex -40.005057643925277 10.588921407499583 105.34998416503295
    endloop
  endfacet
  facet normal -0.58578618681023709 0 0.81046563365902324
    outer loop
      vertex -45.613717359539159 49.377139318284144 102.02585378310397
      vertex -70 80 84.400001525878906
      vertex -70 33.751336914912031 84.400001525878906
    endloop
  endfacet
  facet normal -0.45003954031391064 0.0051328634868882984 0.89299387784377848
    outer loop
      vertex -3.04219285299326 -273.17796662219632 124.32486503645457
      vertex -1.5900208778900904 -223.03662608346025 124.76850318664418
      vertex -38.195654471668043 -240.76650238700549 106.42237799226315
    endloop
  endfacet
  facet normal -0.56155211926494042 -0.0080037895199785419 0.82740265693456283
    outer loop
      vertex -30.402711607725237 -140.11827997269947 111.0410853933474
      vertex -36.475158336512166 -86.12291825035129 107.44207855618603
      vertex -70 -115.99999977740936 84.400001525878906
    endloop
  endfacet
  facet normal -0.13017635041448078 -0 0.99149085613169752
    outer loop
      vertex -1.3799161517948146 -52.966938744335295 124.83269012429967
      vertex 37.340591430664062 -69.574497709903198 129.91644287109375
      vertex 37.340591430664062 -26.874695034872229 129.91644287109375
    endloop
  endfacet
  facet normal -0.5685591211754023 -0.0067340160450457993 0.82261484229021753
    outer loop
      vertex -36.026848891375238 -37.270713202310645 107.70778179415156
      vertex -40.005057643925277 10.588921407499583 105.34998416503295
      vertex -70 -16.121528613796404 84.400001525878906
    endloop
  endfacet
  facet normal -0.12789445038789254 -0.0071562586774792103 0.99176196616008616
    outer loop
      vertex -1.5900208778900904 -223.03662608346025 124.76850318664418
      vertex 37.340591430664062 -205.35678465252599 129.91644287109375
      vertex 0.26180457854476469 -177.72894833071263 125.33423536854256
    endloop
  endfacet
  facet normal -0.46496666483561039 0.027345988469124005 0.88490575628498191
    outer loop
      vertex -43.571282963111436 -279.8822948189794 103.23636013836769
      vertex -33.884664188231284 -312 109.31864085876974
      vertex -3.04219285299326 -273.17796662219632 124.32486503645457
    endloop
  endfacet
  facet normal -0.43876496185547592 0.0067132621906158341 0.89857678601148105
    outer loop
      vertex -1.5900208778900904 -223.03662608346025 124.76850318664418
      vertex 0.26180457854476469 -177.72894833071263 125.33423536854256
      vertex -35.80781841060957 -193.22262781321876 107.83759638669223
    endloop
  endfacet
  facet normal -0.44642339208590281 -0.0042143900471810162 0.89481193214834065
    outer loop
      vertex -38.195654471668043 -240.76650238700549 106.42237799226315
      vertex -1.5900208778900904 -223.03662608346025 124.76850318664418
      vertex -35.80781841060957 -193.22262781321876 107.83759638669223
    endloop
  endfacet
  facet normal -0.5657248855126833 0 0.82459405401182784
    outer loop
      vertex -36.026848891375238 -37.270713202310645 107.70778179415156
      vertex -70 -16.121528613796404 84.400001525878906
      vertex -70 -65.776878730794209 84.400001525878906
    endloop
  endfacet
  facet normal -0.56613084697051386 0.00071191503007569446 0.82431508374252038
    outer loop
      vertex -36.026848891375238 -37.270713202310645 107.70778179415156
      vertex -70 -65.776878730794209 84.400001525878906
      vertex -36.475158336512166 -86.12291825035129 107.44207855618603
    endloop
  endfacet
  facet normal -0.018728800158226446 0 0.99982460063984879
    outer loop
      vertex 19.969924465133232 -295.4394404111186 129.59105404788983
      vertex 37.340591430664062 -312 129.91644287109375
      vertex 37.340591430664062 -279.74637016498929 129.91644287109375
    endloop
  endfacet
  facet normal -0.20701628207362005 0.017402802624633524 0.97818270349522307
    outer loop
      vertex 19.969924465133232 -295.4394404111186 129.59105404788983
      vertex -3.04219285299326 -273.17796662219632 124.32486503645457
      vertex 1.9482384566813564 -312 126.07168872688371
    endloop
  endfacet
  facet normal -0.39859397403743541 0.023441931084719255 0.91682785719461168
    outer loop
      vertex -30.402711607725237 -140.11827997269947 111.0410853933474
      vertex 0.26180457854476469 -177.72894833071263 125.33423536854256
      vertex 7.8595640656054115 -139.32086517820588 127.6553488607553
    endloop
  endfacet
  facet normal -0.43282541099548538 -0.010323395347071003 0.90141865473546612
    outer loop
      vertex -30.402711607725237 -140.11827997269947 111.0410853933474
      vertex -35.80781841060957 -193.22262781321876 107.83759638669223
      vertex 0.26180457854476469 -177.72894833071263 125.33423536854256
    endloop
  endfacet
  facet normal -0.13086817675932644 0.0010445127768613609 0.99139922801298785
    outer loop
      vertex -1.3799161517948146 -52.966938744335295 124.83269012429967
      vertex 37.340591430664062 -26.874695034872229 129.91644287109375
      vertex -1.7025490679935391 0.16229104091414115 124.73412585464938
    endloop
  endfacet
  facet normal -0.44347363121193389 -0.0010302677937678603 0.89628682739844756
    outer loop
      vertex -1.3799161517948146 -52.966938744335295 124.83269012429967
      vertex -1.7025490679935391 0.16229104091414115 124.73412585464938
      vertex -36.026848891375238 -37.270713202310645 107.70778179415156
    endloop
  endfacet
  facet normal -0.12992571410390139 0.00059436708377151506 0.99152355269169523
    outer loop
      vertex -1.2175007802011031 -100.2362730027655 124.88230797690359
      vertex 37.340591430664062 -69.574497709903198 129.91644287109375
      vertex -1.3799161517948146 -52.966938744335295 124.83269012429967
    endloop
  endfacet
  facet normal -0.443392124307327 -0.00080610916533202645 0.89632738120078059
    outer loop
      vertex -1.3799161517948146 -52.966938744335295 124.83269012429967
      vertex -36.026848891375238 -37.270713202310645 107.70778179415156
      vertex -36.475158336512166 -86.12291825035129 107.44207855618603
    endloop
  endfacet
  facet normal -0.56927958539824552 0 0.82214399812247108
    outer loop
      vertex -38.195654471668043 -240.76650238700549 106.42237799226315
      vertex -70 -215.87847123998597 84.400001525878906
      vertex -70 -265.75133691491214 84.400001525878906
    endloop
  endfacet
  facet normal -0.57588652111083594 0.012562585693915898 0.81743311423231546
    outer loop
      vertex -38.195654471668043 -240.76650238700549 106.42237799226315
      vertex -70 -265.75133691491214 84.400001525878906
      vertex -43.571282963111436 -279.8822948189794 103.23636013836769
    endloop
  endfacet
  facet normal -0.44001320182712061 0.01036579382731438 0.8979314742986656
    outer loop
      vertex -1.2175007802011031 -100.2362730027655 124.88230797690359
      vertex -36.475158336512166 -86.12291825035129 107.44207855618603
      vertex -30.402711607725237 -140.11827997269947 111.0410853933474
    endloop
  endfacet
  facet normal -0.39766565302033996 -0.027284737766319352 0.91712462157164332
    outer loop
      vertex -1.2175007802011031 -100.2362730027655 124.88230797690359
      vertex -30.402711607725237 -140.11827997269947 111.0410853933474
      vertex 7.8595640656054115 -139.32086517820588 127.6553488607553
    endloop
  endfacet
  facet normal -0.13715583576309817 -0 0.99054948221485928
    outer loop
      vertex -3.04219285299326 -273.17796662219632 124.32486503645457
      vertex 37.340591430664062 -279.74637016498929 129.91644287109375
      vertex 37.340591430664062 -244.28377794903778 129.91644287109375
    endloop
  endfacet
  facet normal -0.1337164568694604 -0.0048955504101145875 0.9910075391985973
    outer loop
      vertex -3.04219285299326 -273.17796662219632 124.32486503645457
      vertex 37.340591430664062 -244.28377794903778 129.91644287109375
      vertex -1.5900208778900904 -223.03662608346025 124.76850318664418
    endloop
  endfacet
  facet normal -0.57980995095009602 -0.014025314763086607 0.81463102772055229
    outer loop
      vertex -45.613717359539159 49.377139318284144 102.02585378310397
      vertex -70 33.751336914912031 84.400001525878906
      vertex -40.005057643925277 10.588921407499583 105.34998416503295
    endloop
  endfacet
  facet normal -0.50445809703374744 0.0010528578929567289 0.86343553310443932
    outer loop
      vertex -45.613717359539159 49.377139318284144 102.02585378310397
      vertex -40.005057643925277 10.588921407499583 105.34998416503295
      vertex -18.343749379777279 44.031704354072758 117.96472079631805
    endloop
  endfacet
  facet normal -0.4234898247148442 -0.013681103768039353 0.90579754678552682
    outer loop
      vertex -33.884664188231284 -312 109.31864085876974
      vertex 1.9482384566813564 -312 126.07168872688371
      vertex -3.04219285299326 -273.17796662219632 124.32486503645457
    endloop
  endfacet
  facet normal -0.11860255374670328 0.11082164926423364 0.98673805860477248
    outer loop
      vertex 19.969924465133232 -295.4394404111186 129.59105404788983
      vertex 37.340591430664062 -279.74637016498929 129.91644287109375
      vertex -3.04219285299326 -273.17796662219632 124.32486503645457
    endloop
  endfacet
  facet normal -0.056812223945653384 -0 0.99838488130096859
    outer loop
      vertex 13.230573734859494 46.823994657292417 128.54448326881808
      vertex 37.340591430664062 12.072640740808918 129.91644287109375
      vertex 37.340591430664062 47.597276749216839 129.91644287109375
    endloop
  endfacet
  facet normal -0.056812223945653384 0 0.9983848813009687
    outer loop
      vertex 37.340591430664062 47.597276749216839 129.91644287109375
      vertex 37.340591430664062 80 129.91644287109375
      vertex 13.230573734859494 46.823994657292417 128.54448326881808
    endloop
  endfacet
  facet normal 0.44570679664968449 -0.045522941255754179 0.89402075660451086
    outer loop
      vertex 156.75110788127586 40.140069877083874 60.376293052149094
      vertex 167.87665212421183 10.665801635767478 53.32893311037509
      vertex 167.94912194909972 14.204747995427894 53.473004657687632
    endloop
  endfacet
  facet normal 0.44570679664968199 -0.045522941255755477 0.89402075660451197
    outer loop
      vertex 167.94912194909972 14.204747995427894 53.473004657687632
      vertex 168.47011341951622 39.646539873650852 54.508747676976363
      vertex 156.75110788127586 40.140069877083874 60.376293052149094
    endloop
  endfacet
  facet normal 0.43535303440247708 0.048512862841577804 0.89895174374127007
    outer loop
      vertex 168.42965664685025 -272.28246012853253 54.428318854075968
      vertex 168.40277104450573 -271.05076690381304 54.374869671463202
      vertex 157.97592106292012 -272.83634677183625 59.520845973506191
    endloop
  endfacet
  facet normal 0.43535303440247769 0.048512862841573343 0.89895174374126985
    outer loop
      vertex 167.91664205312878 -248.78004079714816 53.408434091871115
      vertex 157.97592106292012 -272.83634677183625 59.520845973506191
      vertex 168.40277104450573 -271.05076690381304 54.374869671463202
    endloop
  endfacet
  facet normal 0.55418786591136304 0.020353473874286515 0.83214274339073446
    outer loop
      vertex 137.73561543144851 -312 73.958330733808694
      vertex 167.91742997108378 -293.68626214322103 53.410000883105951
      vertex 157.97592106292012 -272.83634677183625 59.520845973506191
    endloop
  endfacet
  facet normal 0.55418786591136293 0.020353473874286734 0.83214274339073446
    outer loop
      vertex 137.73561543144851 -312 73.958330733808694
      vertex 168.08620836538572 -312 53.745536161249021
      vertex 167.91742997108378 -293.68626214322103 53.410000883105951
    endloop
  endfacet
  facet normal 0.43960341766917821 -0.053178269660696956 0.89661636545931522
    outer loop
      vertex 168.42965664685025 -272.28246012853253 54.428318854075968
      vertex 157.97592106292012 -272.83634677183625 59.520845973506191
      vertex 168.34350740075277 -275.88227499187138 54.257052269578061
    endloop
  endfacet
  facet normal 0.43960341766917727 -0.053178269660700654 0.89661636545931545
    outer loop
      vertex 168.19296494802308 -282.17281287300392 53.957770488242318
      vertex 168.34350740075277 -275.88227499187138 54.257052269578061
      vertex 157.97592106292012 -272.83634677183625 59.520845973506191
    endloop
  endfacet
  facet normal 0.43960341766917954 -0.053178269660697525 0.89661636545931434
    outer loop
      vertex 157.97592106292012 -272.83634677183625 59.520845973506191
      vertex 167.91742997108378 -293.68626214322103 53.410000883105951
      vertex 168.19296494802308 -282.17281287300392 53.957770488242318
    endloop
  endfacet
  facet normal 0.5541241009939043 -0.019177569308147294 0.83221313467952962
    outer loop
      vertex 167.93515700380385 62.522463411378887 53.445242553375707
      vertex 137.75668796468284 80 73.942147713984497
      vertex 156.75110788127586 40.140069877083874 60.376293052149094
    endloop
  endfacet
  facet normal 0.55412410099390363 -0.019177569308148765 0.83221313467952984
    outer loop
      vertex 137.75668796468284 80 73.942147713984497
      vertex 167.93515700380385 62.522463411378887 53.445242553375707
      vertex 168.08691796406475 80 53.74694683216017
    endloop
  endfacet
  facet normal 0.44884855069515794 0.051970027536882298 0.89209533951067799
    outer loop
      vertex 168.37848151902921 43.564922365469627 54.326581496893013
      vertex 156.75110788127586 40.140069877083874 60.376293052149094
      vertex 168.47011341951622 39.646539873650852 54.508747676976363
    endloop
  endfacet
  facet normal 0.44884855069515583 0.051970027536890576 0.89209533951067865
    outer loop
      vertex 156.75110788127586 40.140069877083874 60.376293052149094
      vertex 168.37848151902921 43.564922365469627 54.326581496893013
      vertex 168.24768010708829 49.158281232962224 54.066545399948509
    endloop
  endfacet
  facet normal 0.44884855069515445 0.051970027536889299 0.89209533951067932
    outer loop
      vertex 156.75110788127586 40.140069877083874 60.376293052149094
      vertex 168.06310803549803 57.050993499125127 53.699612010115246
      vertex 167.93515700380385 62.522463411378887 53.445242553375707
    endloop
  endfacet
  facet normal 0.44884855069515928 0.051970027536885156 0.8920953395106771
    outer loop
      vertex 168.06310803549803 57.050993499125127 53.699612010115246
      vertex 156.75110788127586 40.140069877083874 60.376293052149094
      vertex 168.24768010708829 49.158281232962224 54.066545399948509
    endloop
  endfacet
  facet normal 0.55200902942062446 -0.016277514030032747 0.83367923926118137
    outer loop
      vertex 141.17589833047461 -238.32695163810067 71.318538590819514
      vertex 167.99181658641311 -238.57644952592329 53.557882552443395
      vertex 168.03555311714786 -232.63999051893171 53.644831862777842
    endloop
  endfacet
  facet normal 0.55200902942062413 -0.016277514030033802 0.83367923926118148
    outer loop
      vertex 157.97592106292012 -272.83634677183625 59.520845973506191
      vertex 167.91664205312878 -248.78004079714816 53.408434091871115
      vertex 141.17589833047461 -238.32695163810067 71.318538590819514
    endloop
  endfacet
  facet normal 0.55200902942062435 -0.01627751403003274 0.83367923926118137
    outer loop
      vertex 167.99181658641311 -238.57644952592329 53.557882552443395
      vertex 141.17589833047461 -238.32695163810067 71.318538590819514
      vertex 167.91664205312878 -248.78004079714816 53.408434091871115
    endloop
  endfacet
  facet normal 0.56167152000222242 0.014217700864044249 0.82723815228780007
    outer loop
      vertex 167.87665212421183 10.665801635767478 53.32893311037509
      vertex 156.75110788127586 40.140069877083874 60.376293052149094
      vertex 138.53451452453098 4.7165508680072321 73.353671630589261
    endloop
  endfacet
  facet normal 0.56167152000222254 0.014217700864043639 0.82723815228780018
    outer loop
      vertex 138.53451452453098 4.7165508680072321 73.353671630589261
      vertex 167.94983918450262 -0.69105238416539816 53.474430831292729
      vertex 167.87665212421183 10.665801635767478 53.32893311037509
    endloop
  endfacet
  facet normal 0.54893503579085934 0.004987656688348047 0.83585013594665825
    outer loop
      vertex 141.17589833047461 -238.32695163810067 71.318538590819514
      vertex 168.01027526250203 -221.43640571090191 53.594579152572855
      vertex 146.24476189327052 -192.17890032529337 67.714247213113538
    endloop
  endfacet
  facet normal 0.54893503579085923 0.0049876566883482309 0.83585013594665825
    outer loop
      vertex 168.01027526250203 -221.43640571090191 53.594579152572855
      vertex 141.17589833047461 -238.32695163810067 71.318538590819514
      vertex 168.03555311714786 -232.63999051893171 53.644831862777842
    endloop
  endfacet
  facet normal 0.5038148049731469 -0.058142408589191889 0.86185271515109663
    outer loop
      vertex 168.28525003172865 -57.769675092735575 54.141234974715218
      vertex 141.70880939425621 -39.524349875771748 70.907941346026703
      vertex 167.85498089630403 -74.177515478957119 53.285850538033635
    endloop
  endfacet
  facet normal 0.50381480497314757 -0.058142408589190293 0.86185271515109652
    outer loop
      vertex 168.56758193079065 -47.003257170830565 54.702517048426579
      vertex 168.71761128245365 -41.282051133022406 55.000778788519582
      vertex 141.70880939425621 -39.524349875771748 70.907941346026703
    endloop
  endfacet
  facet normal 0.50381480497314712 -0.058142408589191542 0.86185271515109652
    outer loop
      vertex 168.28525003172865 -57.769675092735575 54.141234974715218
      vertex 168.56758193079065 -47.003257170830565 54.702517048426579
      vertex 141.70880939425621 -39.524349875771748 70.907941346026703
    endloop
  endfacet
  facet normal 0.49285097772143427 -0.052505307008430674 0.86852812648467348
    outer loop
      vertex 168.73659331615937 -190.73348931900676 55.038515681611685
      vertex 146.24476189327052 -192.17890032529337 67.714247213113538
      vertex 168.36487072869312 -206.44694474157467 54.299522964071109
    endloop
  endfacet
  facet normal 0.49285097772143466 -0.052505307008429827 0.86852812648467315
    outer loop
      vertex 168.20817542516301 -213.07076807684277 53.988009224920539
      vertex 168.36487072869312 -206.44694474157467 54.299522964071109
      vertex 146.24476189327052 -192.17890032529337 67.714247213113538
    endloop
  endfacet
  facet normal 0.49285097772143427 -0.052505307008430396 0.86852812648467348
    outer loop
      vertex 146.24476189327052 -192.17890032529337 67.714247213113538
      vertex 168.01027526250203 -221.43640571090191 53.594579152572855
      vertex 168.20817542516301 -213.07076807684277 53.988009224920539
    endloop
  endfacet
  facet normal 0.5592057291667325 -0.0057062407892333614 0.8290092829897372
    outer loop
      vertex 167.93317758474254 -7.1360928728735313 53.44130732900458
      vertex 138.53451452453098 4.7165508680072321 73.353671630589261
      vertex 141.70880939425621 -39.524349875771748 70.907941346026703
    endloop
  endfacet
  facet normal 0.55920572916673239 -0.0057062407892337266 0.82900928298973731
    outer loop
      vertex 138.53451452453098 4.7165508680072321 73.353671630589261
      vertex 167.93317758474254 -7.1360928728735313 53.44130732900458
      vertex 167.94983918450262 -0.69105238416539816 53.474430831292729
    endloop
  endfacet
  facet normal 0.50928565632551581 0.05093503138398995 0.85908890275628658
    outer loop
      vertex 167.93317758474254 -7.1360928728735313 53.44130732900458
      vertex 141.70880939425621 -39.524349875771748 70.907941346026703
      vertex 168.06380214815718 -12.822108940418024 53.700991966559116
    endloop
  endfacet
  facet normal 0.50928565632551503 0.050935031383991219 0.85908890275628702
    outer loop
      vertex 168.20088855572368 -18.789403675188041 53.973522787049347
      vertex 168.06380214815718 -12.822108940418024 53.700991966559116
      vertex 141.70880939425621 -39.524349875771748 70.907941346026703
    endloop
  endfacet
  facet normal 0.50928565632551459 0.050935031383991754 0.85908890275628724
    outer loop
      vertex 141.70880939425621 -39.524349875771748 70.907941346026703
      vertex 168.71761128245365 -41.282051133022406 55.000778788519582
      vertex 168.20088855572368 -18.789403675188041 53.973522787049347
    endloop
  endfacet
  facet normal 0.4868834367731068 0.063437568596287061 0.87116025729288149
    outer loop
      vertex 168.30168098877181 -175.52215325776041 54.173900290967453
      vertex 168.11307199092121 -168.92543345461462 53.798941418351092
      vertex 146.24476189327052 -192.17890032529337 67.714247213113538
    endloop
  endfacet
  facet normal 0.48688343677310869 0.063437568596284868 0.87116025729288071
    outer loop
      vertex 167.89112375692861 -161.16265283926504 53.357703419241041
      vertex 146.24476189327052 -192.17890032529337 67.714247213113538
      vertex 168.11307199092121 -168.92543345461462 53.798941418351092
    endloop
  endfacet
  facet normal 0.48688343677310797 0.063437568596285229 0.87116025729288105
    outer loop
      vertex 146.24476189327052 -192.17890032529337 67.714247213113538
      vertex 168.73659331615937 -190.73348931900676 55.038515681611685
      vertex 168.30168098877181 -175.52215325776041 54.173900290967453
    endloop
  endfacet
  facet normal 0.55729404071585242 -0.0051042254093373856 0.83029952370549298
    outer loop
      vertex 167.94945804497664 -135.41480279033215 53.473673327238345
      vertex 140.21527310888493 -140.30741289738549 72.05868098243036
      vertex 167.90659871809044 -153.95457782581622 53.388467999116493
    endloop
  endfacet
  facet normal 0.55729404071585098 -0.0051042254093355052 0.83029952370549398
    outer loop
      vertex 167.96286602186717 -129.61487973437062 53.500328682785891
      vertex 167.98344067706481 -120.71484710518401 53.541231560589338
      vertex 140.21527310888493 -140.30741289738549 72.05868098243036
    endloop
  endfacet
  facet normal 0.5572940407158532 -0.0051042254093440157 0.83029952370549243
    outer loop
      vertex 167.94945804497664 -135.41480279033215 53.473673327238345
      vertex 167.96286602186717 -129.61487973437062 53.500328682785891
      vertex 140.21527310888493 -140.30741289738549 72.05868098243036
    endloop
  endfacet
  facet normal 0.56167029145182279 0.0030529271728795544 0.82735552414672464
    outer loop
      vertex 139.55629115499059 -92.961718256629979 72.566413309691796
      vertex 167.85498089630403 -74.177515478957119 53.285850538033635
      vertex 141.70880939425621 -39.524349875771748 70.907941346026703
    endloop
  endfacet
  facet normal 0.56167029145182423 0.0030529271728764748 0.82735552414672375
    outer loop
      vertex 167.86180477311515 -79.109413665433223 53.299416600968421
      vertex 167.85498089630403 -74.177515478957119 53.285850538033635
      vertex 139.55629115499059 -92.961718256629979 72.566413309691796
    endloop
  endfacet
  facet normal 0.55992263408392573 0.008221598523616416 0.82850410328388524
    outer loop
      vertex 139.55629115499059 -92.961718256629979 72.566413309691796
      vertex 167.98764810238697 -112.89082539081588 53.549596021369332
      vertex 167.9245645677434 -95.956672886154124 53.424184567238648
    endloop
  endfacet
  facet normal 0.55992263408392584 0.0082215985236171046 0.82850410328388524
    outer loop
      vertex 167.9245645677434 -95.956672886154124 53.424184567238648
      vertex 167.90408671759494 -90.459595637345828 53.383474146778667
      vertex 139.55629115499059 -92.961718256629979 72.566413309691796
    endloop
  endfacet
  facet normal 0.55992263408392573 0.0082215985236180015 0.82850410328388524
    outer loop
      vertex 167.86180477311515 -79.109413665433223 53.299416600968421
      vertex 139.55629115499059 -92.961718256629979 72.566413309691796
      vertex 167.90408671759494 -90.459595637345828 53.383474146778667
    endloop
  endfacet
  facet normal 0.55741856426250003 -0.0047401478592466384 0.83021808894639582
    outer loop
      vertex 167.89112375692861 -161.16265283926504 53.357703419241041
      vertex 140.21527310888493 -140.30741289738549 72.05868098243036
      vertex 146.24476189327052 -192.17890032529337 67.714247213113538
    endloop
  endfacet
  facet normal 0.55741856426250058 -0.0047401478592455863 0.83021808894639548
    outer loop
      vertex 167.90659871809044 -153.95457782581622 53.388467999116493
      vertex 140.21527310888493 -140.30741289738549 72.05868098243036
      vertex 167.89112375692861 -161.16265283926504 53.357703419241041
    endloop
  endfacet
  facet normal 0.55539044096872137 -0.0011876956156548263 0.83158886924951914
    outer loop
      vertex 140.21527310888493 -140.30741289738549 72.05868098243036
      vertex 167.98764810238697 -112.89082539081588 53.549596021369332
      vertex 139.55629115499059 -92.961718256629979 72.566413309691796
    endloop
  endfacet
  facet normal 0.55539044096872081 -0.0011876956156540225 0.83158886924951947
    outer loop
      vertex 167.98344067706481 -120.71484710518401 53.541231560589338
      vertex 167.98764810238697 -112.89082539081588 53.549596021369332
      vertex 140.21527310888493 -140.30741289738549 72.05868098243036
    endloop
  endfacet
endsolid OBJECT
